detected_ring_id,claim_id,community_id,community_size,community_density,n_claim_members
DRING-001,CLM-000001,19,261,0.0094,118
DRING-001,CLM-000021,19,261,0.0094,118
DRING-001,CLM-000132,19,261,0.0094,118
DRING-001,CLM-000171,19,261,0.0094,118
DRING-001,CLM-000179,19,261,0.0094,118
DRING-001,CLM-000195,19,261,0.0094,118
DRING-001,CLM-000257,19,261,0.0094,118
DRING-001,CLM-000267,19,261,0.0094,118
DRING-001,CLM-000279,19,261,0.0094,118
DRING-001,CLM-000322,19,261,0.0094,118
DRING-001,CLM-000355,19,261,0.0094,118
DRING-001,CLM-000373,19,261,0.0094,118
DRING-001,CLM-000387,19,261,0.0094,118
DRING-001,CLM-000673,19,261,0.0094,118
DRING-001,CLM-000697,19,261,0.0094,118
DRING-001,CLM-000739,19,261,0.0094,118
DRING-001,CLM-000767,19,261,0.0094,118
DRING-001,CLM-000804,19,261,0.0094,118
DRING-001,CLM-000881,19,261,0.0094,118
DRING-001,CLM-000961,19,261,0.0094,118
DRING-001,CLM-000970,19,261,0.0094,118
DRING-001,CLM-001114,19,261,0.0094,118
DRING-001,CLM-001297,19,261,0.0094,118
DRING-001,CLM-001432,19,261,0.0094,118
DRING-001,CLM-001447,19,261,0.0094,118
DRING-001,CLM-001469,19,261,0.0094,118
DRING-001,CLM-001477,19,261,0.0094,118
DRING-001,CLM-001513,19,261,0.0094,118
DRING-001,CLM-001591,19,261,0.0094,118
DRING-001,CLM-001626,19,261,0.0094,118
DRING-001,CLM-001756,19,261,0.0094,118
DRING-001,CLM-001797,19,261,0.0094,118
DRING-001,CLM-001828,19,261,0.0094,118
DRING-001,CLM-001861,19,261,0.0094,118
DRING-001,CLM-001980,19,261,0.0094,118
DRING-001,CLM-002140,19,261,0.0094,118
DRING-001,CLM-002185,19,261,0.0094,118
DRING-001,CLM-002248,19,261,0.0094,118
DRING-001,CLM-002303,19,261,0.0094,118
DRING-001,CLM-002466,19,261,0.0094,118
DRING-001,CLM-002586,19,261,0.0094,118
DRING-001,CLM-002601,19,261,0.0094,118
DRING-001,CLM-002609,19,261,0.0094,118
DRING-001,CLM-002625,19,261,0.0094,118
DRING-001,CLM-002632,19,261,0.0094,118
DRING-001,CLM-002676,19,261,0.0094,118
DRING-001,CLM-002771,19,261,0.0094,118
DRING-001,CLM-002819,19,261,0.0094,118
DRING-001,CLM-002839,19,261,0.0094,118
DRING-001,CLM-002854,19,261,0.0094,118
DRING-001,CLM-002950,19,261,0.0094,118
DRING-001,CLM-002970,19,261,0.0094,118
DRING-001,CLM-003018,19,261,0.0094,118
DRING-001,CLM-003019,19,261,0.0094,118
DRING-001,CLM-003062,19,261,0.0094,118
DRING-001,CLM-003095,19,261,0.0094,118
DRING-001,CLM-003111,19,261,0.0094,118
DRING-001,CLM-003172,19,261,0.0094,118
DRING-001,CLM-003424,19,261,0.0094,118
DRING-001,CLM-003446,19,261,0.0094,118
DRING-001,CLM-003547,19,261,0.0094,118
DRING-001,CLM-003585,19,261,0.0094,118
DRING-001,CLM-003610,19,261,0.0094,118
DRING-001,CLM-003615,19,261,0.0094,118
DRING-001,CLM-003633,19,261,0.0094,118
DRING-001,CLM-003661,19,261,0.0094,118
DRING-001,CLM-003682,19,261,0.0094,118
DRING-001,CLM-003694,19,261,0.0094,118
DRING-001,CLM-003822,19,261,0.0094,118
DRING-001,CLM-003869,19,261,0.0094,118
DRING-001,CLM-003874,19,261,0.0094,118
DRING-001,CLM-003911,19,261,0.0094,118
DRING-001,CLM-004045,19,261,0.0094,118
DRING-001,CLM-004069,19,261,0.0094,118
DRING-001,CLM-004124,19,261,0.0094,118
DRING-001,CLM-004142,19,261,0.0094,118
DRING-001,CLM-004189,19,261,0.0094,118
DRING-001,CLM-004330,19,261,0.0094,118
DRING-001,CLM-004356,19,261,0.0094,118
DRING-001,CLM-004432,19,261,0.0094,118
DRING-001,CLM-004459,19,261,0.0094,118
DRING-001,CLM-004499,19,261,0.0094,118
DRING-001,CLM-004535,19,261,0.0094,118
DRING-001,CLM-004556,19,261,0.0094,118
DRING-001,CLM-004574,19,261,0.0094,118
DRING-001,CLM-004725,19,261,0.0094,118
DRING-001,CLM-004760,19,261,0.0094,118
DRING-001,CLM-004779,19,261,0.0094,118
DRING-001,CLM-005027,19,261,0.0094,118
DRING-001,CLM-005111,19,261,0.0094,118
DRING-001,CLM-005274,19,261,0.0094,118
DRING-001,CLM-005321,19,261,0.0094,118
DRING-001,CLM-005394,19,261,0.0094,118
DRING-001,CLM-005414,19,261,0.0094,118
DRING-001,CLM-005475,19,261,0.0094,118
DRING-001,CLM-005496,19,261,0.0094,118
DRING-001,CLM-005644,19,261,0.0094,118
DRING-001,CLM-005754,19,261,0.0094,118
DRING-001,CLM-005878,19,261,0.0094,118
DRING-001,CLM-005890,19,261,0.0094,118
DRING-001,CLM-005912,19,261,0.0094,118
DRING-001,CLM-005950,19,261,0.0094,118
DRING-001,CLM-005969,19,261,0.0094,118
DRING-001,CLM-005993,19,261,0.0094,118
DRING-001,CLM-006006,19,261,0.0094,118
DRING-001,CLM-006049,19,261,0.0094,118
DRING-001,CLM-006089,19,261,0.0094,118
DRING-001,CLM-006241,19,261,0.0094,118
DRING-001,CLM-006246,19,261,0.0094,118
DRING-001,CLM-006276,19,261,0.0094,118
DRING-001,CLM-006385,19,261,0.0094,118
DRING-001,CLM-006425,19,261,0.0094,118
DRING-001,CLM-006627,19,261,0.0094,118
DRING-001,CLM-006666,19,261,0.0094,118
DRING-001,CLM-006758,19,261,0.0094,118
DRING-001,CLM-006818,19,261,0.0094,118
DRING-001,CLM-006913,19,261,0.0094,118
DRING-001,CLM-007084,19,261,0.0094,118
DRING-002,CLM-000002,1,187,0.0135,91
DRING-002,CLM-000071,1,187,0.0135,91
DRING-002,CLM-000154,1,187,0.0135,91
DRING-002,CLM-000201,1,187,0.0135,91
DRING-002,CLM-000395,1,187,0.0135,91
DRING-002,CLM-000399,1,187,0.0135,91
DRING-002,CLM-000424,1,187,0.0135,91
DRING-002,CLM-000460,1,187,0.0135,91
DRING-002,CLM-000608,1,187,0.0135,91
DRING-002,CLM-000716,1,187,0.0135,91
DRING-002,CLM-000755,1,187,0.0135,91
DRING-002,CLM-000956,1,187,0.0135,91
DRING-002,CLM-000968,1,187,0.0135,91
DRING-002,CLM-001052,1,187,0.0135,91
DRING-002,CLM-001088,1,187,0.0135,91
DRING-002,CLM-001095,1,187,0.0135,91
DRING-002,CLM-001155,1,187,0.0135,91
DRING-002,CLM-001174,1,187,0.0135,91
DRING-002,CLM-001180,1,187,0.0135,91
DRING-002,CLM-001193,1,187,0.0135,91
DRING-002,CLM-001234,1,187,0.0135,91
DRING-002,CLM-001247,1,187,0.0135,91
DRING-002,CLM-001298,1,187,0.0135,91
DRING-002,CLM-001312,1,187,0.0135,91
DRING-002,CLM-001611,1,187,0.0135,91
DRING-002,CLM-001612,1,187,0.0135,91
DRING-002,CLM-001814,1,187,0.0135,91
DRING-002,CLM-001847,1,187,0.0135,91
DRING-002,CLM-001864,1,187,0.0135,91
DRING-002,CLM-001877,1,187,0.0135,91
DRING-002,CLM-002004,1,187,0.0135,91
DRING-002,CLM-002083,1,187,0.0135,91
DRING-002,CLM-002159,1,187,0.0135,91
DRING-002,CLM-002182,1,187,0.0135,91
DRING-002,CLM-002186,1,187,0.0135,91
DRING-002,CLM-002196,1,187,0.0135,91
DRING-002,CLM-002298,1,187,0.0135,91
DRING-002,CLM-002371,1,187,0.0135,91
DRING-002,CLM-002396,1,187,0.0135,91
DRING-002,CLM-002480,1,187,0.0135,91
DRING-002,CLM-002554,1,187,0.0135,91
DRING-002,CLM-002723,1,187,0.0135,91
DRING-002,CLM-002725,1,187,0.0135,91
DRING-002,CLM-002993,1,187,0.0135,91
DRING-002,CLM-003036,1,187,0.0135,91
DRING-002,CLM-003078,1,187,0.0135,91
DRING-002,CLM-003138,1,187,0.0135,91
DRING-002,CLM-003144,1,187,0.0135,91
DRING-002,CLM-003151,1,187,0.0135,91
DRING-002,CLM-003245,1,187,0.0135,91
DRING-002,CLM-003271,1,187,0.0135,91
DRING-002,CLM-003548,1,187,0.0135,91
DRING-002,CLM-003771,1,187,0.0135,91
DRING-002,CLM-003933,1,187,0.0135,91
DRING-002,CLM-004038,1,187,0.0135,91
DRING-002,CLM-004100,1,187,0.0135,91
DRING-002,CLM-004108,1,187,0.0135,91
DRING-002,CLM-004246,1,187,0.0135,91
DRING-002,CLM-004278,1,187,0.0135,91
DRING-002,CLM-004319,1,187,0.0135,91
DRING-002,CLM-004320,1,187,0.0135,91
DRING-002,CLM-004367,1,187,0.0135,91
DRING-002,CLM-004409,1,187,0.0135,91
DRING-002,CLM-004493,1,187,0.0135,91
DRING-002,CLM-004500,1,187,0.0135,91
DRING-002,CLM-004839,1,187,0.0135,91
DRING-002,CLM-004910,1,187,0.0135,91
DRING-002,CLM-005257,1,187,0.0135,91
DRING-002,CLM-005264,1,187,0.0135,91
DRING-002,CLM-005404,1,187,0.0135,91
DRING-002,CLM-005552,1,187,0.0135,91
DRING-002,CLM-005555,1,187,0.0135,91
DRING-002,CLM-005572,1,187,0.0135,91
DRING-002,CLM-005718,1,187,0.0135,91
DRING-002,CLM-005899,1,187,0.0135,91
DRING-002,CLM-005966,1,187,0.0135,91
DRING-002,CLM-006177,1,187,0.0135,91
DRING-002,CLM-006394,1,187,0.0135,91
DRING-002,CLM-006412,1,187,0.0135,91
DRING-002,CLM-006422,1,187,0.0135,91
DRING-002,CLM-006429,1,187,0.0135,91
DRING-002,CLM-006449,1,187,0.0135,91
DRING-002,CLM-006565,1,187,0.0135,91
DRING-002,CLM-006577,1,187,0.0135,91
DRING-002,CLM-006629,1,187,0.0135,91
DRING-002,CLM-006642,1,187,0.0135,91
DRING-002,CLM-006668,1,187,0.0135,91
DRING-002,CLM-006989,1,187,0.0135,91
DRING-002,CLM-007075,1,187,0.0135,91
DRING-002,CLM-007076,1,187,0.0135,91
DRING-002,CLM-007077,1,187,0.0135,91
DRING-003,CLM-000003,21,196,0.0127,97
DRING-003,CLM-000022,21,196,0.0127,97
DRING-003,CLM-000074,21,196,0.0127,97
DRING-003,CLM-000088,21,196,0.0127,97
DRING-003,CLM-000192,21,196,0.0127,97
DRING-003,CLM-000211,21,196,0.0127,97
DRING-003,CLM-000283,21,196,0.0127,97
DRING-003,CLM-000561,21,196,0.0127,97
DRING-003,CLM-000623,21,196,0.0127,97
DRING-003,CLM-000670,21,196,0.0127,97
DRING-003,CLM-000744,21,196,0.0127,97
DRING-003,CLM-000798,21,196,0.0127,97
DRING-003,CLM-000871,21,196,0.0127,97
DRING-003,CLM-001010,21,196,0.0127,97
DRING-003,CLM-001058,21,196,0.0127,97
DRING-003,CLM-001083,21,196,0.0127,97
DRING-003,CLM-001117,21,196,0.0127,97
DRING-003,CLM-001125,21,196,0.0127,97
DRING-003,CLM-001223,21,196,0.0127,97
DRING-003,CLM-001227,21,196,0.0127,97
DRING-003,CLM-001288,21,196,0.0127,97
DRING-003,CLM-001304,21,196,0.0127,97
DRING-003,CLM-001671,21,196,0.0127,97
DRING-003,CLM-001680,21,196,0.0127,97
DRING-003,CLM-001750,21,196,0.0127,97
DRING-003,CLM-001770,21,196,0.0127,97
DRING-003,CLM-001792,21,196,0.0127,97
DRING-003,CLM-001827,21,196,0.0127,97
DRING-003,CLM-001914,21,196,0.0127,97
DRING-003,CLM-002274,21,196,0.0127,97
DRING-003,CLM-002308,21,196,0.0127,97
DRING-003,CLM-002414,21,196,0.0127,97
DRING-003,CLM-002422,21,196,0.0127,97
DRING-003,CLM-002557,21,196,0.0127,97
DRING-003,CLM-002644,21,196,0.0127,97
DRING-003,CLM-002686,21,196,0.0127,97
DRING-003,CLM-002719,21,196,0.0127,97
DRING-003,CLM-002809,21,196,0.0127,97
DRING-003,CLM-002868,21,196,0.0127,97
DRING-003,CLM-002934,21,196,0.0127,97
DRING-003,CLM-002936,21,196,0.0127,97
DRING-003,CLM-002963,21,196,0.0127,97
DRING-003,CLM-003024,21,196,0.0127,97
DRING-003,CLM-003108,21,196,0.0127,97
DRING-003,CLM-003116,21,196,0.0127,97
DRING-003,CLM-003123,21,196,0.0127,97
DRING-003,CLM-003175,21,196,0.0127,97
DRING-003,CLM-003210,21,196,0.0127,97
DRING-003,CLM-003246,21,196,0.0127,97
DRING-003,CLM-003334,21,196,0.0127,97
DRING-003,CLM-003386,21,196,0.0127,97
DRING-003,CLM-003410,21,196,0.0127,97
DRING-003,CLM-003427,21,196,0.0127,97
DRING-003,CLM-003569,21,196,0.0127,97
DRING-003,CLM-003573,21,196,0.0127,97
DRING-003,CLM-003750,21,196,0.0127,97
DRING-003,CLM-003770,21,196,0.0127,97
DRING-003,CLM-003882,21,196,0.0127,97
DRING-003,CLM-003898,21,196,0.0127,97
DRING-003,CLM-003906,21,196,0.0127,97
DRING-003,CLM-003994,21,196,0.0127,97
DRING-003,CLM-004030,21,196,0.0127,97
DRING-003,CLM-004269,21,196,0.0127,97
DRING-003,CLM-004294,21,196,0.0127,97
DRING-003,CLM-004331,21,196,0.0127,97
DRING-003,CLM-004399,21,196,0.0127,97
DRING-003,CLM-004592,21,196,0.0127,97
DRING-003,CLM-004630,21,196,0.0127,97
DRING-003,CLM-004636,21,196,0.0127,97
DRING-003,CLM-004925,21,196,0.0127,97
DRING-003,CLM-004931,21,196,0.0127,97
DRING-003,CLM-005154,21,196,0.0127,97
DRING-003,CLM-005185,21,196,0.0127,97
DRING-003,CLM-005341,21,196,0.0127,97
DRING-003,CLM-005347,21,196,0.0127,97
DRING-003,CLM-005379,21,196,0.0127,97
DRING-003,CLM-005424,21,196,0.0127,97
DRING-003,CLM-005525,21,196,0.0127,97
DRING-003,CLM-005598,21,196,0.0127,97
DRING-003,CLM-005838,21,196,0.0127,97
DRING-003,CLM-005915,21,196,0.0127,97
DRING-003,CLM-006007,21,196,0.0127,97
DRING-003,CLM-006074,21,196,0.0127,97
DRING-003,CLM-006159,21,196,0.0127,97
DRING-003,CLM-006209,21,196,0.0127,97
DRING-003,CLM-006273,21,196,0.0127,97
DRING-003,CLM-006282,21,196,0.0127,97
DRING-003,CLM-006324,21,196,0.0127,97
DRING-003,CLM-006398,21,196,0.0127,97
DRING-003,CLM-006399,21,196,0.0127,97
DRING-003,CLM-006505,21,196,0.0127,97
DRING-003,CLM-006602,21,196,0.0127,97
DRING-003,CLM-006616,21,196,0.0127,97
DRING-003,CLM-006667,21,196,0.0127,97
DRING-003,CLM-006777,21,196,0.0127,97
DRING-003,CLM-006846,21,196,0.0127,97
DRING-003,CLM-006861,21,196,0.0127,97
DRING-004,CLM-000004,3,130,0.0193,61
DRING-004,CLM-000009,3,130,0.0193,61
DRING-004,CLM-000356,3,130,0.0193,61
DRING-004,CLM-000615,3,130,0.0193,61
DRING-004,CLM-000733,3,130,0.0193,61
DRING-004,CLM-001012,3,130,0.0193,61
DRING-004,CLM-001041,3,130,0.0193,61
DRING-004,CLM-001201,3,130,0.0193,61
DRING-004,CLM-001366,3,130,0.0193,61
DRING-004,CLM-001428,3,130,0.0193,61
DRING-004,CLM-001529,3,130,0.0193,61
DRING-004,CLM-001595,3,130,0.0193,61
DRING-004,CLM-001692,3,130,0.0193,61
DRING-004,CLM-001820,3,130,0.0193,61
DRING-004,CLM-001923,3,130,0.0193,61
DRING-004,CLM-002008,3,130,0.0193,61
DRING-004,CLM-002030,3,130,0.0193,61
DRING-004,CLM-002208,3,130,0.0193,61
DRING-004,CLM-002227,3,130,0.0193,61
DRING-004,CLM-002263,3,130,0.0193,61
DRING-004,CLM-002279,3,130,0.0193,61
DRING-004,CLM-002300,3,130,0.0193,61
DRING-004,CLM-002331,3,130,0.0193,61
DRING-004,CLM-002421,3,130,0.0193,61
DRING-004,CLM-002446,3,130,0.0193,61
DRING-004,CLM-002907,3,130,0.0193,61
DRING-004,CLM-002956,3,130,0.0193,61
DRING-004,CLM-003006,3,130,0.0193,61
DRING-004,CLM-003015,3,130,0.0193,61
DRING-004,CLM-003239,3,130,0.0193,61
DRING-004,CLM-003324,3,130,0.0193,61
DRING-004,CLM-003541,3,130,0.0193,61
DRING-004,CLM-003721,3,130,0.0193,61
DRING-004,CLM-003802,3,130,0.0193,61
DRING-004,CLM-004065,3,130,0.0193,61
DRING-004,CLM-004133,3,130,0.0193,61
DRING-004,CLM-004309,3,130,0.0193,61
DRING-004,CLM-004324,3,130,0.0193,61
DRING-004,CLM-004416,3,130,0.0193,61
DRING-004,CLM-004417,3,130,0.0193,61
DRING-004,CLM-004449,3,130,0.0193,61
DRING-004,CLM-004490,3,130,0.0193,61
DRING-004,CLM-004755,3,130,0.0193,61
DRING-004,CLM-004885,3,130,0.0193,61
DRING-004,CLM-004891,3,130,0.0193,61
DRING-004,CLM-004895,3,130,0.0193,61
DRING-004,CLM-005002,3,130,0.0193,61
DRING-004,CLM-005014,3,130,0.0193,61
DRING-004,CLM-005047,3,130,0.0193,61
DRING-004,CLM-005058,3,130,0.0193,61
DRING-004,CLM-005092,3,130,0.0193,61
DRING-004,CLM-005244,3,130,0.0193,61
DRING-004,CLM-005249,3,130,0.0193,61
DRING-004,CLM-005258,3,130,0.0193,61
DRING-004,CLM-005362,3,130,0.0193,61
DRING-004,CLM-005490,3,130,0.0193,61
DRING-004,CLM-005747,3,130,0.0193,61
DRING-004,CLM-005834,3,130,0.0193,61
DRING-004,CLM-006067,3,130,0.0193,61
DRING-004,CLM-006301,3,130,0.0193,61
DRING-004,CLM-006776,3,130,0.0193,61
DRING-005,CLM-000005,4,171,0.0149,85
DRING-005,CLM-000138,4,171,0.0149,85
DRING-005,CLM-000259,4,171,0.0149,85
DRING-005,CLM-000265,4,171,0.0149,85
DRING-005,CLM-000479,4,171,0.0149,85
DRING-005,CLM-000516,4,171,0.0149,85
DRING-005,CLM-000562,4,171,0.0149,85
DRING-005,CLM-000573,4,171,0.0149,85
DRING-005,CLM-000596,4,171,0.0149,85
DRING-005,CLM-000605,4,171,0.0149,85
DRING-005,CLM-000810,4,171,0.0149,85
DRING-005,CLM-000986,4,171,0.0149,85
DRING-005,CLM-001011,4,171,0.0149,85
DRING-005,CLM-001047,4,171,0.0149,85
DRING-005,CLM-001105,4,171,0.0149,85
DRING-005,CLM-001153,4,171,0.0149,85
DRING-005,CLM-001191,4,171,0.0149,85
DRING-005,CLM-001252,4,171,0.0149,85
DRING-005,CLM-001253,4,171,0.0149,85
DRING-005,CLM-001261,4,171,0.0149,85
DRING-005,CLM-001485,4,171,0.0149,85
DRING-005,CLM-001514,4,171,0.0149,85
DRING-005,CLM-001537,4,171,0.0149,85
DRING-005,CLM-001818,4,171,0.0149,85
DRING-005,CLM-001832,4,171,0.0149,85
DRING-005,CLM-001960,4,171,0.0149,85
DRING-005,CLM-001967,4,171,0.0149,85
DRING-005,CLM-001970,4,171,0.0149,85
DRING-005,CLM-002090,4,171,0.0149,85
DRING-005,CLM-002105,4,171,0.0149,85
DRING-005,CLM-002351,4,171,0.0149,85
DRING-005,CLM-002373,4,171,0.0149,85
DRING-005,CLM-002440,4,171,0.0149,85
DRING-005,CLM-002630,4,171,0.0149,85
DRING-005,CLM-002707,4,171,0.0149,85
DRING-005,CLM-002844,4,171,0.0149,85
DRING-005,CLM-003039,4,171,0.0149,85
DRING-005,CLM-003171,4,171,0.0149,85
DRING-005,CLM-003306,4,171,0.0149,85
DRING-005,CLM-003471,4,171,0.0149,85
DRING-005,CLM-003516,4,171,0.0149,85
DRING-005,CLM-003790,4,171,0.0149,85
DRING-005,CLM-003880,4,171,0.0149,85
DRING-005,CLM-003905,4,171,0.0149,85
DRING-005,CLM-003931,4,171,0.0149,85
DRING-005,CLM-004022,4,171,0.0149,85
DRING-005,CLM-004078,4,171,0.0149,85
DRING-005,CLM-004097,4,171,0.0149,85
DRING-005,CLM-004125,4,171,0.0149,85
DRING-005,CLM-004182,4,171,0.0149,85
DRING-005,CLM-004209,4,171,0.0149,85
DRING-005,CLM-004213,4,171,0.0149,85
DRING-005,CLM-004241,4,171,0.0149,85
DRING-005,CLM-004375,4,171,0.0149,85
DRING-005,CLM-004455,4,171,0.0149,85
DRING-005,CLM-004471,4,171,0.0149,85
DRING-005,CLM-004495,4,171,0.0149,85
DRING-005,CLM-004631,4,171,0.0149,85
DRING-005,CLM-004722,4,171,0.0149,85
DRING-005,CLM-004732,4,171,0.0149,85
DRING-005,CLM-004808,4,171,0.0149,85
DRING-005,CLM-004868,4,171,0.0149,85
DRING-005,CLM-005018,4,171,0.0149,85
DRING-005,CLM-005194,4,171,0.0149,85
DRING-005,CLM-005385,4,171,0.0149,85
DRING-005,CLM-005473,4,171,0.0149,85
DRING-005,CLM-005485,4,171,0.0149,85
DRING-005,CLM-005581,4,171,0.0149,85
DRING-005,CLM-005771,4,171,0.0149,85
DRING-005,CLM-005782,4,171,0.0149,85
DRING-005,CLM-005871,4,171,0.0149,85
DRING-005,CLM-006032,4,171,0.0149,85
DRING-005,CLM-006101,4,171,0.0149,85
DRING-005,CLM-006226,4,171,0.0149,85
DRING-005,CLM-006401,4,171,0.0149,85
DRING-005,CLM-006517,4,171,0.0149,85
DRING-005,CLM-006633,4,171,0.0149,85
DRING-005,CLM-006716,4,171,0.0149,85
DRING-005,CLM-006733,4,171,0.0149,85
DRING-005,CLM-006767,4,171,0.0149,85
DRING-005,CLM-006844,4,171,0.0149,85
DRING-005,CLM-006883,4,171,0.0149,85
DRING-005,CLM-006937,4,171,0.0149,85
DRING-005,CLM-006942,4,171,0.0149,85
DRING-005,CLM-006947,4,171,0.0149,85
DRING-006,CLM-000006,5,184,0.0134,86
DRING-006,CLM-000069,5,184,0.0134,86
DRING-006,CLM-000464,5,184,0.0134,86
DRING-006,CLM-000594,5,184,0.0134,86
DRING-006,CLM-000654,5,184,0.0134,86
DRING-006,CLM-000688,5,184,0.0134,86
DRING-006,CLM-000878,5,184,0.0134,86
DRING-006,CLM-000926,5,184,0.0134,86
DRING-006,CLM-001035,5,184,0.0134,86
DRING-006,CLM-001098,5,184,0.0134,86
DRING-006,CLM-001285,5,184,0.0134,86
DRING-006,CLM-001326,5,184,0.0134,86
DRING-006,CLM-001568,5,184,0.0134,86
DRING-006,CLM-001745,5,184,0.0134,86
DRING-006,CLM-001775,5,184,0.0134,86
DRING-006,CLM-001817,5,184,0.0134,86
DRING-006,CLM-001865,5,184,0.0134,86
DRING-006,CLM-001891,5,184,0.0134,86
DRING-006,CLM-002019,5,184,0.0134,86
DRING-006,CLM-002071,5,184,0.0134,86
DRING-006,CLM-002072,5,184,0.0134,86
DRING-006,CLM-002143,5,184,0.0134,86
DRING-006,CLM-002209,5,184,0.0134,86
DRING-006,CLM-002304,5,184,0.0134,86
DRING-006,CLM-002332,5,184,0.0134,86
DRING-006,CLM-002532,5,184,0.0134,86
DRING-006,CLM-002555,5,184,0.0134,86
DRING-006,CLM-002593,5,184,0.0134,86
DRING-006,CLM-002798,5,184,0.0134,86
DRING-006,CLM-002818,5,184,0.0134,86
DRING-006,CLM-002849,5,184,0.0134,86
DRING-006,CLM-003077,5,184,0.0134,86
DRING-006,CLM-003161,5,184,0.0134,86
DRING-006,CLM-003279,5,184,0.0134,86
DRING-006,CLM-003291,5,184,0.0134,86
DRING-006,CLM-003312,5,184,0.0134,86
DRING-006,CLM-003431,5,184,0.0134,86
DRING-006,CLM-003449,5,184,0.0134,86
DRING-006,CLM-003466,5,184,0.0134,86
DRING-006,CLM-003554,5,184,0.0134,86
DRING-006,CLM-003584,5,184,0.0134,86
DRING-006,CLM-003708,5,184,0.0134,86
DRING-006,CLM-003727,5,184,0.0134,86
DRING-006,CLM-003755,5,184,0.0134,86
DRING-006,CLM-003767,5,184,0.0134,86
DRING-006,CLM-003781,5,184,0.0134,86
DRING-006,CLM-003887,5,184,0.0134,86
DRING-006,CLM-004062,5,184,0.0134,86
DRING-006,CLM-004082,5,184,0.0134,86
DRING-006,CLM-004174,5,184,0.0134,86
DRING-006,CLM-004184,5,184,0.0134,86
DRING-006,CLM-004212,5,184,0.0134,86
DRING-006,CLM-004644,5,184,0.0134,86
DRING-006,CLM-004774,5,184,0.0134,86
DRING-006,CLM-004787,5,184,0.0134,86
DRING-006,CLM-004917,5,184,0.0134,86
DRING-006,CLM-004953,5,184,0.0134,86
DRING-006,CLM-005003,5,184,0.0134,86
DRING-006,CLM-005005,5,184,0.0134,86
DRING-006,CLM-005012,5,184,0.0134,86
DRING-006,CLM-005045,5,184,0.0134,86
DRING-006,CLM-005106,5,184,0.0134,86
DRING-006,CLM-005252,5,184,0.0134,86
DRING-006,CLM-005323,5,184,0.0134,86
DRING-006,CLM-005925,5,184,0.0134,86
DRING-006,CLM-005934,5,184,0.0134,86
DRING-006,CLM-005952,5,184,0.0134,86
DRING-006,CLM-006014,5,184,0.0134,86
DRING-006,CLM-006099,5,184,0.0134,86
DRING-006,CLM-006123,5,184,0.0134,86
DRING-006,CLM-006150,5,184,0.0134,86
DRING-006,CLM-006161,5,184,0.0134,86
DRING-006,CLM-006182,5,184,0.0134,86
DRING-006,CLM-006191,5,184,0.0134,86
DRING-006,CLM-006475,5,184,0.0134,86
DRING-006,CLM-006571,5,184,0.0134,86
DRING-006,CLM-006641,5,184,0.0134,86
DRING-006,CLM-006655,5,184,0.0134,86
DRING-006,CLM-006662,5,184,0.0134,86
DRING-006,CLM-006708,5,184,0.0134,86
DRING-006,CLM-006713,5,184,0.0134,86
DRING-006,CLM-006727,5,184,0.0134,86
DRING-006,CLM-006741,5,184,0.0134,86
DRING-006,CLM-006845,5,184,0.0134,86
DRING-006,CLM-006988,5,184,0.0134,86
DRING-006,CLM-007012,5,184,0.0134,86
DRING-007,CLM-000007,6,344,0.0073,165
DRING-007,CLM-000028,6,344,0.0073,165
DRING-007,CLM-000030,6,344,0.0073,165
DRING-007,CLM-000063,6,344,0.0073,165
DRING-007,CLM-000111,6,344,0.0073,165
DRING-007,CLM-000121,6,344,0.0073,165
DRING-007,CLM-000181,6,344,0.0073,165
DRING-007,CLM-000184,6,344,0.0073,165
DRING-007,CLM-000220,6,344,0.0073,165
DRING-007,CLM-000235,6,344,0.0073,165
DRING-007,CLM-000359,6,344,0.0073,165
DRING-007,CLM-000485,6,344,0.0073,165
DRING-007,CLM-000514,6,344,0.0073,165
DRING-007,CLM-000540,6,344,0.0073,165
DRING-007,CLM-000551,6,344,0.0073,165
DRING-007,CLM-000572,6,344,0.0073,165
DRING-007,CLM-000584,6,344,0.0073,165
DRING-007,CLM-000630,6,344,0.0073,165
DRING-007,CLM-000701,6,344,0.0073,165
DRING-007,CLM-000840,6,344,0.0073,165
DRING-007,CLM-000843,6,344,0.0073,165
DRING-007,CLM-000860,6,344,0.0073,165
DRING-007,CLM-000884,6,344,0.0073,165
DRING-007,CLM-000927,6,344,0.0073,165
DRING-007,CLM-001136,6,344,0.0073,165
DRING-007,CLM-001151,6,344,0.0073,165
DRING-007,CLM-001167,6,344,0.0073,165
DRING-007,CLM-001208,6,344,0.0073,165
DRING-007,CLM-001210,6,344,0.0073,165
DRING-007,CLM-001273,6,344,0.0073,165
DRING-007,CLM-001368,6,344,0.0073,165
DRING-007,CLM-001415,6,344,0.0073,165
DRING-007,CLM-001512,6,344,0.0073,165
DRING-007,CLM-001567,6,344,0.0073,165
DRING-007,CLM-001622,6,344,0.0073,165
DRING-007,CLM-001799,6,344,0.0073,165
DRING-007,CLM-001860,6,344,0.0073,165
DRING-007,CLM-001872,6,344,0.0073,165
DRING-007,CLM-001881,6,344,0.0073,165
DRING-007,CLM-001883,6,344,0.0073,165
DRING-007,CLM-001969,6,344,0.0073,165
DRING-007,CLM-002013,6,344,0.0073,165
DRING-007,CLM-002079,6,344,0.0073,165
DRING-007,CLM-002253,6,344,0.0073,165
DRING-007,CLM-002259,6,344,0.0073,165
DRING-007,CLM-002286,6,344,0.0073,165
DRING-007,CLM-002320,6,344,0.0073,165
DRING-007,CLM-002448,6,344,0.0073,165
DRING-007,CLM-002495,6,344,0.0073,165
DRING-007,CLM-002498,6,344,0.0073,165
DRING-007,CLM-002581,6,344,0.0073,165
DRING-007,CLM-002588,6,344,0.0073,165
DRING-007,CLM-002690,6,344,0.0073,165
DRING-007,CLM-002740,6,344,0.0073,165
DRING-007,CLM-002763,6,344,0.0073,165
DRING-007,CLM-002780,6,344,0.0073,165
DRING-007,CLM-002829,6,344,0.0073,165
DRING-007,CLM-002831,6,344,0.0073,165
DRING-007,CLM-002832,6,344,0.0073,165
DRING-007,CLM-002889,6,344,0.0073,165
DRING-007,CLM-002942,6,344,0.0073,165
DRING-007,CLM-002962,6,344,0.0073,165
DRING-007,CLM-002984,6,344,0.0073,165
DRING-007,CLM-003040,6,344,0.0073,165
DRING-007,CLM-003059,6,344,0.0073,165
DRING-007,CLM-003081,6,344,0.0073,165
DRING-007,CLM-003099,6,344,0.0073,165
DRING-007,CLM-003121,6,344,0.0073,165
DRING-007,CLM-003177,6,344,0.0073,165
DRING-007,CLM-003294,6,344,0.0073,165
DRING-007,CLM-003330,6,344,0.0073,165
DRING-007,CLM-003362,6,344,0.0073,165
DRING-007,CLM-003391,6,344,0.0073,165
DRING-007,CLM-003417,6,344,0.0073,165
DRING-007,CLM-003419,6,344,0.0073,165
DRING-007,CLM-003460,6,344,0.0073,165
DRING-007,CLM-003464,6,344,0.0073,165
DRING-007,CLM-003470,6,344,0.0073,165
DRING-007,CLM-003491,6,344,0.0073,165
DRING-007,CLM-003492,6,344,0.0073,165
DRING-007,CLM-003590,6,344,0.0073,165
DRING-007,CLM-003663,6,344,0.0073,165
DRING-007,CLM-003734,6,344,0.0073,165
DRING-007,CLM-003776,6,344,0.0073,165
DRING-007,CLM-003815,6,344,0.0073,165
DRING-007,CLM-003864,6,344,0.0073,165
DRING-007,CLM-003872,6,344,0.0073,165
DRING-007,CLM-003915,6,344,0.0073,165
DRING-007,CLM-003966,6,344,0.0073,165
DRING-007,CLM-004029,6,344,0.0073,165
DRING-007,CLM-004139,6,344,0.0073,165
DRING-007,CLM-004180,6,344,0.0073,165
DRING-007,CLM-004202,6,344,0.0073,165
DRING-007,CLM-004300,6,344,0.0073,165
DRING-007,CLM-004336,6,344,0.0073,165
DRING-007,CLM-004337,6,344,0.0073,165
DRING-007,CLM-004360,6,344,0.0073,165
DRING-007,CLM-004383,6,344,0.0073,165
DRING-007,CLM-004387,6,344,0.0073,165
DRING-007,CLM-004408,6,344,0.0073,165
DRING-007,CLM-004410,6,344,0.0073,165
DRING-007,CLM-004533,6,344,0.0073,165
DRING-007,CLM-004534,6,344,0.0073,165
DRING-007,CLM-004585,6,344,0.0073,165
DRING-007,CLM-004586,6,344,0.0073,165
DRING-007,CLM-004593,6,344,0.0073,165
DRING-007,CLM-004629,6,344,0.0073,165
DRING-007,CLM-004720,6,344,0.0073,165
DRING-007,CLM-004767,6,344,0.0073,165
DRING-007,CLM-004796,6,344,0.0073,165
DRING-007,CLM-004823,6,344,0.0073,165
DRING-007,CLM-004826,6,344,0.0073,165
DRING-007,CLM-004859,6,344,0.0073,165
DRING-007,CLM-004948,6,344,0.0073,165
DRING-007,CLM-004952,6,344,0.0073,165
DRING-007,CLM-004968,6,344,0.0073,165
DRING-007,CLM-005019,6,344,0.0073,165
DRING-007,CLM-005153,6,344,0.0073,165
DRING-007,CLM-005170,6,344,0.0073,165
DRING-007,CLM-005171,6,344,0.0073,165
DRING-007,CLM-005202,6,344,0.0073,165
DRING-007,CLM-005332,6,344,0.0073,165
DRING-007,CLM-005358,6,344,0.0073,165
DRING-007,CLM-005382,6,344,0.0073,165
DRING-007,CLM-005418,6,344,0.0073,165
DRING-007,CLM-005479,6,344,0.0073,165
DRING-007,CLM-005488,6,344,0.0073,165
DRING-007,CLM-005508,6,344,0.0073,165
DRING-007,CLM-005535,6,344,0.0073,165
DRING-007,CLM-005545,6,344,0.0073,165
DRING-007,CLM-005575,6,344,0.0073,165
DRING-007,CLM-005614,6,344,0.0073,165
DRING-007,CLM-005630,6,344,0.0073,165
DRING-007,CLM-005678,6,344,0.0073,165
DRING-007,CLM-005682,6,344,0.0073,165
DRING-007,CLM-005717,6,344,0.0073,165
DRING-007,CLM-005815,6,344,0.0073,165
DRING-007,CLM-005870,6,344,0.0073,165
DRING-007,CLM-005917,6,344,0.0073,165
DRING-007,CLM-005927,6,344,0.0073,165
DRING-007,CLM-005945,6,344,0.0073,165
DRING-007,CLM-005955,6,344,0.0073,165
DRING-007,CLM-005998,6,344,0.0073,165
DRING-007,CLM-006038,6,344,0.0073,165
DRING-007,CLM-006051,6,344,0.0073,165
DRING-007,CLM-006152,6,344,0.0073,165
DRING-007,CLM-006153,6,344,0.0073,165
DRING-007,CLM-006165,6,344,0.0073,165
DRING-007,CLM-006225,6,344,0.0073,165
DRING-007,CLM-006300,6,344,0.0073,165
DRING-007,CLM-006302,6,344,0.0073,165
DRING-007,CLM-006364,6,344,0.0073,165
DRING-007,CLM-006371,6,344,0.0073,165
DRING-007,CLM-006411,6,344,0.0073,165
DRING-007,CLM-006415,6,344,0.0073,165
DRING-007,CLM-006534,6,344,0.0073,165
DRING-007,CLM-006555,6,344,0.0073,165
DRING-007,CLM-006559,6,344,0.0073,165
DRING-007,CLM-006707,6,344,0.0073,165
DRING-007,CLM-006840,6,344,0.0073,165
DRING-007,CLM-006842,6,344,0.0073,165
DRING-007,CLM-006856,6,344,0.0073,165
DRING-007,CLM-006867,6,344,0.0073,165
DRING-007,CLM-006876,6,344,0.0073,165
DRING-007,CLM-006965,6,344,0.0073,165
DRING-008,CLM-000008,7,228,0.0109,107
DRING-008,CLM-000146,7,228,0.0109,107
DRING-008,CLM-000198,7,228,0.0109,107
DRING-008,CLM-000291,7,228,0.0109,107
DRING-008,CLM-000389,7,228,0.0109,107
DRING-008,CLM-000495,7,228,0.0109,107
DRING-008,CLM-000558,7,228,0.0109,107
DRING-008,CLM-000599,7,228,0.0109,107
DRING-008,CLM-000600,7,228,0.0109,107
DRING-008,CLM-000668,7,228,0.0109,107
DRING-008,CLM-000721,7,228,0.0109,107
DRING-008,CLM-000730,7,228,0.0109,107
DRING-008,CLM-000781,7,228,0.0109,107
DRING-008,CLM-000795,7,228,0.0109,107
DRING-008,CLM-000834,7,228,0.0109,107
DRING-008,CLM-000930,7,228,0.0109,107
DRING-008,CLM-001087,7,228,0.0109,107
DRING-008,CLM-001135,7,228,0.0109,107
DRING-008,CLM-001188,7,228,0.0109,107
DRING-008,CLM-001207,7,228,0.0109,107
DRING-008,CLM-001215,7,228,0.0109,107
DRING-008,CLM-001258,7,228,0.0109,107
DRING-008,CLM-001276,7,228,0.0109,107
DRING-008,CLM-001426,7,228,0.0109,107
DRING-008,CLM-001427,7,228,0.0109,107
DRING-008,CLM-001614,7,228,0.0109,107
DRING-008,CLM-001670,7,228,0.0109,107
DRING-008,CLM-001862,7,228,0.0109,107
DRING-008,CLM-001939,7,228,0.0109,107
DRING-008,CLM-002042,7,228,0.0109,107
DRING-008,CLM-002054,7,228,0.0109,107
DRING-008,CLM-002133,7,228,0.0109,107
DRING-008,CLM-002243,7,228,0.0109,107
DRING-008,CLM-002265,7,228,0.0109,107
DRING-008,CLM-002307,7,228,0.0109,107
DRING-008,CLM-002311,7,228,0.0109,107
DRING-008,CLM-002326,7,228,0.0109,107
DRING-008,CLM-002349,7,228,0.0109,107
DRING-008,CLM-002428,7,228,0.0109,107
DRING-008,CLM-002564,7,228,0.0109,107
DRING-008,CLM-002565,7,228,0.0109,107
DRING-008,CLM-002649,7,228,0.0109,107
DRING-008,CLM-002863,7,228,0.0109,107
DRING-008,CLM-002903,7,228,0.0109,107
DRING-008,CLM-002931,7,228,0.0109,107
DRING-008,CLM-002941,7,228,0.0109,107
DRING-008,CLM-003160,7,228,0.0109,107
DRING-008,CLM-003169,7,228,0.0109,107
DRING-008,CLM-003344,7,228,0.0109,107
DRING-008,CLM-003374,7,228,0.0109,107
DRING-008,CLM-003401,7,228,0.0109,107
DRING-008,CLM-003480,7,228,0.0109,107
DRING-008,CLM-003526,7,228,0.0109,107
DRING-008,CLM-003535,7,228,0.0109,107
DRING-008,CLM-003678,7,228,0.0109,107
DRING-008,CLM-003704,7,228,0.0109,107
DRING-008,CLM-003818,7,228,0.0109,107
DRING-008,CLM-003900,7,228,0.0109,107
DRING-008,CLM-003923,7,228,0.0109,107
DRING-008,CLM-003993,7,228,0.0109,107
DRING-008,CLM-004044,7,228,0.0109,107
DRING-008,CLM-004155,7,228,0.0109,107
DRING-008,CLM-004201,7,228,0.0109,107
DRING-008,CLM-004225,7,228,0.0109,107
DRING-008,CLM-004489,7,228,0.0109,107
DRING-008,CLM-004602,7,228,0.0109,107
DRING-008,CLM-004715,7,228,0.0109,107
DRING-008,CLM-004740,7,228,0.0109,107
DRING-008,CLM-004783,7,228,0.0109,107
DRING-008,CLM-004824,7,228,0.0109,107
DRING-008,CLM-004847,7,228,0.0109,107
DRING-008,CLM-004886,7,228,0.0109,107
DRING-008,CLM-004918,7,228,0.0109,107
DRING-008,CLM-005063,7,228,0.0109,107
DRING-008,CLM-005069,7,228,0.0109,107
DRING-008,CLM-005112,7,228,0.0109,107
DRING-008,CLM-005125,7,228,0.0109,107
DRING-008,CLM-005158,7,228,0.0109,107
DRING-008,CLM-005304,7,228,0.0109,107
DRING-008,CLM-005316,7,228,0.0109,107
DRING-008,CLM-005423,7,228,0.0109,107
DRING-008,CLM-005498,7,228,0.0109,107
DRING-008,CLM-005516,7,228,0.0109,107
DRING-008,CLM-005589,7,228,0.0109,107
DRING-008,CLM-005661,7,228,0.0109,107
DRING-008,CLM-005769,7,228,0.0109,107
DRING-008,CLM-005979,7,228,0.0109,107
DRING-008,CLM-006000,7,228,0.0109,107
DRING-008,CLM-006019,7,228,0.0109,107
DRING-008,CLM-006070,7,228,0.0109,107
DRING-008,CLM-006084,7,228,0.0109,107
DRING-008,CLM-006121,7,228,0.0109,107
DRING-008,CLM-006151,7,228,0.0109,107
DRING-008,CLM-006181,7,228,0.0109,107
DRING-008,CLM-006267,7,228,0.0109,107
DRING-008,CLM-006343,7,228,0.0109,107
DRING-008,CLM-006462,7,228,0.0109,107
DRING-008,CLM-006468,7,228,0.0109,107
DRING-008,CLM-006556,7,228,0.0109,107
DRING-008,CLM-006557,7,228,0.0109,107
DRING-008,CLM-006560,7,228,0.0109,107
DRING-008,CLM-006663,7,228,0.0109,107
DRING-008,CLM-006692,7,228,0.0109,107
DRING-008,CLM-006738,7,228,0.0109,107
DRING-008,CLM-006747,7,228,0.0109,107
DRING-008,CLM-006896,7,228,0.0109,107
DRING-008,CLM-006950,7,228,0.0109,107
DRING-009,CLM-000010,136,199,0.0127,96
DRING-009,CLM-000136,136,199,0.0127,96
DRING-009,CLM-000362,136,199,0.0127,96
DRING-009,CLM-000667,136,199,0.0127,96
DRING-009,CLM-000685,136,199,0.0127,96
DRING-009,CLM-000705,136,199,0.0127,96
DRING-009,CLM-000894,136,199,0.0127,96
DRING-009,CLM-000896,136,199,0.0127,96
DRING-009,CLM-000906,136,199,0.0127,96
DRING-009,CLM-000962,136,199,0.0127,96
DRING-009,CLM-000978,136,199,0.0127,96
DRING-009,CLM-001034,136,199,0.0127,96
DRING-009,CLM-001073,136,199,0.0127,96
DRING-009,CLM-001195,136,199,0.0127,96
DRING-009,CLM-001232,136,199,0.0127,96
DRING-009,CLM-001257,136,199,0.0127,96
DRING-009,CLM-001401,136,199,0.0127,96
DRING-009,CLM-001405,136,199,0.0127,96
DRING-009,CLM-001596,136,199,0.0127,96
DRING-009,CLM-001704,136,199,0.0127,96
DRING-009,CLM-001705,136,199,0.0127,96
DRING-009,CLM-001755,136,199,0.0127,96
DRING-009,CLM-001800,136,199,0.0127,96
DRING-009,CLM-001930,136,199,0.0127,96
DRING-009,CLM-002011,136,199,0.0127,96
DRING-009,CLM-002375,136,199,0.0127,96
DRING-009,CLM-002409,136,199,0.0127,96
DRING-009,CLM-002447,136,199,0.0127,96
DRING-009,CLM-002471,136,199,0.0127,96
DRING-009,CLM-002496,136,199,0.0127,96
DRING-009,CLM-002734,136,199,0.0127,96
DRING-009,CLM-002753,136,199,0.0127,96
DRING-009,CLM-002805,136,199,0.0127,96
DRING-009,CLM-002816,136,199,0.0127,96
DRING-009,CLM-002880,136,199,0.0127,96
DRING-009,CLM-003051,136,199,0.0127,96
DRING-009,CLM-003152,136,199,0.0127,96
DRING-009,CLM-003216,136,199,0.0127,96
DRING-009,CLM-003222,136,199,0.0127,96
DRING-009,CLM-003393,136,199,0.0127,96
DRING-009,CLM-003448,136,199,0.0127,96
DRING-009,CLM-003498,136,199,0.0127,96
DRING-009,CLM-003503,136,199,0.0127,96
DRING-009,CLM-003505,136,199,0.0127,96
DRING-009,CLM-003543,136,199,0.0127,96
DRING-009,CLM-003860,136,199,0.0127,96
DRING-009,CLM-004000,136,199,0.0127,96
DRING-009,CLM-004104,136,199,0.0127,96
DRING-009,CLM-004156,136,199,0.0127,96
DRING-009,CLM-004158,136,199,0.0127,96
DRING-009,CLM-004235,136,199,0.0127,96
DRING-009,CLM-004247,136,199,0.0127,96
DRING-009,CLM-004305,136,199,0.0127,96
DRING-009,CLM-004370,136,199,0.0127,96
DRING-009,CLM-004452,136,199,0.0127,96
DRING-009,CLM-004505,136,199,0.0127,96
DRING-009,CLM-004528,136,199,0.0127,96
DRING-009,CLM-004587,136,199,0.0127,96
DRING-009,CLM-004610,136,199,0.0127,96
DRING-009,CLM-004684,136,199,0.0127,96
DRING-009,CLM-004763,136,199,0.0127,96
DRING-009,CLM-004807,136,199,0.0127,96
DRING-009,CLM-004875,136,199,0.0127,96
DRING-009,CLM-004967,136,199,0.0127,96
DRING-009,CLM-004980,136,199,0.0127,96
DRING-009,CLM-005076,136,199,0.0127,96
DRING-009,CLM-005136,136,199,0.0127,96
DRING-009,CLM-005138,136,199,0.0127,96
DRING-009,CLM-005201,136,199,0.0127,96
DRING-009,CLM-005216,136,199,0.0127,96
DRING-009,CLM-005233,136,199,0.0127,96
DRING-009,CLM-005337,136,199,0.0127,96
DRING-009,CLM-005417,136,199,0.0127,96
DRING-009,CLM-005494,136,199,0.0127,96
DRING-009,CLM-005565,136,199,0.0127,96
DRING-009,CLM-005685,136,199,0.0127,96
DRING-009,CLM-005764,136,199,0.0127,96
DRING-009,CLM-005765,136,199,0.0127,96
DRING-009,CLM-005794,136,199,0.0127,96
DRING-009,CLM-005906,136,199,0.0127,96
DRING-009,CLM-005932,136,199,0.0127,96
DRING-009,CLM-006009,136,199,0.0127,96
DRING-009,CLM-006042,136,199,0.0127,96
DRING-009,CLM-006157,136,199,0.0127,96
DRING-009,CLM-006285,136,199,0.0127,96
DRING-009,CLM-006409,136,199,0.0127,96
DRING-009,CLM-006419,136,199,0.0127,96
DRING-009,CLM-006450,136,199,0.0127,96
DRING-009,CLM-006527,136,199,0.0127,96
DRING-009,CLM-006675,136,199,0.0127,96
DRING-009,CLM-006756,136,199,0.0127,96
DRING-009,CLM-006763,136,199,0.0127,96
DRING-009,CLM-006766,136,199,0.0127,96
DRING-009,CLM-006782,136,199,0.0127,96
DRING-009,CLM-006877,136,199,0.0127,96
DRING-009,CLM-006920,136,199,0.0127,96
DRING-010,CLM-000011,97,185,0.0133,82
DRING-010,CLM-000075,97,185,0.0133,82
DRING-010,CLM-000213,97,185,0.0133,82
DRING-010,CLM-000333,97,185,0.0133,82
DRING-010,CLM-000523,97,185,0.0133,82
DRING-010,CLM-000567,97,185,0.0133,82
DRING-010,CLM-000695,97,185,0.0133,82
DRING-010,CLM-000702,97,185,0.0133,82
DRING-010,CLM-000826,97,185,0.0133,82
DRING-010,CLM-000951,97,185,0.0133,82
DRING-010,CLM-001001,97,185,0.0133,82
DRING-010,CLM-001225,97,185,0.0133,82
DRING-010,CLM-001441,97,185,0.0133,82
DRING-010,CLM-001470,97,185,0.0133,82
DRING-010,CLM-001586,97,185,0.0133,82
DRING-010,CLM-001696,97,185,0.0133,82
DRING-010,CLM-001764,97,185,0.0133,82
DRING-010,CLM-001776,97,185,0.0133,82
DRING-010,CLM-002081,97,185,0.0133,82
DRING-010,CLM-002088,97,185,0.0133,82
DRING-010,CLM-002124,97,185,0.0133,82
DRING-010,CLM-002197,97,185,0.0133,82
DRING-010,CLM-002220,97,185,0.0133,82
DRING-010,CLM-002319,97,185,0.0133,82
DRING-010,CLM-002356,97,185,0.0133,82
DRING-010,CLM-002385,97,185,0.0133,82
DRING-010,CLM-002659,97,185,0.0133,82
DRING-010,CLM-002810,97,185,0.0133,82
DRING-010,CLM-002898,97,185,0.0133,82
DRING-010,CLM-003000,97,185,0.0133,82
DRING-010,CLM-003070,97,185,0.0133,82
DRING-010,CLM-003074,97,185,0.0133,82
DRING-010,CLM-003076,97,185,0.0133,82
DRING-010,CLM-003106,97,185,0.0133,82
DRING-010,CLM-003145,97,185,0.0133,82
DRING-010,CLM-003253,97,185,0.0133,82
DRING-010,CLM-003267,97,185,0.0133,82
DRING-010,CLM-003333,97,185,0.0133,82
DRING-010,CLM-003376,97,185,0.0133,82
DRING-010,CLM-003447,97,185,0.0133,82
DRING-010,CLM-003643,97,185,0.0133,82
DRING-010,CLM-003853,97,185,0.0133,82
DRING-010,CLM-003861,97,185,0.0133,82
DRING-010,CLM-003899,97,185,0.0133,82
DRING-010,CLM-004009,97,185,0.0133,82
DRING-010,CLM-004136,97,185,0.0133,82
DRING-010,CLM-004214,97,185,0.0133,82
DRING-010,CLM-004262,97,185,0.0133,82
DRING-010,CLM-004263,97,185,0.0133,82
DRING-010,CLM-004506,97,185,0.0133,82
DRING-010,CLM-004509,97,185,0.0133,82
DRING-010,CLM-004614,97,185,0.0133,82
DRING-010,CLM-004744,97,185,0.0133,82
DRING-010,CLM-004788,97,185,0.0133,82
DRING-010,CLM-005152,97,185,0.0133,82
DRING-010,CLM-005229,97,185,0.0133,82
DRING-010,CLM-005391,97,185,0.0133,82
DRING-010,CLM-005408,97,185,0.0133,82
DRING-010,CLM-005450,97,185,0.0133,82
DRING-010,CLM-005534,97,185,0.0133,82
DRING-010,CLM-005636,97,185,0.0133,82
DRING-010,CLM-005672,97,185,0.0133,82
DRING-010,CLM-005748,97,185,0.0133,82
DRING-010,CLM-005849,97,185,0.0133,82
DRING-010,CLM-005971,97,185,0.0133,82
DRING-010,CLM-005982,97,185,0.0133,82
DRING-010,CLM-006021,97,185,0.0133,82
DRING-010,CLM-006224,97,185,0.0133,82
DRING-010,CLM-006317,97,185,0.0133,82
DRING-010,CLM-006361,97,185,0.0133,82
DRING-010,CLM-006503,97,185,0.0133,82
DRING-010,CLM-006573,97,185,0.0133,82
DRING-010,CLM-006610,97,185,0.0133,82
DRING-010,CLM-006751,97,185,0.0133,82
DRING-010,CLM-006761,97,185,0.0133,82
DRING-010,CLM-006786,97,185,0.0133,82
DRING-010,CLM-006802,97,185,0.0133,82
DRING-010,CLM-006854,97,185,0.0133,82
DRING-010,CLM-006889,97,185,0.0133,82
DRING-010,CLM-006892,97,185,0.0133,82
DRING-010,CLM-006929,97,185,0.0133,82
DRING-010,CLM-006952,97,185,0.0133,82
DRING-011,CLM-000012,123,185,0.0136,88
DRING-011,CLM-000037,123,185,0.0136,88
DRING-011,CLM-000244,123,185,0.0136,88
DRING-011,CLM-000401,123,185,0.0136,88
DRING-011,CLM-000446,123,185,0.0136,88
DRING-011,CLM-000659,123,185,0.0136,88
DRING-011,CLM-000748,123,185,0.0136,88
DRING-011,CLM-000773,123,185,0.0136,88
DRING-011,CLM-000821,123,185,0.0136,88
DRING-011,CLM-000876,123,185,0.0136,88
DRING-011,CLM-000932,123,185,0.0136,88
DRING-011,CLM-000943,123,185,0.0136,88
DRING-011,CLM-000992,123,185,0.0136,88
DRING-011,CLM-001099,123,185,0.0136,88
DRING-011,CLM-001362,123,185,0.0136,88
DRING-011,CLM-001372,123,185,0.0136,88
DRING-011,CLM-001380,123,185,0.0136,88
DRING-011,CLM-001408,123,185,0.0136,88
DRING-011,CLM-001489,123,185,0.0136,88
DRING-011,CLM-001545,123,185,0.0136,88
DRING-011,CLM-001582,123,185,0.0136,88
DRING-011,CLM-001610,123,185,0.0136,88
DRING-011,CLM-001648,123,185,0.0136,88
DRING-011,CLM-001662,123,185,0.0136,88
DRING-011,CLM-001677,123,185,0.0136,88
DRING-011,CLM-001728,123,185,0.0136,88
DRING-011,CLM-001746,123,185,0.0136,88
DRING-011,CLM-001786,123,185,0.0136,88
DRING-011,CLM-001795,123,185,0.0136,88
DRING-011,CLM-001976,123,185,0.0136,88
DRING-011,CLM-002029,123,185,0.0136,88
DRING-011,CLM-002126,123,185,0.0136,88
DRING-011,CLM-002168,123,185,0.0136,88
DRING-011,CLM-002170,123,185,0.0136,88
DRING-011,CLM-002217,123,185,0.0136,88
DRING-011,CLM-002261,123,185,0.0136,88
DRING-011,CLM-002271,123,185,0.0136,88
DRING-011,CLM-002382,123,185,0.0136,88
DRING-011,CLM-002434,123,185,0.0136,88
DRING-011,CLM-002459,123,185,0.0136,88
DRING-011,CLM-002589,123,185,0.0136,88
DRING-011,CLM-002616,123,185,0.0136,88
DRING-011,CLM-002680,123,185,0.0136,88
DRING-011,CLM-002851,123,185,0.0136,88
DRING-011,CLM-002926,123,185,0.0136,88
DRING-011,CLM-003048,123,185,0.0136,88
DRING-011,CLM-003050,123,185,0.0136,88
DRING-011,CLM-003235,123,185,0.0136,88
DRING-011,CLM-003283,123,185,0.0136,88
DRING-011,CLM-003495,123,185,0.0136,88
DRING-011,CLM-003519,123,185,0.0136,88
DRING-011,CLM-003657,123,185,0.0136,88
DRING-011,CLM-003745,123,185,0.0136,88
DRING-011,CLM-003828,123,185,0.0136,88
DRING-011,CLM-003981,123,185,0.0136,88
DRING-011,CLM-004016,123,185,0.0136,88
DRING-011,CLM-004032,123,185,0.0136,88
DRING-011,CLM-004067,123,185,0.0136,88
DRING-011,CLM-004151,123,185,0.0136,88
DRING-011,CLM-004203,123,185,0.0136,88
DRING-011,CLM-004242,123,185,0.0136,88
DRING-011,CLM-004244,123,185,0.0136,88
DRING-011,CLM-004303,123,185,0.0136,88
DRING-011,CLM-004315,123,185,0.0136,88
DRING-011,CLM-004378,123,185,0.0136,88
DRING-011,CLM-004526,123,185,0.0136,88
DRING-011,CLM-004549,123,185,0.0136,88
DRING-011,CLM-004591,123,185,0.0136,88
DRING-011,CLM-004596,123,185,0.0136,88
DRING-011,CLM-004604,123,185,0.0136,88
DRING-011,CLM-004701,123,185,0.0136,88
DRING-011,CLM-004761,123,185,0.0136,88
DRING-011,CLM-004795,123,185,0.0136,88
DRING-011,CLM-004843,123,185,0.0136,88
DRING-011,CLM-004890,123,185,0.0136,88
DRING-011,CLM-004935,123,185,0.0136,88
DRING-011,CLM-004995,123,185,0.0136,88
DRING-011,CLM-005511,123,185,0.0136,88
DRING-011,CLM-005792,123,185,0.0136,88
DRING-011,CLM-005828,123,185,0.0136,88
DRING-011,CLM-005833,123,185,0.0136,88
DRING-011,CLM-006069,123,185,0.0136,88
DRING-011,CLM-006124,123,185,0.0136,88
DRING-011,CLM-006550,123,185,0.0136,88
DRING-011,CLM-006914,123,185,0.0136,88
DRING-011,CLM-006949,123,185,0.0136,88
DRING-011,CLM-006966,123,185,0.0136,88
DRING-011,CLM-006973,123,185,0.0136,88
DRING-012,CLM-000013,11,82,0.0283,36
DRING-012,CLM-000280,11,82,0.0283,36
DRING-012,CLM-000626,11,82,0.0283,36
DRING-012,CLM-001123,11,82,0.0283,36
DRING-012,CLM-001472,11,82,0.0283,36
DRING-012,CLM-002038,11,82,0.0283,36
DRING-012,CLM-002094,11,82,0.0283,36
DRING-012,CLM-002201,11,82,0.0283,36
DRING-012,CLM-002388,11,82,0.0283,36
DRING-012,CLM-002594,11,82,0.0283,36
DRING-012,CLM-002896,11,82,0.0283,36
DRING-012,CLM-003188,11,82,0.0283,36
DRING-012,CLM-003190,11,82,0.0283,36
DRING-012,CLM-003240,11,82,0.0283,36
DRING-012,CLM-003359,11,82,0.0283,36
DRING-012,CLM-003406,11,82,0.0283,36
DRING-012,CLM-003432,11,82,0.0283,36
DRING-012,CLM-003620,11,82,0.0283,36
DRING-012,CLM-003692,11,82,0.0283,36
DRING-012,CLM-003711,11,82,0.0283,36
DRING-012,CLM-003772,11,82,0.0283,36
DRING-012,CLM-004055,11,82,0.0283,36
DRING-012,CLM-004456,11,82,0.0283,36
DRING-012,CLM-004466,11,82,0.0283,36
DRING-012,CLM-004584,11,82,0.0283,36
DRING-012,CLM-004661,11,82,0.0283,36
DRING-012,CLM-004736,11,82,0.0283,36
DRING-012,CLM-004756,11,82,0.0283,36
DRING-012,CLM-004797,11,82,0.0283,36
DRING-012,CLM-004906,11,82,0.0283,36
DRING-012,CLM-005188,11,82,0.0283,36
DRING-012,CLM-005268,11,82,0.0283,36
DRING-012,CLM-005523,11,82,0.0283,36
DRING-012,CLM-005599,11,82,0.0283,36
DRING-012,CLM-005829,11,82,0.0283,36
DRING-012,CLM-006834,11,82,0.0283,36
DRING-013,CLM-000014,12,118,0.0201,52
DRING-013,CLM-000286,12,118,0.0201,52
DRING-013,CLM-000524,12,118,0.0201,52
DRING-013,CLM-000625,12,118,0.0201,52
DRING-013,CLM-000819,12,118,0.0201,52
DRING-013,CLM-000829,12,118,0.0201,52
DRING-013,CLM-001115,12,118,0.0201,52
DRING-013,CLM-001156,12,118,0.0201,52
DRING-013,CLM-001678,12,118,0.0201,52
DRING-013,CLM-001798,12,118,0.0201,52
DRING-013,CLM-001856,12,118,0.0201,52
DRING-013,CLM-001971,12,118,0.0201,52
DRING-013,CLM-002024,12,118,0.0201,52
DRING-013,CLM-002034,12,118,0.0201,52
DRING-013,CLM-002216,12,118,0.0201,52
DRING-013,CLM-002648,12,118,0.0201,52
DRING-013,CLM-002825,12,118,0.0201,52
DRING-013,CLM-003021,12,118,0.0201,52
DRING-013,CLM-003168,12,118,0.0201,52
DRING-013,CLM-003310,12,118,0.0201,52
DRING-013,CLM-003494,12,118,0.0201,52
DRING-013,CLM-003605,12,118,0.0201,52
DRING-013,CLM-003662,12,118,0.0201,52
DRING-013,CLM-003895,12,118,0.0201,52
DRING-013,CLM-003945,12,118,0.0201,52
DRING-013,CLM-004222,12,118,0.0201,52
DRING-013,CLM-004397,12,118,0.0201,52
DRING-013,CLM-004414,12,118,0.0201,52
DRING-013,CLM-004571,12,118,0.0201,52
DRING-013,CLM-004970,12,118,0.0201,52
DRING-013,CLM-005132,12,118,0.0201,52
DRING-013,CLM-005196,12,118,0.0201,52
DRING-013,CLM-005205,12,118,0.0201,52
DRING-013,CLM-005245,12,118,0.0201,52
DRING-013,CLM-005392,12,118,0.0201,52
DRING-013,CLM-005400,12,118,0.0201,52
DRING-013,CLM-005421,12,118,0.0201,52
DRING-013,CLM-005486,12,118,0.0201,52
DRING-013,CLM-005550,12,118,0.0201,52
DRING-013,CLM-005664,12,118,0.0201,52
DRING-013,CLM-005889,12,118,0.0201,52
DRING-013,CLM-005902,12,118,0.0201,52
DRING-013,CLM-005908,12,118,0.0201,52
DRING-013,CLM-005984,12,118,0.0201,52
DRING-013,CLM-005997,12,118,0.0201,52
DRING-013,CLM-006216,12,118,0.0201,52
DRING-013,CLM-006240,12,118,0.0201,52
DRING-013,CLM-006779,12,118,0.0201,52
DRING-013,CLM-006858,12,118,0.0201,52
DRING-013,CLM-006951,12,118,0.0201,52
DRING-013,CLM-007013,12,118,0.0201,52
DRING-013,CLM-007041,12,118,0.0201,52
DRING-014,CLM-000015,139,96,0.0246,42
DRING-014,CLM-000175,139,96,0.0246,42
DRING-014,CLM-000225,139,96,0.0246,42
DRING-014,CLM-000532,139,96,0.0246,42
DRING-014,CLM-000634,139,96,0.0246,42
DRING-014,CLM-000676,139,96,0.0246,42
DRING-014,CLM-001183,139,96,0.0246,42
DRING-014,CLM-001898,139,96,0.0246,42
DRING-014,CLM-001958,139,96,0.0246,42
DRING-014,CLM-002200,139,96,0.0246,42
DRING-014,CLM-002258,139,96,0.0246,42
DRING-014,CLM-002465,139,96,0.0246,42
DRING-014,CLM-002694,139,96,0.0246,42
DRING-014,CLM-002953,139,96,0.0246,42
DRING-014,CLM-003268,139,96,0.0246,42
DRING-014,CLM-003364,139,96,0.0246,42
DRING-014,CLM-003367,139,96,0.0246,42
DRING-014,CLM-003371,139,96,0.0246,42
DRING-014,CLM-003843,139,96,0.0246,42
DRING-014,CLM-003920,139,96,0.0246,42
DRING-014,CLM-003975,139,96,0.0246,42
DRING-014,CLM-004233,139,96,0.0246,42
DRING-014,CLM-004332,139,96,0.0246,42
DRING-014,CLM-004666,139,96,0.0246,42
DRING-014,CLM-004831,139,96,0.0246,42
DRING-014,CLM-005010,139,96,0.0246,42
DRING-014,CLM-005095,139,96,0.0246,42
DRING-014,CLM-005236,139,96,0.0246,42
DRING-014,CLM-005343,139,96,0.0246,42
DRING-014,CLM-005390,139,96,0.0246,42
DRING-014,CLM-005460,139,96,0.0246,42
DRING-014,CLM-005843,139,96,0.0246,42
DRING-014,CLM-005931,139,96,0.0246,42
DRING-014,CLM-005994,139,96,0.0246,42
DRING-014,CLM-006111,139,96,0.0246,42
DRING-014,CLM-006337,139,96,0.0246,42
DRING-014,CLM-006390,139,96,0.0246,42
DRING-014,CLM-006645,139,96,0.0246,42
DRING-014,CLM-006711,139,96,0.0246,42
DRING-014,CLM-006811,139,96,0.0246,42
DRING-014,CLM-006979,139,96,0.0246,42
DRING-014,CLM-006982,139,96,0.0246,42
DRING-015,CLM-000016,14,186,0.0134,87
DRING-015,CLM-000033,14,186,0.0134,87
DRING-015,CLM-000070,14,186,0.0134,87
DRING-015,CLM-000112,14,186,0.0134,87
DRING-015,CLM-000324,14,186,0.0134,87
DRING-015,CLM-000467,14,186,0.0134,87
DRING-015,CLM-000660,14,186,0.0134,87
DRING-015,CLM-000895,14,186,0.0134,87
DRING-015,CLM-000965,14,186,0.0134,87
DRING-015,CLM-000966,14,186,0.0134,87
DRING-015,CLM-000990,14,186,0.0134,87
DRING-015,CLM-001164,14,186,0.0134,87
DRING-015,CLM-001218,14,186,0.0134,87
DRING-015,CLM-001256,14,186,0.0134,87
DRING-015,CLM-001266,14,186,0.0134,87
DRING-015,CLM-001278,14,186,0.0134,87
DRING-015,CLM-001500,14,186,0.0134,87
DRING-015,CLM-001504,14,186,0.0134,87
DRING-015,CLM-001543,14,186,0.0134,87
DRING-015,CLM-001549,14,186,0.0134,87
DRING-015,CLM-001866,14,186,0.0134,87
DRING-015,CLM-001871,14,186,0.0134,87
DRING-015,CLM-002018,14,186,0.0134,87
DRING-015,CLM-002044,14,186,0.0134,87
DRING-015,CLM-002047,14,186,0.0134,87
DRING-015,CLM-002084,14,186,0.0134,87
DRING-015,CLM-002173,14,186,0.0134,87
DRING-015,CLM-002190,14,186,0.0134,87
DRING-015,CLM-002270,14,186,0.0134,87
DRING-015,CLM-002329,14,186,0.0134,87
DRING-015,CLM-002417,14,186,0.0134,87
DRING-015,CLM-002541,14,186,0.0134,87
DRING-015,CLM-002592,14,186,0.0134,87
DRING-015,CLM-002783,14,186,0.0134,87
DRING-015,CLM-002835,14,186,0.0134,87
DRING-015,CLM-002919,14,186,0.0134,87
DRING-015,CLM-003105,14,186,0.0134,87
DRING-015,CLM-003131,14,186,0.0134,87
DRING-015,CLM-003197,14,186,0.0134,87
DRING-015,CLM-003258,14,186,0.0134,87
DRING-015,CLM-003599,14,186,0.0134,87
DRING-015,CLM-003609,14,186,0.0134,87
DRING-015,CLM-003640,14,186,0.0134,87
DRING-015,CLM-003665,14,186,0.0134,87
DRING-015,CLM-003785,14,186,0.0134,87
DRING-015,CLM-003805,14,186,0.0134,87
DRING-015,CLM-003826,14,186,0.0134,87
DRING-015,CLM-003852,14,186,0.0134,87
DRING-015,CLM-003876,14,186,0.0134,87
DRING-015,CLM-003902,14,186,0.0134,87
DRING-015,CLM-003929,14,186,0.0134,87
DRING-015,CLM-004014,14,186,0.0134,87
DRING-015,CLM-004027,14,186,0.0134,87
DRING-015,CLM-004484,14,186,0.0134,87
DRING-015,CLM-004529,14,186,0.0134,87
DRING-015,CLM-004618,14,186,0.0134,87
DRING-015,CLM-004654,14,186,0.0134,87
DRING-015,CLM-004664,14,186,0.0134,87
DRING-015,CLM-004764,14,186,0.0134,87
DRING-015,CLM-004784,14,186,0.0134,87
DRING-015,CLM-004848,14,186,0.0134,87
DRING-015,CLM-004887,14,186,0.0134,87
DRING-015,CLM-004954,14,186,0.0134,87
DRING-015,CLM-004971,14,186,0.0134,87
DRING-015,CLM-005041,14,186,0.0134,87
DRING-015,CLM-005303,14,186,0.0134,87
DRING-015,CLM-005378,14,186,0.0134,87
DRING-015,CLM-005386,14,186,0.0134,87
DRING-015,CLM-005467,14,186,0.0134,87
DRING-015,CLM-005491,14,186,0.0134,87
DRING-015,CLM-005643,14,186,0.0134,87
DRING-015,CLM-005673,14,186,0.0134,87
DRING-015,CLM-005674,14,186,0.0134,87
DRING-015,CLM-005703,14,186,0.0134,87
DRING-015,CLM-005746,14,186,0.0134,87
DRING-015,CLM-005876,14,186,0.0134,87
DRING-015,CLM-005939,14,186,0.0134,87
DRING-015,CLM-006081,14,186,0.0134,87
DRING-015,CLM-006326,14,186,0.0134,87
DRING-015,CLM-006363,14,186,0.0134,87
DRING-015,CLM-006520,14,186,0.0134,87
DRING-015,CLM-006568,14,186,0.0134,87
DRING-015,CLM-006586,14,186,0.0134,87
DRING-015,CLM-006661,14,186,0.0134,87
DRING-015,CLM-006825,14,186,0.0134,87
DRING-015,CLM-006855,14,186,0.0134,87
DRING-015,CLM-006945,14,186,0.0134,87
DRING-016,CLM-000017,81,211,0.0112,93
DRING-016,CLM-000044,81,211,0.0112,93
DRING-016,CLM-000048,81,211,0.0112,93
DRING-016,CLM-000091,81,211,0.0112,93
DRING-016,CLM-000249,81,211,0.0112,93
DRING-016,CLM-000276,81,211,0.0112,93
DRING-016,CLM-000374,81,211,0.0112,93
DRING-016,CLM-000499,81,211,0.0112,93
DRING-016,CLM-000550,81,211,0.0112,93
DRING-016,CLM-000679,81,211,0.0112,93
DRING-016,CLM-000935,81,211,0.0112,93
DRING-016,CLM-001086,81,211,0.0112,93
DRING-016,CLM-001283,81,211,0.0112,93
DRING-016,CLM-001491,81,211,0.0112,93
DRING-016,CLM-001572,81,211,0.0112,93
DRING-016,CLM-001576,81,211,0.0112,93
DRING-016,CLM-001588,81,211,0.0112,93
DRING-016,CLM-001640,81,211,0.0112,93
DRING-016,CLM-001885,81,211,0.0112,93
DRING-016,CLM-001900,81,211,0.0112,93
DRING-016,CLM-001972,81,211,0.0112,93
DRING-016,CLM-002111,81,211,0.0112,93
DRING-016,CLM-002199,81,211,0.0112,93
DRING-016,CLM-002218,81,211,0.0112,93
DRING-016,CLM-002232,81,211,0.0112,93
DRING-016,CLM-002235,81,211,0.0112,93
DRING-016,CLM-002266,81,211,0.0112,93
DRING-016,CLM-002280,81,211,0.0112,93
DRING-016,CLM-002291,81,211,0.0112,93
DRING-016,CLM-002732,81,211,0.0112,93
DRING-016,CLM-002859,81,211,0.0112,93
DRING-016,CLM-002871,81,211,0.0112,93
DRING-016,CLM-002878,81,211,0.0112,93
DRING-016,CLM-002912,81,211,0.0112,93
DRING-016,CLM-002945,81,211,0.0112,93
DRING-016,CLM-003056,81,211,0.0112,93
DRING-016,CLM-003150,81,211,0.0112,93
DRING-016,CLM-003339,81,211,0.0112,93
DRING-016,CLM-003369,81,211,0.0112,93
DRING-016,CLM-003426,81,211,0.0112,93
DRING-016,CLM-003586,81,211,0.0112,93
DRING-016,CLM-003639,81,211,0.0112,93
DRING-016,CLM-003668,81,211,0.0112,93
DRING-016,CLM-003676,81,211,0.0112,93
DRING-016,CLM-003753,81,211,0.0112,93
DRING-016,CLM-003804,81,211,0.0112,93
DRING-016,CLM-003865,81,211,0.0112,93
DRING-016,CLM-003939,81,211,0.0112,93
DRING-016,CLM-003971,81,211,0.0112,93
DRING-016,CLM-004146,81,211,0.0112,93
DRING-016,CLM-004190,81,211,0.0112,93
DRING-016,CLM-004199,81,211,0.0112,93
DRING-016,CLM-004256,81,211,0.0112,93
DRING-016,CLM-004440,81,211,0.0112,93
DRING-016,CLM-004553,81,211,0.0112,93
DRING-016,CLM-004568,81,211,0.0112,93
DRING-016,CLM-004642,81,211,0.0112,93
DRING-016,CLM-004790,81,211,0.0112,93
DRING-016,CLM-004862,81,211,0.0112,93
DRING-016,CLM-004874,81,211,0.0112,93
DRING-016,CLM-004928,81,211,0.0112,93
DRING-016,CLM-005039,81,211,0.0112,93
DRING-016,CLM-005081,81,211,0.0112,93
DRING-016,CLM-005140,81,211,0.0112,93
DRING-016,CLM-005513,81,211,0.0112,93
DRING-016,CLM-005533,81,211,0.0112,93
DRING-016,CLM-005557,81,211,0.0112,93
DRING-016,CLM-005562,81,211,0.0112,93
DRING-016,CLM-005574,81,211,0.0112,93
DRING-016,CLM-005595,81,211,0.0112,93
DRING-016,CLM-005604,81,211,0.0112,93
DRING-016,CLM-005616,81,211,0.0112,93
DRING-016,CLM-005646,81,211,0.0112,93
DRING-016,CLM-005702,81,211,0.0112,93
DRING-016,CLM-005727,81,211,0.0112,93
DRING-016,CLM-005928,81,211,0.0112,93
DRING-016,CLM-006039,81,211,0.0112,93
DRING-016,CLM-006064,81,211,0.0112,93
DRING-016,CLM-006162,81,211,0.0112,93
DRING-016,CLM-006221,81,211,0.0112,93
DRING-016,CLM-006231,81,211,0.0112,93
DRING-016,CLM-006233,81,211,0.0112,93
DRING-016,CLM-006434,81,211,0.0112,93
DRING-016,CLM-006457,81,211,0.0112,93
DRING-016,CLM-006473,81,211,0.0112,93
DRING-016,CLM-006494,81,211,0.0112,93
DRING-016,CLM-006530,81,211,0.0112,93
DRING-016,CLM-006562,81,211,0.0112,93
DRING-016,CLM-006588,81,211,0.0112,93
DRING-016,CLM-006739,81,211,0.0112,93
DRING-016,CLM-006874,81,211,0.0112,93
DRING-016,CLM-006890,81,211,0.0112,93
DRING-016,CLM-006897,81,211,0.0112,93
DRING-017,CLM-000018,16,208,0.0119,99
DRING-017,CLM-000217,16,208,0.0119,99
DRING-017,CLM-000417,16,208,0.0119,99
DRING-017,CLM-000444,16,208,0.0119,99
DRING-017,CLM-000637,16,208,0.0119,99
DRING-017,CLM-000754,16,208,0.0119,99
DRING-017,CLM-000857,16,208,0.0119,99
DRING-017,CLM-000931,16,208,0.0119,99
DRING-017,CLM-001063,16,208,0.0119,99
DRING-017,CLM-001148,16,208,0.0119,99
DRING-017,CLM-001157,16,208,0.0119,99
DRING-017,CLM-001228,16,208,0.0119,99
DRING-017,CLM-001316,16,208,0.0119,99
DRING-017,CLM-001397,16,208,0.0119,99
DRING-017,CLM-001417,16,208,0.0119,99
DRING-017,CLM-001684,16,208,0.0119,99
DRING-017,CLM-001711,16,208,0.0119,99
DRING-017,CLM-001726,16,208,0.0119,99
DRING-017,CLM-001763,16,208,0.0119,99
DRING-017,CLM-001807,16,208,0.0119,99
DRING-017,CLM-001934,16,208,0.0119,99
DRING-017,CLM-002082,16,208,0.0119,99
DRING-017,CLM-002089,16,208,0.0119,99
DRING-017,CLM-002163,16,208,0.0119,99
DRING-017,CLM-002223,16,208,0.0119,99
DRING-017,CLM-002239,16,208,0.0119,99
DRING-017,CLM-002481,16,208,0.0119,99
DRING-017,CLM-002562,16,208,0.0119,99
DRING-017,CLM-002613,16,208,0.0119,99
DRING-017,CLM-002697,16,208,0.0119,99
DRING-017,CLM-002722,16,208,0.0119,99
DRING-017,CLM-002729,16,208,0.0119,99
DRING-017,CLM-002772,16,208,0.0119,99
DRING-017,CLM-002776,16,208,0.0119,99
DRING-017,CLM-002814,16,208,0.0119,99
DRING-017,CLM-002853,16,208,0.0119,99
DRING-017,CLM-002983,16,208,0.0119,99
DRING-017,CLM-003028,16,208,0.0119,99
DRING-017,CLM-003073,16,208,0.0119,99
DRING-017,CLM-003094,16,208,0.0119,99
DRING-017,CLM-003140,16,208,0.0119,99
DRING-017,CLM-003198,16,208,0.0119,99
DRING-017,CLM-003221,16,208,0.0119,99
DRING-017,CLM-003298,16,208,0.0119,99
DRING-017,CLM-003381,16,208,0.0119,99
DRING-017,CLM-003604,16,208,0.0119,99
DRING-017,CLM-003644,16,208,0.0119,99
DRING-017,CLM-003681,16,208,0.0119,99
DRING-017,CLM-003712,16,208,0.0119,99
DRING-017,CLM-003728,16,208,0.0119,99
DRING-017,CLM-003890,16,208,0.0119,99
DRING-017,CLM-003916,16,208,0.0119,99
DRING-017,CLM-003965,16,208,0.0119,99
DRING-017,CLM-004080,16,208,0.0119,99
DRING-017,CLM-004105,16,208,0.0119,99
DRING-017,CLM-004185,16,208,0.0119,99
DRING-017,CLM-004231,16,208,0.0119,99
DRING-017,CLM-004299,16,208,0.0119,99
DRING-017,CLM-004322,16,208,0.0119,99
DRING-017,CLM-004338,16,208,0.0119,99
DRING-017,CLM-004380,16,208,0.0119,99
DRING-017,CLM-004457,16,208,0.0119,99
DRING-017,CLM-004465,16,208,0.0119,99
DRING-017,CLM-004502,16,208,0.0119,99
DRING-017,CLM-004589,16,208,0.0119,99
DRING-017,CLM-004601,16,208,0.0119,99
DRING-017,CLM-004637,16,208,0.0119,99
DRING-017,CLM-004655,16,208,0.0119,99
DRING-017,CLM-004667,16,208,0.0119,99
DRING-017,CLM-004853,16,208,0.0119,99
DRING-017,CLM-004857,16,208,0.0119,99
DRING-017,CLM-004867,16,208,0.0119,99
DRING-017,CLM-004877,16,208,0.0119,99
DRING-017,CLM-004937,16,208,0.0119,99
DRING-017,CLM-005084,16,208,0.0119,99
DRING-017,CLM-005305,16,208,0.0119,99
DRING-017,CLM-005480,16,208,0.0119,99
DRING-017,CLM-005536,16,208,0.0119,99
DRING-017,CLM-005553,16,208,0.0119,99
DRING-017,CLM-005612,16,208,0.0119,99
DRING-017,CLM-005624,16,208,0.0119,99
DRING-017,CLM-005666,16,208,0.0119,99
DRING-017,CLM-005731,16,208,0.0119,99
DRING-017,CLM-005759,16,208,0.0119,99
DRING-017,CLM-005814,16,208,0.0119,99
DRING-017,CLM-005858,16,208,0.0119,99
DRING-017,CLM-005863,16,208,0.0119,99
DRING-017,CLM-005904,16,208,0.0119,99
DRING-017,CLM-005963,16,208,0.0119,99
DRING-017,CLM-006060,16,208,0.0119,99
DRING-017,CLM-006156,16,208,0.0119,99
DRING-017,CLM-006322,16,208,0.0119,99
DRING-017,CLM-006470,16,208,0.0119,99
DRING-017,CLM-006481,16,208,0.0119,99
DRING-017,CLM-006524,16,208,0.0119,99
DRING-017,CLM-006581,16,208,0.0119,99
DRING-017,CLM-006862,16,208,0.0119,99
DRING-017,CLM-006922,16,208,0.0119,99
DRING-017,CLM-006927,16,208,0.0119,99
DRING-018,CLM-000019,17,185,0.0132,86
DRING-018,CLM-000055,17,185,0.0132,86
DRING-018,CLM-000057,17,185,0.0132,86
DRING-018,CLM-000095,17,185,0.0132,86
DRING-018,CLM-000106,17,185,0.0132,86
DRING-018,CLM-000349,17,185,0.0132,86
DRING-018,CLM-000420,17,185,0.0132,86
DRING-018,CLM-000435,17,185,0.0132,86
DRING-018,CLM-000517,17,185,0.0132,86
DRING-018,CLM-000646,17,185,0.0132,86
DRING-018,CLM-000797,17,185,0.0132,86
DRING-018,CLM-000873,17,185,0.0132,86
DRING-018,CLM-000924,17,185,0.0132,86
DRING-018,CLM-000983,17,185,0.0132,86
DRING-018,CLM-001036,17,185,0.0132,86
DRING-018,CLM-001112,17,185,0.0132,86
DRING-018,CLM-001138,17,185,0.0132,86
DRING-018,CLM-001182,17,185,0.0132,86
DRING-018,CLM-001272,17,185,0.0132,86
DRING-018,CLM-001357,17,185,0.0132,86
DRING-018,CLM-001422,17,185,0.0132,86
DRING-018,CLM-001443,17,185,0.0132,86
DRING-018,CLM-001536,17,185,0.0132,86
DRING-018,CLM-001608,17,185,0.0132,86
DRING-018,CLM-001716,17,185,0.0132,86
DRING-018,CLM-001732,17,185,0.0132,86
DRING-018,CLM-001777,17,185,0.0132,86
DRING-018,CLM-002221,17,185,0.0132,86
DRING-018,CLM-002325,17,185,0.0132,86
DRING-018,CLM-002386,17,185,0.0132,86
DRING-018,CLM-002433,17,185,0.0132,86
DRING-018,CLM-002685,17,185,0.0132,86
DRING-018,CLM-002743,17,185,0.0132,86
DRING-018,CLM-002794,17,185,0.0132,86
DRING-018,CLM-003072,17,185,0.0132,86
DRING-018,CLM-003089,17,185,0.0132,86
DRING-018,CLM-003276,17,185,0.0132,86
DRING-018,CLM-003422,17,185,0.0132,86
DRING-018,CLM-003458,17,185,0.0132,86
DRING-018,CLM-003594,17,185,0.0132,86
DRING-018,CLM-003600,17,185,0.0132,86
DRING-018,CLM-003608,17,185,0.0132,86
DRING-018,CLM-003659,17,185,0.0132,86
DRING-018,CLM-003709,17,185,0.0132,86
DRING-018,CLM-003812,17,185,0.0132,86
DRING-018,CLM-003824,17,185,0.0132,86
DRING-018,CLM-003980,17,185,0.0132,86
DRING-018,CLM-004028,17,185,0.0132,86
DRING-018,CLM-004050,17,185,0.0132,86
DRING-018,CLM-004091,17,185,0.0132,86
DRING-018,CLM-004216,17,185,0.0132,86
DRING-018,CLM-004243,17,185,0.0132,86
DRING-018,CLM-004352,17,185,0.0132,86
DRING-018,CLM-004430,17,185,0.0132,86
DRING-018,CLM-004436,17,185,0.0132,86
DRING-018,CLM-004557,17,185,0.0132,86
DRING-018,CLM-004580,17,185,0.0132,86
DRING-018,CLM-004742,17,185,0.0132,86
DRING-018,CLM-004798,17,185,0.0132,86
DRING-018,CLM-004956,17,185,0.0132,86
DRING-018,CLM-005050,17,185,0.0132,86
DRING-018,CLM-005067,17,185,0.0132,86
DRING-018,CLM-005149,17,185,0.0132,86
DRING-018,CLM-005195,17,185,0.0132,86
DRING-018,CLM-005230,17,185,0.0132,86
DRING-018,CLM-005246,17,185,0.0132,86
DRING-018,CLM-005277,17,185,0.0132,86
DRING-018,CLM-005308,17,185,0.0132,86
DRING-018,CLM-005388,17,185,0.0132,86
DRING-018,CLM-005428,17,185,0.0132,86
DRING-018,CLM-005495,17,185,0.0132,86
DRING-018,CLM-005527,17,185,0.0132,86
DRING-018,CLM-005944,17,185,0.0132,86
DRING-018,CLM-006076,17,185,0.0132,86
DRING-018,CLM-006155,17,185,0.0132,86
DRING-018,CLM-006213,17,185,0.0132,86
DRING-018,CLM-006387,17,185,0.0132,86
DRING-018,CLM-006391,17,185,0.0132,86
DRING-018,CLM-006446,17,185,0.0132,86
DRING-018,CLM-006454,17,185,0.0132,86
DRING-018,CLM-006464,17,185,0.0132,86
DRING-018,CLM-006493,17,185,0.0132,86
DRING-018,CLM-006609,17,185,0.0132,86
DRING-018,CLM-006639,17,185,0.0132,86
DRING-018,CLM-006735,17,185,0.0132,86
DRING-018,CLM-007029,17,185,0.0132,86
DRING-019,CLM-000020,96,149,0.0168,76
DRING-019,CLM-000049,96,149,0.0168,76
DRING-019,CLM-000093,96,149,0.0168,76
DRING-019,CLM-000203,96,149,0.0168,76
DRING-019,CLM-000368,96,149,0.0168,76
DRING-019,CLM-000565,96,149,0.0168,76
DRING-019,CLM-000586,96,149,0.0168,76
DRING-019,CLM-000700,96,149,0.0168,76
DRING-019,CLM-000928,96,149,0.0168,76
DRING-019,CLM-001064,96,149,0.0168,76
DRING-019,CLM-001203,96,149,0.0168,76
DRING-019,CLM-001226,96,149,0.0168,76
DRING-019,CLM-001403,96,149,0.0168,76
DRING-019,CLM-001413,96,149,0.0168,76
DRING-019,CLM-001429,96,149,0.0168,76
DRING-019,CLM-001468,96,149,0.0168,76
DRING-019,CLM-001583,96,149,0.0168,76
DRING-019,CLM-001724,96,149,0.0168,76
DRING-019,CLM-001835,96,149,0.0168,76
DRING-019,CLM-001902,96,149,0.0168,76
DRING-019,CLM-001905,96,149,0.0168,76
DRING-019,CLM-001974,96,149,0.0168,76
DRING-019,CLM-001995,96,149,0.0168,76
DRING-019,CLM-002020,96,149,0.0168,76
DRING-019,CLM-002093,96,149,0.0168,76
DRING-019,CLM-002155,96,149,0.0168,76
DRING-019,CLM-002172,96,149,0.0168,76
DRING-019,CLM-002174,96,149,0.0168,76
DRING-019,CLM-002205,96,149,0.0168,76
DRING-019,CLM-002277,96,149,0.0168,76
DRING-019,CLM-002355,96,149,0.0168,76
DRING-019,CLM-002726,96,149,0.0168,76
DRING-019,CLM-002864,96,149,0.0168,76
DRING-019,CLM-002977,96,149,0.0168,76
DRING-019,CLM-003115,96,149,0.0168,76
DRING-019,CLM-003124,96,149,0.0168,76
DRING-019,CLM-003252,96,149,0.0168,76
DRING-019,CLM-003262,96,149,0.0168,76
DRING-019,CLM-003280,96,149,0.0168,76
DRING-019,CLM-003398,96,149,0.0168,76
DRING-019,CLM-003549,96,149,0.0168,76
DRING-019,CLM-003699,96,149,0.0168,76
DRING-019,CLM-003807,96,149,0.0168,76
DRING-019,CLM-003948,96,149,0.0168,76
DRING-019,CLM-003957,96,149,0.0168,76
DRING-019,CLM-004036,96,149,0.0168,76
DRING-019,CLM-004049,96,149,0.0168,76
DRING-019,CLM-004132,96,149,0.0168,76
DRING-019,CLM-004181,96,149,0.0168,76
DRING-019,CLM-004208,96,149,0.0168,76
DRING-019,CLM-004276,96,149,0.0168,76
DRING-019,CLM-004350,96,149,0.0168,76
DRING-019,CLM-004728,96,149,0.0168,76
DRING-019,CLM-004778,96,149,0.0168,76
DRING-019,CLM-005004,96,149,0.0168,76
DRING-019,CLM-005144,96,149,0.0168,76
DRING-019,CLM-005213,96,149,0.0168,76
DRING-019,CLM-005226,96,149,0.0168,76
DRING-019,CLM-005445,96,149,0.0168,76
DRING-019,CLM-005497,96,149,0.0168,76
DRING-019,CLM-005692,96,149,0.0168,76
DRING-019,CLM-005716,96,149,0.0168,76
DRING-019,CLM-005745,96,149,0.0168,76
DRING-019,CLM-005832,96,149,0.0168,76
DRING-019,CLM-005935,96,149,0.0168,76
DRING-019,CLM-006144,96,149,0.0168,76
DRING-019,CLM-006171,96,149,0.0168,76
DRING-019,CLM-006397,96,149,0.0168,76
DRING-019,CLM-006522,96,149,0.0168,76
DRING-019,CLM-006660,96,149,0.0168,76
DRING-019,CLM-006794,96,149,0.0168,76
DRING-019,CLM-006800,96,149,0.0168,76
DRING-019,CLM-006875,96,149,0.0168,76
DRING-019,CLM-006928,96,149,0.0168,76
DRING-019,CLM-006978,96,149,0.0168,76
DRING-019,CLM-007011,96,149,0.0168,76
DRING-020,CLM-000023,20,224,0.0107,101
DRING-020,CLM-000082,20,224,0.0107,101
DRING-020,CLM-000094,20,224,0.0107,101
DRING-020,CLM-000247,20,224,0.0107,101
DRING-020,CLM-000300,20,224,0.0107,101
DRING-020,CLM-000476,20,224,0.0107,101
DRING-020,CLM-000629,20,224,0.0107,101
DRING-020,CLM-000699,20,224,0.0107,101
DRING-020,CLM-000710,20,224,0.0107,101
DRING-020,CLM-000822,20,224,0.0107,101
DRING-020,CLM-000952,20,224,0.0107,101
DRING-020,CLM-001014,20,224,0.0107,101
DRING-020,CLM-001051,20,224,0.0107,101
DRING-020,CLM-001071,20,224,0.0107,101
DRING-020,CLM-001120,20,224,0.0107,101
DRING-020,CLM-001145,20,224,0.0107,101
DRING-020,CLM-001196,20,224,0.0107,101
DRING-020,CLM-001350,20,224,0.0107,101
DRING-020,CLM-001352,20,224,0.0107,101
DRING-020,CLM-001423,20,224,0.0107,101
DRING-020,CLM-001531,20,224,0.0107,101
DRING-020,CLM-001542,20,224,0.0107,101
DRING-020,CLM-001557,20,224,0.0107,101
DRING-020,CLM-001565,20,224,0.0107,101
DRING-020,CLM-001624,20,224,0.0107,101
DRING-020,CLM-001804,20,224,0.0107,101
DRING-020,CLM-001925,20,224,0.0107,101
DRING-020,CLM-001944,20,224,0.0107,101
DRING-020,CLM-001978,20,224,0.0107,101
DRING-020,CLM-002025,20,224,0.0107,101
DRING-020,CLM-002064,20,224,0.0107,101
DRING-020,CLM-002188,20,224,0.0107,101
DRING-020,CLM-002359,20,224,0.0107,101
DRING-020,CLM-002438,20,224,0.0107,101
DRING-020,CLM-002590,20,224,0.0107,101
DRING-020,CLM-002804,20,224,0.0107,101
DRING-020,CLM-002990,20,224,0.0107,101
DRING-020,CLM-003010,20,224,0.0107,101
DRING-020,CLM-003027,20,224,0.0107,101
DRING-020,CLM-003043,20,224,0.0107,101
DRING-020,CLM-003148,20,224,0.0107,101
DRING-020,CLM-003295,20,224,0.0107,101
DRING-020,CLM-003320,20,224,0.0107,101
DRING-020,CLM-003341,20,224,0.0107,101
DRING-020,CLM-003351,20,224,0.0107,101
DRING-020,CLM-003414,20,224,0.0107,101
DRING-020,CLM-003560,20,224,0.0107,101
DRING-020,CLM-003563,20,224,0.0107,101
DRING-020,CLM-003588,20,224,0.0107,101
DRING-020,CLM-003801,20,224,0.0107,101
DRING-020,CLM-003889,20,224,0.0107,101
DRING-020,CLM-003998,20,224,0.0107,101
DRING-020,CLM-004053,20,224,0.0107,101
DRING-020,CLM-004111,20,224,0.0107,101
DRING-020,CLM-004119,20,224,0.0107,101
DRING-020,CLM-004218,20,224,0.0107,101
DRING-020,CLM-004219,20,224,0.0107,101
DRING-020,CLM-004325,20,224,0.0107,101
DRING-020,CLM-004354,20,224,0.0107,101
DRING-020,CLM-004374,20,224,0.0107,101
DRING-020,CLM-004406,20,224,0.0107,101
DRING-020,CLM-004504,20,224,0.0107,101
DRING-020,CLM-004512,20,224,0.0107,101
DRING-020,CLM-004518,20,224,0.0107,101
DRING-020,CLM-004648,20,224,0.0107,101
DRING-020,CLM-004746,20,224,0.0107,101
DRING-020,CLM-004811,20,224,0.0107,101
DRING-020,CLM-004969,20,224,0.0107,101
DRING-020,CLM-005217,20,224,0.0107,101
DRING-020,CLM-005287,20,224,0.0107,101
DRING-020,CLM-005315,20,224,0.0107,101
DRING-020,CLM-005455,20,224,0.0107,101
DRING-020,CLM-005561,20,224,0.0107,101
DRING-020,CLM-005567,20,224,0.0107,101
DRING-020,CLM-005580,20,224,0.0107,101
DRING-020,CLM-005597,20,224,0.0107,101
DRING-020,CLM-005627,20,224,0.0107,101
DRING-020,CLM-005709,20,224,0.0107,101
DRING-020,CLM-005760,20,224,0.0107,101
DRING-020,CLM-005801,20,224,0.0107,101
DRING-020,CLM-005811,20,224,0.0107,101
DRING-020,CLM-005857,20,224,0.0107,101
DRING-020,CLM-005962,20,224,0.0107,101
DRING-020,CLM-006001,20,224,0.0107,101
DRING-020,CLM-006010,20,224,0.0107,101
DRING-020,CLM-006071,20,224,0.0107,101
DRING-020,CLM-006120,20,224,0.0107,101
DRING-020,CLM-006142,20,224,0.0107,101
DRING-020,CLM-006222,20,224,0.0107,101
DRING-020,CLM-006310,20,224,0.0107,101
DRING-020,CLM-006352,20,224,0.0107,101
DRING-020,CLM-006386,20,224,0.0107,101
DRING-020,CLM-006453,20,224,0.0107,101
DRING-020,CLM-006463,20,224,0.0107,101
DRING-020,CLM-006480,20,224,0.0107,101
DRING-020,CLM-006605,20,224,0.0107,101
DRING-020,CLM-006607,20,224,0.0107,101
DRING-020,CLM-006626,20,224,0.0107,101
DRING-020,CLM-006817,20,224,0.0107,101
DRING-020,CLM-006919,20,224,0.0107,101
DRING-020,CLM-006924,20,224,0.0107,101
DRING-021,CLM-000024,103,178,0.0135,83
DRING-021,CLM-000165,103,178,0.0135,83
DRING-021,CLM-000240,103,178,0.0135,83
DRING-021,CLM-000295,103,178,0.0135,83
DRING-021,CLM-000313,103,178,0.0135,83
DRING-021,CLM-000331,103,178,0.0135,83
DRING-021,CLM-000437,103,178,0.0135,83
DRING-021,CLM-000441,103,178,0.0135,83
DRING-021,CLM-000484,103,178,0.0135,83
DRING-021,CLM-000537,103,178,0.0135,83
DRING-021,CLM-000653,103,178,0.0135,83
DRING-021,CLM-000717,103,178,0.0135,83
DRING-021,CLM-000787,103,178,0.0135,83
DRING-021,CLM-000865,103,178,0.0135,83
DRING-021,CLM-000941,103,178,0.0135,83
DRING-021,CLM-000945,103,178,0.0135,83
DRING-021,CLM-001003,103,178,0.0135,83
DRING-021,CLM-001166,103,178,0.0135,83
DRING-021,CLM-001287,103,178,0.0135,83
DRING-021,CLM-001320,103,178,0.0135,83
DRING-021,CLM-001327,103,178,0.0135,83
DRING-021,CLM-001563,103,178,0.0135,83
DRING-021,CLM-001580,103,178,0.0135,83
DRING-021,CLM-001642,103,178,0.0135,83
DRING-021,CLM-001781,103,178,0.0135,83
DRING-021,CLM-001833,103,178,0.0135,83
DRING-021,CLM-001989,103,178,0.0135,83
DRING-021,CLM-002067,103,178,0.0135,83
DRING-021,CLM-002070,103,178,0.0135,83
DRING-021,CLM-002091,103,178,0.0135,83
DRING-021,CLM-002112,103,178,0.0135,83
DRING-021,CLM-002115,103,178,0.0135,83
DRING-021,CLM-002179,103,178,0.0135,83
DRING-021,CLM-002228,103,178,0.0135,83
DRING-021,CLM-002284,103,178,0.0135,83
DRING-021,CLM-002292,103,178,0.0135,83
DRING-021,CLM-002539,103,178,0.0135,83
DRING-021,CLM-002689,103,178,0.0135,83
DRING-021,CLM-002698,103,178,0.0135,83
DRING-021,CLM-002892,103,178,0.0135,83
DRING-021,CLM-002985,103,178,0.0135,83
DRING-021,CLM-003003,103,178,0.0135,83
DRING-021,CLM-003130,103,178,0.0135,83
DRING-021,CLM-003139,103,178,0.0135,83
DRING-021,CLM-003173,103,178,0.0135,83
DRING-021,CLM-003201,103,178,0.0135,83
DRING-021,CLM-003595,103,178,0.0135,83
DRING-021,CLM-003651,103,178,0.0135,83
DRING-021,CLM-003735,103,178,0.0135,83
DRING-021,CLM-003820,103,178,0.0135,83
DRING-021,CLM-003951,103,178,0.0135,83
DRING-021,CLM-004040,103,178,0.0135,83
DRING-021,CLM-004112,103,178,0.0135,83
DRING-021,CLM-004187,103,178,0.0135,83
DRING-021,CLM-004227,103,178,0.0135,83
DRING-021,CLM-004280,103,178,0.0135,83
DRING-021,CLM-004323,103,178,0.0135,83
DRING-021,CLM-004362,103,178,0.0135,83
DRING-021,CLM-004612,103,178,0.0135,83
DRING-021,CLM-004806,103,178,0.0135,83
DRING-021,CLM-004810,103,178,0.0135,83
DRING-021,CLM-004896,103,178,0.0135,83
DRING-021,CLM-005011,103,178,0.0135,83
DRING-021,CLM-005077,103,178,0.0135,83
DRING-021,CLM-005224,103,178,0.0135,83
DRING-021,CLM-005254,103,178,0.0135,83
DRING-021,CLM-005360,103,178,0.0135,83
DRING-021,CLM-005453,103,178,0.0135,83
DRING-021,CLM-005563,103,178,0.0135,83
DRING-021,CLM-005689,103,178,0.0135,83
DRING-021,CLM-005737,103,178,0.0135,83
DRING-021,CLM-005758,103,178,0.0135,83
DRING-021,CLM-005804,103,178,0.0135,83
DRING-021,CLM-005865,103,178,0.0135,83
DRING-021,CLM-005888,103,178,0.0135,83
DRING-021,CLM-006033,103,178,0.0135,83
DRING-021,CLM-006234,103,178,0.0135,83
DRING-021,CLM-006290,103,178,0.0135,83
DRING-021,CLM-006384,103,178,0.0135,83
DRING-021,CLM-006492,103,178,0.0135,83
DRING-021,CLM-006762,103,178,0.0135,83
DRING-021,CLM-006860,103,178,0.0135,83
DRING-021,CLM-006962,103,178,0.0135,83
DRING-022,CLM-000025,22,165,0.0147,78
DRING-022,CLM-000148,22,165,0.0147,78
DRING-022,CLM-000150,22,165,0.0147,78
DRING-022,CLM-000312,22,165,0.0147,78
DRING-022,CLM-000414,22,165,0.0147,78
DRING-022,CLM-000538,22,165,0.0147,78
DRING-022,CLM-000827,22,165,0.0147,78
DRING-022,CLM-000835,22,165,0.0147,78
DRING-022,CLM-000836,22,165,0.0147,78
DRING-022,CLM-001016,22,165,0.0147,78
DRING-022,CLM-001093,22,165,0.0147,78
DRING-022,CLM-001109,22,165,0.0147,78
DRING-022,CLM-001212,22,165,0.0147,78
DRING-022,CLM-001317,22,165,0.0147,78
DRING-022,CLM-001481,22,165,0.0147,78
DRING-022,CLM-001501,22,165,0.0147,78
DRING-022,CLM-001539,22,165,0.0147,78
DRING-022,CLM-001788,22,165,0.0147,78
DRING-022,CLM-001901,22,165,0.0147,78
DRING-022,CLM-002075,22,165,0.0147,78
DRING-022,CLM-002350,22,165,0.0147,78
DRING-022,CLM-002503,22,165,0.0147,78
DRING-022,CLM-002759,22,165,0.0147,78
DRING-022,CLM-002800,22,165,0.0147,78
DRING-022,CLM-002932,22,165,0.0147,78
DRING-022,CLM-002935,22,165,0.0147,78
DRING-022,CLM-003100,22,165,0.0147,78
DRING-022,CLM-003250,22,165,0.0147,78
DRING-022,CLM-003418,22,165,0.0147,78
DRING-022,CLM-003537,22,165,0.0147,78
DRING-022,CLM-003555,22,165,0.0147,78
DRING-022,CLM-003602,22,165,0.0147,78
DRING-022,CLM-003664,22,165,0.0147,78
DRING-022,CLM-003710,22,165,0.0147,78
DRING-022,CLM-003917,22,165,0.0147,78
DRING-022,CLM-003936,22,165,0.0147,78
DRING-022,CLM-003961,22,165,0.0147,78
DRING-022,CLM-004567,22,165,0.0147,78
DRING-022,CLM-004827,22,165,0.0147,78
DRING-022,CLM-004883,22,165,0.0147,78
DRING-022,CLM-004926,22,165,0.0147,78
DRING-022,CLM-004960,22,165,0.0147,78
DRING-022,CLM-004976,22,165,0.0147,78
DRING-022,CLM-005051,22,165,0.0147,78
DRING-022,CLM-005143,22,165,0.0147,78
DRING-022,CLM-005150,22,165,0.0147,78
DRING-022,CLM-005160,22,165,0.0147,78
DRING-022,CLM-005241,22,165,0.0147,78
DRING-022,CLM-005262,22,165,0.0147,78
DRING-022,CLM-005393,22,165,0.0147,78
DRING-022,CLM-005458,22,165,0.0147,78
DRING-022,CLM-005469,22,165,0.0147,78
DRING-022,CLM-005617,22,165,0.0147,78
DRING-022,CLM-005623,22,165,0.0147,78
DRING-022,CLM-005656,22,165,0.0147,78
DRING-022,CLM-005670,22,165,0.0147,78
DRING-022,CLM-005763,22,165,0.0147,78
DRING-022,CLM-005852,22,165,0.0147,78
DRING-022,CLM-005883,22,165,0.0147,78
DRING-022,CLM-005948,22,165,0.0147,78
DRING-022,CLM-006061,22,165,0.0147,78
DRING-022,CLM-006186,22,165,0.0147,78
DRING-022,CLM-006202,22,165,0.0147,78
DRING-022,CLM-006208,22,165,0.0147,78
DRING-022,CLM-006238,22,165,0.0147,78
DRING-022,CLM-006243,22,165,0.0147,78
DRING-022,CLM-006307,22,165,0.0147,78
DRING-022,CLM-006327,22,165,0.0147,78
DRING-022,CLM-006376,22,165,0.0147,78
DRING-022,CLM-006566,22,165,0.0147,78
DRING-022,CLM-006582,22,165,0.0147,78
DRING-022,CLM-006621,22,165,0.0147,78
DRING-022,CLM-006796,22,165,0.0147,78
DRING-022,CLM-006797,22,165,0.0147,78
DRING-022,CLM-006813,22,165,0.0147,78
DRING-022,CLM-006865,22,165,0.0147,78
DRING-022,CLM-006894,22,165,0.0147,78
DRING-022,CLM-007045,22,165,0.0147,78
DRING-023,CLM-000026,23,168,0.0145,72
DRING-023,CLM-000065,23,168,0.0145,72
DRING-023,CLM-000269,23,168,0.0145,72
DRING-023,CLM-000274,23,168,0.0145,72
DRING-023,CLM-000289,23,168,0.0145,72
DRING-023,CLM-000504,23,168,0.0145,72
DRING-023,CLM-000620,23,168,0.0145,72
DRING-023,CLM-000633,23,168,0.0145,72
DRING-023,CLM-000655,23,168,0.0145,72
DRING-023,CLM-000709,23,168,0.0145,72
DRING-023,CLM-000823,23,168,0.0145,72
DRING-023,CLM-000883,23,168,0.0145,72
DRING-023,CLM-001111,23,168,0.0145,72
DRING-023,CLM-001130,23,168,0.0145,72
DRING-023,CLM-001224,23,168,0.0145,72
DRING-023,CLM-001404,23,168,0.0145,72
DRING-023,CLM-001605,23,168,0.0145,72
DRING-023,CLM-001650,23,168,0.0145,72
DRING-023,CLM-001730,23,168,0.0145,72
DRING-023,CLM-001823,23,168,0.0145,72
DRING-023,CLM-001935,23,168,0.0145,72
DRING-023,CLM-001986,23,168,0.0145,72
DRING-023,CLM-002175,23,168,0.0145,72
DRING-023,CLM-002384,23,168,0.0145,72
DRING-023,CLM-002398,23,168,0.0145,72
DRING-023,CLM-002413,23,168,0.0145,72
DRING-023,CLM-002639,23,168,0.0145,72
DRING-023,CLM-002662,23,168,0.0145,72
DRING-023,CLM-002750,23,168,0.0145,72
DRING-023,CLM-002916,23,168,0.0145,72
DRING-023,CLM-002978,23,168,0.0145,72
DRING-023,CLM-003001,23,168,0.0145,72
DRING-023,CLM-003096,23,168,0.0145,72
DRING-023,CLM-003120,23,168,0.0145,72
DRING-023,CLM-003163,23,168,0.0145,72
DRING-023,CLM-003194,23,168,0.0145,72
DRING-023,CLM-003284,23,168,0.0145,72
DRING-023,CLM-003285,23,168,0.0145,72
DRING-023,CLM-003387,23,168,0.0145,72
DRING-023,CLM-003752,23,168,0.0145,72
DRING-023,CLM-003897,23,168,0.0145,72
DRING-023,CLM-003940,23,168,0.0145,72
DRING-023,CLM-003985,23,168,0.0145,72
DRING-023,CLM-004073,23,168,0.0145,72
DRING-023,CLM-004160,23,168,0.0145,72
DRING-023,CLM-004477,23,168,0.0145,72
DRING-023,CLM-004714,23,168,0.0145,72
DRING-023,CLM-005035,23,168,0.0145,72
DRING-023,CLM-005082,23,168,0.0145,72
DRING-023,CLM-005100,23,168,0.0145,72
DRING-023,CLM-005107,23,168,0.0145,72
DRING-023,CLM-005271,23,168,0.0145,72
DRING-023,CLM-005395,23,168,0.0145,72
DRING-023,CLM-005478,23,168,0.0145,72
DRING-023,CLM-005680,23,168,0.0145,72
DRING-023,CLM-005728,23,168,0.0145,72
DRING-023,CLM-006027,23,168,0.0145,72
DRING-023,CLM-006055,23,168,0.0145,72
DRING-023,CLM-006169,23,168,0.0145,72
DRING-023,CLM-006194,23,168,0.0145,72
DRING-023,CLM-006388,23,168,0.0145,72
DRING-023,CLM-006591,23,168,0.0145,72
DRING-023,CLM-006631,23,168,0.0145,72
DRING-023,CLM-006726,23,168,0.0145,72
DRING-023,CLM-006753,23,168,0.0145,72
DRING-023,CLM-006775,23,168,0.0145,72
DRING-023,CLM-006838,23,168,0.0145,72
DRING-023,CLM-007086,23,168,0.0145,72
DRING-023,CLM-007087,23,168,0.0145,72
DRING-023,CLM-007088,23,168,0.0145,72
DRING-023,CLM-007089,23,168,0.0145,72
DRING-023,CLM-007090,23,168,0.0145,72
DRING-024,CLM-000027,24,168,0.0155,88
DRING-024,CLM-000083,24,168,0.0155,88
DRING-024,CLM-000145,24,168,0.0155,88
DRING-024,CLM-000277,24,168,0.0155,88
DRING-024,CLM-000292,24,168,0.0155,88
DRING-024,CLM-000405,24,168,0.0155,88
DRING-024,CLM-000442,24,168,0.0155,88
DRING-024,CLM-000466,24,168,0.0155,88
DRING-024,CLM-000475,24,168,0.0155,88
DRING-024,CLM-000527,24,168,0.0155,88
DRING-024,CLM-000614,24,168,0.0155,88
DRING-024,CLM-000617,24,168,0.0155,88
DRING-024,CLM-000698,24,168,0.0155,88
DRING-024,CLM-000752,24,168,0.0155,88
DRING-024,CLM-000813,24,168,0.0155,88
DRING-024,CLM-000837,24,168,0.0155,88
DRING-024,CLM-000974,24,168,0.0155,88
DRING-024,CLM-001005,24,168,0.0155,88
DRING-024,CLM-001128,24,168,0.0155,88
DRING-024,CLM-001132,24,168,0.0155,88
DRING-024,CLM-001374,24,168,0.0155,88
DRING-024,CLM-001439,24,168,0.0155,88
DRING-024,CLM-001541,24,168,0.0155,88
DRING-024,CLM-001632,24,168,0.0155,88
DRING-024,CLM-001659,24,168,0.0155,88
DRING-024,CLM-001876,24,168,0.0155,88
DRING-024,CLM-001897,24,168,0.0155,88
DRING-024,CLM-002012,24,168,0.0155,88
DRING-024,CLM-002098,24,168,0.0155,88
DRING-024,CLM-002138,24,168,0.0155,88
DRING-024,CLM-002147,24,168,0.0155,88
DRING-024,CLM-002166,24,168,0.0155,88
DRING-024,CLM-002215,24,168,0.0155,88
DRING-024,CLM-002231,24,168,0.0155,88
DRING-024,CLM-002383,24,168,0.0155,88
DRING-024,CLM-002419,24,168,0.0155,88
DRING-024,CLM-002510,24,168,0.0155,88
DRING-024,CLM-002612,24,168,0.0155,88
DRING-024,CLM-002631,24,168,0.0155,88
DRING-024,CLM-002636,24,168,0.0155,88
DRING-024,CLM-002673,24,168,0.0155,88
DRING-024,CLM-002820,24,168,0.0155,88
DRING-024,CLM-002833,24,168,0.0155,88
DRING-024,CLM-003055,24,168,0.0155,88
DRING-024,CLM-003093,24,168,0.0155,88
DRING-024,CLM-003137,24,168,0.0155,88
DRING-024,CLM-003185,24,168,0.0155,88
DRING-024,CLM-003413,24,168,0.0155,88
DRING-024,CLM-003578,24,168,0.0155,88
DRING-024,CLM-003635,24,168,0.0155,88
DRING-024,CLM-003808,24,168,0.0155,88
DRING-024,CLM-003810,24,168,0.0155,88
DRING-024,CLM-003816,24,168,0.0155,88
DRING-024,CLM-003913,24,168,0.0155,88
DRING-024,CLM-003946,24,168,0.0155,88
DRING-024,CLM-003964,24,168,0.0155,88
DRING-024,CLM-004077,24,168,0.0155,88
DRING-024,CLM-004088,24,168,0.0155,88
DRING-024,CLM-004115,24,168,0.0155,88
DRING-024,CLM-004140,24,168,0.0155,88
DRING-024,CLM-004223,24,168,0.0155,88
DRING-024,CLM-004282,24,168,0.0155,88
DRING-024,CLM-004384,24,168,0.0155,88
DRING-024,CLM-004413,24,168,0.0155,88
DRING-024,CLM-004437,24,168,0.0155,88
DRING-024,CLM-004467,24,168,0.0155,88
DRING-024,CLM-004532,24,168,0.0155,88
DRING-024,CLM-004751,24,168,0.0155,88
DRING-024,CLM-004940,24,168,0.0155,88
DRING-024,CLM-005009,24,168,0.0155,88
DRING-024,CLM-005043,24,168,0.0155,88
DRING-024,CLM-005151,24,168,0.0155,88
DRING-024,CLM-005167,24,168,0.0155,88
DRING-024,CLM-005192,24,168,0.0155,88
DRING-024,CLM-005688,24,168,0.0155,88
DRING-024,CLM-005787,24,168,0.0155,88
DRING-024,CLM-005806,24,168,0.0155,88
DRING-024,CLM-005810,24,168,0.0155,88
DRING-024,CLM-005831,24,168,0.0155,88
DRING-024,CLM-005844,24,168,0.0155,88
DRING-024,CLM-006408,24,168,0.0155,88
DRING-024,CLM-006682,24,168,0.0155,88
DRING-024,CLM-006781,24,168,0.0155,88
DRING-024,CLM-006808,24,168,0.0155,88
DRING-024,CLM-006864,24,168,0.0155,88
DRING-024,CLM-006885,24,168,0.0155,88
DRING-024,CLM-006976,24,168,0.0155,88
DRING-024,CLM-006983,24,168,0.0155,88
DRING-025,CLM-000029,25,266,0.0095,124
DRING-025,CLM-000046,25,266,0.0095,124
DRING-025,CLM-000141,25,266,0.0095,124
DRING-025,CLM-000143,25,266,0.0095,124
DRING-025,CLM-000189,25,266,0.0095,124
DRING-025,CLM-000191,25,266,0.0095,124
DRING-025,CLM-000205,25,266,0.0095,124
DRING-025,CLM-000253,25,266,0.0095,124
DRING-025,CLM-000377,25,266,0.0095,124
DRING-025,CLM-000398,25,266,0.0095,124
DRING-025,CLM-000402,25,266,0.0095,124
DRING-025,CLM-000675,25,266,0.0095,124
DRING-025,CLM-000704,25,266,0.0095,124
DRING-025,CLM-000757,25,266,0.0095,124
DRING-025,CLM-000783,25,266,0.0095,124
DRING-025,CLM-000863,25,266,0.0095,124
DRING-025,CLM-000874,25,266,0.0095,124
DRING-025,CLM-000940,25,266,0.0095,124
DRING-025,CLM-001049,25,266,0.0095,124
DRING-025,CLM-001062,25,266,0.0095,124
DRING-025,CLM-001065,25,266,0.0095,124
DRING-025,CLM-001091,25,266,0.0095,124
DRING-025,CLM-001133,25,266,0.0095,124
DRING-025,CLM-001154,25,266,0.0095,124
DRING-025,CLM-001211,25,266,0.0095,124
DRING-025,CLM-001242,25,266,0.0095,124
DRING-025,CLM-001332,25,266,0.0095,124
DRING-025,CLM-001363,25,266,0.0095,124
DRING-025,CLM-001396,25,266,0.0095,124
DRING-025,CLM-001574,25,266,0.0095,124
DRING-025,CLM-001713,25,266,0.0095,124
DRING-025,CLM-001761,25,266,0.0095,124
DRING-025,CLM-001889,25,266,0.0095,124
DRING-025,CLM-001915,25,266,0.0095,124
DRING-025,CLM-002014,25,266,0.0095,124
DRING-025,CLM-002181,25,266,0.0095,124
DRING-025,CLM-002244,25,266,0.0095,124
DRING-025,CLM-002367,25,266,0.0095,124
DRING-025,CLM-002393,25,266,0.0095,124
DRING-025,CLM-002559,25,266,0.0095,124
DRING-025,CLM-002573,25,266,0.0095,124
DRING-025,CLM-002628,25,266,0.0095,124
DRING-025,CLM-002709,25,266,0.0095,124
DRING-025,CLM-002845,25,266,0.0095,124
DRING-025,CLM-002866,25,266,0.0095,124
DRING-025,CLM-002944,25,266,0.0095,124
DRING-025,CLM-002996,25,266,0.0095,124
DRING-025,CLM-003179,25,266,0.0095,124
DRING-025,CLM-003247,25,266,0.0095,124
DRING-025,CLM-003278,25,266,0.0095,124
DRING-025,CLM-003313,25,266,0.0095,124
DRING-025,CLM-003355,25,266,0.0095,124
DRING-025,CLM-003372,25,266,0.0095,124
DRING-025,CLM-003379,25,266,0.0095,124
DRING-025,CLM-003457,25,266,0.0095,124
DRING-025,CLM-003486,25,266,0.0095,124
DRING-025,CLM-003490,25,266,0.0095,124
DRING-025,CLM-003583,25,266,0.0095,124
DRING-025,CLM-003589,25,266,0.0095,124
DRING-025,CLM-003603,25,266,0.0095,124
DRING-025,CLM-003606,25,266,0.0095,124
DRING-025,CLM-003630,25,266,0.0095,124
DRING-025,CLM-003740,25,266,0.0095,124
DRING-025,CLM-003784,25,266,0.0095,124
DRING-025,CLM-003792,25,266,0.0095,124
DRING-025,CLM-004001,25,266,0.0095,124
DRING-025,CLM-004123,25,266,0.0095,124
DRING-025,CLM-004372,25,266,0.0095,124
DRING-025,CLM-004385,25,266,0.0095,124
DRING-025,CLM-004435,25,266,0.0095,124
DRING-025,CLM-004478,25,266,0.0095,124
DRING-025,CLM-004496,25,266,0.0095,124
DRING-025,CLM-004514,25,266,0.0095,124
DRING-025,CLM-004544,25,266,0.0095,124
DRING-025,CLM-004689,25,266,0.0095,124
DRING-025,CLM-004697,25,266,0.0095,124
DRING-025,CLM-004730,25,266,0.0095,124
DRING-025,CLM-004817,25,266,0.0095,124
DRING-025,CLM-004880,25,266,0.0095,124
DRING-025,CLM-005096,25,266,0.0095,124
DRING-025,CLM-005123,25,266,0.0095,124
DRING-025,CLM-005141,25,266,0.0095,124
DRING-025,CLM-005166,25,266,0.0095,124
DRING-025,CLM-005176,25,266,0.0095,124
DRING-025,CLM-005184,25,266,0.0095,124
DRING-025,CLM-005204,25,266,0.0095,124
DRING-025,CLM-005297,25,266,0.0095,124
DRING-025,CLM-005329,25,266,0.0095,124
DRING-025,CLM-005357,25,266,0.0095,124
DRING-025,CLM-005456,25,266,0.0095,124
DRING-025,CLM-005464,25,266,0.0095,124
DRING-025,CLM-005468,25,266,0.0095,124
DRING-025,CLM-005518,25,266,0.0095,124
DRING-025,CLM-005591,25,266,0.0095,124
DRING-025,CLM-005651,25,266,0.0095,124
DRING-025,CLM-005715,25,266,0.0095,124
DRING-025,CLM-005868,25,266,0.0095,124
DRING-025,CLM-005875,25,266,0.0095,124
DRING-025,CLM-005907,25,266,0.0095,124
DRING-025,CLM-005956,25,266,0.0095,124
DRING-025,CLM-006072,25,266,0.0095,124
DRING-025,CLM-006108,25,266,0.0095,124
DRING-025,CLM-006118,25,266,0.0095,124
DRING-025,CLM-006192,25,266,0.0095,124
DRING-025,CLM-006252,25,266,0.0095,124
DRING-025,CLM-006321,25,266,0.0095,124
DRING-025,CLM-006341,25,266,0.0095,124
DRING-025,CLM-006344,25,266,0.0095,124
DRING-025,CLM-006383,25,266,0.0095,124
DRING-025,CLM-006420,25,266,0.0095,124
DRING-025,CLM-006471,25,266,0.0095,124
DRING-025,CLM-006536,25,266,0.0095,124
DRING-025,CLM-006549,25,266,0.0095,124
DRING-025,CLM-006583,25,266,0.0095,124
DRING-025,CLM-006673,25,266,0.0095,124
DRING-025,CLM-006676,25,266,0.0095,124
DRING-025,CLM-006709,25,266,0.0095,124
DRING-025,CLM-006712,25,266,0.0095,124
DRING-025,CLM-006730,25,266,0.0095,124
DRING-025,CLM-006780,25,266,0.0095,124
DRING-025,CLM-006852,25,266,0.0095,124
DRING-025,CLM-006941,25,266,0.0095,124
DRING-025,CLM-006995,25,266,0.0095,124
DRING-025,CLM-007028,25,266,0.0095,124
DRING-026,CLM-000031,39,253,0.0098,123
DRING-026,CLM-000045,39,253,0.0098,123
DRING-026,CLM-000059,39,253,0.0098,123
DRING-026,CLM-000090,39,253,0.0098,123
DRING-026,CLM-000166,39,253,0.0098,123
DRING-026,CLM-000263,39,253,0.0098,123
DRING-026,CLM-000335,39,253,0.0098,123
DRING-026,CLM-000490,39,253,0.0098,123
DRING-026,CLM-000512,39,253,0.0098,123
DRING-026,CLM-000518,39,253,0.0098,123
DRING-026,CLM-000715,39,253,0.0098,123
DRING-026,CLM-000903,39,253,0.0098,123
DRING-026,CLM-000985,39,253,0.0098,123
DRING-026,CLM-001173,39,253,0.0098,123
DRING-026,CLM-001235,39,253,0.0098,123
DRING-026,CLM-001241,39,253,0.0098,123
DRING-026,CLM-001334,39,253,0.0098,123
DRING-026,CLM-001360,39,253,0.0098,123
DRING-026,CLM-001364,39,253,0.0098,123
DRING-026,CLM-001370,39,253,0.0098,123
DRING-026,CLM-001457,39,253,0.0098,123
DRING-026,CLM-001602,39,253,0.0098,123
DRING-026,CLM-001615,39,253,0.0098,123
DRING-026,CLM-001623,39,253,0.0098,123
DRING-026,CLM-001631,39,253,0.0098,123
DRING-026,CLM-001668,39,253,0.0098,123
DRING-026,CLM-001710,39,253,0.0098,123
DRING-026,CLM-001734,39,253,0.0098,123
DRING-026,CLM-001789,39,253,0.0098,123
DRING-026,CLM-001809,39,253,0.0098,123
DRING-026,CLM-001836,39,253,0.0098,123
DRING-026,CLM-001931,39,253,0.0098,123
DRING-026,CLM-001942,39,253,0.0098,123
DRING-026,CLM-001959,39,253,0.0098,123
DRING-026,CLM-002010,39,253,0.0098,123
DRING-026,CLM-002026,39,253,0.0098,123
DRING-026,CLM-002057,39,253,0.0098,123
DRING-026,CLM-002122,39,253,0.0098,123
DRING-026,CLM-002150,39,253,0.0098,123
DRING-026,CLM-002157,39,253,0.0098,123
DRING-026,CLM-002229,39,253,0.0098,123
DRING-026,CLM-002273,39,253,0.0098,123
DRING-026,CLM-002294,39,253,0.0098,123
DRING-026,CLM-002295,39,253,0.0098,123
DRING-026,CLM-002305,39,253,0.0098,123
DRING-026,CLM-002339,39,253,0.0098,123
DRING-026,CLM-002378,39,253,0.0098,123
DRING-026,CLM-002403,39,253,0.0098,123
DRING-026,CLM-002405,39,253,0.0098,123
DRING-026,CLM-002407,39,253,0.0098,123
DRING-026,CLM-002472,39,253,0.0098,123
DRING-026,CLM-002522,39,253,0.0098,123
DRING-026,CLM-002604,39,253,0.0098,123
DRING-026,CLM-002608,39,253,0.0098,123
DRING-026,CLM-002638,39,253,0.0098,123
DRING-026,CLM-002672,39,253,0.0098,123
DRING-026,CLM-002681,39,253,0.0098,123
DRING-026,CLM-002724,39,253,0.0098,123
DRING-026,CLM-002766,39,253,0.0098,123
DRING-026,CLM-002858,39,253,0.0098,123
DRING-026,CLM-002884,39,253,0.0098,123
DRING-026,CLM-003225,39,253,0.0098,123
DRING-026,CLM-003236,39,253,0.0098,123
DRING-026,CLM-003249,39,253,0.0098,123
DRING-026,CLM-003302,39,253,0.0098,123
DRING-026,CLM-003316,39,253,0.0098,123
DRING-026,CLM-003337,39,253,0.0098,123
DRING-026,CLM-003347,39,253,0.0098,123
DRING-026,CLM-003601,39,253,0.0098,123
DRING-026,CLM-003619,39,253,0.0098,123
DRING-026,CLM-003629,39,253,0.0098,123
DRING-026,CLM-003648,39,253,0.0098,123
DRING-026,CLM-003669,39,253,0.0098,123
DRING-026,CLM-003674,39,253,0.0098,123
DRING-026,CLM-003715,39,253,0.0098,123
DRING-026,CLM-003724,39,253,0.0098,123
DRING-026,CLM-003737,39,253,0.0098,123
DRING-026,CLM-003744,39,253,0.0098,123
DRING-026,CLM-003927,39,253,0.0098,123
DRING-026,CLM-003937,39,253,0.0098,123
DRING-026,CLM-003974,39,253,0.0098,123
DRING-026,CLM-004012,39,253,0.0098,123
DRING-026,CLM-004042,39,253,0.0098,123
DRING-026,CLM-004059,39,253,0.0098,123
DRING-026,CLM-004081,39,253,0.0098,123
DRING-026,CLM-004101,39,253,0.0098,123
DRING-026,CLM-004245,39,253,0.0098,123
DRING-026,CLM-004357,39,253,0.0098,123
DRING-026,CLM-004373,39,253,0.0098,123
DRING-026,CLM-004395,39,253,0.0098,123
DRING-026,CLM-004444,39,253,0.0098,123
DRING-026,CLM-004542,39,253,0.0098,123
DRING-026,CLM-004662,39,253,0.0098,123
DRING-026,CLM-004723,39,253,0.0098,123
DRING-026,CLM-004773,39,253,0.0098,123
DRING-026,CLM-004820,39,253,0.0098,123
DRING-026,CLM-004836,39,253,0.0098,123
DRING-026,CLM-004841,39,253,0.0098,123
DRING-026,CLM-005001,39,253,0.0098,123
DRING-026,CLM-005118,39,253,0.0098,123
DRING-026,CLM-005179,39,253,0.0098,123
DRING-026,CLM-005208,39,253,0.0098,123
DRING-026,CLM-005256,39,253,0.0098,123
DRING-026,CLM-005301,39,253,0.0098,123
DRING-026,CLM-005375,39,253,0.0098,123
DRING-026,CLM-005376,39,253,0.0098,123
DRING-026,CLM-005593,39,253,0.0098,123
DRING-026,CLM-005602,39,253,0.0098,123
DRING-026,CLM-005610,39,253,0.0098,123
DRING-026,CLM-005706,39,253,0.0098,123
DRING-026,CLM-005749,39,253,0.0098,123
DRING-026,CLM-005752,39,253,0.0098,123
DRING-026,CLM-005761,39,253,0.0098,123
DRING-026,CLM-005977,39,253,0.0098,123
DRING-026,CLM-005985,39,253,0.0098,123
DRING-026,CLM-006126,39,253,0.0098,123
DRING-026,CLM-006293,39,253,0.0098,123
DRING-026,CLM-006294,39,253,0.0098,123
DRING-026,CLM-006461,39,253,0.0098,123
DRING-026,CLM-006478,39,253,0.0098,123
DRING-026,CLM-006489,39,253,0.0098,123
DRING-026,CLM-006523,39,253,0.0098,123
DRING-026,CLM-006984,39,253,0.0098,123
DRING-027,CLM-000032,28,254,0.01,125
DRING-027,CLM-000102,28,254,0.01,125
DRING-027,CLM-000117,28,254,0.01,125
DRING-027,CLM-000180,28,254,0.01,125
DRING-027,CLM-000187,28,254,0.01,125
DRING-027,CLM-000210,28,254,0.01,125
DRING-027,CLM-000236,28,254,0.01,125
DRING-027,CLM-000316,28,254,0.01,125
DRING-027,CLM-000327,28,254,0.01,125
DRING-027,CLM-000394,28,254,0.01,125
DRING-027,CLM-000400,28,254,0.01,125
DRING-027,CLM-000410,28,254,0.01,125
DRING-027,CLM-000425,28,254,0.01,125
DRING-027,CLM-000502,28,254,0.01,125
DRING-027,CLM-000534,28,254,0.01,125
DRING-027,CLM-000535,28,254,0.01,125
DRING-027,CLM-000549,28,254,0.01,125
DRING-027,CLM-000578,28,254,0.01,125
DRING-027,CLM-000581,28,254,0.01,125
DRING-027,CLM-000593,28,254,0.01,125
DRING-027,CLM-000662,28,254,0.01,125
DRING-027,CLM-000686,28,254,0.01,125
DRING-027,CLM-000745,28,254,0.01,125
DRING-027,CLM-000760,28,254,0.01,125
DRING-027,CLM-000902,28,254,0.01,125
DRING-027,CLM-001038,28,254,0.01,125
DRING-027,CLM-001060,28,254,0.01,125
DRING-027,CLM-001085,28,254,0.01,125
DRING-027,CLM-001301,28,254,0.01,125
DRING-027,CLM-001325,28,254,0.01,125
DRING-027,CLM-001349,28,254,0.01,125
DRING-027,CLM-001381,28,254,0.01,125
DRING-027,CLM-001451,28,254,0.01,125
DRING-027,CLM-001475,28,254,0.01,125
DRING-027,CLM-001497,28,254,0.01,125
DRING-027,CLM-001520,28,254,0.01,125
DRING-027,CLM-001641,28,254,0.01,125
DRING-027,CLM-001773,28,254,0.01,125
DRING-027,CLM-001886,28,254,0.01,125
DRING-027,CLM-001912,28,254,0.01,125
DRING-027,CLM-001988,28,254,0.01,125
DRING-027,CLM-001996,28,254,0.01,125
DRING-027,CLM-002022,28,254,0.01,125
DRING-027,CLM-002108,28,254,0.01,125
DRING-027,CLM-002213,28,254,0.01,125
DRING-027,CLM-002230,28,254,0.01,125
DRING-027,CLM-002241,28,254,0.01,125
DRING-027,CLM-002358,28,254,0.01,125
DRING-027,CLM-002492,28,254,0.01,125
DRING-027,CLM-002501,28,254,0.01,125
DRING-027,CLM-002544,28,254,0.01,125
DRING-027,CLM-002600,28,254,0.01,125
DRING-027,CLM-002643,28,254,0.01,125
DRING-027,CLM-002803,28,254,0.01,125
DRING-027,CLM-002939,28,254,0.01,125
DRING-027,CLM-002949,28,254,0.01,125
DRING-027,CLM-002991,28,254,0.01,125
DRING-027,CLM-003080,28,254,0.01,125
DRING-027,CLM-003112,28,254,0.01,125
DRING-027,CLM-003234,28,254,0.01,125
DRING-027,CLM-003237,28,254,0.01,125
DRING-027,CLM-003260,28,254,0.01,125
DRING-027,CLM-003265,28,254,0.01,125
DRING-027,CLM-003297,28,254,0.01,125
DRING-027,CLM-003338,28,254,0.01,125
DRING-027,CLM-003353,28,254,0.01,125
DRING-027,CLM-003513,28,254,0.01,125
DRING-027,CLM-003540,28,254,0.01,125
DRING-027,CLM-003624,28,254,0.01,125
DRING-027,CLM-003811,28,254,0.01,125
DRING-027,CLM-003863,28,254,0.01,125
DRING-027,CLM-003883,28,254,0.01,125
DRING-027,CLM-003912,28,254,0.01,125
DRING-027,CLM-003973,28,254,0.01,125
DRING-027,CLM-004008,28,254,0.01,125
DRING-027,CLM-004041,28,254,0.01,125
DRING-027,CLM-004071,28,254,0.01,125
DRING-027,CLM-004145,28,254,0.01,125
DRING-027,CLM-004234,28,254,0.01,125
DRING-027,CLM-004279,28,254,0.01,125
DRING-027,CLM-004288,28,254,0.01,125
DRING-027,CLM-004313,28,254,0.01,125
DRING-027,CLM-004339,28,254,0.01,125
DRING-027,CLM-004405,28,254,0.01,125
DRING-027,CLM-004418,28,254,0.01,125
DRING-027,CLM-004422,28,254,0.01,125
DRING-027,CLM-004431,28,254,0.01,125
DRING-027,CLM-004433,28,254,0.01,125
DRING-027,CLM-004515,28,254,0.01,125
DRING-027,CLM-004814,28,254,0.01,125
DRING-027,CLM-004894,28,254,0.01,125
DRING-027,CLM-004903,28,254,0.01,125
DRING-027,CLM-005042,28,254,0.01,125
DRING-027,CLM-005087,28,254,0.01,125
DRING-027,CLM-005109,28,254,0.01,125
DRING-027,CLM-005177,28,254,0.01,125
DRING-027,CLM-005209,28,254,0.01,125
DRING-027,CLM-005283,28,254,0.01,125
DRING-027,CLM-005317,28,254,0.01,125
DRING-027,CLM-005426,28,254,0.01,125
DRING-027,CLM-005583,28,254,0.01,125
DRING-027,CLM-005675,28,254,0.01,125
DRING-027,CLM-005697,28,254,0.01,125
DRING-027,CLM-005753,28,254,0.01,125
DRING-027,CLM-005770,28,254,0.01,125
DRING-027,CLM-005970,28,254,0.01,125
DRING-027,CLM-006082,28,254,0.01,125
DRING-027,CLM-006098,28,254,0.01,125
DRING-027,CLM-006119,28,254,0.01,125
DRING-027,CLM-006141,28,254,0.01,125
DRING-027,CLM-006175,28,254,0.01,125
DRING-027,CLM-006313,28,254,0.01,125
DRING-027,CLM-006323,28,254,0.01,125
DRING-027,CLM-006336,28,254,0.01,125
DRING-027,CLM-006355,28,254,0.01,125
DRING-027,CLM-006417,28,254,0.01,125
DRING-027,CLM-006496,28,254,0.01,125
DRING-027,CLM-006584,28,254,0.01,125
DRING-027,CLM-006718,28,254,0.01,125
DRING-027,CLM-006744,28,254,0.01,125
DRING-027,CLM-006805,28,254,0.01,125
DRING-027,CLM-006837,28,254,0.01,125
DRING-027,CLM-006886,28,254,0.01,125
DRING-027,CLM-006893,28,254,0.01,125
DRING-027,CLM-007009,28,254,0.01,125
DRING-028,CLM-000034,65,160,0.0156,76
DRING-028,CLM-000098,65,160,0.0156,76
DRING-028,CLM-000144,65,160,0.0156,76
DRING-028,CLM-000260,65,160,0.0156,76
DRING-028,CLM-000358,65,160,0.0156,76
DRING-028,CLM-000473,65,160,0.0156,76
DRING-028,CLM-000595,65,160,0.0156,76
DRING-028,CLM-000632,65,160,0.0156,76
DRING-028,CLM-000736,65,160,0.0156,76
DRING-028,CLM-000792,65,160,0.0156,76
DRING-028,CLM-000805,65,160,0.0156,76
DRING-028,CLM-001028,65,160,0.0156,76
DRING-028,CLM-001313,65,160,0.0156,76
DRING-028,CLM-001321,65,160,0.0156,76
DRING-028,CLM-001330,65,160,0.0156,76
DRING-028,CLM-001385,65,160,0.0156,76
DRING-028,CLM-001510,65,160,0.0156,76
DRING-028,CLM-001633,65,160,0.0156,76
DRING-028,CLM-001663,65,160,0.0156,76
DRING-028,CLM-001834,65,160,0.0156,76
DRING-028,CLM-001869,65,160,0.0156,76
DRING-028,CLM-001892,65,160,0.0156,76
DRING-028,CLM-001949,65,160,0.0156,76
DRING-028,CLM-002045,65,160,0.0156,76
DRING-028,CLM-002184,65,160,0.0156,76
DRING-028,CLM-002192,65,160,0.0156,76
DRING-028,CLM-002194,65,160,0.0156,76
DRING-028,CLM-002238,65,160,0.0156,76
DRING-028,CLM-002399,65,160,0.0156,76
DRING-028,CLM-002439,65,160,0.0156,76
DRING-028,CLM-002660,65,160,0.0156,76
DRING-028,CLM-002713,65,160,0.0156,76
DRING-028,CLM-002834,65,160,0.0156,76
DRING-028,CLM-002881,65,160,0.0156,76
DRING-028,CLM-002895,65,160,0.0156,76
DRING-028,CLM-003017,65,160,0.0156,76
DRING-028,CLM-003184,65,160,0.0156,76
DRING-028,CLM-003204,65,160,0.0156,76
DRING-028,CLM-003215,65,160,0.0156,76
DRING-028,CLM-003360,65,160,0.0156,76
DRING-028,CLM-003396,65,160,0.0156,76
DRING-028,CLM-003685,65,160,0.0156,76
DRING-028,CLM-003765,65,160,0.0156,76
DRING-028,CLM-004310,65,160,0.0156,76
DRING-028,CLM-004349,65,160,0.0156,76
DRING-028,CLM-004446,65,160,0.0156,76
DRING-028,CLM-004564,65,160,0.0156,76
DRING-028,CLM-004668,65,160,0.0156,76
DRING-028,CLM-004804,65,160,0.0156,76
DRING-028,CLM-004986,65,160,0.0156,76
DRING-028,CLM-005026,65,160,0.0156,76
DRING-028,CLM-005066,65,160,0.0156,76
DRING-028,CLM-005080,65,160,0.0156,76
DRING-028,CLM-005161,65,160,0.0156,76
DRING-028,CLM-005200,65,160,0.0156,76
DRING-028,CLM-005367,65,160,0.0156,76
DRING-028,CLM-005416,65,160,0.0156,76
DRING-028,CLM-005429,65,160,0.0156,76
DRING-028,CLM-005648,65,160,0.0156,76
DRING-028,CLM-005767,65,160,0.0156,76
DRING-028,CLM-005807,65,160,0.0156,76
DRING-028,CLM-005836,65,160,0.0156,76
DRING-028,CLM-005846,65,160,0.0156,76
DRING-028,CLM-005914,65,160,0.0156,76
DRING-028,CLM-005929,65,160,0.0156,76
DRING-028,CLM-006025,65,160,0.0156,76
DRING-028,CLM-006104,65,160,0.0156,76
DRING-028,CLM-006203,65,160,0.0156,76
DRING-028,CLM-006204,65,160,0.0156,76
DRING-028,CLM-006264,65,160,0.0156,76
DRING-028,CLM-006270,65,160,0.0156,76
DRING-028,CLM-006441,65,160,0.0156,76
DRING-028,CLM-006553,65,160,0.0156,76
DRING-028,CLM-006617,65,160,0.0156,76
DRING-028,CLM-006669,65,160,0.0156,76
DRING-028,CLM-006972,65,160,0.0156,76
DRING-029,CLM-000035,71,210,0.0116,95
DRING-029,CLM-000077,71,210,0.0116,95
DRING-029,CLM-000109,71,210,0.0116,95
DRING-029,CLM-000207,71,210,0.0116,95
DRING-029,CLM-000228,71,210,0.0116,95
DRING-029,CLM-000245,71,210,0.0116,95
DRING-029,CLM-000270,71,210,0.0116,95
DRING-029,CLM-000320,71,210,0.0116,95
DRING-029,CLM-000360,71,210,0.0116,95
DRING-029,CLM-000531,71,210,0.0116,95
DRING-029,CLM-000543,71,210,0.0116,95
DRING-029,CLM-000677,71,210,0.0116,95
DRING-029,CLM-000718,71,210,0.0116,95
DRING-029,CLM-000769,71,210,0.0116,95
DRING-029,CLM-000904,71,210,0.0116,95
DRING-029,CLM-000942,71,210,0.0116,95
DRING-029,CLM-001025,71,210,0.0116,95
DRING-029,CLM-001233,71,210,0.0116,95
DRING-029,CLM-001354,71,210,0.0116,95
DRING-029,CLM-001436,71,210,0.0116,95
DRING-029,CLM-001463,71,210,0.0116,95
DRING-029,CLM-001483,71,210,0.0116,95
DRING-029,CLM-001538,71,210,0.0116,95
DRING-029,CLM-001554,71,210,0.0116,95
DRING-029,CLM-001600,71,210,0.0116,95
DRING-029,CLM-001616,71,210,0.0116,95
DRING-029,CLM-001689,71,210,0.0116,95
DRING-029,CLM-001700,71,210,0.0116,95
DRING-029,CLM-001709,71,210,0.0116,95
DRING-029,CLM-001714,71,210,0.0116,95
DRING-029,CLM-001719,71,210,0.0116,95
DRING-029,CLM-001805,71,210,0.0116,95
DRING-029,CLM-001821,71,210,0.0116,95
DRING-029,CLM-001951,71,210,0.0116,95
DRING-029,CLM-002027,71,210,0.0116,95
DRING-029,CLM-002145,71,210,0.0116,95
DRING-029,CLM-002191,71,210,0.0116,95
DRING-029,CLM-002299,71,210,0.0116,95
DRING-029,CLM-002352,71,210,0.0116,95
DRING-029,CLM-002377,71,210,0.0116,95
DRING-029,CLM-002424,71,210,0.0116,95
DRING-029,CLM-002514,71,210,0.0116,95
DRING-029,CLM-002621,71,210,0.0116,95
DRING-029,CLM-002714,71,210,0.0116,95
DRING-029,CLM-002797,71,210,0.0116,95
DRING-029,CLM-002827,71,210,0.0116,95
DRING-029,CLM-003110,71,210,0.0116,95
DRING-029,CLM-003219,71,210,0.0116,95
DRING-029,CLM-003365,71,210,0.0116,95
DRING-029,CLM-003515,71,210,0.0116,95
DRING-029,CLM-003688,71,210,0.0116,95
DRING-029,CLM-003713,71,210,0.0116,95
DRING-029,CLM-003718,71,210,0.0116,95
DRING-029,CLM-003857,71,210,0.0116,95
DRING-029,CLM-003930,71,210,0.0116,95
DRING-029,CLM-003938,71,210,0.0116,95
DRING-029,CLM-003986,71,210,0.0116,95
DRING-029,CLM-004128,71,210,0.0116,95
DRING-029,CLM-004131,71,210,0.0116,95
DRING-029,CLM-004141,71,210,0.0116,95
DRING-029,CLM-004164,71,210,0.0116,95
DRING-029,CLM-004166,71,210,0.0116,95
DRING-029,CLM-004258,71,210,0.0116,95
DRING-029,CLM-004291,71,210,0.0116,95
DRING-029,CLM-004464,71,210,0.0116,95
DRING-029,CLM-004473,71,210,0.0116,95
DRING-029,CLM-004487,71,210,0.0116,95
DRING-029,CLM-004681,71,210,0.0116,95
DRING-029,CLM-004694,71,210,0.0116,95
DRING-029,CLM-004830,71,210,0.0116,95
DRING-029,CLM-004979,71,210,0.0116,95
DRING-029,CLM-005057,71,210,0.0116,95
DRING-029,CLM-005128,71,210,0.0116,95
DRING-029,CLM-005225,71,210,0.0116,95
DRING-029,CLM-005331,71,210,0.0116,95
DRING-029,CLM-005342,71,210,0.0116,95
DRING-029,CLM-005350,71,210,0.0116,95
DRING-029,CLM-005446,71,210,0.0116,95
DRING-029,CLM-005537,71,210,0.0116,95
DRING-029,CLM-005543,71,210,0.0116,95
DRING-029,CLM-005684,71,210,0.0116,95
DRING-029,CLM-005695,71,210,0.0116,95
DRING-029,CLM-005823,71,210,0.0116,95
DRING-029,CLM-005910,71,210,0.0116,95
DRING-029,CLM-006116,71,210,0.0116,95
DRING-029,CLM-006200,71,210,0.0116,95
DRING-029,CLM-006393,71,210,0.0116,95
DRING-029,CLM-006452,71,210,0.0116,95
DRING-029,CLM-006580,71,210,0.0116,95
DRING-029,CLM-006658,71,210,0.0116,95
DRING-029,CLM-006737,71,210,0.0116,95
DRING-029,CLM-006959,71,210,0.0116,95
DRING-029,CLM-006985,71,210,0.0116,95
DRING-029,CLM-006997,71,210,0.0116,95
DRING-029,CLM-007026,71,210,0.0116,95
DRING-030,CLM-000036,31,151,0.0164,74
DRING-030,CLM-000051,31,151,0.0164,74
DRING-030,CLM-000054,31,151,0.0164,74
DRING-030,CLM-000089,31,151,0.0164,74
DRING-030,CLM-000197,31,151,0.0164,74
DRING-030,CLM-000297,31,151,0.0164,74
DRING-030,CLM-000649,31,151,0.0164,74
DRING-030,CLM-000651,31,151,0.0164,74
DRING-030,CLM-000735,31,151,0.0164,74
DRING-030,CLM-000833,31,151,0.0164,74
DRING-030,CLM-000870,31,151,0.0164,74
DRING-030,CLM-000944,31,151,0.0164,74
DRING-030,CLM-001294,31,151,0.0164,74
DRING-030,CLM-001393,31,151,0.0164,74
DRING-030,CLM-001581,31,151,0.0164,74
DRING-030,CLM-001647,31,151,0.0164,74
DRING-030,CLM-001895,31,151,0.0164,74
DRING-030,CLM-001997,31,151,0.0164,74
DRING-030,CLM-002288,31,151,0.0164,74
DRING-030,CLM-002401,31,151,0.0164,74
DRING-030,CLM-002435,31,151,0.0164,74
DRING-030,CLM-002606,31,151,0.0164,74
DRING-030,CLM-002658,31,151,0.0164,74
DRING-030,CLM-002695,31,151,0.0164,74
DRING-030,CLM-002754,31,151,0.0164,74
DRING-030,CLM-002791,31,151,0.0164,74
DRING-030,CLM-002836,31,151,0.0164,74
DRING-030,CLM-002843,31,151,0.0164,74
DRING-030,CLM-003180,31,151,0.0164,74
DRING-030,CLM-003186,31,151,0.0164,74
DRING-030,CLM-003263,31,151,0.0164,74
DRING-030,CLM-003290,31,151,0.0164,74
DRING-030,CLM-003305,31,151,0.0164,74
DRING-030,CLM-003329,31,151,0.0164,74
DRING-030,CLM-003394,31,151,0.0164,74
DRING-030,CLM-003445,31,151,0.0164,74
DRING-030,CLM-003747,31,151,0.0164,74
DRING-030,CLM-003835,31,151,0.0164,74
DRING-030,CLM-003837,31,151,0.0164,74
DRING-030,CLM-003904,31,151,0.0164,74
DRING-030,CLM-003908,31,151,0.0164,74
DRING-030,CLM-004106,31,151,0.0164,74
DRING-030,CLM-004143,31,151,0.0164,74
DRING-030,CLM-004150,31,151,0.0164,74
DRING-030,CLM-004273,31,151,0.0164,74
DRING-030,CLM-004634,31,151,0.0164,74
DRING-030,CLM-004640,31,151,0.0164,74
DRING-030,CLM-005013,31,151,0.0164,74
DRING-030,CLM-005061,31,151,0.0164,74
DRING-030,CLM-005261,31,151,0.0164,74
DRING-030,CLM-005310,31,151,0.0164,74
DRING-030,CLM-005345,31,151,0.0164,74
DRING-030,CLM-005542,31,151,0.0164,74
DRING-030,CLM-005577,31,151,0.0164,74
DRING-030,CLM-005628,31,151,0.0164,74
DRING-030,CLM-005649,31,151,0.0164,74
DRING-030,CLM-005668,31,151,0.0164,74
DRING-030,CLM-005848,31,151,0.0164,74
DRING-030,CLM-005853,31,151,0.0164,74
DRING-030,CLM-005988,31,151,0.0164,74
DRING-030,CLM-006004,31,151,0.0164,74
DRING-030,CLM-006077,31,151,0.0164,74
DRING-030,CLM-006110,31,151,0.0164,74
DRING-030,CLM-006176,31,151,0.0164,74
DRING-030,CLM-006262,31,151,0.0164,74
DRING-030,CLM-006320,31,151,0.0164,74
DRING-030,CLM-006406,31,151,0.0164,74
DRING-030,CLM-006427,31,151,0.0164,74
DRING-030,CLM-006552,31,151,0.0164,74
DRING-030,CLM-006622,31,151,0.0164,74
DRING-030,CLM-006624,31,151,0.0164,74
DRING-030,CLM-006836,31,151,0.0164,74
DRING-030,CLM-006961,31,151,0.0164,74
DRING-030,CLM-007050,31,151,0.0164,74
DRING-031,CLM-000038,122,299,0.0083,139
DRING-031,CLM-000072,122,299,0.0083,139
DRING-031,CLM-000120,122,299,0.0083,139
DRING-031,CLM-000216,122,299,0.0083,139
DRING-031,CLM-000221,122,299,0.0083,139
DRING-031,CLM-000278,122,299,0.0083,139
DRING-031,CLM-000396,122,299,0.0083,139
DRING-031,CLM-000409,122,299,0.0083,139
DRING-031,CLM-000418,122,299,0.0083,139
DRING-031,CLM-000443,122,299,0.0083,139
DRING-031,CLM-000491,122,299,0.0083,139
DRING-031,CLM-000564,122,299,0.0083,139
DRING-031,CLM-000729,122,299,0.0083,139
DRING-031,CLM-000731,122,299,0.0083,139
DRING-031,CLM-000766,122,299,0.0083,139
DRING-031,CLM-000975,122,299,0.0083,139
DRING-031,CLM-001019,122,299,0.0083,139
DRING-031,CLM-001140,122,299,0.0083,139
DRING-031,CLM-001168,122,299,0.0083,139
DRING-031,CLM-001306,122,299,0.0083,139
DRING-031,CLM-001314,122,299,0.0083,139
DRING-031,CLM-001400,122,299,0.0083,139
DRING-031,CLM-001525,122,299,0.0083,139
DRING-031,CLM-001579,122,299,0.0083,139
DRING-031,CLM-001639,122,299,0.0083,139
DRING-031,CLM-001683,122,299,0.0083,139
DRING-031,CLM-001697,122,299,0.0083,139
DRING-031,CLM-001779,122,299,0.0083,139
DRING-031,CLM-001794,122,299,0.0083,139
DRING-031,CLM-001808,122,299,0.0083,139
DRING-031,CLM-001867,122,299,0.0083,139
DRING-031,CLM-001956,122,299,0.0083,139
DRING-031,CLM-001998,122,299,0.0083,139
DRING-031,CLM-002006,122,299,0.0083,139
DRING-031,CLM-002060,122,299,0.0083,139
DRING-031,CLM-002103,122,299,0.0083,139
DRING-031,CLM-002123,122,299,0.0083,139
DRING-031,CLM-002148,122,299,0.0083,139
DRING-031,CLM-002152,122,299,0.0083,139
DRING-031,CLM-002226,122,299,0.0083,139
DRING-031,CLM-002249,122,299,0.0083,139
DRING-031,CLM-002252,122,299,0.0083,139
DRING-031,CLM-002534,122,299,0.0083,139
DRING-031,CLM-002540,122,299,0.0083,139
DRING-031,CLM-002571,122,299,0.0083,139
DRING-031,CLM-002615,122,299,0.0083,139
DRING-031,CLM-002618,122,299,0.0083,139
DRING-031,CLM-002668,122,299,0.0083,139
DRING-031,CLM-002669,122,299,0.0083,139
DRING-031,CLM-002751,122,299,0.0083,139
DRING-031,CLM-002762,122,299,0.0083,139
DRING-031,CLM-002777,122,299,0.0083,139
DRING-031,CLM-002778,122,299,0.0083,139
DRING-031,CLM-002909,122,299,0.0083,139
DRING-031,CLM-003007,122,299,0.0083,139
DRING-031,CLM-003030,122,299,0.0083,139
DRING-031,CLM-003101,122,299,0.0083,139
DRING-031,CLM-003147,122,299,0.0083,139
DRING-031,CLM-003192,122,299,0.0083,139
DRING-031,CLM-003357,122,299,0.0083,139
DRING-031,CLM-003484,122,299,0.0083,139
DRING-031,CLM-003487,122,299,0.0083,139
DRING-031,CLM-003539,122,299,0.0083,139
DRING-031,CLM-003627,122,299,0.0083,139
DRING-031,CLM-003655,122,299,0.0083,139
DRING-031,CLM-003670,122,299,0.0083,139
DRING-031,CLM-003703,122,299,0.0083,139
DRING-031,CLM-003736,122,299,0.0083,139
DRING-031,CLM-003768,122,299,0.0083,139
DRING-031,CLM-003787,122,299,0.0083,139
DRING-031,CLM-003814,122,299,0.0083,139
DRING-031,CLM-003842,122,299,0.0083,139
DRING-031,CLM-003856,122,299,0.0083,139
DRING-031,CLM-003914,122,299,0.0083,139
DRING-031,CLM-004003,122,299,0.0083,139
DRING-031,CLM-004013,122,299,0.0083,139
DRING-031,CLM-004168,122,299,0.0083,139
DRING-031,CLM-004188,122,299,0.0083,139
DRING-031,CLM-004205,122,299,0.0083,139
DRING-031,CLM-004215,122,299,0.0083,139
DRING-031,CLM-004217,122,299,0.0083,139
DRING-031,CLM-004386,122,299,0.0083,139
DRING-031,CLM-004401,122,299,0.0083,139
DRING-031,CLM-004402,122,299,0.0083,139
DRING-031,CLM-004468,122,299,0.0083,139
DRING-031,CLM-004649,122,299,0.0083,139
DRING-031,CLM-004726,122,299,0.0083,139
DRING-031,CLM-004735,122,299,0.0083,139
DRING-031,CLM-004747,122,299,0.0083,139
DRING-031,CLM-004812,122,299,0.0083,139
DRING-031,CLM-004849,122,299,0.0083,139
DRING-031,CLM-004882,122,299,0.0083,139
DRING-031,CLM-004964,122,299,0.0083,139
DRING-031,CLM-004996,122,299,0.0083,139
DRING-031,CLM-005146,122,299,0.0083,139
DRING-031,CLM-005222,122,299,0.0083,139
DRING-031,CLM-005294,122,299,0.0083,139
DRING-031,CLM-005340,122,299,0.0083,139
DRING-031,CLM-005348,122,299,0.0083,139
DRING-031,CLM-005349,122,299,0.0083,139
DRING-031,CLM-005374,122,299,0.0083,139
DRING-031,CLM-005529,122,299,0.0083,139
DRING-031,CLM-005539,122,299,0.0083,139
DRING-031,CLM-005578,122,299,0.0083,139
DRING-031,CLM-005713,122,299,0.0083,139
DRING-031,CLM-005726,122,299,0.0083,139
DRING-031,CLM-005757,122,299,0.0083,139
DRING-031,CLM-005772,122,299,0.0083,139
DRING-031,CLM-005777,122,299,0.0083,139
DRING-031,CLM-005913,122,299,0.0083,139
DRING-031,CLM-005921,122,299,0.0083,139
DRING-031,CLM-005947,122,299,0.0083,139
DRING-031,CLM-005992,122,299,0.0083,139
DRING-031,CLM-006015,122,299,0.0083,139
DRING-031,CLM-006029,122,299,0.0083,139
DRING-031,CLM-006043,122,299,0.0083,139
DRING-031,CLM-006097,122,299,0.0083,139
DRING-031,CLM-006107,122,299,0.0083,139
DRING-031,CLM-006172,122,299,0.0083,139
DRING-031,CLM-006219,122,299,0.0083,139
DRING-031,CLM-006223,122,299,0.0083,139
DRING-031,CLM-006242,122,299,0.0083,139
DRING-031,CLM-006303,122,299,0.0083,139
DRING-031,CLM-006359,122,299,0.0083,139
DRING-031,CLM-006448,122,299,0.0083,139
DRING-031,CLM-006501,122,299,0.0083,139
DRING-031,CLM-006507,122,299,0.0083,139
DRING-031,CLM-006510,122,299,0.0083,139
DRING-031,CLM-006511,122,299,0.0083,139
DRING-031,CLM-006693,122,299,0.0083,139
DRING-031,CLM-006705,122,299,0.0083,139
DRING-031,CLM-006721,122,299,0.0083,139
DRING-031,CLM-006749,122,299,0.0083,139
DRING-031,CLM-006791,122,299,0.0083,139
DRING-031,CLM-006824,122,299,0.0083,139
DRING-031,CLM-006859,122,299,0.0083,139
DRING-031,CLM-006909,122,299,0.0083,139
DRING-031,CLM-007023,122,299,0.0083,139
DRING-031,CLM-007024,122,299,0.0083,139
DRING-032,CLM-000039,33,252,0.0099,116
DRING-032,CLM-000173,33,252,0.0099,116
DRING-032,CLM-000285,33,252,0.0099,116
DRING-032,CLM-000294,33,252,0.0099,116
DRING-032,CLM-000314,33,252,0.0099,116
DRING-032,CLM-000384,33,252,0.0099,116
DRING-032,CLM-000457,33,252,0.0099,116
DRING-032,CLM-000503,33,252,0.0099,116
DRING-032,CLM-000522,33,252,0.0099,116
DRING-032,CLM-000579,33,252,0.0099,116
DRING-032,CLM-000604,33,252,0.0099,116
DRING-032,CLM-000642,33,252,0.0099,116
DRING-032,CLM-000727,33,252,0.0099,116
DRING-032,CLM-000820,33,252,0.0099,116
DRING-032,CLM-000891,33,252,0.0099,116
DRING-032,CLM-000922,33,252,0.0099,116
DRING-032,CLM-000938,33,252,0.0099,116
DRING-032,CLM-001056,33,252,0.0099,116
DRING-032,CLM-001076,33,252,0.0099,116
DRING-032,CLM-001102,33,252,0.0099,116
DRING-032,CLM-001113,33,252,0.0099,116
DRING-032,CLM-001121,33,252,0.0099,116
DRING-032,CLM-001237,33,252,0.0099,116
DRING-032,CLM-001270,33,252,0.0099,116
DRING-032,CLM-001322,33,252,0.0099,116
DRING-032,CLM-001336,33,252,0.0099,116
DRING-032,CLM-001409,33,252,0.0099,116
DRING-032,CLM-001449,33,252,0.0099,116
DRING-032,CLM-001606,33,252,0.0099,116
DRING-032,CLM-001666,33,252,0.0099,116
DRING-032,CLM-001687,33,252,0.0099,116
DRING-032,CLM-001693,33,252,0.0099,116
DRING-032,CLM-001758,33,252,0.0099,116
DRING-032,CLM-001937,33,252,0.0099,116
DRING-032,CLM-001965,33,252,0.0099,116
DRING-032,CLM-001973,33,252,0.0099,116
DRING-032,CLM-001984,33,252,0.0099,116
DRING-032,CLM-002031,33,252,0.0099,116
DRING-032,CLM-002131,33,252,0.0099,116
DRING-032,CLM-002202,33,252,0.0099,116
DRING-032,CLM-002360,33,252,0.0099,116
DRING-032,CLM-002362,33,252,0.0099,116
DRING-032,CLM-002391,33,252,0.0099,116
DRING-032,CLM-002395,33,252,0.0099,116
DRING-032,CLM-002548,33,252,0.0099,116
DRING-032,CLM-002558,33,252,0.0099,116
DRING-032,CLM-002585,33,252,0.0099,116
DRING-032,CLM-002757,33,252,0.0099,116
DRING-032,CLM-002765,33,252,0.0099,116
DRING-032,CLM-002813,33,252,0.0099,116
DRING-032,CLM-002915,33,252,0.0099,116
DRING-032,CLM-002928,33,252,0.0099,116
DRING-032,CLM-002975,33,252,0.0099,116
DRING-032,CLM-003023,33,252,0.0099,116
DRING-032,CLM-003255,33,252,0.0099,116
DRING-032,CLM-003308,33,252,0.0099,116
DRING-032,CLM-003343,33,252,0.0099,116
DRING-032,CLM-003443,33,252,0.0099,116
DRING-032,CLM-003493,33,252,0.0099,116
DRING-032,CLM-003577,33,252,0.0099,116
DRING-032,CLM-003654,33,252,0.0099,116
DRING-032,CLM-003748,33,252,0.0099,116
DRING-032,CLM-003751,33,252,0.0099,116
DRING-032,CLM-003918,33,252,0.0099,116
DRING-032,CLM-003925,33,252,0.0099,116
DRING-032,CLM-003978,33,252,0.0099,116
DRING-032,CLM-003979,33,252,0.0099,116
DRING-032,CLM-004035,33,252,0.0099,116
DRING-032,CLM-004114,33,252,0.0099,116
DRING-032,CLM-004134,33,252,0.0099,116
DRING-032,CLM-004175,33,252,0.0099,116
DRING-032,CLM-004398,33,252,0.0099,116
DRING-032,CLM-004511,33,252,0.0099,116
DRING-032,CLM-004582,33,252,0.0099,116
DRING-032,CLM-004613,33,252,0.0099,116
DRING-032,CLM-004625,33,252,0.0099,116
DRING-032,CLM-004671,33,252,0.0099,116
DRING-032,CLM-004683,33,252,0.0099,116
DRING-032,CLM-004731,33,252,0.0099,116
DRING-032,CLM-004750,33,252,0.0099,116
DRING-032,CLM-004768,33,252,0.0099,116
DRING-032,CLM-004863,33,252,0.0099,116
DRING-032,CLM-005065,33,252,0.0099,116
DRING-032,CLM-005091,33,252,0.0099,116
DRING-032,CLM-005101,33,252,0.0099,116
DRING-032,CLM-005159,33,252,0.0099,116
DRING-032,CLM-005168,33,252,0.0099,116
DRING-032,CLM-005172,33,252,0.0099,116
DRING-032,CLM-005282,33,252,0.0099,116
DRING-032,CLM-005288,33,252,0.0099,116
DRING-032,CLM-005320,33,252,0.0099,116
DRING-032,CLM-005355,33,252,0.0099,116
DRING-032,CLM-005361,33,252,0.0099,116
DRING-032,CLM-005454,33,252,0.0099,116
DRING-032,CLM-005531,33,252,0.0099,116
DRING-032,CLM-005635,33,252,0.0099,116
DRING-032,CLM-005665,33,252,0.0099,116
DRING-032,CLM-005681,33,252,0.0099,116
DRING-032,CLM-005686,33,252,0.0099,116
DRING-032,CLM-005862,33,252,0.0099,116
DRING-032,CLM-005885,33,252,0.0099,116
DRING-032,CLM-006022,33,252,0.0099,116
DRING-032,CLM-006079,33,252,0.0099,116
DRING-032,CLM-006280,33,252,0.0099,116
DRING-032,CLM-006638,33,252,0.0099,116
DRING-032,CLM-006714,33,252,0.0099,116
DRING-032,CLM-006731,33,252,0.0099,116
DRING-032,CLM-006773,33,252,0.0099,116
DRING-032,CLM-006778,33,252,0.0099,116
DRING-032,CLM-006905,33,252,0.0099,116
DRING-032,CLM-006933,33,252,0.0099,116
DRING-032,CLM-007006,33,252,0.0099,116
DRING-032,CLM-007071,33,252,0.0099,116
DRING-032,CLM-007072,33,252,0.0099,116
DRING-032,CLM-007073,33,252,0.0099,116
DRING-032,CLM-007074,33,252,0.0099,116
DRING-033,CLM-000040,43,117,0.0196,53
DRING-033,CLM-000053,43,117,0.0196,53
DRING-033,CLM-000366,43,117,0.0196,53
DRING-033,CLM-000453,43,117,0.0196,53
DRING-033,CLM-000481,43,117,0.0196,53
DRING-033,CLM-000824,43,117,0.0196,53
DRING-033,CLM-000828,43,117,0.0196,53
DRING-033,CLM-000897,43,117,0.0196,53
DRING-033,CLM-000991,43,117,0.0196,53
DRING-033,CLM-001020,43,117,0.0196,53
DRING-033,CLM-001039,43,117,0.0196,53
DRING-033,CLM-001389,43,117,0.0196,53
DRING-033,CLM-001573,43,117,0.0196,53
DRING-033,CLM-001664,43,117,0.0196,53
DRING-033,CLM-001768,43,117,0.0196,53
DRING-033,CLM-001880,43,117,0.0196,53
DRING-033,CLM-001933,43,117,0.0196,53
DRING-033,CLM-002210,43,117,0.0196,53
DRING-033,CLM-002517,43,117,0.0196,53
DRING-033,CLM-002591,43,117,0.0196,53
DRING-033,CLM-002683,43,117,0.0196,53
DRING-033,CLM-002760,43,117,0.0196,53
DRING-033,CLM-002802,43,117,0.0196,53
DRING-033,CLM-002952,43,117,0.0196,53
DRING-033,CLM-003029,43,117,0.0196,53
DRING-033,CLM-003063,43,117,0.0196,53
DRING-033,CLM-003128,43,117,0.0196,53
DRING-033,CLM-003517,43,117,0.0196,53
DRING-033,CLM-003544,43,117,0.0196,53
DRING-033,CLM-003806,43,117,0.0196,53
DRING-033,CLM-003866,43,117,0.0196,53
DRING-033,CLM-004020,43,117,0.0196,53
DRING-033,CLM-004023,43,117,0.0196,53
DRING-033,CLM-004281,43,117,0.0196,53
DRING-033,CLM-004389,43,117,0.0196,53
DRING-033,CLM-004709,43,117,0.0196,53
DRING-033,CLM-004897,43,117,0.0196,53
DRING-033,CLM-004920,43,117,0.0196,53
DRING-033,CLM-004982,43,117,0.0196,53
DRING-033,CLM-005008,43,117,0.0196,53
DRING-033,CLM-005015,43,117,0.0196,53
DRING-033,CLM-005078,43,117,0.0196,53
DRING-033,CLM-005359,43,117,0.0196,53
DRING-033,CLM-005410,43,117,0.0196,53
DRING-033,CLM-005436,43,117,0.0196,53
DRING-033,CLM-005773,43,117,0.0196,53
DRING-033,CLM-005818,43,117,0.0196,53
DRING-033,CLM-006206,43,117,0.0196,53
DRING-033,CLM-006396,43,117,0.0196,53
DRING-033,CLM-006688,43,117,0.0196,53
DRING-033,CLM-006847,43,117,0.0196,53
DRING-033,CLM-006881,43,117,0.0196,53
DRING-033,CLM-006895,43,117,0.0196,53
DRING-034,CLM-000041,29,129,0.0187,57
DRING-034,CLM-000110,29,129,0.0187,57
DRING-034,CLM-000272,29,129,0.0187,57
DRING-034,CLM-000332,29,129,0.0187,57
DRING-034,CLM-000449,29,129,0.0187,57
DRING-034,CLM-000848,29,129,0.0187,57
DRING-034,CLM-000996,29,129,0.0187,57
DRING-034,CLM-001116,29,129,0.0187,57
DRING-034,CLM-001309,29,129,0.0187,57
DRING-034,CLM-001329,29,129,0.0187,57
DRING-034,CLM-001367,29,129,0.0187,57
DRING-034,CLM-001440,29,129,0.0187,57
DRING-034,CLM-001446,29,129,0.0187,57
DRING-034,CLM-001450,29,129,0.0187,57
DRING-034,CLM-001653,29,129,0.0187,57
DRING-034,CLM-002037,29,129,0.0187,57
DRING-034,CLM-002183,29,129,0.0187,57
DRING-034,CLM-002443,29,129,0.0187,57
DRING-034,CLM-002455,29,129,0.0187,57
DRING-034,CLM-002528,29,129,0.0187,57
DRING-034,CLM-003193,29,129,0.0187,57
DRING-034,CLM-003331,29,129,0.0187,57
DRING-034,CLM-003531,29,129,0.0187,57
DRING-034,CLM-003592,29,129,0.0187,57
DRING-034,CLM-003625,29,129,0.0187,57
DRING-034,CLM-003756,29,129,0.0187,57
DRING-034,CLM-003854,29,129,0.0187,57
DRING-034,CLM-003967,29,129,0.0187,57
DRING-034,CLM-003983,29,129,0.0187,57
DRING-034,CLM-004002,29,129,0.0187,57
DRING-034,CLM-004079,29,129,0.0187,57
DRING-034,CLM-004538,29,129,0.0187,57
DRING-034,CLM-004583,29,129,0.0187,57
DRING-034,CLM-004624,29,129,0.0187,57
DRING-034,CLM-004699,29,129,0.0187,57
DRING-034,CLM-004719,29,129,0.0187,57
DRING-034,CLM-004771,29,129,0.0187,57
DRING-034,CLM-005068,29,129,0.0187,57
DRING-034,CLM-005137,29,129,0.0187,57
DRING-034,CLM-005227,29,129,0.0187,57
DRING-034,CLM-005532,29,129,0.0187,57
DRING-034,CLM-005571,29,129,0.0187,57
DRING-034,CLM-005592,29,129,0.0187,57
DRING-034,CLM-005693,29,129,0.0187,57
DRING-034,CLM-005714,29,129,0.0187,57
DRING-034,CLM-005842,29,129,0.0187,57
DRING-034,CLM-005972,29,129,0.0187,57
DRING-034,CLM-006023,29,129,0.0187,57
DRING-034,CLM-006207,29,129,0.0187,57
DRING-034,CLM-006254,29,129,0.0187,57
DRING-034,CLM-006259,29,129,0.0187,57
DRING-034,CLM-006287,29,129,0.0187,57
DRING-034,CLM-006430,29,129,0.0187,57
DRING-034,CLM-006440,29,129,0.0187,57
DRING-034,CLM-006498,29,129,0.0187,57
DRING-034,CLM-006608,29,129,0.0187,57
DRING-034,CLM-006790,29,129,0.0187,57
DRING-035,CLM-000042,133,244,0.0102,115
DRING-035,CLM-000064,133,244,0.0102,115
DRING-035,CLM-000084,133,244,0.0102,115
DRING-035,CLM-000348,133,244,0.0102,115
DRING-035,CLM-000372,133,244,0.0102,115
DRING-035,CLM-000393,133,244,0.0102,115
DRING-035,CLM-000426,133,244,0.0102,115
DRING-035,CLM-000528,133,244,0.0102,115
DRING-035,CLM-000574,133,244,0.0102,115
DRING-035,CLM-000611,133,244,0.0102,115
DRING-035,CLM-000794,133,244,0.0102,115
DRING-035,CLM-000796,133,244,0.0102,115
DRING-035,CLM-000909,133,244,0.0102,115
DRING-035,CLM-000919,133,244,0.0102,115
DRING-035,CLM-000933,133,244,0.0102,115
DRING-035,CLM-000964,133,244,0.0102,115
DRING-035,CLM-001021,133,244,0.0102,115
DRING-035,CLM-001134,133,244,0.0102,115
DRING-035,CLM-001355,133,244,0.0102,115
DRING-035,CLM-001425,133,244,0.0102,115
DRING-035,CLM-001571,133,244,0.0102,115
DRING-035,CLM-001760,133,244,0.0102,115
DRING-035,CLM-001806,133,244,0.0102,115
DRING-035,CLM-001853,133,244,0.0102,115
DRING-035,CLM-001928,133,244,0.0102,115
DRING-035,CLM-001932,133,244,0.0102,115
DRING-035,CLM-001981,133,244,0.0102,115
DRING-035,CLM-001994,133,244,0.0102,115
DRING-035,CLM-002032,133,244,0.0102,115
DRING-035,CLM-002102,133,244,0.0102,115
DRING-035,CLM-002264,133,244,0.0102,115
DRING-035,CLM-002508,133,244,0.0102,115
DRING-035,CLM-002530,133,244,0.0102,115
DRING-035,CLM-002661,133,244,0.0102,115
DRING-035,CLM-002742,133,244,0.0102,115
DRING-035,CLM-002792,133,244,0.0102,115
DRING-035,CLM-002997,133,244,0.0102,115
DRING-035,CLM-003049,133,244,0.0102,115
DRING-035,CLM-003200,133,244,0.0102,115
DRING-035,CLM-003345,133,244,0.0102,115
DRING-035,CLM-003416,133,244,0.0102,115
DRING-035,CLM-003468,133,244,0.0102,115
DRING-035,CLM-003518,133,244,0.0102,115
DRING-035,CLM-003647,133,244,0.0102,115
DRING-035,CLM-003723,133,244,0.0102,115
DRING-035,CLM-003739,133,244,0.0102,115
DRING-035,CLM-003749,133,244,0.0102,115
DRING-035,CLM-003794,133,244,0.0102,115
DRING-035,CLM-003831,133,244,0.0102,115
DRING-035,CLM-003836,133,244,0.0102,115
DRING-035,CLM-003877,133,244,0.0102,115
DRING-035,CLM-003879,133,244,0.0102,115
DRING-035,CLM-003903,133,244,0.0102,115
DRING-035,CLM-004031,133,244,0.0102,115
DRING-035,CLM-004083,133,244,0.0102,115
DRING-035,CLM-004089,133,244,0.0102,115
DRING-035,CLM-004200,133,244,0.0102,115
DRING-035,CLM-004224,133,244,0.0102,115
DRING-035,CLM-004284,133,244,0.0102,115
DRING-035,CLM-004292,133,244,0.0102,115
DRING-035,CLM-004318,133,244,0.0102,115
DRING-035,CLM-004361,133,244,0.0102,115
DRING-035,CLM-004366,133,244,0.0102,115
DRING-035,CLM-004474,133,244,0.0102,115
DRING-035,CLM-004482,133,244,0.0102,115
DRING-035,CLM-004523,133,244,0.0102,115
DRING-035,CLM-004598,133,244,0.0102,115
DRING-035,CLM-004657,133,244,0.0102,115
DRING-035,CLM-004675,133,244,0.0102,115
DRING-035,CLM-004757,133,244,0.0102,115
DRING-035,CLM-004991,133,244,0.0102,115
DRING-035,CLM-005046,133,244,0.0102,115
DRING-035,CLM-005086,133,244,0.0102,115
DRING-035,CLM-005104,133,244,0.0102,115
DRING-035,CLM-005119,133,244,0.0102,115
DRING-035,CLM-005156,133,244,0.0102,115
DRING-035,CLM-005174,133,244,0.0102,115
DRING-035,CLM-005203,133,244,0.0102,115
DRING-035,CLM-005219,133,244,0.0102,115
DRING-035,CLM-005273,133,244,0.0102,115
DRING-035,CLM-005309,133,244,0.0102,115
DRING-035,CLM-005322,133,244,0.0102,115
DRING-035,CLM-005335,133,244,0.0102,115
DRING-035,CLM-005365,133,244,0.0102,115
DRING-035,CLM-005440,133,244,0.0102,115
DRING-035,CLM-005462,133,244,0.0102,115
DRING-035,CLM-005622,133,244,0.0102,115
DRING-035,CLM-005640,133,244,0.0102,115
DRING-035,CLM-005654,133,244,0.0102,115
DRING-035,CLM-005679,133,244,0.0102,115
DRING-035,CLM-005721,133,244,0.0102,115
DRING-035,CLM-005723,133,244,0.0102,115
DRING-035,CLM-005744,133,244,0.0102,115
DRING-035,CLM-005788,133,244,0.0102,115
DRING-035,CLM-005789,133,244,0.0102,115
DRING-035,CLM-005826,133,244,0.0102,115
DRING-035,CLM-005827,133,244,0.0102,115
DRING-035,CLM-005851,133,244,0.0102,115
DRING-035,CLM-005855,133,244,0.0102,115
DRING-035,CLM-005891,133,244,0.0102,115
DRING-035,CLM-005953,133,244,0.0102,115
DRING-035,CLM-005986,133,244,0.0102,115
DRING-035,CLM-006166,133,244,0.0102,115
DRING-035,CLM-006218,133,244,0.0102,115
DRING-035,CLM-006251,133,244,0.0102,115
DRING-035,CLM-006312,133,244,0.0102,115
DRING-035,CLM-006474,133,244,0.0102,115
DRING-035,CLM-006485,133,244,0.0102,115
DRING-035,CLM-006594,133,244,0.0102,115
DRING-035,CLM-006632,133,244,0.0102,115
DRING-035,CLM-006650,133,244,0.0102,115
DRING-035,CLM-006801,133,244,0.0102,115
DRING-035,CLM-006899,133,244,0.0102,115
DRING-035,CLM-006902,133,244,0.0102,115
DRING-035,CLM-006980,133,244,0.0102,115
DRING-036,CLM-000043,37,170,0.0138,71
DRING-036,CLM-000081,37,170,0.0138,71
DRING-036,CLM-000157,37,170,0.0138,71
DRING-036,CLM-000160,37,170,0.0138,71
DRING-036,CLM-000233,37,170,0.0138,71
DRING-036,CLM-000242,37,170,0.0138,71
DRING-036,CLM-000273,37,170,0.0138,71
DRING-036,CLM-000290,37,170,0.0138,71
DRING-036,CLM-000352,37,170,0.0138,71
DRING-036,CLM-000431,37,170,0.0138,71
DRING-036,CLM-000472,37,170,0.0138,71
DRING-036,CLM-000898,37,170,0.0138,71
DRING-036,CLM-000984,37,170,0.0138,71
DRING-036,CLM-001124,37,170,0.0138,71
DRING-036,CLM-001129,37,170,0.0138,71
DRING-036,CLM-001147,37,170,0.0138,71
DRING-036,CLM-001197,37,170,0.0138,71
DRING-036,CLM-001236,37,170,0.0138,71
DRING-036,CLM-001308,37,170,0.0138,71
DRING-036,CLM-001522,37,170,0.0138,71
DRING-036,CLM-001546,37,170,0.0138,71
DRING-036,CLM-001594,37,170,0.0138,71
DRING-036,CLM-001754,37,170,0.0138,71
DRING-036,CLM-001909,37,170,0.0138,71
DRING-036,CLM-002176,37,170,0.0138,71
DRING-036,CLM-002198,37,170,0.0138,71
DRING-036,CLM-002272,37,170,0.0138,71
DRING-036,CLM-002328,37,170,0.0138,71
DRING-036,CLM-002523,37,170,0.0138,71
DRING-036,CLM-002674,37,170,0.0138,71
DRING-036,CLM-002711,37,170,0.0138,71
DRING-036,CLM-002738,37,170,0.0138,71
DRING-036,CLM-002741,37,170,0.0138,71
DRING-036,CLM-002965,37,170,0.0138,71
DRING-036,CLM-002969,37,170,0.0138,71
DRING-036,CLM-003437,37,170,0.0138,71
DRING-036,CLM-003550,37,170,0.0138,71
DRING-036,CLM-003581,37,170,0.0138,71
DRING-036,CLM-003775,37,170,0.0138,71
DRING-036,CLM-003821,37,170,0.0138,71
DRING-036,CLM-003901,37,170,0.0138,71
DRING-036,CLM-003924,37,170,0.0138,71
DRING-036,CLM-004058,37,170,0.0138,71
DRING-036,CLM-004092,37,170,0.0138,71
DRING-036,CLM-004274,37,170,0.0138,71
DRING-036,CLM-004316,37,170,0.0138,71
DRING-036,CLM-004579,37,170,0.0138,71
DRING-036,CLM-004626,37,170,0.0138,71
DRING-036,CLM-004734,37,170,0.0138,71
DRING-036,CLM-004745,37,170,0.0138,71
DRING-036,CLM-004828,37,170,0.0138,71
DRING-036,CLM-004888,37,170,0.0138,71
DRING-036,CLM-005127,37,170,0.0138,71
DRING-036,CLM-005397,37,170,0.0138,71
DRING-036,CLM-005433,37,170,0.0138,71
DRING-036,CLM-005618,37,170,0.0138,71
DRING-036,CLM-005653,37,170,0.0138,71
DRING-036,CLM-005724,37,170,0.0138,71
DRING-036,CLM-005859,37,170,0.0138,71
DRING-036,CLM-005989,37,170,0.0138,71
DRING-036,CLM-006036,37,170,0.0138,71
DRING-036,CLM-006047,37,170,0.0138,71
DRING-036,CLM-006229,37,170,0.0138,71
DRING-036,CLM-006444,37,170,0.0138,71
DRING-036,CLM-006564,37,170,0.0138,71
DRING-036,CLM-006599,37,170,0.0138,71
DRING-036,CLM-006646,37,170,0.0138,71
DRING-036,CLM-006680,37,170,0.0138,71
DRING-036,CLM-006783,37,170,0.0138,71
DRING-036,CLM-006851,37,170,0.0138,71
DRING-036,CLM-006869,37,170,0.0138,71
DRING-037,CLM-000047,40,252,0.0095,104
DRING-037,CLM-000068,40,252,0.0095,104
DRING-037,CLM-000097,40,252,0.0095,104
DRING-037,CLM-000134,40,252,0.0095,104
DRING-037,CLM-000140,40,252,0.0095,104
DRING-037,CLM-000190,40,252,0.0095,104
DRING-037,CLM-000266,40,252,0.0095,104
DRING-037,CLM-000483,40,252,0.0095,104
DRING-037,CLM-000529,40,252,0.0095,104
DRING-037,CLM-000580,40,252,0.0095,104
DRING-037,CLM-000606,40,252,0.0095,104
DRING-037,CLM-000609,40,252,0.0095,104
DRING-037,CLM-000650,40,252,0.0095,104
DRING-037,CLM-000672,40,252,0.0095,104
DRING-037,CLM-000684,40,252,0.0095,104
DRING-037,CLM-000759,40,252,0.0095,104
DRING-037,CLM-000772,40,252,0.0095,104
DRING-037,CLM-000789,40,252,0.0095,104
DRING-037,CLM-000793,40,252,0.0095,104
DRING-037,CLM-000851,40,252,0.0095,104
DRING-037,CLM-000886,40,252,0.0095,104
DRING-037,CLM-000957,40,252,0.0095,104
DRING-037,CLM-001008,40,252,0.0095,104
DRING-037,CLM-001023,40,252,0.0095,104
DRING-037,CLM-001070,40,252,0.0095,104
DRING-037,CLM-001141,40,252,0.0095,104
DRING-037,CLM-001144,40,252,0.0095,104
DRING-037,CLM-001160,40,252,0.0095,104
DRING-037,CLM-001303,40,252,0.0095,104
DRING-037,CLM-001311,40,252,0.0095,104
DRING-037,CLM-001339,40,252,0.0095,104
DRING-037,CLM-001398,40,252,0.0095,104
DRING-037,CLM-001551,40,252,0.0095,104
DRING-037,CLM-001555,40,252,0.0095,104
DRING-037,CLM-001742,40,252,0.0095,104
DRING-037,CLM-001766,40,252,0.0095,104
DRING-037,CLM-001850,40,252,0.0095,104
DRING-037,CLM-001893,40,252,0.0095,104
DRING-037,CLM-001991,40,252,0.0095,104
DRING-037,CLM-002039,40,252,0.0095,104
DRING-037,CLM-002130,40,252,0.0095,104
DRING-037,CLM-002237,40,252,0.0095,104
DRING-037,CLM-002318,40,252,0.0095,104
DRING-037,CLM-002343,40,252,0.0095,104
DRING-037,CLM-002426,40,252,0.0095,104
DRING-037,CLM-002491,40,252,0.0095,104
DRING-037,CLM-002688,40,252,0.0095,104
DRING-037,CLM-002696,40,252,0.0095,104
DRING-037,CLM-002842,40,252,0.0095,104
DRING-037,CLM-002847,40,252,0.0095,104
DRING-037,CLM-002877,40,252,0.0095,104
DRING-037,CLM-002894,40,252,0.0095,104
DRING-037,CLM-003141,40,252,0.0095,104
DRING-037,CLM-003211,40,252,0.0095,104
DRING-037,CLM-003217,40,252,0.0095,104
DRING-037,CLM-003238,40,252,0.0095,104
DRING-037,CLM-003307,40,252,0.0095,104
DRING-037,CLM-003452,40,252,0.0095,104
DRING-037,CLM-003527,40,252,0.0095,104
DRING-037,CLM-003612,40,252,0.0095,104
DRING-037,CLM-003691,40,252,0.0095,104
DRING-037,CLM-003885,40,252,0.0095,104
DRING-037,CLM-004099,40,252,0.0095,104
DRING-037,CLM-004236,40,252,0.0095,104
DRING-037,CLM-004285,40,252,0.0095,104
DRING-037,CLM-004392,40,252,0.0095,104
DRING-037,CLM-004394,40,252,0.0095,104
DRING-037,CLM-004472,40,252,0.0095,104
DRING-037,CLM-004522,40,252,0.0095,104
DRING-037,CLM-004721,40,252,0.0095,104
DRING-037,CLM-004792,40,252,0.0095,104
DRING-037,CLM-004794,40,252,0.0095,104
DRING-037,CLM-004825,40,252,0.0095,104
DRING-037,CLM-004856,40,252,0.0095,104
DRING-037,CLM-004912,40,252,0.0095,104
DRING-037,CLM-004916,40,252,0.0095,104
DRING-037,CLM-004933,40,252,0.0095,104
DRING-037,CLM-004999,40,252,0.0095,104
DRING-037,CLM-005110,40,252,0.0095,104
DRING-037,CLM-005113,40,252,0.0095,104
DRING-037,CLM-005114,40,252,0.0095,104
DRING-037,CLM-005131,40,252,0.0095,104
DRING-037,CLM-005263,40,252,0.0095,104
DRING-037,CLM-005326,40,252,0.0095,104
DRING-037,CLM-005336,40,252,0.0095,104
DRING-037,CLM-005922,40,252,0.0095,104
DRING-037,CLM-005940,40,252,0.0095,104
DRING-037,CLM-006037,40,252,0.0095,104
DRING-037,CLM-006063,40,252,0.0095,104
DRING-037,CLM-006114,40,252,0.0095,104
DRING-037,CLM-006148,40,252,0.0095,104
DRING-037,CLM-006188,40,252,0.0095,104
DRING-037,CLM-006205,40,252,0.0095,104
DRING-037,CLM-006248,40,252,0.0095,104
DRING-037,CLM-006306,40,252,0.0095,104
DRING-037,CLM-006338,40,252,0.0095,104
DRING-037,CLM-006466,40,252,0.0095,104
DRING-037,CLM-006612,40,252,0.0095,104
DRING-037,CLM-006618,40,252,0.0095,104
DRING-037,CLM-006634,40,252,0.0095,104
DRING-037,CLM-006810,40,252,0.0095,104
DRING-037,CLM-006872,40,252,0.0095,104
DRING-037,CLM-006948,40,252,0.0095,104
DRING-037,CLM-007069,40,252,0.0095,104
DRING-038,CLM-000050,142,134,0.0184,64
DRING-038,CLM-000156,142,134,0.0184,64
DRING-038,CLM-000339,142,134,0.0184,64
DRING-038,CLM-000379,142,134,0.0184,64
DRING-038,CLM-000501,142,134,0.0184,64
DRING-038,CLM-000846,142,134,0.0184,64
DRING-038,CLM-001004,142,134,0.0184,64
DRING-038,CLM-001143,142,134,0.0184,64
DRING-038,CLM-001282,142,134,0.0184,64
DRING-038,CLM-001295,142,134,0.0184,64
DRING-038,CLM-001454,142,134,0.0184,64
DRING-038,CLM-001629,142,134,0.0184,64
DRING-038,CLM-001649,142,134,0.0184,64
DRING-038,CLM-001667,142,134,0.0184,64
DRING-038,CLM-001669,142,134,0.0184,64
DRING-038,CLM-001691,142,134,0.0184,64
DRING-038,CLM-002050,142,134,0.0184,64
DRING-038,CLM-002187,142,134,0.0184,64
DRING-038,CLM-002365,142,134,0.0184,64
DRING-038,CLM-002507,142,134,0.0184,64
DRING-038,CLM-002543,142,134,0.0184,64
DRING-038,CLM-002598,142,134,0.0184,64
DRING-038,CLM-002682,142,134,0.0184,64
DRING-038,CLM-002731,142,134,0.0184,64
DRING-038,CLM-002911,142,134,0.0184,64
DRING-038,CLM-002922,142,134,0.0184,64
DRING-038,CLM-003032,142,134,0.0184,64
DRING-038,CLM-003228,142,134,0.0184,64
DRING-038,CLM-003282,142,134,0.0184,64
DRING-038,CLM-003321,142,134,0.0184,64
DRING-038,CLM-003463,142,134,0.0184,64
DRING-038,CLM-003481,142,134,0.0184,64
DRING-038,CLM-003533,142,134,0.0184,64
DRING-038,CLM-003561,142,134,0.0184,64
DRING-038,CLM-003677,142,134,0.0184,64
DRING-038,CLM-003789,142,134,0.0184,64
DRING-038,CLM-003813,142,134,0.0184,64
DRING-038,CLM-003827,142,134,0.0184,64
DRING-038,CLM-004043,142,134,0.0184,64
DRING-038,CLM-004167,142,134,0.0184,64
DRING-038,CLM-004229,142,134,0.0184,64
DRING-038,CLM-004368,142,134,0.0184,64
DRING-038,CLM-004570,142,134,0.0184,64
DRING-038,CLM-004651,142,134,0.0184,64
DRING-038,CLM-004706,142,134,0.0184,64
DRING-038,CLM-004873,142,134,0.0184,64
DRING-038,CLM-004907,142,134,0.0184,64
DRING-038,CLM-004985,142,134,0.0184,64
DRING-038,CLM-005056,142,134,0.0184,64
DRING-038,CLM-005186,142,134,0.0184,64
DRING-038,CLM-005193,142,134,0.0184,64
DRING-038,CLM-005470,142,134,0.0184,64
DRING-038,CLM-005699,142,134,0.0184,64
DRING-038,CLM-005894,142,134,0.0184,64
DRING-038,CLM-005957,142,134,0.0184,64
DRING-038,CLM-006065,142,134,0.0184,64
DRING-038,CLM-006407,142,134,0.0184,64
DRING-038,CLM-006410,142,134,0.0184,64
DRING-038,CLM-006587,142,134,0.0184,64
DRING-038,CLM-006619,142,134,0.0184,64
DRING-038,CLM-006757,142,134,0.0184,64
DRING-038,CLM-006774,142,134,0.0184,64
DRING-038,CLM-006793,142,134,0.0184,64
DRING-038,CLM-006863,142,134,0.0184,64
DRING-039,CLM-000052,42,157,0.0154,71
DRING-039,CLM-000058,42,157,0.0154,71
DRING-039,CLM-000122,42,157,0.0154,71
DRING-039,CLM-000167,42,157,0.0154,71
DRING-039,CLM-000367,42,157,0.0154,71
DRING-039,CLM-000430,42,157,0.0154,71
DRING-039,CLM-000590,42,157,0.0154,71
DRING-039,CLM-000683,42,157,0.0154,71
DRING-039,CLM-000756,42,157,0.0154,71
DRING-039,CLM-000861,42,157,0.0154,71
DRING-039,CLM-001100,42,157,0.0154,71
DRING-039,CLM-001199,42,157,0.0154,71
DRING-039,CLM-001315,42,157,0.0154,71
DRING-039,CLM-001337,42,157,0.0154,71
DRING-039,CLM-001550,42,157,0.0154,71
DRING-039,CLM-001654,42,157,0.0154,71
DRING-039,CLM-001731,42,157,0.0154,71
DRING-039,CLM-001753,42,157,0.0154,71
DRING-039,CLM-001793,42,157,0.0154,71
DRING-039,CLM-001813,42,157,0.0154,71
DRING-039,CLM-001848,42,157,0.0154,71
DRING-039,CLM-002076,42,157,0.0154,71
DRING-039,CLM-002119,42,157,0.0154,71
DRING-039,CLM-002203,42,157,0.0154,71
DRING-039,CLM-002397,42,157,0.0154,71
DRING-039,CLM-002451,42,157,0.0154,71
DRING-039,CLM-002486,42,157,0.0154,71
DRING-039,CLM-002785,42,157,0.0154,71
DRING-039,CLM-002789,42,157,0.0154,71
DRING-039,CLM-002893,42,157,0.0154,71
DRING-039,CLM-002910,42,157,0.0154,71
DRING-039,CLM-003022,42,157,0.0154,71
DRING-039,CLM-003046,42,157,0.0154,71
DRING-039,CLM-003134,42,157,0.0154,71
DRING-039,CLM-003157,42,157,0.0154,71
DRING-039,CLM-003288,42,157,0.0154,71
DRING-039,CLM-003403,42,157,0.0154,71
DRING-039,CLM-003501,42,157,0.0154,71
DRING-039,CLM-003509,42,157,0.0154,71
DRING-039,CLM-003570,42,157,0.0154,71
DRING-039,CLM-003999,42,157,0.0154,71
DRING-039,CLM-004037,42,157,0.0154,71
DRING-039,CLM-004075,42,157,0.0154,71
DRING-039,CLM-004253,42,157,0.0154,71
DRING-039,CLM-004415,42,157,0.0154,71
DRING-039,CLM-004497,42,157,0.0154,71
DRING-039,CLM-004565,42,157,0.0154,71
DRING-039,CLM-004577,42,157,0.0154,71
DRING-039,CLM-004727,42,157,0.0154,71
DRING-039,CLM-004777,42,157,0.0154,71
DRING-039,CLM-004977,42,157,0.0154,71
DRING-039,CLM-005055,42,157,0.0154,71
DRING-039,CLM-005182,42,157,0.0154,71
DRING-039,CLM-005232,42,157,0.0154,71
DRING-039,CLM-005298,42,157,0.0154,71
DRING-039,CLM-005401,42,157,0.0154,71
DRING-039,CLM-005634,42,157,0.0154,71
DRING-039,CLM-005641,42,157,0.0154,71
DRING-039,CLM-005756,42,157,0.0154,71
DRING-039,CLM-005881,42,157,0.0154,71
DRING-039,CLM-005898,42,157,0.0154,71
DRING-039,CLM-005924,42,157,0.0154,71
DRING-039,CLM-006291,42,157,0.0154,71
DRING-039,CLM-006325,42,157,0.0154,71
DRING-039,CLM-006377,42,157,0.0154,71
DRING-039,CLM-006535,42,157,0.0154,71
DRING-039,CLM-006585,42,157,0.0154,71
DRING-039,CLM-006722,42,157,0.0154,71
DRING-039,CLM-006857,42,157,0.0154,71
DRING-039,CLM-006946,42,157,0.0154,71
DRING-039,CLM-006960,42,157,0.0154,71
DRING-040,CLM-000056,45,190,0.0131,94
DRING-040,CLM-000455,45,190,0.0131,94
DRING-040,CLM-000477,45,190,0.0131,94
DRING-040,CLM-000612,45,190,0.0131,94
DRING-040,CLM-000628,45,190,0.0131,94
DRING-040,CLM-000663,45,190,0.0131,94
DRING-040,CLM-000925,45,190,0.0131,94
DRING-040,CLM-000977,45,190,0.0131,94
DRING-040,CLM-000979,45,190,0.0131,94
DRING-040,CLM-000988,45,190,0.0131,94
DRING-040,CLM-001101,45,190,0.0131,94
DRING-040,CLM-001187,45,190,0.0131,94
DRING-040,CLM-001244,45,190,0.0131,94
DRING-040,CLM-001246,45,190,0.0131,94
DRING-040,CLM-001343,45,190,0.0131,94
DRING-040,CLM-001637,45,190,0.0131,94
DRING-040,CLM-001657,45,190,0.0131,94
DRING-040,CLM-001694,45,190,0.0131,94
DRING-040,CLM-001783,45,190,0.0131,94
DRING-040,CLM-001819,45,190,0.0131,94
DRING-040,CLM-001829,45,190,0.0131,94
DRING-040,CLM-001941,45,190,0.0131,94
DRING-040,CLM-002078,45,190,0.0131,94
DRING-040,CLM-002380,45,190,0.0131,94
DRING-040,CLM-002452,45,190,0.0131,94
DRING-040,CLM-002470,45,190,0.0131,94
DRING-040,CLM-002519,45,190,0.0131,94
DRING-040,CLM-002546,45,190,0.0131,94
DRING-040,CLM-002549,45,190,0.0131,94
DRING-040,CLM-002568,45,190,0.0131,94
DRING-040,CLM-002602,45,190,0.0131,94
DRING-040,CLM-002622,45,190,0.0131,94
DRING-040,CLM-002637,45,190,0.0131,94
DRING-040,CLM-002646,45,190,0.0131,94
DRING-040,CLM-002670,45,190,0.0131,94
DRING-040,CLM-002768,45,190,0.0131,94
DRING-040,CLM-002899,45,190,0.0131,94
DRING-040,CLM-003014,45,190,0.0131,94
DRING-040,CLM-003087,45,190,0.0131,94
DRING-040,CLM-003158,45,190,0.0131,94
DRING-040,CLM-003336,45,190,0.0131,94
DRING-040,CLM-003485,45,190,0.0131,94
DRING-040,CLM-003532,45,190,0.0131,94
DRING-040,CLM-003564,45,190,0.0131,94
DRING-040,CLM-003626,45,190,0.0131,94
DRING-040,CLM-003642,45,190,0.0131,94
DRING-040,CLM-003717,45,190,0.0131,94
DRING-040,CLM-003817,45,190,0.0131,94
DRING-040,CLM-003832,45,190,0.0131,94
DRING-040,CLM-003840,45,190,0.0131,94
DRING-040,CLM-004116,45,190,0.0131,94
DRING-040,CLM-004353,45,190,0.0131,94
DRING-040,CLM-004421,45,190,0.0131,94
DRING-040,CLM-004442,45,190,0.0131,94
DRING-040,CLM-004462,45,190,0.0131,94
DRING-040,CLM-004476,45,190,0.0131,94
DRING-040,CLM-004594,45,190,0.0131,94
DRING-040,CLM-004646,45,190,0.0131,94
DRING-040,CLM-004660,45,190,0.0131,94
DRING-040,CLM-004679,45,190,0.0131,94
DRING-040,CLM-004698,45,190,0.0131,94
DRING-040,CLM-004748,45,190,0.0131,94
DRING-040,CLM-004770,45,190,0.0131,94
DRING-040,CLM-004871,45,190,0.0131,94
DRING-040,CLM-004938,45,190,0.0131,94
DRING-040,CLM-004998,45,190,0.0131,94
DRING-040,CLM-005016,45,190,0.0131,94
DRING-040,CLM-005037,45,190,0.0131,94
DRING-040,CLM-005157,45,190,0.0131,94
DRING-040,CLM-005197,45,190,0.0131,94
DRING-040,CLM-005389,45,190,0.0131,94
DRING-040,CLM-005413,45,190,0.0131,94
DRING-040,CLM-005443,45,190,0.0131,94
DRING-040,CLM-005482,45,190,0.0131,94
DRING-040,CLM-005504,45,190,0.0131,94
DRING-040,CLM-005541,45,190,0.0131,94
DRING-040,CLM-005548,45,190,0.0131,94
DRING-040,CLM-005549,45,190,0.0131,94
DRING-040,CLM-005629,45,190,0.0131,94
DRING-040,CLM-005647,45,190,0.0131,94
DRING-040,CLM-005711,45,190,0.0131,94
DRING-040,CLM-005856,45,190,0.0131,94
DRING-040,CLM-005866,45,190,0.0131,94
DRING-040,CLM-006199,45,190,0.0131,94
DRING-040,CLM-006697,45,190,0.0131,94
DRING-040,CLM-006706,45,190,0.0131,94
DRING-040,CLM-006720,45,190,0.0131,94
DRING-040,CLM-006963,45,190,0.0131,94
DRING-040,CLM-006969,45,190,0.0131,94
DRING-040,CLM-007025,45,190,0.0131,94
DRING-040,CLM-007078,45,190,0.0131,94
DRING-040,CLM-007079,45,190,0.0131,94
DRING-040,CLM-007080,45,190,0.0131,94
DRING-040,CLM-007081,45,190,0.0131,94
DRING-041,CLM-000060,75,184,0.0126,83
DRING-041,CLM-000062,75,184,0.0126,83
DRING-041,CLM-000099,75,184,0.0126,83
DRING-041,CLM-000151,75,184,0.0126,83
DRING-041,CLM-000378,75,184,0.0126,83
DRING-041,CLM-000555,75,184,0.0126,83
DRING-041,CLM-000652,75,184,0.0126,83
DRING-041,CLM-000694,75,184,0.0126,83
DRING-041,CLM-000776,75,184,0.0126,83
DRING-041,CLM-000780,75,184,0.0126,83
DRING-041,CLM-000790,75,184,0.0126,83
DRING-041,CLM-000987,75,184,0.0126,83
DRING-041,CLM-001037,75,184,0.0126,83
DRING-041,CLM-001162,75,184,0.0126,83
DRING-041,CLM-001165,75,184,0.0126,83
DRING-041,CLM-001206,75,184,0.0126,83
DRING-041,CLM-001323,75,184,0.0126,83
DRING-041,CLM-001484,75,184,0.0126,83
DRING-041,CLM-001544,75,184,0.0126,83
DRING-041,CLM-001625,75,184,0.0126,83
DRING-041,CLM-001676,75,184,0.0126,83
DRING-041,CLM-001894,75,184,0.0126,83
DRING-041,CLM-002009,75,184,0.0126,83
DRING-041,CLM-002117,75,184,0.0126,83
DRING-041,CLM-002301,75,184,0.0126,83
DRING-041,CLM-002392,75,184,0.0126,83
DRING-041,CLM-002400,75,184,0.0126,83
DRING-041,CLM-002457,75,184,0.0126,83
DRING-041,CLM-002830,75,184,0.0126,83
DRING-041,CLM-002865,75,184,0.0126,83
DRING-041,CLM-002876,75,184,0.0126,83
DRING-041,CLM-002897,75,184,0.0126,83
DRING-041,CLM-002948,75,184,0.0126,83
DRING-041,CLM-003005,75,184,0.0126,83
DRING-041,CLM-003142,75,184,0.0126,83
DRING-041,CLM-003181,75,184,0.0126,83
DRING-041,CLM-003187,75,184,0.0126,83
DRING-041,CLM-003231,75,184,0.0126,83
DRING-041,CLM-003292,75,184,0.0126,83
DRING-041,CLM-003380,75,184,0.0126,83
DRING-041,CLM-003553,75,184,0.0126,83
DRING-041,CLM-003598,75,184,0.0126,83
DRING-041,CLM-003634,75,184,0.0126,83
DRING-041,CLM-003850,75,184,0.0126,83
DRING-041,CLM-004129,75,184,0.0126,83
DRING-041,CLM-004488,75,184,0.0126,83
DRING-041,CLM-004492,75,184,0.0126,83
DRING-041,CLM-004554,75,184,0.0126,83
DRING-041,CLM-004558,75,184,0.0126,83
DRING-041,CLM-004573,75,184,0.0126,83
DRING-041,CLM-004616,75,184,0.0126,83
DRING-041,CLM-004702,75,184,0.0126,83
DRING-041,CLM-004738,75,184,0.0126,83
DRING-041,CLM-004997,75,184,0.0126,83
DRING-041,CLM-005054,75,184,0.0126,83
DRING-041,CLM-005070,75,184,0.0126,83
DRING-041,CLM-005603,75,184,0.0126,83
DRING-041,CLM-005632,75,184,0.0126,83
DRING-041,CLM-005708,75,184,0.0126,83
DRING-041,CLM-005841,75,184,0.0126,83
DRING-041,CLM-005884,75,184,0.0126,83
DRING-041,CLM-006046,75,184,0.0126,83
DRING-041,CLM-006057,75,184,0.0126,83
DRING-041,CLM-006078,75,184,0.0126,83
DRING-041,CLM-006109,75,184,0.0126,83
DRING-041,CLM-006167,75,184,0.0126,83
DRING-041,CLM-006253,75,184,0.0126,83
DRING-041,CLM-006299,75,184,0.0126,83
DRING-041,CLM-006345,75,184,0.0126,83
DRING-041,CLM-006365,75,184,0.0126,83
DRING-041,CLM-006460,75,184,0.0126,83
DRING-041,CLM-006469,75,184,0.0126,83
DRING-041,CLM-006484,75,184,0.0126,83
DRING-041,CLM-006495,75,184,0.0126,83
DRING-041,CLM-006537,75,184,0.0126,83
DRING-041,CLM-006545,75,184,0.0126,83
DRING-041,CLM-006569,75,184,0.0126,83
DRING-041,CLM-006717,75,184,0.0126,83
DRING-041,CLM-006754,75,184,0.0126,83
DRING-041,CLM-006814,75,184,0.0126,83
DRING-041,CLM-006848,75,184,0.0126,83
DRING-041,CLM-006930,75,184,0.0126,83
DRING-041,CLM-007063,75,184,0.0126,83
DRING-042,CLM-000061,128,197,0.0125,87
DRING-042,CLM-000232,128,197,0.0125,87
DRING-042,CLM-000434,128,197,0.0125,87
DRING-042,CLM-000488,128,197,0.0125,87
DRING-042,CLM-000496,128,197,0.0125,87
DRING-042,CLM-000548,128,197,0.0125,87
DRING-042,CLM-000554,128,197,0.0125,87
DRING-042,CLM-000576,128,197,0.0125,87
DRING-042,CLM-000799,128,197,0.0125,87
DRING-042,CLM-000830,128,197,0.0125,87
DRING-042,CLM-000967,128,197,0.0125,87
DRING-042,CLM-001043,128,197,0.0125,87
DRING-042,CLM-001169,128,197,0.0125,87
DRING-042,CLM-001251,128,197,0.0125,87
DRING-042,CLM-001406,128,197,0.0125,87
DRING-042,CLM-001822,128,197,0.0125,87
DRING-042,CLM-001843,128,197,0.0125,87
DRING-042,CLM-002068,128,197,0.0125,87
DRING-042,CLM-002129,128,197,0.0125,87
DRING-042,CLM-002171,128,197,0.0125,87
DRING-042,CLM-002260,128,197,0.0125,87
DRING-042,CLM-002357,128,197,0.0125,87
DRING-042,CLM-002467,128,197,0.0125,87
DRING-042,CLM-002482,128,197,0.0125,87
DRING-042,CLM-002542,128,197,0.0125,87
DRING-042,CLM-002587,128,197,0.0125,87
DRING-042,CLM-002626,128,197,0.0125,87
DRING-042,CLM-002822,128,197,0.0125,87
DRING-042,CLM-002846,128,197,0.0125,87
DRING-042,CLM-002923,128,197,0.0125,87
DRING-042,CLM-002937,128,197,0.0125,87
DRING-042,CLM-003042,128,197,0.0125,87
DRING-042,CLM-003136,128,197,0.0125,87
DRING-042,CLM-003162,128,197,0.0125,87
DRING-042,CLM-003207,128,197,0.0125,87
DRING-042,CLM-003259,128,197,0.0125,87
DRING-042,CLM-003497,128,197,0.0125,87
DRING-042,CLM-003591,128,197,0.0125,87
DRING-042,CLM-003613,128,197,0.0125,87
DRING-042,CLM-003617,128,197,0.0125,87
DRING-042,CLM-003720,128,197,0.0125,87
DRING-042,CLM-003722,128,197,0.0125,87
DRING-042,CLM-003741,128,197,0.0125,87
DRING-042,CLM-004109,128,197,0.0125,87
DRING-042,CLM-004117,128,197,0.0125,87
DRING-042,CLM-004248,128,197,0.0125,87
DRING-042,CLM-004364,128,197,0.0125,87
DRING-042,CLM-004381,128,197,0.0125,87
DRING-042,CLM-004426,128,197,0.0125,87
DRING-042,CLM-004453,128,197,0.0125,87
DRING-042,CLM-004483,128,197,0.0125,87
DRING-042,CLM-004501,128,197,0.0125,87
DRING-042,CLM-004539,128,197,0.0125,87
DRING-042,CLM-004619,128,197,0.0125,87
DRING-042,CLM-004620,128,197,0.0125,87
DRING-042,CLM-004673,128,197,0.0125,87
DRING-042,CLM-004688,128,197,0.0125,87
DRING-042,CLM-004700,128,197,0.0125,87
DRING-042,CLM-004786,128,197,0.0125,87
DRING-042,CLM-004965,128,197,0.0125,87
DRING-042,CLM-005180,128,197,0.0125,87
DRING-042,CLM-005366,128,197,0.0125,87
DRING-042,CLM-005477,128,197,0.0125,87
DRING-042,CLM-005663,128,197,0.0125,87
DRING-042,CLM-005779,128,197,0.0125,87
DRING-042,CLM-005860,128,197,0.0125,87
DRING-042,CLM-005872,128,197,0.0125,87
DRING-042,CLM-006062,128,197,0.0125,87
DRING-042,CLM-006102,128,197,0.0125,87
DRING-042,CLM-006220,128,197,0.0125,87
DRING-042,CLM-006257,128,197,0.0125,87
DRING-042,CLM-006318,128,197,0.0125,87
DRING-042,CLM-006350,128,197,0.0125,87
DRING-042,CLM-006421,128,197,0.0125,87
DRING-042,CLM-006598,128,197,0.0125,87
DRING-042,CLM-006615,128,197,0.0125,87
DRING-042,CLM-006652,128,197,0.0125,87
DRING-042,CLM-006681,128,197,0.0125,87
DRING-042,CLM-006723,128,197,0.0125,87
DRING-042,CLM-007007,128,197,0.0125,87
DRING-042,CLM-007043,128,197,0.0125,87
DRING-042,CLM-007051,128,197,0.0125,87
DRING-042,CLM-007052,128,197,0.0125,87
DRING-042,CLM-007053,128,197,0.0125,87
DRING-042,CLM-007054,128,197,0.0125,87
DRING-042,CLM-007055,128,197,0.0125,87
DRING-042,CLM-007056,128,197,0.0125,87
DRING-043,CLM-000066,110,151,0.0162,67
DRING-043,CLM-000107,110,151,0.0162,67
DRING-043,CLM-000264,110,151,0.0162,67
DRING-043,CLM-000345,110,151,0.0162,67
DRING-043,CLM-000469,110,151,0.0162,67
DRING-043,CLM-000500,110,151,0.0162,67
DRING-043,CLM-000696,110,151,0.0162,67
DRING-043,CLM-000771,110,151,0.0162,67
DRING-043,CLM-000858,110,151,0.0162,67
DRING-043,CLM-000888,110,151,0.0162,67
DRING-043,CLM-000890,110,151,0.0162,67
DRING-043,CLM-000905,110,151,0.0162,67
DRING-043,CLM-000995,110,151,0.0162,67
DRING-043,CLM-001015,110,151,0.0162,67
DRING-043,CLM-001054,110,151,0.0162,67
DRING-043,CLM-001172,110,151,0.0162,67
DRING-043,CLM-001209,110,151,0.0162,67
DRING-043,CLM-001243,110,151,0.0162,67
DRING-043,CLM-001517,110,151,0.0162,67
DRING-043,CLM-001703,110,151,0.0162,67
DRING-043,CLM-001953,110,151,0.0162,67
DRING-043,CLM-001992,110,151,0.0162,67
DRING-043,CLM-002028,110,151,0.0162,67
DRING-043,CLM-002337,110,151,0.0162,67
DRING-043,CLM-002348,110,151,0.0162,67
DRING-043,CLM-002749,110,151,0.0162,67
DRING-043,CLM-002823,110,151,0.0162,67
DRING-043,CLM-003034,110,151,0.0162,67
DRING-043,CLM-003224,110,151,0.0162,67
DRING-043,CLM-003277,110,151,0.0162,67
DRING-043,CLM-003327,110,151,0.0162,67
DRING-043,CLM-003354,110,151,0.0162,67
DRING-043,CLM-003366,110,151,0.0162,67
DRING-043,CLM-003546,110,151,0.0162,67
DRING-043,CLM-003571,110,151,0.0162,67
DRING-043,CLM-003743,110,151,0.0162,67
DRING-043,CLM-003830,110,151,0.0162,67
DRING-043,CLM-003950,110,151,0.0162,67
DRING-043,CLM-004060,110,151,0.0162,67
DRING-043,CLM-004176,110,151,0.0162,67
DRING-043,CLM-004447,110,151,0.0162,67
DRING-043,CLM-004491,110,151,0.0162,67
DRING-043,CLM-004955,110,151,0.0162,67
DRING-043,CLM-004989,110,151,0.0162,67
DRING-043,CLM-005060,110,151,0.0162,67
DRING-043,CLM-005313,110,151,0.0162,67
DRING-043,CLM-005502,110,151,0.0162,67
DRING-043,CLM-005554,110,151,0.0162,67
DRING-043,CLM-005558,110,151,0.0162,67
DRING-043,CLM-005645,110,151,0.0162,67
DRING-043,CLM-005676,110,151,0.0162,67
DRING-043,CLM-005802,110,151,0.0162,67
DRING-043,CLM-005903,110,151,0.0162,67
DRING-043,CLM-006132,110,151,0.0162,67
DRING-043,CLM-006239,110,151,0.0162,67
DRING-043,CLM-006314,110,151,0.0162,67
DRING-043,CLM-006348,110,151,0.0162,67
DRING-043,CLM-006358,110,151,0.0162,67
DRING-043,CLM-006521,110,151,0.0162,67
DRING-043,CLM-006831,110,151,0.0162,67
DRING-043,CLM-007046,110,151,0.0162,67
DRING-043,CLM-007047,110,151,0.0162,67
DRING-043,CLM-007048,110,151,0.0162,67
DRING-043,CLM-DEMO-001,110,151,0.0162,67
DRING-043,CLM-007091,110,151,0.0162,67
DRING-043,CLM-007092,110,151,0.0162,67
DRING-043,CLM-007093,110,151,0.0162,67
DRING-044,CLM-000067,50,142,0.0174,63
DRING-044,CLM-000125,50,142,0.0174,63
DRING-044,CLM-000137,50,142,0.0174,63
DRING-044,CLM-000206,50,142,0.0174,63
DRING-044,CLM-000307,50,142,0.0174,63
DRING-044,CLM-000380,50,142,0.0174,63
DRING-044,CLM-000427,50,142,0.0174,63
DRING-044,CLM-000616,50,142,0.0174,63
DRING-044,CLM-000678,50,142,0.0174,63
DRING-044,CLM-000765,50,142,0.0174,63
DRING-044,CLM-000818,50,142,0.0174,63
DRING-044,CLM-000917,50,142,0.0174,63
DRING-044,CLM-001045,50,142,0.0174,63
DRING-044,CLM-001048,50,142,0.0174,63
DRING-044,CLM-001220,50,142,0.0174,63
DRING-044,CLM-001388,50,142,0.0174,63
DRING-044,CLM-001534,50,142,0.0174,63
DRING-044,CLM-001774,50,142,0.0174,63
DRING-044,CLM-002023,50,142,0.0174,63
DRING-044,CLM-002290,50,142,0.0174,63
DRING-044,CLM-002296,50,142,0.0174,63
DRING-044,CLM-002366,50,142,0.0174,63
DRING-044,CLM-002412,50,142,0.0174,63
DRING-044,CLM-002416,50,142,0.0174,63
DRING-044,CLM-002460,50,142,0.0174,63
DRING-044,CLM-002475,50,142,0.0174,63
DRING-044,CLM-002512,50,142,0.0174,63
DRING-044,CLM-002629,50,142,0.0174,63
DRING-044,CLM-002635,50,142,0.0174,63
DRING-044,CLM-003037,50,142,0.0174,63
DRING-044,CLM-003044,50,142,0.0174,63
DRING-044,CLM-003164,50,142,0.0174,63
DRING-044,CLM-003208,50,142,0.0174,63
DRING-044,CLM-003455,50,142,0.0174,63
DRING-044,CLM-003562,50,142,0.0174,63
DRING-044,CLM-003607,50,142,0.0174,63
DRING-044,CLM-003686,50,142,0.0174,63
DRING-044,CLM-003760,50,142,0.0174,63
DRING-044,CLM-004163,50,142,0.0174,63
DRING-044,CLM-004311,50,142,0.0174,63
DRING-044,CLM-004566,50,142,0.0174,63
DRING-044,CLM-005122,50,142,0.0174,63
DRING-044,CLM-005142,50,142,0.0174,63
DRING-044,CLM-005173,50,142,0.0174,63
DRING-044,CLM-005239,50,142,0.0174,63
DRING-044,CLM-005328,50,142,0.0174,63
DRING-044,CLM-005584,50,142,0.0174,63
DRING-044,CLM-005694,50,142,0.0174,63
DRING-044,CLM-005800,50,142,0.0174,63
DRING-044,CLM-005835,50,142,0.0174,63
DRING-044,CLM-006016,50,142,0.0174,63
DRING-044,CLM-006180,50,142,0.0174,63
DRING-044,CLM-006184,50,142,0.0174,63
DRING-044,CLM-006281,50,142,0.0174,63
DRING-044,CLM-006518,50,142,0.0174,63
DRING-044,CLM-006529,50,142,0.0174,63
DRING-044,CLM-006600,50,142,0.0174,63
DRING-044,CLM-006699,50,142,0.0174,63
DRING-044,CLM-006724,50,142,0.0174,63
DRING-044,CLM-006750,50,142,0.0174,63
DRING-044,CLM-006798,50,142,0.0174,63
DRING-044,CLM-006968,50,142,0.0174,63
DRING-044,CLM-007049,50,142,0.0174,63
DRING-045,CLM-000073,54,156,0.0148,65
DRING-045,CLM-000079,54,156,0.0148,65
DRING-045,CLM-000127,54,156,0.0148,65
DRING-045,CLM-000308,54,156,0.0148,65
DRING-045,CLM-000315,54,156,0.0148,65
DRING-045,CLM-000334,54,156,0.0148,65
DRING-045,CLM-000421,54,156,0.0148,65
DRING-045,CLM-000470,54,156,0.0148,65
DRING-045,CLM-000513,54,156,0.0148,65
DRING-045,CLM-000636,54,156,0.0148,65
DRING-045,CLM-000681,54,156,0.0148,65
DRING-045,CLM-000734,54,156,0.0148,65
DRING-045,CLM-000784,54,156,0.0148,65
DRING-045,CLM-001075,54,156,0.0148,65
DRING-045,CLM-001198,54,156,0.0148,65
DRING-045,CLM-001369,54,156,0.0148,65
DRING-045,CLM-001402,54,156,0.0148,65
DRING-045,CLM-001701,54,156,0.0148,65
DRING-045,CLM-001718,54,156,0.0148,65
DRING-045,CLM-001890,54,156,0.0148,65
DRING-045,CLM-002033,54,156,0.0148,65
DRING-045,CLM-002058,54,156,0.0148,65
DRING-045,CLM-002118,54,156,0.0148,65
DRING-045,CLM-002125,54,156,0.0148,65
DRING-045,CLM-002387,54,156,0.0148,65
DRING-045,CLM-002665,54,156,0.0148,65
DRING-045,CLM-002671,54,156,0.0148,65
DRING-045,CLM-002691,54,156,0.0148,65
DRING-045,CLM-002808,54,156,0.0148,65
DRING-045,CLM-002828,54,156,0.0148,65
DRING-045,CLM-002840,54,156,0.0148,65
DRING-045,CLM-002872,54,156,0.0148,65
DRING-045,CLM-003067,54,156,0.0148,65
DRING-045,CLM-003212,54,156,0.0148,65
DRING-045,CLM-003241,54,156,0.0148,65
DRING-045,CLM-003287,54,156,0.0148,65
DRING-045,CLM-003378,54,156,0.0148,65
DRING-045,CLM-003522,54,156,0.0148,65
DRING-045,CLM-003567,54,156,0.0148,65
DRING-045,CLM-003702,54,156,0.0148,65
DRING-045,CLM-003907,54,156,0.0148,65
DRING-045,CLM-003958,54,156,0.0148,65
DRING-045,CLM-003968,54,156,0.0148,65
DRING-045,CLM-004019,54,156,0.0148,65
DRING-045,CLM-004047,54,156,0.0148,65
DRING-045,CLM-004096,54,156,0.0148,65
DRING-045,CLM-004420,54,156,0.0148,65
DRING-045,CLM-004428,54,156,0.0148,65
DRING-045,CLM-004572,54,156,0.0148,65
DRING-045,CLM-004581,54,156,0.0148,65
DRING-045,CLM-005000,54,156,0.0148,65
DRING-045,CLM-005135,54,156,0.0148,65
DRING-045,CLM-005215,54,156,0.0148,65
DRING-045,CLM-005419,54,156,0.0148,65
DRING-045,CLM-005484,54,156,0.0148,65
DRING-045,CLM-005576,54,156,0.0148,65
DRING-045,CLM-005873,54,156,0.0148,65
DRING-045,CLM-006146,54,156,0.0148,65
DRING-045,CLM-006297,54,156,0.0148,65
DRING-045,CLM-006442,54,156,0.0148,65
DRING-045,CLM-006590,54,156,0.0148,65
DRING-045,CLM-006640,54,156,0.0148,65
DRING-045,CLM-006691,54,156,0.0148,65
DRING-045,CLM-006908,54,156,0.0148,65
DRING-045,CLM-006917,54,156,0.0148,65
DRING-046,CLM-000076,120,173,0.0142,78
DRING-046,CLM-000326,120,173,0.0142,78
DRING-046,CLM-000338,120,173,0.0142,78
DRING-046,CLM-000369,120,173,0.0142,78
DRING-046,CLM-000451,120,173,0.0142,78
DRING-046,CLM-000624,120,173,0.0142,78
DRING-046,CLM-000815,120,173,0.0142,78
DRING-046,CLM-000852,120,173,0.0142,78
DRING-046,CLM-000893,120,173,0.0142,78
DRING-046,CLM-000939,120,173,0.0142,78
DRING-046,CLM-000993,120,173,0.0142,78
DRING-046,CLM-001022,120,173,0.0142,78
DRING-046,CLM-001177,120,173,0.0142,78
DRING-046,CLM-001382,120,173,0.0142,78
DRING-046,CLM-001384,120,173,0.0142,78
DRING-046,CLM-001464,120,173,0.0142,78
DRING-046,CLM-001494,120,173,0.0142,78
DRING-046,CLM-001527,120,173,0.0142,78
DRING-046,CLM-001559,120,173,0.0142,78
DRING-046,CLM-001656,120,173,0.0142,78
DRING-046,CLM-001757,120,173,0.0142,78
DRING-046,CLM-001771,120,173,0.0142,78
DRING-046,CLM-001831,120,173,0.0142,78
DRING-046,CLM-001911,120,173,0.0142,78
DRING-046,CLM-001946,120,173,0.0142,78
DRING-046,CLM-002007,120,173,0.0142,78
DRING-046,CLM-002219,120,173,0.0142,78
DRING-046,CLM-002234,120,173,0.0142,78
DRING-046,CLM-002321,120,173,0.0142,78
DRING-046,CLM-002504,120,173,0.0142,78
DRING-046,CLM-002526,120,173,0.0142,78
DRING-046,CLM-002538,120,173,0.0142,78
DRING-046,CLM-002605,120,173,0.0142,78
DRING-046,CLM-002623,120,173,0.0142,78
DRING-046,CLM-002642,120,173,0.0142,78
DRING-046,CLM-002821,120,173,0.0142,78
DRING-046,CLM-002905,120,173,0.0142,78
DRING-046,CLM-002938,120,173,0.0142,78
DRING-046,CLM-003226,120,173,0.0142,78
DRING-046,CLM-003478,120,173,0.0142,78
DRING-046,CLM-003551,120,173,0.0142,78
DRING-046,CLM-003574,120,173,0.0142,78
DRING-046,CLM-003611,120,173,0.0142,78
DRING-046,CLM-003637,120,173,0.0142,78
DRING-046,CLM-003645,120,173,0.0142,78
DRING-046,CLM-003653,120,173,0.0142,78
DRING-046,CLM-003725,120,173,0.0142,78
DRING-046,CLM-003894,120,173,0.0142,78
DRING-046,CLM-004094,120,173,0.0142,78
DRING-046,CLM-004196,120,173,0.0142,78
DRING-046,CLM-004211,120,173,0.0142,78
DRING-046,CLM-004306,120,173,0.0142,78
DRING-046,CLM-004333,120,173,0.0142,78
DRING-046,CLM-004635,120,173,0.0142,78
DRING-046,CLM-004712,120,173,0.0142,78
DRING-046,CLM-004832,120,173,0.0142,78
DRING-046,CLM-004932,120,173,0.0142,78
DRING-046,CLM-004972,120,173,0.0142,78
DRING-046,CLM-005032,120,173,0.0142,78
DRING-046,CLM-005090,120,173,0.0142,78
DRING-046,CLM-005145,120,173,0.0142,78
DRING-046,CLM-005163,120,173,0.0142,78
DRING-046,CLM-005259,120,173,0.0142,78
DRING-046,CLM-005286,120,173,0.0142,78
DRING-046,CLM-005476,120,173,0.0142,78
DRING-046,CLM-005522,120,173,0.0142,78
DRING-046,CLM-005601,120,173,0.0142,78
DRING-046,CLM-005639,120,173,0.0142,78
DRING-046,CLM-005839,120,173,0.0142,78
DRING-046,CLM-006028,120,173,0.0142,78
DRING-046,CLM-006210,120,173,0.0142,78
DRING-046,CLM-006334,120,173,0.0142,78
DRING-046,CLM-006379,120,173,0.0142,78
DRING-046,CLM-006459,120,173,0.0142,78
DRING-046,CLM-006651,120,173,0.0142,78
DRING-046,CLM-006839,120,173,0.0142,78
DRING-046,CLM-006903,120,173,0.0142,78
DRING-046,CLM-006975,120,173,0.0142,78
DRING-047,CLM-000078,57,193,0.0127,87
DRING-047,CLM-000126,57,193,0.0127,87
DRING-047,CLM-000353,57,193,0.0127,87
DRING-047,CLM-000445,57,193,0.0127,87
DRING-047,CLM-000589,57,193,0.0127,87
DRING-047,CLM-000674,57,193,0.0127,87
DRING-047,CLM-000854,57,193,0.0127,87
DRING-047,CLM-001029,57,193,0.0127,87
DRING-047,CLM-001030,57,193,0.0127,87
DRING-047,CLM-001061,57,193,0.0127,87
DRING-047,CLM-001082,57,193,0.0127,87
DRING-047,CLM-001084,57,193,0.0127,87
DRING-047,CLM-001189,57,193,0.0127,87
DRING-047,CLM-001275,57,193,0.0127,87
DRING-047,CLM-001281,57,193,0.0127,87
DRING-047,CLM-001291,57,193,0.0127,87
DRING-047,CLM-001490,57,193,0.0127,87
DRING-047,CLM-001492,57,193,0.0127,87
DRING-047,CLM-001511,57,193,0.0127,87
DRING-047,CLM-001840,57,193,0.0127,87
DRING-047,CLM-001870,57,193,0.0127,87
DRING-047,CLM-002100,57,193,0.0127,87
DRING-047,CLM-002293,57,193,0.0127,87
DRING-047,CLM-002453,57,193,0.0127,87
DRING-047,CLM-002516,57,193,0.0127,87
DRING-047,CLM-002584,57,193,0.0127,87
DRING-047,CLM-002667,57,193,0.0127,87
DRING-047,CLM-002901,57,193,0.0127,87
DRING-047,CLM-002958,57,193,0.0127,87
DRING-047,CLM-002980,57,193,0.0127,87
DRING-047,CLM-003299,57,193,0.0127,87
DRING-047,CLM-003325,57,193,0.0127,87
DRING-047,CLM-003361,57,193,0.0127,87
DRING-047,CLM-003375,57,193,0.0127,87
DRING-047,CLM-003454,57,193,0.0127,87
DRING-047,CLM-003499,57,193,0.0127,87
DRING-047,CLM-003529,57,193,0.0127,87
DRING-047,CLM-003545,57,193,0.0127,87
DRING-047,CLM-003587,57,193,0.0127,87
DRING-047,CLM-003726,57,193,0.0127,87
DRING-047,CLM-003730,57,193,0.0127,87
DRING-047,CLM-003769,57,193,0.0127,87
DRING-047,CLM-003823,57,193,0.0127,87
DRING-047,CLM-003969,57,193,0.0127,87
DRING-047,CLM-004051,57,193,0.0127,87
DRING-047,CLM-004087,57,193,0.0127,87
DRING-047,CLM-004152,57,193,0.0127,87
DRING-047,CLM-004344,57,193,0.0127,87
DRING-047,CLM-004390,57,193,0.0127,87
DRING-047,CLM-004525,57,193,0.0127,87
DRING-047,CLM-004638,57,193,0.0127,87
DRING-047,CLM-004690,57,193,0.0127,87
DRING-047,CLM-004776,57,193,0.0127,87
DRING-047,CLM-004959,57,193,0.0127,87
DRING-047,CLM-004987,57,193,0.0127,87
DRING-047,CLM-005053,57,193,0.0127,87
DRING-047,CLM-005108,57,193,0.0127,87
DRING-047,CLM-005181,57,193,0.0127,87
DRING-047,CLM-005191,57,193,0.0127,87
DRING-047,CLM-005403,57,193,0.0127,87
DRING-047,CLM-005431,57,193,0.0127,87
DRING-047,CLM-005514,57,193,0.0127,87
DRING-047,CLM-005586,57,193,0.0127,87
DRING-047,CLM-005605,57,193,0.0127,87
DRING-047,CLM-005696,57,193,0.0127,87
DRING-047,CLM-005742,57,193,0.0127,87
DRING-047,CLM-005799,57,193,0.0127,87
DRING-047,CLM-005900,57,193,0.0127,87
DRING-047,CLM-006083,57,193,0.0127,87
DRING-047,CLM-006128,57,193,0.0127,87
DRING-047,CLM-006304,57,193,0.0127,87
DRING-047,CLM-006356,57,193,0.0127,87
DRING-047,CLM-006402,57,193,0.0127,87
DRING-047,CLM-006423,57,193,0.0127,87
DRING-047,CLM-006467,57,193,0.0127,87
DRING-047,CLM-006755,57,193,0.0127,87
DRING-047,CLM-006891,57,193,0.0127,87
DRING-047,CLM-006898,57,193,0.0127,87
DRING-047,CLM-007031,57,193,0.0127,87
DRING-047,CLM-007032,57,193,0.0127,87
DRING-047,CLM-007033,57,193,0.0127,87
DRING-047,CLM-007034,57,193,0.0127,87
DRING-047,CLM-007035,57,193,0.0127,87
DRING-047,CLM-007036,57,193,0.0127,87
DRING-047,CLM-007037,57,193,0.0127,87
DRING-047,CLM-007038,57,193,0.0127,87
DRING-047,CLM-007039,57,193,0.0127,87
DRING-048,CLM-000080,112,172,0.014,77
DRING-048,CLM-000086,112,172,0.014,77
DRING-048,CLM-000271,112,172,0.014,77
DRING-048,CLM-000288,112,172,0.014,77
DRING-048,CLM-000363,112,172,0.014,77
DRING-048,CLM-000386,112,172,0.014,77
DRING-048,CLM-000397,112,172,0.014,77
DRING-048,CLM-000497,112,172,0.014,77
DRING-048,CLM-000680,112,172,0.014,77
DRING-048,CLM-000725,112,172,0.014,77
DRING-048,CLM-001013,112,172,0.014,77
DRING-048,CLM-001024,112,172,0.014,77
DRING-048,CLM-001027,112,172,0.014,77
DRING-048,CLM-001219,112,172,0.014,77
DRING-048,CLM-001279,112,172,0.014,77
DRING-048,CLM-001289,112,172,0.014,77
DRING-048,CLM-001419,112,172,0.014,77
DRING-048,CLM-001479,112,172,0.014,77
DRING-048,CLM-001508,112,172,0.014,77
DRING-048,CLM-001651,112,172,0.014,77
DRING-048,CLM-001846,112,172,0.014,77
DRING-048,CLM-001852,112,172,0.014,77
DRING-048,CLM-001854,112,172,0.014,77
DRING-048,CLM-001910,112,172,0.014,77
DRING-048,CLM-002005,112,172,0.014,77
DRING-048,CLM-002404,112,172,0.014,77
DRING-048,CLM-002664,112,172,0.014,77
DRING-048,CLM-002756,112,172,0.014,77
DRING-048,CLM-002801,112,172,0.014,77
DRING-048,CLM-002815,112,172,0.014,77
DRING-048,CLM-002857,112,172,0.014,77
DRING-048,CLM-002886,112,172,0.014,77
DRING-048,CLM-003133,112,172,0.014,77
DRING-048,CLM-003195,112,172,0.014,77
DRING-048,CLM-003566,112,172,0.014,77
DRING-048,CLM-003649,112,172,0.014,77
DRING-048,CLM-003650,112,172,0.014,77
DRING-048,CLM-003754,112,172,0.014,77
DRING-048,CLM-003954,112,172,0.014,77
DRING-048,CLM-003960,112,172,0.014,77
DRING-048,CLM-004068,112,172,0.014,77
DRING-048,CLM-004090,112,172,0.014,77
DRING-048,CLM-004171,112,172,0.014,77
DRING-048,CLM-004334,112,172,0.014,77
DRING-048,CLM-004445,112,172,0.014,77
DRING-048,CLM-004658,112,172,0.014,77
DRING-048,CLM-004665,112,172,0.014,77
DRING-048,CLM-004682,112,172,0.014,77
DRING-048,CLM-004835,112,172,0.014,77
DRING-048,CLM-004899,112,172,0.014,77
DRING-048,CLM-005234,112,172,0.014,77
DRING-048,CLM-005369,112,172,0.014,77
DRING-048,CLM-005409,112,172,0.014,77
DRING-048,CLM-005411,112,172,0.014,77
DRING-048,CLM-005493,112,172,0.014,77
DRING-048,CLM-005611,112,172,0.014,77
DRING-048,CLM-006034,112,172,0.014,77
DRING-048,CLM-006090,112,172,0.014,77
DRING-048,CLM-006093,112,172,0.014,77
DRING-048,CLM-006105,112,172,0.014,77
DRING-048,CLM-006179,112,172,0.014,77
DRING-048,CLM-006195,112,172,0.014,77
DRING-048,CLM-006245,112,172,0.014,77
DRING-048,CLM-006274,112,172,0.014,77
DRING-048,CLM-006279,112,172,0.014,77
DRING-048,CLM-006328,112,172,0.014,77
DRING-048,CLM-006382,112,172,0.014,77
DRING-048,CLM-006439,112,172,0.014,77
DRING-048,CLM-006544,112,172,0.014,77
DRING-048,CLM-006576,112,172,0.014,77
DRING-048,CLM-006679,112,172,0.014,77
DRING-048,CLM-006703,112,172,0.014,77
DRING-048,CLM-006788,112,172,0.014,77
DRING-048,CLM-006944,112,172,0.014,77
DRING-048,CLM-007015,112,172,0.014,77
DRING-048,CLM-007068,112,172,0.014,77
DRING-048,CLM-007070,112,172,0.014,77
DRING-049,CLM-000085,60,185,0.0133,85
DRING-049,CLM-000101,60,185,0.0133,85
DRING-049,CLM-000130,60,185,0.0133,85
DRING-049,CLM-000142,60,185,0.0133,85
DRING-049,CLM-000370,60,185,0.0133,85
DRING-049,CLM-000465,60,185,0.0133,85
DRING-049,CLM-000602,60,185,0.0133,85
DRING-049,CLM-000610,60,185,0.0133,85
DRING-049,CLM-000723,60,185,0.0133,85
DRING-049,CLM-000732,60,185,0.0133,85
DRING-049,CLM-000778,60,185,0.0133,85
DRING-049,CLM-000782,60,185,0.0133,85
DRING-049,CLM-000809,60,185,0.0133,85
DRING-049,CLM-000875,60,185,0.0133,85
DRING-049,CLM-000885,60,185,0.0133,85
DRING-049,CLM-001017,60,185,0.0133,85
DRING-049,CLM-001079,60,185,0.0133,85
DRING-049,CLM-001096,60,185,0.0133,85
DRING-049,CLM-001103,60,185,0.0133,85
DRING-049,CLM-001108,60,185,0.0133,85
DRING-049,CLM-001175,60,185,0.0133,85
DRING-049,CLM-001179,60,185,0.0133,85
DRING-049,CLM-001213,60,185,0.0133,85
DRING-049,CLM-001254,60,185,0.0133,85
DRING-049,CLM-001259,60,185,0.0133,85
DRING-049,CLM-001262,60,185,0.0133,85
DRING-049,CLM-001269,60,185,0.0133,85
DRING-049,CLM-001341,60,185,0.0133,85
DRING-049,CLM-001371,60,185,0.0133,85
DRING-049,CLM-001540,60,185,0.0133,85
DRING-049,CLM-001561,60,185,0.0133,85
DRING-049,CLM-001604,60,185,0.0133,85
DRING-049,CLM-001619,60,185,0.0133,85
DRING-049,CLM-001679,60,185,0.0133,85
DRING-049,CLM-001707,60,185,0.0133,85
DRING-049,CLM-001749,60,185,0.0133,85
DRING-049,CLM-001979,60,185,0.0133,85
DRING-049,CLM-002074,60,185,0.0133,85
DRING-049,CLM-002134,60,185,0.0133,85
DRING-049,CLM-002207,60,185,0.0133,85
DRING-049,CLM-002211,60,185,0.0133,85
DRING-049,CLM-002313,60,185,0.0133,85
DRING-049,CLM-002464,60,185,0.0133,85
DRING-049,CLM-002499,60,185,0.0133,85
DRING-049,CLM-002550,60,185,0.0133,85
DRING-049,CLM-002640,60,185,0.0133,85
DRING-049,CLM-002744,60,185,0.0133,85
DRING-049,CLM-002806,60,185,0.0133,85
DRING-049,CLM-002883,60,185,0.0133,85
DRING-049,CLM-003117,60,185,0.0133,85
DRING-049,CLM-003132,60,185,0.0133,85
DRING-049,CLM-003272,60,185,0.0133,85
DRING-049,CLM-003479,60,185,0.0133,85
DRING-049,CLM-003660,60,185,0.0133,85
DRING-049,CLM-003825,60,185,0.0133,85
DRING-049,CLM-003841,60,185,0.0133,85
DRING-049,CLM-004126,60,185,0.0133,85
DRING-049,CLM-004159,60,185,0.0133,85
DRING-049,CLM-004238,60,185,0.0133,85
DRING-049,CLM-004423,60,185,0.0133,85
DRING-049,CLM-004516,60,185,0.0133,85
DRING-049,CLM-004615,60,185,0.0133,85
DRING-049,CLM-004621,60,185,0.0133,85
DRING-049,CLM-004650,60,185,0.0133,85
DRING-049,CLM-004988,60,185,0.0133,85
DRING-049,CLM-005115,60,185,0.0133,85
DRING-049,CLM-005117,60,185,0.0133,85
DRING-049,CLM-005344,60,185,0.0133,85
DRING-049,CLM-005363,60,185,0.0133,85
DRING-049,CLM-005438,60,185,0.0133,85
DRING-049,CLM-005520,60,185,0.0133,85
DRING-049,CLM-005677,60,185,0.0133,85
DRING-049,CLM-005780,60,185,0.0133,85
DRING-049,CLM-005784,60,185,0.0133,85
DRING-049,CLM-005830,60,185,0.0133,85
DRING-049,CLM-005869,60,185,0.0133,85
DRING-049,CLM-005991,60,185,0.0133,85
DRING-049,CLM-006003,60,185,0.0133,85
DRING-049,CLM-006031,60,185,0.0133,85
DRING-049,CLM-006139,60,185,0.0133,85
DRING-049,CLM-006143,60,185,0.0133,85
DRING-049,CLM-006366,60,185,0.0133,85
DRING-049,CLM-006435,60,185,0.0133,85
DRING-049,CLM-006563,60,185,0.0133,85
DRING-049,CLM-006769,60,185,0.0133,85
DRING-050,CLM-000087,102,256,0.01,125
DRING-050,CLM-000105,102,256,0.01,125
DRING-050,CLM-000212,102,256,0.01,125
DRING-050,CLM-000237,102,256,0.01,125
DRING-050,CLM-000238,102,256,0.01,125
DRING-050,CLM-000262,102,256,0.01,125
DRING-050,CLM-000293,102,256,0.01,125
DRING-050,CLM-000357,102,256,0.01,125
DRING-050,CLM-000385,102,256,0.01,125
DRING-050,CLM-000403,102,256,0.01,125
DRING-050,CLM-000450,102,256,0.01,125
DRING-050,CLM-000461,102,256,0.01,125
DRING-050,CLM-000506,102,256,0.01,125
DRING-050,CLM-000510,102,256,0.01,125
DRING-050,CLM-000557,102,256,0.01,125
DRING-050,CLM-000726,102,256,0.01,125
DRING-050,CLM-000779,102,256,0.01,125
DRING-050,CLM-000825,102,256,0.01,125
DRING-050,CLM-000841,102,256,0.01,125
DRING-050,CLM-000997,102,256,0.01,125
DRING-050,CLM-001097,102,256,0.01,125
DRING-050,CLM-001217,102,256,0.01,125
DRING-050,CLM-001268,102,256,0.01,125
DRING-050,CLM-001365,102,256,0.01,125
DRING-050,CLM-001437,102,256,0.01,125
DRING-050,CLM-001598,102,256,0.01,125
DRING-050,CLM-001603,102,256,0.01,125
DRING-050,CLM-001655,102,256,0.01,125
DRING-050,CLM-001708,102,256,0.01,125
DRING-050,CLM-001715,102,256,0.01,125
DRING-050,CLM-001739,102,256,0.01,125
DRING-050,CLM-001784,102,256,0.01,125
DRING-050,CLM-001859,102,256,0.01,125
DRING-050,CLM-001943,102,256,0.01,125
DRING-050,CLM-001968,102,256,0.01,125
DRING-050,CLM-002095,102,256,0.01,125
DRING-050,CLM-002135,102,256,0.01,125
DRING-050,CLM-002142,102,256,0.01,125
DRING-050,CLM-002204,102,256,0.01,125
DRING-050,CLM-002245,102,256,0.01,125
DRING-050,CLM-002257,102,256,0.01,125
DRING-050,CLM-002361,102,256,0.01,125
DRING-050,CLM-002456,102,256,0.01,125
DRING-050,CLM-002468,102,256,0.01,125
DRING-050,CLM-002930,102,256,0.01,125
DRING-050,CLM-002995,102,256,0.01,125
DRING-050,CLM-003008,102,256,0.01,125
DRING-050,CLM-003025,102,256,0.01,125
DRING-050,CLM-003038,102,256,0.01,125
DRING-050,CLM-003075,102,256,0.01,125
DRING-050,CLM-003113,102,256,0.01,125
DRING-050,CLM-003166,102,256,0.01,125
DRING-050,CLM-003178,102,256,0.01,125
DRING-050,CLM-003213,102,256,0.01,125
DRING-050,CLM-003328,102,256,0.01,125
DRING-050,CLM-003348,102,256,0.01,125
DRING-050,CLM-003411,102,256,0.01,125
DRING-050,CLM-003489,102,256,0.01,125
DRING-050,CLM-003557,102,256,0.01,125
DRING-050,CLM-003597,102,256,0.01,125
DRING-050,CLM-003700,102,256,0.01,125
DRING-050,CLM-003891,102,256,0.01,125
DRING-050,CLM-003926,102,256,0.01,125
DRING-050,CLM-003935,102,256,0.01,125
DRING-050,CLM-003952,102,256,0.01,125
DRING-050,CLM-003989,102,256,0.01,125
DRING-050,CLM-004093,102,256,0.01,125
DRING-050,CLM-004127,102,256,0.01,125
DRING-050,CLM-004130,102,256,0.01,125
DRING-050,CLM-004148,102,256,0.01,125
DRING-050,CLM-004170,102,256,0.01,125
DRING-050,CLM-004265,102,256,0.01,125
DRING-050,CLM-004369,102,256,0.01,125
DRING-050,CLM-004555,102,256,0.01,125
DRING-050,CLM-004559,102,256,0.01,125
DRING-050,CLM-004576,102,256,0.01,125
DRING-050,CLM-004603,102,256,0.01,125
DRING-050,CLM-004627,102,256,0.01,125
DRING-050,CLM-004659,102,256,0.01,125
DRING-050,CLM-004789,102,256,0.01,125
DRING-050,CLM-004865,102,256,0.01,125
DRING-050,CLM-004881,102,256,0.01,125
DRING-050,CLM-004911,102,256,0.01,125
DRING-050,CLM-004951,102,256,0.01,125
DRING-050,CLM-005030,102,256,0.01,125
DRING-050,CLM-005190,102,256,0.01,125
DRING-050,CLM-005220,102,256,0.01,125
DRING-050,CLM-005278,102,256,0.01,125
DRING-050,CLM-005307,102,256,0.01,125
DRING-050,CLM-005312,102,256,0.01,125
DRING-050,CLM-005370,102,256,0.01,125
DRING-050,CLM-005422,102,256,0.01,125
DRING-050,CLM-005481,102,256,0.01,125
DRING-050,CLM-005512,102,256,0.01,125
DRING-050,CLM-005560,102,256,0.01,125
DRING-050,CLM-005573,102,256,0.01,125
DRING-050,CLM-005650,102,256,0.01,125
DRING-050,CLM-005734,102,256,0.01,125
DRING-050,CLM-005867,102,256,0.01,125
DRING-050,CLM-005936,102,256,0.01,125
DRING-050,CLM-005964,102,256,0.01,125
DRING-050,CLM-005965,102,256,0.01,125
DRING-050,CLM-006045,102,256,0.01,125
DRING-050,CLM-006059,102,256,0.01,125
DRING-050,CLM-006235,102,256,0.01,125
DRING-050,CLM-006258,102,256,0.01,125
DRING-050,CLM-006278,102,256,0.01,125
DRING-050,CLM-006309,102,256,0.01,125
DRING-050,CLM-006373,102,256,0.01,125
DRING-050,CLM-006424,102,256,0.01,125
DRING-050,CLM-006483,102,256,0.01,125
DRING-050,CLM-006578,102,256,0.01,125
DRING-050,CLM-006601,102,256,0.01,125
DRING-050,CLM-006654,102,256,0.01,125
DRING-050,CLM-006670,102,256,0.01,125
DRING-050,CLM-006672,102,256,0.01,125
DRING-050,CLM-006694,102,256,0.01,125
DRING-050,CLM-006695,102,256,0.01,125
DRING-050,CLM-006715,102,256,0.01,125
DRING-050,CLM-006725,102,256,0.01,125
DRING-050,CLM-006816,102,256,0.01,125
DRING-050,CLM-006868,102,256,0.01,125
DRING-050,CLM-006904,102,256,0.01,125
DRING-050,CLM-006953,102,256,0.01,125
DRING-050,CLM-007040,102,256,0.01,125
DRING-051,CLM-000092,46,231,0.0108,108
DRING-051,CLM-000135,46,231,0.0108,108
DRING-051,CLM-000172,46,231,0.0108,108
DRING-051,CLM-000222,46,231,0.0108,108
DRING-051,CLM-000275,46,231,0.0108,108
DRING-051,CLM-000515,46,231,0.0108,108
DRING-051,CLM-000601,46,231,0.0108,108
DRING-051,CLM-000619,46,231,0.0108,108
DRING-051,CLM-000648,46,231,0.0108,108
DRING-051,CLM-000882,46,231,0.0108,108
DRING-051,CLM-000892,46,231,0.0108,108
DRING-051,CLM-001067,46,231,0.0108,108
DRING-051,CLM-001260,46,231,0.0108,108
DRING-051,CLM-001387,46,231,0.0108,108
DRING-051,CLM-001445,46,231,0.0108,108
DRING-051,CLM-001498,46,231,0.0108,108
DRING-051,CLM-001752,46,231,0.0108,108
DRING-051,CLM-001772,46,231,0.0108,108
DRING-051,CLM-002043,46,231,0.0108,108
DRING-051,CLM-002048,46,231,0.0108,108
DRING-051,CLM-002096,46,231,0.0108,108
DRING-051,CLM-002146,46,231,0.0108,108
DRING-051,CLM-002206,46,231,0.0108,108
DRING-051,CLM-002312,46,231,0.0108,108
DRING-051,CLM-002324,46,231,0.0108,108
DRING-051,CLM-002347,46,231,0.0108,108
DRING-051,CLM-002354,46,231,0.0108,108
DRING-051,CLM-002379,46,231,0.0108,108
DRING-051,CLM-002533,46,231,0.0108,108
DRING-051,CLM-002547,46,231,0.0108,108
DRING-051,CLM-002595,46,231,0.0108,108
DRING-051,CLM-002617,46,231,0.0108,108
DRING-051,CLM-002619,46,231,0.0108,108
DRING-051,CLM-002652,46,231,0.0108,108
DRING-051,CLM-002666,46,231,0.0108,108
DRING-051,CLM-002852,46,231,0.0108,108
DRING-051,CLM-002906,46,231,0.0108,108
DRING-051,CLM-002987,46,231,0.0108,108
DRING-051,CLM-002988,46,231,0.0108,108
DRING-051,CLM-003016,46,231,0.0108,108
DRING-051,CLM-003069,46,231,0.0108,108
DRING-051,CLM-003202,46,231,0.0108,108
DRING-051,CLM-003244,46,231,0.0108,108
DRING-051,CLM-003303,46,231,0.0108,108
DRING-051,CLM-003342,46,231,0.0108,108
DRING-051,CLM-003429,46,231,0.0108,108
DRING-051,CLM-003482,46,231,0.0108,108
DRING-051,CLM-003510,46,231,0.0108,108
DRING-051,CLM-003565,46,231,0.0108,108
DRING-051,CLM-003844,46,231,0.0108,108
DRING-051,CLM-003849,46,231,0.0108,108
DRING-051,CLM-003855,46,231,0.0108,108
DRING-051,CLM-003919,46,231,0.0108,108
DRING-051,CLM-003922,46,231,0.0108,108
DRING-051,CLM-003944,46,231,0.0108,108
DRING-051,CLM-004017,46,231,0.0108,108
DRING-051,CLM-004026,46,231,0.0108,108
DRING-051,CLM-004103,46,231,0.0108,108
DRING-051,CLM-004154,46,231,0.0108,108
DRING-051,CLM-004183,46,231,0.0108,108
DRING-051,CLM-004198,46,231,0.0108,108
DRING-051,CLM-004271,46,231,0.0108,108
DRING-051,CLM-004277,46,231,0.0108,108
DRING-051,CLM-004451,46,231,0.0108,108
DRING-051,CLM-004547,46,231,0.0108,108
DRING-051,CLM-004597,46,231,0.0108,108
DRING-051,CLM-004676,46,231,0.0108,108
DRING-051,CLM-004686,46,231,0.0108,108
DRING-051,CLM-004753,46,231,0.0108,108
DRING-051,CLM-004781,46,231,0.0108,108
DRING-051,CLM-004819,46,231,0.0108,108
DRING-051,CLM-004842,46,231,0.0108,108
DRING-051,CLM-004855,46,231,0.0108,108
DRING-051,CLM-004860,46,231,0.0108,108
DRING-051,CLM-004934,46,231,0.0108,108
DRING-051,CLM-004975,46,231,0.0108,108
DRING-051,CLM-004978,46,231,0.0108,108
DRING-051,CLM-005021,46,231,0.0108,108
DRING-051,CLM-005105,46,231,0.0108,108
DRING-051,CLM-005120,46,231,0.0108,108
DRING-051,CLM-005300,46,231,0.0108,108
DRING-051,CLM-005352,46,231,0.0108,108
DRING-051,CLM-005371,46,231,0.0108,108
DRING-051,CLM-005444,46,231,0.0108,108
DRING-051,CLM-005566,46,231,0.0108,108
DRING-051,CLM-005569,46,231,0.0108,108
DRING-051,CLM-005613,46,231,0.0108,108
DRING-051,CLM-005631,46,231,0.0108,108
DRING-051,CLM-005652,46,231,0.0108,108
DRING-051,CLM-005968,46,231,0.0108,108
DRING-051,CLM-006145,46,231,0.0108,108
DRING-051,CLM-006268,46,231,0.0108,108
DRING-051,CLM-006271,46,231,0.0108,108
DRING-051,CLM-006316,46,231,0.0108,108
DRING-051,CLM-006477,46,231,0.0108,108
DRING-051,CLM-006637,46,231,0.0108,108
DRING-051,CLM-006643,46,231,0.0108,108
DRING-051,CLM-006795,46,231,0.0108,108
DRING-051,CLM-006807,46,231,0.0108,108
DRING-051,CLM-006820,46,231,0.0108,108
DRING-051,CLM-006888,46,231,0.0108,108
DRING-051,CLM-006907,46,231,0.0108,108
DRING-051,CLM-006940,46,231,0.0108,108
DRING-051,CLM-006955,46,231,0.0108,108
DRING-051,CLM-006991,46,231,0.0108,108
DRING-051,CLM-007042,46,231,0.0108,108
DRING-051,CLM-007044,46,231,0.0108,108
DRING-051,CLM-007062,46,231,0.0108,108
DRING-052,CLM-000096,64,151,0.016,67
DRING-052,CLM-000323,64,151,0.016,67
DRING-052,CLM-000440,64,151,0.016,67
DRING-052,CLM-000622,64,151,0.016,67
DRING-052,CLM-000631,64,151,0.016,67
DRING-052,CLM-000711,64,151,0.016,67
DRING-052,CLM-000770,64,151,0.016,67
DRING-052,CLM-000981,64,151,0.016,67
DRING-052,CLM-000999,64,151,0.016,67
DRING-052,CLM-001074,64,151,0.016,67
DRING-052,CLM-001107,64,151,0.016,67
DRING-052,CLM-001222,64,151,0.016,67
DRING-052,CLM-001438,64,151,0.016,67
DRING-052,CLM-001562,64,151,0.016,67
DRING-052,CLM-001609,64,151,0.016,67
DRING-052,CLM-001627,64,151,0.016,67
DRING-052,CLM-001723,64,151,0.016,67
DRING-052,CLM-001796,64,151,0.016,67
DRING-052,CLM-001837,64,151,0.016,67
DRING-052,CLM-001863,64,151,0.016,67
DRING-052,CLM-001887,64,151,0.016,67
DRING-052,CLM-002000,64,151,0.016,67
DRING-052,CLM-002053,64,151,0.016,67
DRING-052,CLM-002120,64,151,0.016,67
DRING-052,CLM-002141,64,151,0.016,67
DRING-052,CLM-002160,64,151,0.016,67
DRING-052,CLM-002302,64,151,0.016,67
DRING-052,CLM-002408,64,151,0.016,67
DRING-052,CLM-002442,64,151,0.016,67
DRING-052,CLM-002607,64,151,0.016,67
DRING-052,CLM-002677,64,151,0.016,67
DRING-052,CLM-003097,64,151,0.016,67
DRING-052,CLM-003143,64,151,0.016,67
DRING-052,CLM-003467,64,151,0.016,67
DRING-052,CLM-003524,64,151,0.016,67
DRING-052,CLM-003671,64,151,0.016,67
DRING-052,CLM-003731,64,151,0.016,67
DRING-052,CLM-003893,64,151,0.016,67
DRING-052,CLM-003991,64,151,0.016,67
DRING-052,CLM-004024,64,151,0.016,67
DRING-052,CLM-004232,64,151,0.016,67
DRING-052,CLM-004237,64,151,0.016,67
DRING-052,CLM-004328,64,151,0.016,67
DRING-052,CLM-004424,64,151,0.016,67
DRING-052,CLM-004458,64,151,0.016,67
DRING-052,CLM-004470,64,151,0.016,67
DRING-052,CLM-004678,64,151,0.016,67
DRING-052,CLM-004772,64,151,0.016,67
DRING-052,CLM-004801,64,151,0.016,67
DRING-052,CLM-004924,64,151,0.016,67
DRING-052,CLM-005103,64,151,0.016,67
DRING-052,CLM-005291,64,151,0.016,67
DRING-052,CLM-005619,64,151,0.016,67
DRING-052,CLM-005662,64,151,0.016,67
DRING-052,CLM-005751,64,151,0.016,67
DRING-052,CLM-005766,64,151,0.016,67
DRING-052,CLM-005778,64,151,0.016,67
DRING-052,CLM-006212,64,151,0.016,67
DRING-052,CLM-006230,64,151,0.016,67
DRING-052,CLM-006247,64,151,0.016,67
DRING-052,CLM-006482,64,151,0.016,67
DRING-052,CLM-006500,64,151,0.016,67
DRING-052,CLM-006538,64,151,0.016,67
DRING-052,CLM-006540,64,151,0.016,67
DRING-052,CLM-006684,64,151,0.016,67
DRING-052,CLM-006701,64,151,0.016,67
DRING-052,CLM-006821,64,151,0.016,67
DRING-053,CLM-000100,67,251,0.0101,115
DRING-053,CLM-000115,67,251,0.0101,115
DRING-053,CLM-000162,67,251,0.0101,115
DRING-053,CLM-000250,67,251,0.0101,115
DRING-053,CLM-000302,67,251,0.0101,115
DRING-053,CLM-000310,67,251,0.0101,115
DRING-053,CLM-000318,67,251,0.0101,115
DRING-053,CLM-000364,67,251,0.0101,115
DRING-053,CLM-000423,67,251,0.0101,115
DRING-053,CLM-000439,67,251,0.0101,115
DRING-053,CLM-000505,67,251,0.0101,115
DRING-053,CLM-000547,67,251,0.0101,115
DRING-053,CLM-000552,67,251,0.0101,115
DRING-053,CLM-000607,67,251,0.0101,115
DRING-053,CLM-000613,67,251,0.0101,115
DRING-053,CLM-000728,67,251,0.0101,115
DRING-053,CLM-000737,67,251,0.0101,115
DRING-053,CLM-000753,67,251,0.0101,115
DRING-053,CLM-000806,67,251,0.0101,115
DRING-053,CLM-000856,67,251,0.0101,115
DRING-053,CLM-000901,67,251,0.0101,115
DRING-053,CLM-000920,67,251,0.0101,115
DRING-053,CLM-001221,67,251,0.0101,115
DRING-053,CLM-001347,67,251,0.0101,115
DRING-053,CLM-001376,67,251,0.0101,115
DRING-053,CLM-001378,67,251,0.0101,115
DRING-053,CLM-001486,67,251,0.0101,115
DRING-053,CLM-001518,67,251,0.0101,115
DRING-053,CLM-001672,67,251,0.0101,115
DRING-053,CLM-001699,67,251,0.0101,115
DRING-053,CLM-001741,67,251,0.0101,115
DRING-053,CLM-001762,67,251,0.0101,115
DRING-053,CLM-001927,67,251,0.0101,115
DRING-053,CLM-001954,67,251,0.0101,115
DRING-053,CLM-002052,67,251,0.0101,115
DRING-053,CLM-002056,67,251,0.0101,115
DRING-053,CLM-002077,67,251,0.0101,115
DRING-053,CLM-002121,67,251,0.0101,115
DRING-053,CLM-002139,67,251,0.0101,115
DRING-053,CLM-002178,67,251,0.0101,115
DRING-053,CLM-002316,67,251,0.0101,115
DRING-053,CLM-002330,67,251,0.0101,115
DRING-053,CLM-002521,67,251,0.0101,115
DRING-053,CLM-002574,67,251,0.0101,115
DRING-053,CLM-002575,67,251,0.0101,115
DRING-053,CLM-002582,67,251,0.0101,115
DRING-053,CLM-002704,67,251,0.0101,115
DRING-053,CLM-002737,67,251,0.0101,115
DRING-053,CLM-002908,67,251,0.0101,115
DRING-053,CLM-002921,67,251,0.0101,115
DRING-053,CLM-002992,67,251,0.0101,115
DRING-053,CLM-002994,67,251,0.0101,115
DRING-053,CLM-003066,67,251,0.0101,115
DRING-053,CLM-003098,67,251,0.0101,115
DRING-053,CLM-003125,67,251,0.0101,115
DRING-053,CLM-003135,67,251,0.0101,115
DRING-053,CLM-003433,67,251,0.0101,115
DRING-053,CLM-003462,67,251,0.0101,115
DRING-053,CLM-003572,67,251,0.0101,115
DRING-053,CLM-003580,67,251,0.0101,115
DRING-053,CLM-003616,67,251,0.0101,115
DRING-053,CLM-003696,67,251,0.0101,115
DRING-053,CLM-003780,67,251,0.0101,115
DRING-053,CLM-003881,67,251,0.0101,115
DRING-053,CLM-003953,67,251,0.0101,115
DRING-053,CLM-004034,67,251,0.0101,115
DRING-053,CLM-004066,67,251,0.0101,115
DRING-053,CLM-004086,67,251,0.0101,115
DRING-053,CLM-004120,67,251,0.0101,115
DRING-053,CLM-004204,67,251,0.0101,115
DRING-053,CLM-004272,67,251,0.0101,115
DRING-053,CLM-004304,67,251,0.0101,115
DRING-053,CLM-004348,67,251,0.0101,115
DRING-053,CLM-004359,67,251,0.0101,115
DRING-053,CLM-004693,67,251,0.0101,115
DRING-053,CLM-004705,67,251,0.0101,115
DRING-053,CLM-004780,67,251,0.0101,115
DRING-053,CLM-004929,67,251,0.0101,115
DRING-053,CLM-005007,67,251,0.0101,115
DRING-053,CLM-005134,67,251,0.0101,115
DRING-053,CLM-005243,67,251,0.0101,115
DRING-053,CLM-005251,67,251,0.0101,115
DRING-053,CLM-005272,67,251,0.0101,115
DRING-053,CLM-005387,67,251,0.0101,115
DRING-053,CLM-005396,67,251,0.0101,115
DRING-053,CLM-005600,67,251,0.0101,115
DRING-053,CLM-005608,67,251,0.0101,115
DRING-053,CLM-005626,67,251,0.0101,115
DRING-053,CLM-005736,67,251,0.0101,115
DRING-053,CLM-005795,67,251,0.0101,115
DRING-053,CLM-005887,67,251,0.0101,115
DRING-053,CLM-005901,67,251,0.0101,115
DRING-053,CLM-005974,67,251,0.0101,115
DRING-053,CLM-006018,67,251,0.0101,115
DRING-053,CLM-006052,67,251,0.0101,115
DRING-053,CLM-006137,67,251,0.0101,115
DRING-053,CLM-006183,67,251,0.0101,115
DRING-053,CLM-006185,67,251,0.0101,115
DRING-053,CLM-006250,67,251,0.0101,115
DRING-053,CLM-006269,67,251,0.0101,115
DRING-053,CLM-006272,67,251,0.0101,115
DRING-053,CLM-006284,67,251,0.0101,115
DRING-053,CLM-006289,67,251,0.0101,115
DRING-053,CLM-006354,67,251,0.0101,115
DRING-053,CLM-006413,67,251,0.0101,115
DRING-053,CLM-006542,67,251,0.0101,115
DRING-053,CLM-006547,67,251,0.0101,115
DRING-053,CLM-006567,67,251,0.0101,115
DRING-053,CLM-006685,67,251,0.0101,115
DRING-053,CLM-006748,67,251,0.0101,115
DRING-053,CLM-006759,67,251,0.0101,115
DRING-053,CLM-006900,67,251,0.0101,115
DRING-053,CLM-006926,67,251,0.0101,115
DRING-053,CLM-006977,67,251,0.0101,115
DRING-053,CLM-006998,67,251,0.0101,115
DRING-054,CLM-000103,68,161,0.0151,71
DRING-054,CLM-000155,68,161,0.0151,71
DRING-054,CLM-000209,68,161,0.0151,71
DRING-054,CLM-000311,68,161,0.0151,71
DRING-054,CLM-000351,68,161,0.0151,71
DRING-054,CLM-000436,68,161,0.0151,71
DRING-054,CLM-000588,68,161,0.0151,71
DRING-054,CLM-000742,68,161,0.0151,71
DRING-054,CLM-000746,68,161,0.0151,71
DRING-054,CLM-000750,68,161,0.0151,71
DRING-054,CLM-000763,68,161,0.0151,71
DRING-054,CLM-000899,68,161,0.0151,71
DRING-054,CLM-001069,68,161,0.0151,71
DRING-054,CLM-001410,68,161,0.0151,71
DRING-054,CLM-001466,68,161,0.0151,71
DRING-054,CLM-001613,68,161,0.0151,71
DRING-054,CLM-001635,68,161,0.0151,71
DRING-054,CLM-001638,68,161,0.0151,71
DRING-054,CLM-001740,68,161,0.0151,71
DRING-054,CLM-001948,68,161,0.0151,71
DRING-054,CLM-002035,68,161,0.0151,71
DRING-054,CLM-002144,68,161,0.0151,71
DRING-054,CLM-002151,68,161,0.0151,71
DRING-054,CLM-002254,68,161,0.0151,71
DRING-054,CLM-002353,68,161,0.0151,71
DRING-054,CLM-002764,68,161,0.0151,71
DRING-054,CLM-002784,68,161,0.0151,71
DRING-054,CLM-002793,68,161,0.0151,71
DRING-054,CLM-002861,68,161,0.0151,71
DRING-054,CLM-002954,68,161,0.0151,71
DRING-054,CLM-003052,68,161,0.0151,71
DRING-054,CLM-003167,68,161,0.0151,71
DRING-054,CLM-003220,68,161,0.0151,71
DRING-054,CLM-003254,68,161,0.0151,71
DRING-054,CLM-003293,68,161,0.0151,71
DRING-054,CLM-003415,68,161,0.0151,71
DRING-054,CLM-003475,68,161,0.0151,71
DRING-054,CLM-003697,68,161,0.0151,71
DRING-054,CLM-003701,68,161,0.0151,71
DRING-054,CLM-003859,68,161,0.0151,71
DRING-054,CLM-003884,68,161,0.0151,71
DRING-054,CLM-004070,68,161,0.0151,71
DRING-054,CLM-004153,68,161,0.0151,71
DRING-054,CLM-004177,68,161,0.0151,71
DRING-054,CLM-004206,68,161,0.0151,71
DRING-054,CLM-004239,68,161,0.0151,71
DRING-054,CLM-004346,68,161,0.0151,71
DRING-054,CLM-004560,68,161,0.0151,71
DRING-054,CLM-004782,68,161,0.0151,71
DRING-054,CLM-004981,68,161,0.0151,71
DRING-054,CLM-005029,68,161,0.0151,71
DRING-054,CLM-005221,68,161,0.0151,71
DRING-054,CLM-005223,68,161,0.0151,71
DRING-054,CLM-005267,68,161,0.0151,71
DRING-054,CLM-005383,68,161,0.0151,71
DRING-054,CLM-005556,68,161,0.0151,71
DRING-054,CLM-005704,68,161,0.0151,71
DRING-054,CLM-005774,68,161,0.0151,71
DRING-054,CLM-005791,68,161,0.0151,71
DRING-054,CLM-005919,68,161,0.0151,71
DRING-054,CLM-006125,68,161,0.0151,71
DRING-054,CLM-006138,68,161,0.0151,71
DRING-054,CLM-006190,68,161,0.0151,71
DRING-054,CLM-006311,68,161,0.0151,71
DRING-054,CLM-006331,68,161,0.0151,71
DRING-054,CLM-006372,68,161,0.0151,71
DRING-054,CLM-006488,68,161,0.0151,71
DRING-054,CLM-006516,68,161,0.0151,71
DRING-054,CLM-006595,68,161,0.0151,71
DRING-054,CLM-006665,68,161,0.0151,71
DRING-054,CLM-006765,68,161,0.0151,71
DRING-055,CLM-000104,111,213,0.0112,93
DRING-055,CLM-000168,111,213,0.0112,93
DRING-055,CLM-000215,111,213,0.0112,93
DRING-055,CLM-000231,111,213,0.0112,93
DRING-055,CLM-000258,111,213,0.0112,93
DRING-055,CLM-000287,111,213,0.0112,93
DRING-055,CLM-000375,111,213,0.0112,93
DRING-055,CLM-000452,111,213,0.0112,93
DRING-055,CLM-000493,111,213,0.0112,93
DRING-055,CLM-000525,111,213,0.0112,93
DRING-055,CLM-000544,111,213,0.0112,93
DRING-055,CLM-000585,111,213,0.0112,93
DRING-055,CLM-000692,111,213,0.0112,93
DRING-055,CLM-000740,111,213,0.0112,93
DRING-055,CLM-000777,111,213,0.0112,93
DRING-055,CLM-000785,111,213,0.0112,93
DRING-055,CLM-000867,111,213,0.0112,93
DRING-055,CLM-000914,111,213,0.0112,93
DRING-055,CLM-000969,111,213,0.0112,93
DRING-055,CLM-001090,111,213,0.0112,93
DRING-055,CLM-001307,111,213,0.0112,93
DRING-055,CLM-001467,111,213,0.0112,93
DRING-055,CLM-001569,111,213,0.0112,93
DRING-055,CLM-001589,111,213,0.0112,93
DRING-055,CLM-001873,111,213,0.0112,93
DRING-055,CLM-001879,111,213,0.0112,93
DRING-055,CLM-001904,111,213,0.0112,93
DRING-055,CLM-001906,111,213,0.0112,93
DRING-055,CLM-002278,111,213,0.0112,93
DRING-055,CLM-002283,111,213,0.0112,93
DRING-055,CLM-002287,111,213,0.0112,93
DRING-055,CLM-002418,111,213,0.0112,93
DRING-055,CLM-002431,111,213,0.0112,93
DRING-055,CLM-002488,111,213,0.0112,93
DRING-055,CLM-002513,111,213,0.0112,93
DRING-055,CLM-002773,111,213,0.0112,93
DRING-055,CLM-002774,111,213,0.0112,93
DRING-055,CLM-002775,111,213,0.0112,93
DRING-055,CLM-002960,111,213,0.0112,93
DRING-055,CLM-002986,111,213,0.0112,93
DRING-055,CLM-003103,111,213,0.0112,93
DRING-055,CLM-003114,111,213,0.0112,93
DRING-055,CLM-003256,111,213,0.0112,93
DRING-055,CLM-003301,111,213,0.0112,93
DRING-055,CLM-003356,111,213,0.0112,93
DRING-055,CLM-003397,111,213,0.0112,93
DRING-055,CLM-003507,111,213,0.0112,93
DRING-055,CLM-003673,111,213,0.0112,93
DRING-055,CLM-003947,111,213,0.0112,93
DRING-055,CLM-003984,111,213,0.0112,93
DRING-055,CLM-003990,111,213,0.0112,93
DRING-055,CLM-004046,111,213,0.0112,93
DRING-055,CLM-004118,111,213,0.0112,93
DRING-055,CLM-004207,111,213,0.0112,93
DRING-055,CLM-004419,111,213,0.0112,93
DRING-055,CLM-004494,111,213,0.0112,93
DRING-055,CLM-004541,111,213,0.0112,93
DRING-055,CLM-004588,111,213,0.0112,93
DRING-055,CLM-004607,111,213,0.0112,93
DRING-055,CLM-004815,111,213,0.0112,93
DRING-055,CLM-004844,111,213,0.0112,93
DRING-055,CLM-004893,111,213,0.0112,93
DRING-055,CLM-004905,111,213,0.0112,93
DRING-055,CLM-004984,111,213,0.0112,93
DRING-055,CLM-004993,111,213,0.0112,93
DRING-055,CLM-005094,111,213,0.0112,93
DRING-055,CLM-005206,111,213,0.0112,93
DRING-055,CLM-005280,111,213,0.0112,93
DRING-055,CLM-005499,111,213,0.0112,93
DRING-055,CLM-005517,111,213,0.0112,93
DRING-055,CLM-005524,111,213,0.0112,93
DRING-055,CLM-005657,111,213,0.0112,93
DRING-055,CLM-005671,111,213,0.0112,93
DRING-055,CLM-005712,111,213,0.0112,93
DRING-055,CLM-005822,111,213,0.0112,93
DRING-055,CLM-005824,111,213,0.0112,93
DRING-055,CLM-005874,111,213,0.0112,93
DRING-055,CLM-005905,111,213,0.0112,93
DRING-055,CLM-005941,111,213,0.0112,93
DRING-055,CLM-006013,111,213,0.0112,93
DRING-055,CLM-006170,111,213,0.0112,93
DRING-055,CLM-006255,111,213,0.0112,93
DRING-055,CLM-006378,111,213,0.0112,93
DRING-055,CLM-006428,111,213,0.0112,93
DRING-055,CLM-006443,111,213,0.0112,93
DRING-055,CLM-006447,111,213,0.0112,93
DRING-055,CLM-006539,111,213,0.0112,93
DRING-055,CLM-006636,111,213,0.0112,93
DRING-055,CLM-006871,111,213,0.0112,93
DRING-055,CLM-006879,111,213,0.0112,93
DRING-055,CLM-006943,111,213,0.0112,93
DRING-055,CLM-006992,111,213,0.0112,93
DRING-055,CLM-007082,111,213,0.0112,93
DRING-056,CLM-000108,70,239,0.0101,107
DRING-056,CLM-000193,70,239,0.0101,107
DRING-056,CLM-000208,70,239,0.0101,107
DRING-056,CLM-000261,70,239,0.0101,107
DRING-056,CLM-000388,70,239,0.0101,107
DRING-056,CLM-000559,70,239,0.0101,107
DRING-056,CLM-000568,70,239,0.0101,107
DRING-056,CLM-000664,70,239,0.0101,107
DRING-056,CLM-000808,70,239,0.0101,107
DRING-056,CLM-000814,70,239,0.0101,107
DRING-056,CLM-001131,70,239,0.0101,107
DRING-056,CLM-001149,70,239,0.0101,107
DRING-056,CLM-001161,70,239,0.0101,107
DRING-056,CLM-001184,70,239,0.0101,107
DRING-056,CLM-001305,70,239,0.0101,107
DRING-056,CLM-001331,70,239,0.0101,107
DRING-056,CLM-001383,70,239,0.0101,107
DRING-056,CLM-001455,70,239,0.0101,107
DRING-056,CLM-001590,70,239,0.0101,107
DRING-056,CLM-001592,70,239,0.0101,107
DRING-056,CLM-001695,70,239,0.0101,107
DRING-056,CLM-001803,70,239,0.0101,107
DRING-056,CLM-002036,70,239,0.0101,107
DRING-056,CLM-002097,70,239,0.0101,107
DRING-056,CLM-002132,70,239,0.0101,107
DRING-056,CLM-002153,70,239,0.0101,107
DRING-056,CLM-002224,70,239,0.0101,107
DRING-056,CLM-002262,70,239,0.0101,107
DRING-056,CLM-002478,70,239,0.0101,107
DRING-056,CLM-002515,70,239,0.0101,107
DRING-056,CLM-002580,70,239,0.0101,107
DRING-056,CLM-002596,70,239,0.0101,107
DRING-056,CLM-002641,70,239,0.0101,107
DRING-056,CLM-002645,70,239,0.0101,107
DRING-056,CLM-002678,70,239,0.0101,107
DRING-056,CLM-002708,70,239,0.0101,107
DRING-056,CLM-002716,70,239,0.0101,107
DRING-056,CLM-002739,70,239,0.0101,107
DRING-056,CLM-002769,70,239,0.0101,107
DRING-056,CLM-002856,70,239,0.0101,107
DRING-056,CLM-002860,70,239,0.0101,107
DRING-056,CLM-002885,70,239,0.0101,107
DRING-056,CLM-002925,70,239,0.0101,107
DRING-056,CLM-002964,70,239,0.0101,107
DRING-056,CLM-002981,70,239,0.0101,107
DRING-056,CLM-003041,70,239,0.0101,107
DRING-056,CLM-003085,70,239,0.0101,107
DRING-056,CLM-003196,70,239,0.0101,107
DRING-056,CLM-003242,70,239,0.0101,107
DRING-056,CLM-003296,70,239,0.0101,107
DRING-056,CLM-003384,70,239,0.0101,107
DRING-056,CLM-003456,70,239,0.0101,107
DRING-056,CLM-003530,70,239,0.0101,107
DRING-056,CLM-003556,70,239,0.0101,107
DRING-056,CLM-003622,70,239,0.0101,107
DRING-056,CLM-003675,70,239,0.0101,107
DRING-056,CLM-003777,70,239,0.0101,107
DRING-056,CLM-003909,70,239,0.0101,107
DRING-056,CLM-003963,70,239,0.0101,107
DRING-056,CLM-004004,70,239,0.0101,107
DRING-056,CLM-004018,70,239,0.0101,107
DRING-056,CLM-004138,70,239,0.0101,107
DRING-056,CLM-004147,70,239,0.0101,107
DRING-056,CLM-004179,70,239,0.0101,107
DRING-056,CLM-004261,70,239,0.0101,107
DRING-056,CLM-004275,70,239,0.0101,107
DRING-056,CLM-004312,70,239,0.0101,107
DRING-056,CLM-004377,70,239,0.0101,107
DRING-056,CLM-004388,70,239,0.0101,107
DRING-056,CLM-004404,70,239,0.0101,107
DRING-056,CLM-004425,70,239,0.0101,107
DRING-056,CLM-004531,70,239,0.0101,107
DRING-056,CLM-004562,70,239,0.0101,107
DRING-056,CLM-004599,70,239,0.0101,107
DRING-056,CLM-004645,70,239,0.0101,107
DRING-056,CLM-005121,70,239,0.0101,107
DRING-056,CLM-005129,70,239,0.0101,107
DRING-056,CLM-005133,70,239,0.0101,107
DRING-056,CLM-005242,70,239,0.0101,107
DRING-056,CLM-005296,70,239,0.0101,107
DRING-056,CLM-005311,70,239,0.0101,107
DRING-056,CLM-005325,70,239,0.0101,107
DRING-056,CLM-005405,70,239,0.0101,107
DRING-056,CLM-005434,70,239,0.0101,107
DRING-056,CLM-005439,70,239,0.0101,107
DRING-056,CLM-005461,70,239,0.0101,107
DRING-056,CLM-005463,70,239,0.0101,107
DRING-056,CLM-005472,70,239,0.0101,107
DRING-056,CLM-005503,70,239,0.0101,107
DRING-056,CLM-005587,70,239,0.0101,107
DRING-056,CLM-005743,70,239,0.0101,107
DRING-056,CLM-005813,70,239,0.0101,107
DRING-056,CLM-005821,70,239,0.0101,107
DRING-056,CLM-005983,70,239,0.0101,107
DRING-056,CLM-006026,70,239,0.0101,107
DRING-056,CLM-006113,70,239,0.0101,107
DRING-056,CLM-006196,70,239,0.0101,107
DRING-056,CLM-006286,70,239,0.0101,107
DRING-056,CLM-006380,70,239,0.0101,107
DRING-056,CLM-006418,70,239,0.0101,107
DRING-056,CLM-006433,70,239,0.0101,107
DRING-056,CLM-006528,70,239,0.0101,107
DRING-056,CLM-006546,70,239,0.0101,107
DRING-056,CLM-006656,70,239,0.0101,107
DRING-056,CLM-006729,70,239,0.0101,107
DRING-056,CLM-006746,70,239,0.0101,107
DRING-056,CLM-007066,70,239,0.0101,107
DRING-057,CLM-000113,72,241,0.0103,114
DRING-057,CLM-000234,72,241,0.0103,114
DRING-057,CLM-000268,72,241,0.0103,114
DRING-057,CLM-000344,72,241,0.0103,114
DRING-057,CLM-000404,72,241,0.0103,114
DRING-057,CLM-000448,72,241,0.0103,114
DRING-057,CLM-000603,72,241,0.0103,114
DRING-057,CLM-000639,72,241,0.0103,114
DRING-057,CLM-000645,72,241,0.0103,114
DRING-057,CLM-000682,72,241,0.0103,114
DRING-057,CLM-000788,72,241,0.0103,114
DRING-057,CLM-000801,72,241,0.0103,114
DRING-057,CLM-001026,72,241,0.0103,114
DRING-057,CLM-001053,72,241,0.0103,114
DRING-057,CLM-001080,72,241,0.0103,114
DRING-057,CLM-001150,72,241,0.0103,114
DRING-057,CLM-001171,72,241,0.0103,114
DRING-057,CLM-001245,72,241,0.0103,114
DRING-057,CLM-001248,72,241,0.0103,114
DRING-057,CLM-001277,72,241,0.0103,114
DRING-057,CLM-001578,72,241,0.0103,114
DRING-057,CLM-001628,72,241,0.0103,114
DRING-057,CLM-001674,72,241,0.0103,114
DRING-057,CLM-001706,72,241,0.0103,114
DRING-057,CLM-001748,72,241,0.0103,114
DRING-057,CLM-001751,72,241,0.0103,114
DRING-057,CLM-001825,72,241,0.0103,114
DRING-057,CLM-001938,72,241,0.0103,114
DRING-057,CLM-001993,72,241,0.0103,114
DRING-057,CLM-002003,72,241,0.0103,114
DRING-057,CLM-002087,72,241,0.0103,114
DRING-057,CLM-002110,72,241,0.0103,114
DRING-057,CLM-002114,72,241,0.0103,114
DRING-057,CLM-002162,72,241,0.0103,114
DRING-057,CLM-002240,72,241,0.0103,114
DRING-057,CLM-002256,72,241,0.0103,114
DRING-057,CLM-002267,72,241,0.0103,114
DRING-057,CLM-002310,72,241,0.0103,114
DRING-057,CLM-002323,72,241,0.0103,114
DRING-057,CLM-002423,72,241,0.0103,114
DRING-057,CLM-002436,72,241,0.0103,114
DRING-057,CLM-002484,72,241,0.0103,114
DRING-057,CLM-002511,72,241,0.0103,114
DRING-057,CLM-002535,72,241,0.0103,114
DRING-057,CLM-002736,72,241,0.0103,114
DRING-057,CLM-002787,72,241,0.0103,114
DRING-057,CLM-003146,72,241,0.0103,114
DRING-057,CLM-003304,72,241,0.0103,114
DRING-057,CLM-003311,72,241,0.0103,114
DRING-057,CLM-003319,72,241,0.0103,114
DRING-057,CLM-003514,72,241,0.0103,114
DRING-057,CLM-003636,72,241,0.0103,114
DRING-057,CLM-003679,72,241,0.0103,114
DRING-057,CLM-003689,72,241,0.0103,114
DRING-057,CLM-003698,72,241,0.0103,114
DRING-057,CLM-003716,72,241,0.0103,114
DRING-057,CLM-003782,72,241,0.0103,114
DRING-057,CLM-003799,72,241,0.0103,114
DRING-057,CLM-003870,72,241,0.0103,114
DRING-057,CLM-004007,72,241,0.0103,114
DRING-057,CLM-004195,72,241,0.0103,114
DRING-057,CLM-004226,72,241,0.0103,114
DRING-057,CLM-004302,72,241,0.0103,114
DRING-057,CLM-004347,72,241,0.0103,114
DRING-057,CLM-004411,72,241,0.0103,114
DRING-057,CLM-004469,72,241,0.0103,114
DRING-057,CLM-004537,72,241,0.0103,114
DRING-057,CLM-004552,72,241,0.0103,114
DRING-057,CLM-004737,72,241,0.0103,114
DRING-057,CLM-004741,72,241,0.0103,114
DRING-057,CLM-004775,72,241,0.0103,114
DRING-057,CLM-004861,72,241,0.0103,114
DRING-057,CLM-004884,72,241,0.0103,114
DRING-057,CLM-004992,72,241,0.0103,114
DRING-057,CLM-005198,72,241,0.0103,114
DRING-057,CLM-005211,72,241,0.0103,114
DRING-057,CLM-005279,72,241,0.0103,114
DRING-057,CLM-005284,72,241,0.0103,114
DRING-057,CLM-005285,72,241,0.0103,114
DRING-057,CLM-005293,72,241,0.0103,114
DRING-057,CLM-005356,72,241,0.0103,114
DRING-057,CLM-005384,72,241,0.0103,114
DRING-057,CLM-005447,72,241,0.0103,114
DRING-057,CLM-005451,72,241,0.0103,114
DRING-057,CLM-005487,72,241,0.0103,114
DRING-057,CLM-005625,72,241,0.0103,114
DRING-057,CLM-005633,72,241,0.0103,114
DRING-057,CLM-005691,72,241,0.0103,114
DRING-057,CLM-005797,72,241,0.0103,114
DRING-057,CLM-005840,72,241,0.0103,114
DRING-057,CLM-005850,72,241,0.0103,114
DRING-057,CLM-005886,72,241,0.0103,114
DRING-057,CLM-005893,72,241,0.0103,114
DRING-057,CLM-005960,72,241,0.0103,114
DRING-057,CLM-006228,72,241,0.0103,114
DRING-057,CLM-006292,72,241,0.0103,114
DRING-057,CLM-006367,72,241,0.0103,114
DRING-057,CLM-006381,72,241,0.0103,114
DRING-057,CLM-006426,72,241,0.0103,114
DRING-057,CLM-006504,72,241,0.0103,114
DRING-057,CLM-006541,72,241,0.0103,114
DRING-057,CLM-006579,72,241,0.0103,114
DRING-057,CLM-006606,72,241,0.0103,114
DRING-057,CLM-006644,72,241,0.0103,114
DRING-057,CLM-006659,72,241,0.0103,114
DRING-057,CLM-006674,72,241,0.0103,114
DRING-057,CLM-006689,72,241,0.0103,114
DRING-057,CLM-006698,72,241,0.0103,114
DRING-057,CLM-006732,72,241,0.0103,114
DRING-057,CLM-006760,72,241,0.0103,114
DRING-057,CLM-006823,72,241,0.0103,114
DRING-057,CLM-006878,72,241,0.0103,114
DRING-057,CLM-006923,72,241,0.0103,114
DRING-057,CLM-006935,72,241,0.0103,114
DRING-058,CLM-000114,80,306,0.008,134
DRING-058,CLM-000128,80,306,0.008,134
DRING-058,CLM-000159,80,306,0.008,134
DRING-058,CLM-000298,80,306,0.008,134
DRING-058,CLM-000303,80,306,0.008,134
DRING-058,CLM-000382,80,306,0.008,134
DRING-058,CLM-000407,80,306,0.008,134
DRING-058,CLM-000458,80,306,0.008,134
DRING-058,CLM-000498,80,306,0.008,134
DRING-058,CLM-000533,80,306,0.008,134
DRING-058,CLM-000556,80,306,0.008,134
DRING-058,CLM-000587,80,306,0.008,134
DRING-058,CLM-000689,80,306,0.008,134
DRING-058,CLM-000741,80,306,0.008,134
DRING-058,CLM-000743,80,306,0.008,134
DRING-058,CLM-000758,80,306,0.008,134
DRING-058,CLM-000762,80,306,0.008,134
DRING-058,CLM-000802,80,306,0.008,134
DRING-058,CLM-000948,80,306,0.008,134
DRING-058,CLM-000971,80,306,0.008,134
DRING-058,CLM-001072,80,306,0.008,134
DRING-058,CLM-001139,80,306,0.008,134
DRING-058,CLM-001200,80,306,0.008,134
DRING-058,CLM-001229,80,306,0.008,134
DRING-058,CLM-001271,80,306,0.008,134
DRING-058,CLM-001300,80,306,0.008,134
DRING-058,CLM-001344,80,306,0.008,134
DRING-058,CLM-001346,80,306,0.008,134
DRING-058,CLM-001420,80,306,0.008,134
DRING-058,CLM-001473,80,306,0.008,134
DRING-058,CLM-001476,80,306,0.008,134
DRING-058,CLM-001499,80,306,0.008,134
DRING-058,CLM-001577,80,306,0.008,134
DRING-058,CLM-001690,80,306,0.008,134
DRING-058,CLM-001702,80,306,0.008,134
DRING-058,CLM-001733,80,306,0.008,134
DRING-058,CLM-001735,80,306,0.008,134
DRING-058,CLM-001759,80,306,0.008,134
DRING-058,CLM-001921,80,306,0.008,134
DRING-058,CLM-001936,80,306,0.008,134
DRING-058,CLM-002086,80,306,0.008,134
DRING-058,CLM-002101,80,306,0.008,134
DRING-058,CLM-002275,80,306,0.008,134
DRING-058,CLM-002276,80,306,0.008,134
DRING-058,CLM-002315,80,306,0.008,134
DRING-058,CLM-002338,80,306,0.008,134
DRING-058,CLM-002345,80,306,0.008,134
DRING-058,CLM-002490,80,306,0.008,134
DRING-058,CLM-002494,80,306,0.008,134
DRING-058,CLM-002500,80,306,0.008,134
DRING-058,CLM-002502,80,306,0.008,134
DRING-058,CLM-002563,80,306,0.008,134
DRING-058,CLM-002654,80,306,0.008,134
DRING-058,CLM-002684,80,306,0.008,134
DRING-058,CLM-002706,80,306,0.008,134
DRING-058,CLM-002795,80,306,0.008,134
DRING-058,CLM-002875,80,306,0.008,134
DRING-058,CLM-002914,80,306,0.008,134
DRING-058,CLM-002943,80,306,0.008,134
DRING-058,CLM-003009,80,306,0.008,134
DRING-058,CLM-003011,80,306,0.008,134
DRING-058,CLM-003033,80,306,0.008,134
DRING-058,CLM-003053,80,306,0.008,134
DRING-058,CLM-003060,80,306,0.008,134
DRING-058,CLM-003109,80,306,0.008,134
DRING-058,CLM-003119,80,306,0.008,134
DRING-058,CLM-003203,80,306,0.008,134
DRING-058,CLM-003205,80,306,0.008,134
DRING-058,CLM-003214,80,306,0.008,134
DRING-058,CLM-003251,80,306,0.008,134
DRING-058,CLM-003390,80,306,0.008,134
DRING-058,CLM-003435,80,306,0.008,134
DRING-058,CLM-003512,80,306,0.008,134
DRING-058,CLM-003621,80,306,0.008,134
DRING-058,CLM-003628,80,306,0.008,134
DRING-058,CLM-003719,80,306,0.008,134
DRING-058,CLM-003733,80,306,0.008,134
DRING-058,CLM-003761,80,306,0.008,134
DRING-058,CLM-003942,80,306,0.008,134
DRING-058,CLM-004025,80,306,0.008,134
DRING-058,CLM-004137,80,306,0.008,134
DRING-058,CLM-004240,80,306,0.008,134
DRING-058,CLM-004259,80,306,0.008,134
DRING-058,CLM-004297,80,306,0.008,134
DRING-058,CLM-004298,80,306,0.008,134
DRING-058,CLM-004329,80,306,0.008,134
DRING-058,CLM-004340,80,306,0.008,134
DRING-058,CLM-004345,80,306,0.008,134
DRING-058,CLM-004460,80,306,0.008,134
DRING-058,CLM-004503,80,306,0.008,134
DRING-058,CLM-004524,80,306,0.008,134
DRING-058,CLM-004600,80,306,0.008,134
DRING-058,CLM-004609,80,306,0.008,134
DRING-058,CLM-004908,80,306,0.008,134
DRING-058,CLM-004927,80,306,0.008,134
DRING-058,CLM-004943,80,306,0.008,134
DRING-058,CLM-004963,80,306,0.008,134
DRING-058,CLM-005059,80,306,0.008,134
DRING-058,CLM-005071,80,306,0.008,134
DRING-058,CLM-005079,80,306,0.008,134
DRING-058,CLM-005102,80,306,0.008,134
DRING-058,CLM-005255,80,306,0.008,134
DRING-058,CLM-005265,80,306,0.008,134
DRING-058,CLM-005266,80,306,0.008,134
DRING-058,CLM-005269,80,306,0.008,134
DRING-058,CLM-005351,80,306,0.008,134
DRING-058,CLM-005353,80,306,0.008,134
DRING-058,CLM-005381,80,306,0.008,134
DRING-058,CLM-005441,80,306,0.008,134
DRING-058,CLM-005459,80,306,0.008,134
DRING-058,CLM-005515,80,306,0.008,134
DRING-058,CLM-005540,80,306,0.008,134
DRING-058,CLM-005544,80,306,0.008,134
DRING-058,CLM-005621,80,306,0.008,134
DRING-058,CLM-005659,80,306,0.008,134
DRING-058,CLM-005916,80,306,0.008,134
DRING-058,CLM-005958,80,306,0.008,134
DRING-058,CLM-006012,80,306,0.008,134
DRING-058,CLM-006041,80,306,0.008,134
DRING-058,CLM-006092,80,306,0.008,134
DRING-058,CLM-006211,80,306,0.008,134
DRING-058,CLM-006227,80,306,0.008,134
DRING-058,CLM-006332,80,306,0.008,134
DRING-058,CLM-006347,80,306,0.008,134
DRING-058,CLM-006374,80,306,0.008,134
DRING-058,CLM-006497,80,306,0.008,134
DRING-058,CLM-006513,80,306,0.008,134
DRING-058,CLM-006526,80,306,0.008,134
DRING-058,CLM-006597,80,306,0.008,134
DRING-058,CLM-006611,80,306,0.008,134
DRING-058,CLM-006678,80,306,0.008,134
DRING-058,CLM-006719,80,306,0.008,134
DRING-058,CLM-006925,80,306,0.008,134
DRING-058,CLM-006967,80,306,0.008,134
DRING-059,CLM-000116,126,110,0.0202,41
DRING-059,CLM-000169,126,110,0.0202,41
DRING-059,CLM-000178,126,110,0.0202,41
DRING-059,CLM-000200,126,110,0.0202,41
DRING-059,CLM-000361,126,110,0.0202,41
DRING-059,CLM-000383,126,110,0.0202,41
DRING-059,CLM-000419,126,110,0.0202,41
DRING-059,CLM-000447,126,110,0.0202,41
DRING-059,CLM-000509,126,110,0.0202,41
DRING-059,CLM-000519,126,110,0.0202,41
DRING-059,CLM-000844,126,110,0.0202,41
DRING-059,CLM-000912,126,110,0.0202,41
DRING-059,CLM-001319,126,110,0.0202,41
DRING-059,CLM-001414,126,110,0.0202,41
DRING-059,CLM-001575,126,110,0.0202,41
DRING-059,CLM-001675,126,110,0.0202,41
DRING-059,CLM-001990,126,110,0.0202,41
DRING-059,CLM-002255,126,110,0.0202,41
DRING-059,CLM-002372,126,110,0.0202,41
DRING-059,CLM-002493,126,110,0.0202,41
DRING-059,CLM-002710,126,110,0.0202,41
DRING-059,CLM-002712,126,110,0.0202,41
DRING-059,CLM-002755,126,110,0.0202,41
DRING-059,CLM-002837,126,110,0.0202,41
DRING-059,CLM-002968,126,110,0.0202,41
DRING-059,CLM-003012,126,110,0.0202,41
DRING-059,CLM-003159,126,110,0.0202,41
DRING-059,CLM-003506,126,110,0.0202,41
DRING-059,CLM-004006,126,110,0.0202,41
DRING-059,CLM-004317,126,110,0.0202,41
DRING-059,CLM-004717,126,110,0.0202,41
DRING-059,CLM-004733,126,110,0.0202,41
DRING-059,CLM-005017,126,110,0.0202,41
DRING-059,CLM-005023,126,110,0.0202,41
DRING-059,CLM-005299,126,110,0.0202,41
DRING-059,CLM-005492,126,110,0.0202,41
DRING-059,CLM-005506,126,110,0.0202,41
DRING-059,CLM-006088,126,110,0.0202,41
DRING-059,CLM-006260,126,110,0.0202,41
DRING-059,CLM-006438,126,110,0.0202,41
DRING-059,CLM-006525,126,110,0.0202,41
DRING-060,CLM-000118,79,85,0.0277,36
DRING-060,CLM-000174,79,85,0.0277,36
DRING-060,CLM-000381,79,85,0.0277,36
DRING-060,CLM-000422,79,85,0.0277,36
DRING-060,CLM-000638,79,85,0.0277,36
DRING-060,CLM-000669,79,85,0.0277,36
DRING-060,CLM-000807,79,85,0.0277,36
DRING-060,CLM-000847,79,85,0.0277,36
DRING-060,CLM-001286,79,85,0.0277,36
DRING-060,CLM-001816,79,85,0.0277,36
DRING-060,CLM-002016,79,85,0.0277,36
DRING-060,CLM-002051,79,85,0.0277,36
DRING-060,CLM-002180,79,85,0.0277,36
DRING-060,CLM-002410,79,85,0.0277,36
DRING-060,CLM-002927,79,85,0.0277,36
DRING-060,CLM-002957,79,85,0.0277,36
DRING-060,CLM-003176,79,85,0.0277,36
DRING-060,CLM-004144,79,85,0.0277,36
DRING-060,CLM-004400,79,85,0.0277,36
DRING-060,CLM-004507,79,85,0.0277,36
DRING-060,CLM-004536,79,85,0.0277,36
DRING-060,CLM-004643,79,85,0.0277,36
DRING-060,CLM-004680,79,85,0.0277,36
DRING-060,CLM-004822,79,85,0.0277,36
DRING-060,CLM-004966,79,85,0.0277,36
DRING-060,CLM-005187,79,85,0.0277,36
DRING-060,CLM-005437,79,85,0.0277,36
DRING-060,CLM-005660,79,85,0.0277,36
DRING-060,CLM-005690,79,85,0.0277,36
DRING-060,CLM-006030,79,85,0.0277,36
DRING-060,CLM-006054,79,85,0.0277,36
DRING-060,CLM-006127,79,85,0.0277,36
DRING-060,CLM-006295,79,85,0.0277,36
DRING-060,CLM-006455,79,85,0.0277,36
DRING-060,CLM-006999,79,85,0.0277,36
DRING-060,CLM-007064,79,85,0.0277,36
DRING-061,CLM-000119,56,91,0.0249,38
DRING-061,CLM-000188,56,91,0.0249,38
DRING-061,CLM-000230,56,91,0.0249,38
DRING-061,CLM-000305,56,91,0.0249,38
DRING-061,CLM-000412,56,91,0.0249,38
DRING-061,CLM-000520,56,91,0.0249,38
DRING-061,CLM-000545,56,91,0.0249,38
DRING-061,CLM-000768,56,91,0.0249,38
DRING-061,CLM-000913,56,91,0.0249,38
DRING-061,CLM-001178,56,91,0.0249,38
DRING-061,CLM-001356,56,91,0.0249,38
DRING-061,CLM-001461,56,91,0.0249,38
DRING-061,CLM-001519,56,91,0.0249,38
DRING-061,CLM-001634,56,91,0.0249,38
DRING-061,CLM-001785,56,91,0.0249,38
DRING-061,CLM-001963,56,91,0.0249,38
DRING-061,CLM-002106,56,91,0.0249,38
DRING-061,CLM-002463,56,91,0.0249,38
DRING-061,CLM-002551,56,91,0.0249,38
DRING-061,CLM-002730,56,91,0.0249,38
DRING-061,CLM-002920,56,91,0.0249,38
DRING-061,CLM-003317,56,91,0.0249,38
DRING-061,CLM-003444,56,91,0.0249,38
DRING-061,CLM-003483,56,91,0.0249,38
DRING-061,CLM-003847,56,91,0.0249,38
DRING-061,CLM-004076,56,91,0.0249,38
DRING-061,CLM-004321,56,91,0.0249,38
DRING-061,CLM-004561,56,91,0.0249,38
DRING-061,CLM-004704,56,91,0.0249,38
DRING-061,CLM-004802,56,91,0.0249,38
DRING-061,CLM-004813,56,91,0.0249,38
DRING-061,CLM-004851,56,91,0.0249,38
DRING-061,CLM-005169,56,91,0.0249,38
DRING-061,CLM-005212,56,91,0.0249,38
DRING-061,CLM-005240,56,91,0.0249,38
DRING-061,CLM-006050,56,91,0.0249,38
DRING-061,CLM-006357,56,91,0.0249,38
DRING-061,CLM-006623,56,91,0.0249,38
DRING-062,CLM-000123,77,134,0.019,67
DRING-062,CLM-000129,77,134,0.019,67
DRING-062,CLM-000199,77,134,0.019,67
DRING-062,CLM-000204,77,134,0.019,67
DRING-062,CLM-000254,77,134,0.019,67
DRING-062,CLM-000337,77,134,0.019,67
DRING-062,CLM-000365,77,134,0.019,67
DRING-062,CLM-000480,77,134,0.019,67
DRING-062,CLM-000521,77,134,0.019,67
DRING-062,CLM-000817,77,134,0.019,67
DRING-062,CLM-000832,77,134,0.019,67
DRING-062,CLM-000937,77,134,0.019,67
DRING-062,CLM-000960,77,134,0.019,67
DRING-062,CLM-001264,77,134,0.019,67
DRING-062,CLM-001548,77,134,0.019,67
DRING-062,CLM-001712,77,134,0.019,67
DRING-062,CLM-001801,77,134,0.019,67
DRING-062,CLM-001845,77,134,0.019,67
DRING-062,CLM-001849,77,134,0.019,67
DRING-062,CLM-001903,77,134,0.019,67
DRING-062,CLM-001916,77,134,0.019,67
DRING-062,CLM-002149,77,134,0.019,67
DRING-062,CLM-002285,77,134,0.019,67
DRING-062,CLM-002429,77,134,0.019,67
DRING-062,CLM-002850,77,134,0.019,67
DRING-062,CLM-002973,77,134,0.019,67
DRING-062,CLM-002982,77,134,0.019,67
DRING-062,CLM-003004,77,134,0.019,67
DRING-062,CLM-003061,77,134,0.019,67
DRING-062,CLM-003079,77,134,0.019,67
DRING-062,CLM-003248,77,134,0.019,67
DRING-062,CLM-003340,77,134,0.019,67
DRING-062,CLM-003346,77,134,0.019,67
DRING-062,CLM-003434,77,134,0.019,67
DRING-062,CLM-003672,77,134,0.019,67
DRING-062,CLM-003774,77,134,0.019,67
DRING-062,CLM-003791,77,134,0.019,67
DRING-062,CLM-004122,77,134,0.019,67
DRING-062,CLM-004186,77,134,0.019,67
DRING-062,CLM-004230,77,134,0.019,67
DRING-062,CLM-004365,77,134,0.019,67
DRING-062,CLM-004674,77,134,0.019,67
DRING-062,CLM-004718,77,134,0.019,67
DRING-062,CLM-004743,77,134,0.019,67
DRING-062,CLM-004872,77,134,0.019,67
DRING-062,CLM-004889,77,134,0.019,67
DRING-062,CLM-004902,77,134,0.019,67
DRING-062,CLM-005302,77,134,0.019,67
DRING-062,CLM-005318,77,134,0.019,67
DRING-062,CLM-005354,77,134,0.019,67
DRING-062,CLM-005501,77,134,0.019,67
DRING-062,CLM-005568,77,134,0.019,67
DRING-062,CLM-005669,77,134,0.019,67
DRING-062,CLM-005733,77,134,0.019,67
DRING-062,CLM-005738,77,134,0.019,67
DRING-062,CLM-005909,77,134,0.019,67
DRING-062,CLM-006011,77,134,0.019,67
DRING-062,CLM-006168,77,134,0.019,67
DRING-062,CLM-006201,77,134,0.019,67
DRING-062,CLM-006548,77,134,0.019,67
DRING-062,CLM-006686,77,134,0.019,67
DRING-062,CLM-006850,77,134,0.019,67
DRING-062,CLM-006853,77,134,0.019,67
DRING-062,CLM-006915,77,134,0.019,67
DRING-062,CLM-006931,77,134,0.019,67
DRING-062,CLM-006958,77,134,0.019,67
DRING-062,CLM-006970,77,134,0.019,67
DRING-063,CLM-000124,78,272,0.009,125
DRING-063,CLM-000147,78,272,0.009,125
DRING-063,CLM-000183,78,272,0.009,125
DRING-063,CLM-000185,78,272,0.009,125
DRING-063,CLM-000223,78,272,0.009,125
DRING-063,CLM-000248,78,272,0.009,125
DRING-063,CLM-000350,78,272,0.009,125
DRING-063,CLM-000390,78,272,0.009,125
DRING-063,CLM-000428,78,272,0.009,125
DRING-063,CLM-000526,78,272,0.009,125
DRING-063,CLM-000571,78,272,0.009,125
DRING-063,CLM-000657,78,272,0.009,125
DRING-063,CLM-000800,78,272,0.009,125
DRING-063,CLM-000868,78,272,0.009,125
DRING-063,CLM-000911,78,272,0.009,125
DRING-063,CLM-001106,78,272,0.009,125
DRING-063,CLM-001146,78,272,0.009,125
DRING-063,CLM-001192,78,272,0.009,125
DRING-063,CLM-001205,78,272,0.009,125
DRING-063,CLM-001216,78,272,0.009,125
DRING-063,CLM-001392,78,272,0.009,125
DRING-063,CLM-001411,78,272,0.009,125
DRING-063,CLM-001416,78,272,0.009,125
DRING-063,CLM-001418,78,272,0.009,125
DRING-063,CLM-001453,78,272,0.009,125
DRING-063,CLM-001526,78,272,0.009,125
DRING-063,CLM-001584,78,272,0.009,125
DRING-063,CLM-001618,78,272,0.009,125
DRING-063,CLM-001738,78,272,0.009,125
DRING-063,CLM-001952,78,272,0.009,125
DRING-063,CLM-001955,78,272,0.009,125
DRING-063,CLM-001977,78,272,0.009,125
DRING-063,CLM-002002,78,272,0.009,125
DRING-063,CLM-002017,78,272,0.009,125
DRING-063,CLM-002041,78,272,0.009,125
DRING-063,CLM-002046,78,272,0.009,125
DRING-063,CLM-002116,78,272,0.009,125
DRING-063,CLM-002250,78,272,0.009,125
DRING-063,CLM-002251,78,272,0.009,125
DRING-063,CLM-002269,78,272,0.009,125
DRING-063,CLM-002282,78,272,0.009,125
DRING-063,CLM-002322,78,272,0.009,125
DRING-063,CLM-002327,78,272,0.009,125
DRING-063,CLM-002374,78,272,0.009,125
DRING-063,CLM-002445,78,272,0.009,125
DRING-063,CLM-002458,78,272,0.009,125
DRING-063,CLM-002477,78,272,0.009,125
DRING-063,CLM-002487,78,272,0.009,125
DRING-063,CLM-002536,78,272,0.009,125
DRING-063,CLM-002745,78,272,0.009,125
DRING-063,CLM-002786,78,272,0.009,125
DRING-063,CLM-002862,78,272,0.009,125
DRING-063,CLM-002869,78,272,0.009,125
DRING-063,CLM-002879,78,272,0.009,125
DRING-063,CLM-003047,78,272,0.009,125
DRING-063,CLM-003209,78,272,0.009,125
DRING-063,CLM-003230,78,272,0.009,125
DRING-063,CLM-003264,78,272,0.009,125
DRING-063,CLM-003286,78,272,0.009,125
DRING-063,CLM-003309,78,272,0.009,125
DRING-063,CLM-003314,78,272,0.009,125
DRING-063,CLM-003373,78,272,0.009,125
DRING-063,CLM-003392,78,272,0.009,125
DRING-063,CLM-003405,78,272,0.009,125
DRING-063,CLM-003412,78,272,0.009,125
DRING-063,CLM-003423,78,272,0.009,125
DRING-063,CLM-003430,78,272,0.009,125
DRING-063,CLM-003451,78,272,0.009,125
DRING-063,CLM-003488,78,272,0.009,125
DRING-063,CLM-003504,78,272,0.009,125
DRING-063,CLM-003536,78,272,0.009,125
DRING-063,CLM-003833,78,272,0.009,125
DRING-063,CLM-003838,78,272,0.009,125
DRING-063,CLM-003959,78,272,0.009,125
DRING-063,CLM-004052,78,272,0.009,125
DRING-063,CLM-004098,78,272,0.009,125
DRING-063,CLM-004197,78,272,0.009,125
DRING-063,CLM-004257,78,272,0.009,125
DRING-063,CLM-004286,78,272,0.009,125
DRING-063,CLM-004296,78,272,0.009,125
DRING-063,CLM-004314,78,272,0.009,125
DRING-063,CLM-004434,78,272,0.009,125
DRING-063,CLM-004441,78,272,0.009,125
DRING-063,CLM-004454,78,272,0.009,125
DRING-063,CLM-004513,78,272,0.009,125
DRING-063,CLM-004652,78,272,0.009,125
DRING-063,CLM-004653,78,272,0.009,125
DRING-063,CLM-004669,78,272,0.009,125
DRING-063,CLM-004685,78,272,0.009,125
DRING-063,CLM-004710,78,272,0.009,125
DRING-063,CLM-004799,78,272,0.009,125
DRING-063,CLM-004846,78,272,0.009,125
DRING-063,CLM-004941,78,272,0.009,125
DRING-063,CLM-004946,78,272,0.009,125
DRING-063,CLM-005036,78,272,0.009,125
DRING-063,CLM-005072,78,272,0.009,125
DRING-063,CLM-005162,78,272,0.009,125
DRING-063,CLM-005183,78,272,0.009,125
DRING-063,CLM-005210,78,272,0.009,125
DRING-063,CLM-005377,78,272,0.009,125
DRING-063,CLM-005500,78,272,0.009,125
DRING-063,CLM-005551,78,272,0.009,125
DRING-063,CLM-005559,78,272,0.009,125
DRING-063,CLM-005607,78,272,0.009,125
DRING-063,CLM-005638,78,272,0.009,125
DRING-063,CLM-005732,78,272,0.009,125
DRING-063,CLM-005735,78,272,0.009,125
DRING-063,CLM-005825,78,272,0.009,125
DRING-063,CLM-005877,78,272,0.009,125
DRING-063,CLM-005937,78,272,0.009,125
DRING-063,CLM-005943,78,272,0.009,125
DRING-063,CLM-005995,78,272,0.009,125
DRING-063,CLM-006094,78,272,0.009,125
DRING-063,CLM-006122,78,272,0.009,125
DRING-063,CLM-006214,78,272,0.009,125
DRING-063,CLM-006339,78,272,0.009,125
DRING-063,CLM-006400,78,272,0.009,125
DRING-063,CLM-006431,78,272,0.009,125
DRING-063,CLM-006445,78,272,0.009,125
DRING-063,CLM-006736,78,272,0.009,125
DRING-063,CLM-006884,78,272,0.009,125
DRING-063,CLM-006906,78,272,0.009,125
DRING-063,CLM-006912,78,272,0.009,125
DRING-063,CLM-007008,78,272,0.009,125
DRING-063,CLM-007014,78,272,0.009,125
DRING-064,CLM-000131,86,230,0.0105,102
DRING-064,CLM-000153,86,230,0.0105,102
DRING-064,CLM-000186,86,230,0.0105,102
DRING-064,CLM-000486,86,230,0.0105,102
DRING-064,CLM-000553,86,230,0.0105,102
DRING-064,CLM-000575,86,230,0.0105,102
DRING-064,CLM-000640,86,230,0.0105,102
DRING-064,CLM-000644,86,230,0.0105,102
DRING-064,CLM-000671,86,230,0.0105,102
DRING-064,CLM-000738,86,230,0.0105,102
DRING-064,CLM-000842,86,230,0.0105,102
DRING-064,CLM-000850,86,230,0.0105,102
DRING-064,CLM-000864,86,230,0.0105,102
DRING-064,CLM-001081,86,230,0.0105,102
DRING-064,CLM-001185,86,230,0.0105,102
DRING-064,CLM-001299,86,230,0.0105,102
DRING-064,CLM-001460,86,230,0.0105,102
DRING-064,CLM-001488,86,230,0.0105,102
DRING-064,CLM-001495,86,230,0.0105,102
DRING-064,CLM-001502,86,230,0.0105,102
DRING-064,CLM-001515,86,230,0.0105,102
DRING-064,CLM-001532,86,230,0.0105,102
DRING-064,CLM-001585,86,230,0.0105,102
DRING-064,CLM-001645,86,230,0.0105,102
DRING-064,CLM-001686,86,230,0.0105,102
DRING-064,CLM-001830,86,230,0.0105,102
DRING-064,CLM-001907,86,230,0.0105,102
DRING-064,CLM-001917,86,230,0.0105,102
DRING-064,CLM-001982,86,230,0.0105,102
DRING-064,CLM-002107,86,230,0.0105,102
DRING-064,CLM-002314,86,230,0.0105,102
DRING-064,CLM-002344,86,230,0.0105,102
DRING-064,CLM-002346,86,230,0.0105,102
DRING-064,CLM-002364,86,230,0.0105,102
DRING-064,CLM-002406,86,230,0.0105,102
DRING-064,CLM-002473,86,230,0.0105,102
DRING-064,CLM-002483,86,230,0.0105,102
DRING-064,CLM-002497,86,230,0.0105,102
DRING-064,CLM-002531,86,230,0.0105,102
DRING-064,CLM-002603,86,230,0.0105,102
DRING-064,CLM-002624,86,230,0.0105,102
DRING-064,CLM-002627,86,230,0.0105,102
DRING-064,CLM-002656,86,230,0.0105,102
DRING-064,CLM-002746,86,230,0.0105,102
DRING-064,CLM-002855,86,230,0.0105,102
DRING-064,CLM-002874,86,230,0.0105,102
DRING-064,CLM-002961,86,230,0.0105,102
DRING-064,CLM-003122,86,230,0.0105,102
DRING-064,CLM-003428,86,230,0.0105,102
DRING-064,CLM-003576,86,230,0.0105,102
DRING-064,CLM-003656,86,230,0.0105,102
DRING-064,CLM-003875,86,230,0.0105,102
DRING-064,CLM-003941,86,230,0.0105,102
DRING-064,CLM-004015,86,230,0.0105,102
DRING-064,CLM-004162,86,230,0.0105,102
DRING-064,CLM-004191,86,230,0.0105,102
DRING-064,CLM-004342,86,230,0.0105,102
DRING-064,CLM-004371,86,230,0.0105,102
DRING-064,CLM-004508,86,230,0.0105,102
DRING-064,CLM-004517,86,230,0.0105,102
DRING-064,CLM-004545,86,230,0.0105,102
DRING-064,CLM-004713,86,230,0.0105,102
DRING-064,CLM-004829,86,230,0.0105,102
DRING-064,CLM-004834,86,230,0.0105,102
DRING-064,CLM-004840,86,230,0.0105,102
DRING-064,CLM-004850,86,230,0.0105,102
DRING-064,CLM-004915,86,230,0.0105,102
DRING-064,CLM-004974,86,230,0.0105,102
DRING-064,CLM-005028,86,230,0.0105,102
DRING-064,CLM-005250,86,230,0.0105,102
DRING-064,CLM-005270,86,230,0.0105,102
DRING-064,CLM-005275,86,230,0.0105,102
DRING-064,CLM-005295,86,230,0.0105,102
DRING-064,CLM-005442,86,230,0.0105,102
DRING-064,CLM-005465,86,230,0.0105,102
DRING-064,CLM-005507,86,230,0.0105,102
DRING-064,CLM-005510,86,230,0.0105,102
DRING-064,CLM-005655,86,230,0.0105,102
DRING-064,CLM-005786,86,230,0.0105,102
DRING-064,CLM-005981,86,230,0.0105,102
DRING-064,CLM-006002,86,230,0.0105,102
DRING-064,CLM-006040,86,230,0.0105,102
DRING-064,CLM-006068,86,230,0.0105,102
DRING-064,CLM-006086,86,230,0.0105,102
DRING-064,CLM-006091,86,230,0.0105,102
DRING-064,CLM-006232,86,230,0.0105,102
DRING-064,CLM-006277,86,230,0.0105,102
DRING-064,CLM-006308,86,230,0.0105,102
DRING-064,CLM-006329,86,230,0.0105,102
DRING-064,CLM-006479,86,230,0.0105,102
DRING-064,CLM-006508,86,230,0.0105,102
DRING-064,CLM-006561,86,230,0.0105,102
DRING-064,CLM-006696,86,230,0.0105,102
DRING-064,CLM-006743,86,230,0.0105,102
DRING-064,CLM-006764,86,230,0.0105,102
DRING-064,CLM-006806,86,230,0.0105,102
DRING-064,CLM-006819,86,230,0.0105,102
DRING-064,CLM-006827,86,230,0.0105,102
DRING-064,CLM-006870,86,230,0.0105,102
DRING-064,CLM-006873,86,230,0.0105,102
DRING-064,CLM-006921,86,230,0.0105,102
DRING-064,CLM-006934,86,230,0.0105,102
DRING-065,CLM-000133,82,262,0.009,113
DRING-065,CLM-000158,82,262,0.009,113
DRING-065,CLM-000163,82,262,0.009,113
DRING-065,CLM-000252,82,262,0.009,113
DRING-065,CLM-000530,82,262,0.009,113
DRING-065,CLM-000563,82,262,0.009,113
DRING-065,CLM-000566,82,262,0.009,113
DRING-065,CLM-000658,82,262,0.009,113
DRING-065,CLM-000719,82,262,0.009,113
DRING-065,CLM-000724,82,262,0.009,113
DRING-065,CLM-000786,82,262,0.009,113
DRING-065,CLM-000918,82,262,0.009,113
DRING-065,CLM-001055,82,262,0.009,113
DRING-065,CLM-001127,82,262,0.009,113
DRING-065,CLM-001190,82,262,0.009,113
DRING-065,CLM-001328,82,262,0.009,113
DRING-065,CLM-001471,82,262,0.009,113
DRING-065,CLM-001516,82,262,0.009,113
DRING-065,CLM-001630,82,262,0.009,113
DRING-065,CLM-001643,82,262,0.009,113
DRING-065,CLM-001660,82,262,0.009,113
DRING-065,CLM-001673,82,262,0.009,113
DRING-065,CLM-001744,82,262,0.009,113
DRING-065,CLM-001868,82,262,0.009,113
DRING-065,CLM-001878,82,262,0.009,113
DRING-065,CLM-001882,82,262,0.009,113
DRING-065,CLM-001966,82,262,0.009,113
DRING-065,CLM-001983,82,262,0.009,113
DRING-065,CLM-002099,82,262,0.009,113
DRING-065,CLM-002127,82,262,0.009,113
DRING-065,CLM-002137,82,262,0.009,113
DRING-065,CLM-002212,82,262,0.009,113
DRING-065,CLM-002297,82,262,0.009,113
DRING-065,CLM-002334,82,262,0.009,113
DRING-065,CLM-002420,82,262,0.009,113
DRING-065,CLM-002425,82,262,0.009,113
DRING-065,CLM-002552,82,262,0.009,113
DRING-065,CLM-002567,82,262,0.009,113
DRING-065,CLM-002570,82,262,0.009,113
DRING-065,CLM-002576,82,262,0.009,113
DRING-065,CLM-002577,82,262,0.009,113
DRING-065,CLM-002655,82,262,0.009,113
DRING-065,CLM-002796,82,262,0.009,113
DRING-065,CLM-002882,82,262,0.009,113
DRING-065,CLM-002904,82,262,0.009,113
DRING-065,CLM-003013,82,262,0.009,113
DRING-065,CLM-003020,82,262,0.009,113
DRING-065,CLM-003031,82,262,0.009,113
DRING-065,CLM-003064,82,262,0.009,113
DRING-065,CLM-003170,82,262,0.009,113
DRING-065,CLM-003206,82,262,0.009,113
DRING-065,CLM-003389,82,262,0.009,113
DRING-065,CLM-003402,82,262,0.009,113
DRING-065,CLM-003568,82,262,0.009,113
DRING-065,CLM-003646,82,262,0.009,113
DRING-065,CLM-003729,82,262,0.009,113
DRING-065,CLM-003795,82,262,0.009,113
DRING-065,CLM-003955,82,262,0.009,113
DRING-065,CLM-003992,82,262,0.009,113
DRING-065,CLM-003997,82,262,0.009,113
DRING-065,CLM-004039,82,262,0.009,113
DRING-065,CLM-004289,82,262,0.009,113
DRING-065,CLM-004429,82,262,0.009,113
DRING-065,CLM-004519,82,262,0.009,113
DRING-065,CLM-004521,82,262,0.009,113
DRING-065,CLM-004540,82,262,0.009,113
DRING-065,CLM-004590,82,262,0.009,113
DRING-065,CLM-004633,82,262,0.009,113
DRING-065,CLM-004708,82,262,0.009,113
DRING-065,CLM-004716,82,262,0.009,113
DRING-065,CLM-004769,82,262,0.009,113
DRING-065,CLM-004833,82,262,0.009,113
DRING-065,CLM-004864,82,262,0.009,113
DRING-065,CLM-004876,82,262,0.009,113
DRING-065,CLM-004913,82,262,0.009,113
DRING-065,CLM-005098,82,262,0.009,113
DRING-065,CLM-005126,82,262,0.009,113
DRING-065,CLM-005164,82,262,0.009,113
DRING-065,CLM-005235,82,262,0.009,113
DRING-065,CLM-005248,82,262,0.009,113
DRING-065,CLM-005368,82,262,0.009,113
DRING-065,CLM-005509,82,262,0.009,113
DRING-065,CLM-005570,82,262,0.009,113
DRING-065,CLM-005579,82,262,0.009,113
DRING-065,CLM-005667,82,262,0.009,113
DRING-065,CLM-005740,82,262,0.009,113
DRING-065,CLM-005776,82,262,0.009,113
DRING-065,CLM-005820,82,262,0.009,113
DRING-065,CLM-005946,82,262,0.009,113
DRING-065,CLM-006024,82,262,0.009,113
DRING-065,CLM-006075,82,262,0.009,113
DRING-065,CLM-006106,82,262,0.009,113
DRING-065,CLM-006135,82,262,0.009,113
DRING-065,CLM-006178,82,262,0.009,113
DRING-065,CLM-006296,82,262,0.009,113
DRING-065,CLM-006335,82,262,0.009,113
DRING-065,CLM-006368,82,262,0.009,113
DRING-065,CLM-006465,82,262,0.009,113
DRING-065,CLM-006570,82,262,0.009,113
DRING-065,CLM-006574,82,262,0.009,113
DRING-065,CLM-006589,82,262,0.009,113
DRING-065,CLM-006653,82,262,0.009,113
DRING-065,CLM-006690,82,262,0.009,113
DRING-065,CLM-006771,82,262,0.009,113
DRING-065,CLM-006784,82,262,0.009,113
DRING-065,CLM-006787,82,262,0.009,113
DRING-065,CLM-006799,82,262,0.009,113
DRING-065,CLM-006809,82,262,0.009,113
DRING-065,CLM-006822,82,262,0.009,113
DRING-065,CLM-006828,82,262,0.009,113
DRING-065,CLM-006974,82,262,0.009,113
DRING-065,CLM-007027,82,262,0.009,113
DRING-065,CLM-007030,82,262,0.009,113
DRING-066,CLM-000139,148,222,0.0115,109
DRING-066,CLM-000170,148,222,0.0115,109
DRING-066,CLM-000224,148,222,0.0115,109
DRING-066,CLM-000229,148,222,0.0115,109
DRING-066,CLM-000282,148,222,0.0115,109
DRING-066,CLM-000304,148,222,0.0115,109
DRING-066,CLM-000330,148,222,0.0115,109
DRING-066,CLM-000454,148,222,0.0115,109
DRING-066,CLM-000478,148,222,0.0115,109
DRING-066,CLM-000492,148,222,0.0115,109
DRING-066,CLM-000661,148,222,0.0115,109
DRING-066,CLM-000720,148,222,0.0115,109
DRING-066,CLM-000761,148,222,0.0115,109
DRING-066,CLM-000855,148,222,0.0115,109
DRING-066,CLM-000862,148,222,0.0115,109
DRING-066,CLM-000916,148,222,0.0115,109
DRING-066,CLM-000947,148,222,0.0115,109
DRING-066,CLM-000955,148,222,0.0115,109
DRING-066,CLM-001006,148,222,0.0115,109
DRING-066,CLM-001009,148,222,0.0115,109
DRING-066,CLM-001137,148,222,0.0115,109
DRING-066,CLM-001249,148,222,0.0115,109
DRING-066,CLM-001433,148,222,0.0115,109
DRING-066,CLM-001507,148,222,0.0115,109
DRING-066,CLM-001556,148,222,0.0115,109
DRING-066,CLM-001560,148,222,0.0115,109
DRING-066,CLM-001599,148,222,0.0115,109
DRING-066,CLM-001636,148,222,0.0115,109
DRING-066,CLM-001665,148,222,0.0115,109
DRING-066,CLM-001682,148,222,0.0115,109
DRING-066,CLM-001780,148,222,0.0115,109
DRING-066,CLM-001782,148,222,0.0115,109
DRING-066,CLM-001919,148,222,0.0115,109
DRING-066,CLM-001926,148,222,0.0115,109
DRING-066,CLM-002109,148,222,0.0115,109
DRING-066,CLM-002113,148,222,0.0115,109
DRING-066,CLM-002128,148,222,0.0115,109
DRING-066,CLM-002154,148,222,0.0115,109
DRING-066,CLM-002242,148,222,0.0115,109
DRING-066,CLM-002246,148,222,0.0115,109
DRING-066,CLM-002340,148,222,0.0115,109
DRING-066,CLM-002341,148,222,0.0115,109
DRING-066,CLM-002363,148,222,0.0115,109
DRING-066,CLM-002430,148,222,0.0115,109
DRING-066,CLM-002537,148,222,0.0115,109
DRING-066,CLM-002556,148,222,0.0115,109
DRING-066,CLM-002611,148,222,0.0115,109
DRING-066,CLM-002620,148,222,0.0115,109
DRING-066,CLM-002647,148,222,0.0115,109
DRING-066,CLM-002717,148,222,0.0115,109
DRING-066,CLM-002788,148,222,0.0115,109
DRING-066,CLM-002870,148,222,0.0115,109
DRING-066,CLM-002966,148,222,0.0115,109
DRING-066,CLM-002999,148,222,0.0115,109
DRING-066,CLM-003092,148,222,0.0115,109
DRING-066,CLM-003155,148,222,0.0115,109
DRING-066,CLM-003332,148,222,0.0115,109
DRING-066,CLM-003442,148,222,0.0115,109
DRING-066,CLM-003450,148,222,0.0115,109
DRING-066,CLM-003523,148,222,0.0115,109
DRING-066,CLM-003552,148,222,0.0115,109
DRING-066,CLM-003695,148,222,0.0115,109
DRING-066,CLM-003705,148,222,0.0115,109
DRING-066,CLM-003962,148,222,0.0115,109
DRING-066,CLM-003976,148,222,0.0115,109
DRING-066,CLM-003995,148,222,0.0115,109
DRING-066,CLM-004005,148,222,0.0115,109
DRING-066,CLM-004010,148,222,0.0115,109
DRING-066,CLM-004021,148,222,0.0115,109
DRING-066,CLM-004095,148,222,0.0115,109
DRING-066,CLM-004102,148,222,0.0115,109
DRING-066,CLM-004110,148,222,0.0115,109
DRING-066,CLM-004113,148,222,0.0115,109
DRING-066,CLM-004161,148,222,0.0115,109
DRING-066,CLM-004251,148,222,0.0115,109
DRING-066,CLM-004498,148,222,0.0115,109
DRING-066,CLM-004575,148,222,0.0115,109
DRING-066,CLM-004611,148,222,0.0115,109
DRING-066,CLM-004692,148,222,0.0115,109
DRING-066,CLM-004729,148,222,0.0115,109
DRING-066,CLM-004791,148,222,0.0115,109
DRING-066,CLM-004818,148,222,0.0115,109
DRING-066,CLM-004845,148,222,0.0115,109
DRING-066,CLM-004922,148,222,0.0115,109
DRING-066,CLM-004942,148,222,0.0115,109
DRING-066,CLM-004962,148,222,0.0115,109
DRING-066,CLM-005088,148,222,0.0115,109
DRING-066,CLM-005253,148,222,0.0115,109
DRING-066,CLM-005289,148,222,0.0115,109
DRING-066,CLM-005471,148,222,0.0115,109
DRING-066,CLM-005489,148,222,0.0115,109
DRING-066,CLM-005606,148,222,0.0115,109
DRING-066,CLM-005609,148,222,0.0115,109
DRING-066,CLM-005798,148,222,0.0115,109
DRING-066,CLM-005882,148,222,0.0115,109
DRING-066,CLM-005990,148,222,0.0115,109
DRING-066,CLM-006053,148,222,0.0115,109
DRING-066,CLM-006147,148,222,0.0115,109
DRING-066,CLM-006189,148,222,0.0115,109
DRING-066,CLM-006217,148,222,0.0115,109
DRING-066,CLM-006472,148,222,0.0115,109
DRING-066,CLM-006603,148,222,0.0115,109
DRING-066,CLM-006664,148,222,0.0115,109
DRING-066,CLM-006702,148,222,0.0115,109
DRING-066,CLM-006835,148,222,0.0115,109
DRING-066,CLM-006866,148,222,0.0115,109
DRING-066,CLM-006911,148,222,0.0115,109
DRING-066,CLM-006916,148,222,0.0115,109
DRING-066,CLM-007010,148,222,0.0115,109
DRING-067,CLM-000149,84,191,0.0128,88
DRING-067,CLM-000161,84,191,0.0128,88
DRING-067,CLM-000182,84,191,0.0128,88
DRING-067,CLM-000219,84,191,0.0128,88
DRING-067,CLM-000306,84,191,0.0128,88
DRING-067,CLM-000342,84,191,0.0128,88
DRING-067,CLM-000462,84,191,0.0128,88
DRING-067,CLM-000541,84,191,0.0128,88
DRING-067,CLM-000849,84,191,0.0128,88
DRING-067,CLM-000853,84,191,0.0128,88
DRING-067,CLM-000953,84,191,0.0128,88
DRING-067,CLM-000958,84,191,0.0128,88
DRING-067,CLM-001126,84,191,0.0128,88
DRING-067,CLM-001158,84,191,0.0128,88
DRING-067,CLM-001240,84,191,0.0128,88
DRING-067,CLM-001255,84,191,0.0128,88
DRING-067,CLM-001340,84,191,0.0128,88
DRING-067,CLM-001377,84,191,0.0128,88
DRING-067,CLM-001503,84,191,0.0128,88
DRING-067,CLM-001530,84,191,0.0128,88
DRING-067,CLM-001593,84,191,0.0128,88
DRING-067,CLM-001621,84,191,0.0128,88
DRING-067,CLM-001661,84,191,0.0128,88
DRING-067,CLM-001722,84,191,0.0128,88
DRING-067,CLM-001743,84,191,0.0128,88
DRING-067,CLM-001778,84,191,0.0128,88
DRING-067,CLM-001811,84,191,0.0128,88
DRING-067,CLM-001824,84,191,0.0128,88
DRING-067,CLM-001858,84,191,0.0128,88
DRING-067,CLM-001947,84,191,0.0128,88
DRING-067,CLM-002092,84,191,0.0128,88
DRING-067,CLM-002281,84,191,0.0128,88
DRING-067,CLM-002545,84,191,0.0128,88
DRING-067,CLM-002610,84,191,0.0128,88
DRING-067,CLM-002733,84,191,0.0128,88
DRING-067,CLM-002807,84,191,0.0128,88
DRING-067,CLM-003082,84,191,0.0128,88
DRING-067,CLM-003322,84,191,0.0128,88
DRING-067,CLM-003323,84,191,0.0128,88
DRING-067,CLM-003370,84,191,0.0128,88
DRING-067,CLM-003421,84,191,0.0128,88
DRING-067,CLM-003496,84,191,0.0128,88
DRING-067,CLM-003521,84,191,0.0128,88
DRING-067,CLM-003538,84,191,0.0128,88
DRING-067,CLM-003614,84,191,0.0128,88
DRING-067,CLM-003638,84,191,0.0128,88
DRING-067,CLM-003988,84,191,0.0128,88
DRING-067,CLM-004221,84,191,0.0128,88
DRING-067,CLM-004267,84,191,0.0128,88
DRING-067,CLM-004308,84,191,0.0128,88
DRING-067,CLM-004351,84,191,0.0128,88
DRING-067,CLM-004358,84,191,0.0128,88
DRING-067,CLM-004663,84,191,0.0128,88
DRING-067,CLM-004749,84,191,0.0128,88
DRING-067,CLM-004803,84,191,0.0128,88
DRING-067,CLM-004958,84,191,0.0128,88
DRING-067,CLM-005199,84,191,0.0128,88
DRING-067,CLM-005314,84,191,0.0128,88
DRING-067,CLM-005380,84,191,0.0128,88
DRING-067,CLM-005425,84,191,0.0128,88
DRING-067,CLM-005457,84,191,0.0128,88
DRING-067,CLM-005590,84,191,0.0128,88
DRING-067,CLM-005700,84,191,0.0128,88
DRING-067,CLM-005775,84,191,0.0128,88
DRING-067,CLM-005923,84,191,0.0128,88
DRING-067,CLM-005996,84,191,0.0128,88
DRING-067,CLM-006187,84,191,0.0128,88
DRING-067,CLM-006244,84,191,0.0128,88
DRING-067,CLM-006249,84,191,0.0128,88
DRING-067,CLM-006330,84,191,0.0128,88
DRING-067,CLM-006362,84,191,0.0128,88
DRING-067,CLM-006369,84,191,0.0128,88
DRING-067,CLM-006370,84,191,0.0128,88
DRING-067,CLM-006405,84,191,0.0128,88
DRING-067,CLM-006490,84,191,0.0128,88
DRING-067,CLM-006531,84,191,0.0128,88
DRING-067,CLM-006543,84,191,0.0128,88
DRING-067,CLM-006671,84,191,0.0128,88
DRING-067,CLM-006677,84,191,0.0128,88
DRING-067,CLM-006687,84,191,0.0128,88
DRING-067,CLM-006740,84,191,0.0128,88
DRING-067,CLM-006803,84,191,0.0128,88
DRING-067,CLM-006849,84,191,0.0128,88
DRING-067,CLM-006936,84,191,0.0128,88
DRING-067,CLM-006956,84,191,0.0128,88
DRING-067,CLM-007020,84,191,0.0128,88
DRING-067,CLM-007021,84,191,0.0128,88
DRING-067,CLM-007022,84,191,0.0128,88
DRING-068,CLM-000152,146,202,0.012,94
DRING-068,CLM-000376,146,202,0.012,94
DRING-068,CLM-000507,146,202,0.012,94
DRING-068,CLM-000542,146,202,0.012,94
DRING-068,CLM-000712,146,202,0.012,94
DRING-068,CLM-000838,146,202,0.012,94
DRING-068,CLM-000908,146,202,0.012,94
DRING-068,CLM-000954,146,202,0.012,94
DRING-068,CLM-000982,146,202,0.012,94
DRING-068,CLM-001031,146,202,0.012,94
DRING-068,CLM-001092,146,202,0.012,94
DRING-068,CLM-001293,146,202,0.012,94
DRING-068,CLM-001335,146,202,0.012,94
DRING-068,CLM-001342,146,202,0.012,94
DRING-068,CLM-001430,146,202,0.012,94
DRING-068,CLM-001480,146,202,0.012,94
DRING-068,CLM-001570,146,202,0.012,94
DRING-068,CLM-001725,146,202,0.012,94
DRING-068,CLM-001767,146,202,0.012,94
DRING-068,CLM-001855,146,202,0.012,94
DRING-068,CLM-001896,146,202,0.012,94
DRING-068,CLM-001918,146,202,0.012,94
DRING-068,CLM-001985,146,202,0.012,94
DRING-068,CLM-002055,146,202,0.012,94
DRING-068,CLM-002066,146,202,0.012,94
DRING-068,CLM-002195,146,202,0.012,94
DRING-068,CLM-002214,146,202,0.012,94
DRING-068,CLM-002268,146,202,0.012,94
DRING-068,CLM-002461,146,202,0.012,94
DRING-068,CLM-002476,146,202,0.012,94
DRING-068,CLM-002479,146,202,0.012,94
DRING-068,CLM-002485,146,202,0.012,94
DRING-068,CLM-002520,146,202,0.012,94
DRING-068,CLM-002767,146,202,0.012,94
DRING-068,CLM-002924,146,202,0.012,94
DRING-068,CLM-002951,146,202,0.012,94
DRING-068,CLM-003035,146,202,0.012,94
DRING-068,CLM-003057,146,202,0.012,94
DRING-068,CLM-003257,146,202,0.012,94
DRING-068,CLM-003273,146,202,0.012,94
DRING-068,CLM-003326,146,202,0.012,94
DRING-068,CLM-003368,146,202,0.012,94
DRING-068,CLM-003575,146,202,0.012,94
DRING-068,CLM-003684,146,202,0.012,94
DRING-068,CLM-003693,146,202,0.012,94
DRING-068,CLM-003858,146,202,0.012,94
DRING-068,CLM-003910,146,202,0.012,94
DRING-068,CLM-003934,146,202,0.012,94
DRING-068,CLM-004054,146,202,0.012,94
DRING-068,CLM-004210,146,202,0.012,94
DRING-068,CLM-004254,146,202,0.012,94
DRING-068,CLM-004270,146,202,0.012,94
DRING-068,CLM-004283,146,202,0.012,94
DRING-068,CLM-004578,146,202,0.012,94
DRING-068,CLM-004605,146,202,0.012,94
DRING-068,CLM-004687,146,202,0.012,94
DRING-068,CLM-004695,146,202,0.012,94
DRING-068,CLM-004696,146,202,0.012,94
DRING-068,CLM-004724,146,202,0.012,94
DRING-068,CLM-004739,146,202,0.012,94
DRING-068,CLM-004759,146,202,0.012,94
DRING-068,CLM-004837,146,202,0.012,94
DRING-068,CLM-004869,146,202,0.012,94
DRING-068,CLM-004878,146,202,0.012,94
DRING-068,CLM-004901,146,202,0.012,94
DRING-068,CLM-004930,146,202,0.012,94
DRING-068,CLM-004939,146,202,0.012,94
DRING-068,CLM-005033,146,202,0.012,94
DRING-068,CLM-005093,146,202,0.012,94
DRING-068,CLM-005238,146,202,0.012,94
DRING-068,CLM-005430,146,202,0.012,94
DRING-068,CLM-005483,146,202,0.012,94
DRING-068,CLM-005519,146,202,0.012,94
DRING-068,CLM-005547,146,202,0.012,94
DRING-068,CLM-005698,146,202,0.012,94
DRING-068,CLM-005730,146,202,0.012,94
DRING-068,CLM-005755,146,202,0.012,94
DRING-068,CLM-005879,146,202,0.012,94
DRING-068,CLM-005896,146,202,0.012,94
DRING-068,CLM-005949,146,202,0.012,94
DRING-068,CLM-005961,146,202,0.012,94
DRING-068,CLM-006115,146,202,0.012,94
DRING-068,CLM-006136,146,202,0.012,94
DRING-068,CLM-006237,146,202,0.012,94
DRING-068,CLM-006551,146,202,0.012,94
DRING-068,CLM-006592,146,202,0.012,94
DRING-068,CLM-006613,146,202,0.012,94
DRING-068,CLM-006657,146,202,0.012,94
DRING-068,CLM-006728,146,202,0.012,94
DRING-068,CLM-006957,146,202,0.012,94
DRING-068,CLM-006986,146,202,0.012,94
DRING-068,CLM-006996,146,202,0.012,94
DRING-068,CLM-007065,146,202,0.012,94
DRING-068,CLM-007067,146,202,0.012,94
DRING-069,CLM-000164,88,244,0.0104,115
DRING-069,CLM-000196,88,244,0.0104,115
DRING-069,CLM-000226,88,244,0.0104,115
DRING-069,CLM-000246,88,244,0.0104,115
DRING-069,CLM-000301,88,244,0.0104,115
DRING-069,CLM-000340,88,244,0.0104,115
DRING-069,CLM-000371,88,244,0.0104,115
DRING-069,CLM-000415,88,244,0.0104,115
DRING-069,CLM-000539,88,244,0.0104,115
DRING-069,CLM-000591,88,244,0.0104,115
DRING-069,CLM-000621,88,244,0.0104,115
DRING-069,CLM-000641,88,244,0.0104,115
DRING-069,CLM-000691,88,244,0.0104,115
DRING-069,CLM-000693,88,244,0.0104,115
DRING-069,CLM-000998,88,244,0.0104,115
DRING-069,CLM-001000,88,244,0.0104,115
DRING-069,CLM-001119,88,244,0.0104,115
DRING-069,CLM-001394,88,244,0.0104,115
DRING-069,CLM-001607,88,244,0.0104,115
DRING-069,CLM-001620,88,244,0.0104,115
DRING-069,CLM-001644,88,244,0.0104,115
DRING-069,CLM-001698,88,244,0.0104,115
DRING-069,CLM-001717,88,244,0.0104,115
DRING-069,CLM-001721,88,244,0.0104,115
DRING-069,CLM-001737,88,244,0.0104,115
DRING-069,CLM-001747,88,244,0.0104,115
DRING-069,CLM-001791,88,244,0.0104,115
DRING-069,CLM-001810,88,244,0.0104,115
DRING-069,CLM-001908,88,244,0.0104,115
DRING-069,CLM-001929,88,244,0.0104,115
DRING-069,CLM-001945,88,244,0.0104,115
DRING-069,CLM-001950,88,244,0.0104,115
DRING-069,CLM-001987,88,244,0.0104,115
DRING-069,CLM-002001,88,244,0.0104,115
DRING-069,CLM-002049,88,244,0.0104,115
DRING-069,CLM-002167,88,244,0.0104,115
DRING-069,CLM-002222,88,244,0.0104,115
DRING-069,CLM-002233,88,244,0.0104,115
DRING-069,CLM-002376,88,244,0.0104,115
DRING-069,CLM-002449,88,244,0.0104,115
DRING-069,CLM-002524,88,244,0.0104,115
DRING-069,CLM-002583,88,244,0.0104,115
DRING-069,CLM-002692,88,244,0.0104,115
DRING-069,CLM-002781,88,244,0.0104,115
DRING-069,CLM-002838,88,244,0.0104,115
DRING-069,CLM-002976,88,244,0.0104,115
DRING-069,CLM-002989,88,244,0.0104,115
DRING-069,CLM-003083,88,244,0.0104,115
DRING-069,CLM-003084,88,244,0.0104,115
DRING-069,CLM-003102,88,244,0.0104,115
DRING-069,CLM-003165,88,244,0.0104,115
DRING-069,CLM-003183,88,244,0.0104,115
DRING-069,CLM-003189,88,244,0.0104,115
DRING-069,CLM-003232,88,244,0.0104,115
DRING-069,CLM-003358,88,244,0.0104,115
DRING-069,CLM-003407,88,244,0.0104,115
DRING-069,CLM-003409,88,244,0.0104,115
DRING-069,CLM-003520,88,244,0.0104,115
DRING-069,CLM-003534,88,244,0.0104,115
DRING-069,CLM-003559,88,244,0.0104,115
DRING-069,CLM-003596,88,244,0.0104,115
DRING-069,CLM-003778,88,244,0.0104,115
DRING-069,CLM-003786,88,244,0.0104,115
DRING-069,CLM-003846,88,244,0.0104,115
DRING-069,CLM-003921,88,244,0.0104,115
DRING-069,CLM-004173,88,244,0.0104,115
DRING-069,CLM-004193,88,244,0.0104,115
DRING-069,CLM-004301,88,244,0.0104,115
DRING-069,CLM-004443,88,244,0.0104,115
DRING-069,CLM-004485,88,244,0.0104,115
DRING-069,CLM-004546,88,244,0.0104,115
DRING-069,CLM-004617,88,244,0.0104,115
DRING-069,CLM-004677,88,244,0.0104,115
DRING-069,CLM-004691,88,244,0.0104,115
DRING-069,CLM-004805,88,244,0.0104,115
DRING-069,CLM-004816,88,244,0.0104,115
DRING-069,CLM-004950,88,244,0.0104,115
DRING-069,CLM-005040,88,244,0.0104,115
DRING-069,CLM-005052,88,244,0.0104,115
DRING-069,CLM-005085,88,244,0.0104,115
DRING-069,CLM-005116,88,244,0.0104,115
DRING-069,CLM-005214,88,244,0.0104,115
DRING-069,CLM-005327,88,244,0.0104,115
DRING-069,CLM-005334,88,244,0.0104,115
DRING-069,CLM-005339,88,244,0.0104,115
DRING-069,CLM-005432,88,244,0.0104,115
DRING-069,CLM-005466,88,244,0.0104,115
DRING-069,CLM-005620,88,244,0.0104,115
DRING-069,CLM-005817,88,244,0.0104,115
DRING-069,CLM-005861,88,244,0.0104,115
DRING-069,CLM-005926,88,244,0.0104,115
DRING-069,CLM-005930,88,244,0.0104,115
DRING-069,CLM-005938,88,244,0.0104,115
DRING-069,CLM-006017,88,244,0.0104,115
DRING-069,CLM-006058,88,244,0.0104,115
DRING-069,CLM-006130,88,244,0.0104,115
DRING-069,CLM-006154,88,244,0.0104,115
DRING-069,CLM-006158,88,244,0.0104,115
DRING-069,CLM-006163,88,244,0.0104,115
DRING-069,CLM-006319,88,244,0.0104,115
DRING-069,CLM-006333,88,244,0.0104,115
DRING-069,CLM-006349,88,244,0.0104,115
DRING-069,CLM-006519,88,244,0.0104,115
DRING-069,CLM-006593,88,244,0.0104,115
DRING-069,CLM-006647,88,244,0.0104,115
DRING-069,CLM-006700,88,244,0.0104,115
DRING-069,CLM-006830,88,244,0.0104,115
DRING-069,CLM-006954,88,244,0.0104,115
DRING-069,CLM-006971,88,244,0.0104,115
DRING-069,CLM-006994,88,244,0.0104,115
DRING-069,CLM-007057,88,244,0.0104,115
DRING-069,CLM-007058,88,244,0.0104,115
DRING-069,CLM-007059,88,244,0.0104,115
DRING-069,CLM-007060,88,244,0.0104,115
DRING-069,CLM-007061,88,244,0.0104,115
DRING-070,CLM-000176,90,201,0.0126,95
DRING-070,CLM-000328,90,201,0.0126,95
DRING-070,CLM-000468,90,201,0.0126,95
DRING-070,CLM-000487,90,201,0.0126,95
DRING-070,CLM-000570,90,201,0.0126,95
DRING-070,CLM-000831,90,201,0.0126,95
DRING-070,CLM-000900,90,201,0.0126,95
DRING-070,CLM-000907,90,201,0.0126,95
DRING-070,CLM-000949,90,201,0.0126,95
DRING-070,CLM-000973,90,201,0.0126,95
DRING-070,CLM-001050,90,201,0.0126,95
DRING-070,CLM-001110,90,201,0.0126,95
DRING-070,CLM-001186,90,201,0.0126,95
DRING-070,CLM-001214,90,201,0.0126,95
DRING-070,CLM-001263,90,201,0.0126,95
DRING-070,CLM-001302,90,201,0.0126,95
DRING-070,CLM-001348,90,201,0.0126,95
DRING-070,CLM-001424,90,201,0.0126,95
DRING-070,CLM-001431,90,201,0.0126,95
DRING-070,CLM-001434,90,201,0.0126,95
DRING-070,CLM-001435,90,201,0.0126,95
DRING-070,CLM-001452,90,201,0.0126,95
DRING-070,CLM-001456,90,201,0.0126,95
DRING-070,CLM-001552,90,201,0.0126,95
DRING-070,CLM-001601,90,201,0.0126,95
DRING-070,CLM-001617,90,201,0.0126,95
DRING-070,CLM-001681,90,201,0.0126,95
DRING-070,CLM-001839,90,201,0.0126,95
DRING-070,CLM-001975,90,201,0.0126,95
DRING-070,CLM-002073,90,201,0.0126,95
DRING-070,CLM-002164,90,201,0.0126,95
DRING-070,CLM-002189,90,201,0.0126,95
DRING-070,CLM-002306,90,201,0.0126,95
DRING-070,CLM-002370,90,201,0.0126,95
DRING-070,CLM-002381,90,201,0.0126,95
DRING-070,CLM-002427,90,201,0.0126,95
DRING-070,CLM-002553,90,201,0.0126,95
DRING-070,CLM-002599,90,201,0.0126,95
DRING-070,CLM-002634,90,201,0.0126,95
DRING-070,CLM-002702,90,201,0.0126,95
DRING-070,CLM-002761,90,201,0.0126,95
DRING-070,CLM-002779,90,201,0.0126,95
DRING-070,CLM-002887,90,201,0.0126,95
DRING-070,CLM-002890,90,201,0.0126,95
DRING-070,CLM-002959,90,201,0.0126,95
DRING-070,CLM-003026,90,201,0.0126,95
DRING-070,CLM-003127,90,201,0.0126,95
DRING-070,CLM-003153,90,201,0.0126,95
DRING-070,CLM-003191,90,201,0.0126,95
DRING-070,CLM-003335,90,201,0.0126,95
DRING-070,CLM-003350,90,201,0.0126,95
DRING-070,CLM-003425,90,201,0.0126,95
DRING-070,CLM-003472,90,201,0.0126,95
DRING-070,CLM-003476,90,201,0.0126,95
DRING-070,CLM-003525,90,201,0.0126,95
DRING-070,CLM-003773,90,201,0.0126,95
DRING-070,CLM-004107,90,201,0.0126,95
DRING-070,CLM-004255,90,201,0.0126,95
DRING-070,CLM-004295,90,201,0.0126,95
DRING-070,CLM-004327,90,201,0.0126,95
DRING-070,CLM-004403,90,201,0.0126,95
DRING-070,CLM-004530,90,201,0.0126,95
DRING-070,CLM-004821,90,201,0.0126,95
DRING-070,CLM-004879,90,201,0.0126,95
DRING-070,CLM-005062,90,201,0.0126,95
DRING-070,CLM-005073,90,201,0.0126,95
DRING-070,CLM-005074,90,201,0.0126,95
DRING-070,CLM-005089,90,201,0.0126,95
DRING-070,CLM-005147,90,201,0.0126,95
DRING-070,CLM-005292,90,201,0.0126,95
DRING-070,CLM-005306,90,201,0.0126,95
DRING-070,CLM-005398,90,201,0.0126,95
DRING-070,CLM-005420,90,201,0.0126,95
DRING-070,CLM-005526,90,201,0.0126,95
DRING-070,CLM-005564,90,201,0.0126,95
DRING-070,CLM-005585,90,201,0.0126,95
DRING-070,CLM-005588,90,201,0.0126,95
DRING-070,CLM-005785,90,201,0.0126,95
DRING-070,CLM-005880,90,201,0.0126,95
DRING-070,CLM-006066,90,201,0.0126,95
DRING-070,CLM-006174,90,201,0.0126,95
DRING-070,CLM-006197,90,201,0.0126,95
DRING-070,CLM-006395,90,201,0.0126,95
DRING-070,CLM-006414,90,201,0.0126,95
DRING-070,CLM-006486,90,201,0.0126,95
DRING-070,CLM-006512,90,201,0.0126,95
DRING-070,CLM-006572,90,201,0.0126,95
DRING-070,CLM-006596,90,201,0.0126,95
DRING-070,CLM-006704,90,201,0.0126,95
DRING-070,CLM-006815,90,201,0.0126,95
DRING-070,CLM-007001,90,201,0.0126,95
DRING-070,CLM-007002,90,201,0.0126,95
DRING-070,CLM-007003,90,201,0.0126,95
DRING-070,CLM-007004,90,201,0.0126,95
DRING-070,CLM-007005,90,201,0.0126,95
DRING-071,CLM-000177,135,141,0.0174,65
DRING-071,CLM-000751,135,141,0.0174,65
DRING-071,CLM-000775,135,141,0.0174,65
DRING-071,CLM-000811,135,141,0.0174,65
DRING-071,CLM-000934,135,141,0.0174,65
DRING-071,CLM-000946,135,141,0.0174,65
DRING-071,CLM-001077,135,141,0.0174,65
DRING-071,CLM-001089,135,141,0.0174,65
DRING-071,CLM-001292,135,141,0.0174,65
DRING-071,CLM-001407,135,141,0.0174,65
DRING-071,CLM-001505,135,141,0.0174,65
DRING-071,CLM-001524,135,141,0.0174,65
DRING-071,CLM-001727,135,141,0.0174,65
DRING-071,CLM-001790,135,141,0.0174,65
DRING-071,CLM-001924,135,141,0.0174,65
DRING-071,CLM-002061,135,141,0.0174,65
DRING-071,CLM-002065,135,141,0.0174,65
DRING-071,CLM-002104,135,141,0.0174,65
DRING-071,CLM-002289,135,141,0.0174,65
DRING-071,CLM-002441,135,141,0.0174,65
DRING-071,CLM-002506,135,141,0.0174,65
DRING-071,CLM-002561,135,141,0.0174,65
DRING-071,CLM-002699,135,141,0.0174,65
DRING-071,CLM-002888,135,141,0.0174,65
DRING-071,CLM-002900,135,141,0.0174,65
DRING-071,CLM-003045,135,141,0.0174,65
DRING-071,CLM-003233,135,141,0.0174,65
DRING-071,CLM-003420,135,141,0.0174,65
DRING-071,CLM-003687,135,141,0.0174,65
DRING-071,CLM-003797,135,141,0.0174,65
DRING-071,CLM-003851,135,141,0.0174,65
DRING-071,CLM-003943,135,141,0.0174,65
DRING-071,CLM-004135,135,141,0.0174,65
DRING-071,CLM-004178,135,141,0.0174,65
DRING-071,CLM-004260,135,141,0.0174,65
DRING-071,CLM-004427,135,141,0.0174,65
DRING-071,CLM-004480,135,141,0.0174,65
DRING-071,CLM-004481,135,141,0.0174,65
DRING-071,CLM-004548,135,141,0.0174,65
DRING-071,CLM-004909,135,141,0.0174,65
DRING-071,CLM-005064,135,141,0.0174,65
DRING-071,CLM-005083,135,141,0.0174,65
DRING-071,CLM-005139,135,141,0.0174,65
DRING-071,CLM-005207,135,141,0.0174,65
DRING-071,CLM-005324,135,141,0.0174,65
DRING-071,CLM-005330,135,141,0.0174,65
DRING-071,CLM-005346,135,141,0.0174,65
DRING-071,CLM-005448,135,141,0.0174,65
DRING-071,CLM-005474,135,141,0.0174,65
DRING-071,CLM-005505,135,141,0.0174,65
DRING-071,CLM-005530,135,141,0.0174,65
DRING-071,CLM-005538,135,141,0.0174,65
DRING-071,CLM-005819,135,141,0.0174,65
DRING-071,CLM-005845,135,141,0.0174,65
DRING-071,CLM-005978,135,141,0.0174,65
DRING-071,CLM-006008,135,141,0.0174,65
DRING-071,CLM-006085,135,141,0.0174,65
DRING-071,CLM-006131,135,141,0.0174,65
DRING-071,CLM-006160,135,141,0.0174,65
DRING-071,CLM-006275,135,141,0.0174,65
DRING-071,CLM-006340,135,141,0.0174,65
DRING-071,CLM-006389,135,141,0.0174,65
DRING-071,CLM-006392,135,141,0.0174,65
DRING-071,CLM-006487,135,141,0.0174,65
DRING-071,CLM-006880,135,141,0.0174,65
DRING-072,CLM-000194,94,78,0.0296,32
DRING-072,CLM-000511,94,78,0.0296,32
DRING-072,CLM-000577,94,78,0.0296,32
DRING-072,CLM-001032,94,78,0.0296,32
DRING-072,CLM-001044,94,78,0.0296,32
DRING-072,CLM-001176,94,78,0.0296,32
DRING-072,CLM-001290,94,78,0.0296,32
DRING-072,CLM-001412,94,78,0.0296,32
DRING-072,CLM-001528,94,78,0.0296,32
DRING-072,CLM-001553,94,78,0.0296,32
DRING-072,CLM-001913,94,78,0.0296,32
DRING-072,CLM-002177,94,78,0.0296,32
DRING-072,CLM-002579,94,78,0.0296,32
DRING-072,CLM-002955,94,78,0.0296,32
DRING-072,CLM-003086,94,78,0.0296,32
DRING-072,CLM-003289,94,78,0.0296,32
DRING-072,CLM-003388,94,78,0.0296,32
DRING-072,CLM-003453,94,78,0.0296,32
DRING-072,CLM-003707,94,78,0.0296,32
DRING-072,CLM-003829,94,78,0.0296,32
DRING-072,CLM-003873,94,78,0.0296,32
DRING-072,CLM-003987,94,78,0.0296,32
DRING-072,CLM-004056,94,78,0.0296,32
DRING-072,CLM-004307,94,78,0.0296,32
DRING-072,CLM-004923,94,78,0.0296,32
DRING-072,CLM-005528,94,78,0.0296,32
DRING-072,CLM-005710,94,78,0.0296,32
DRING-072,CLM-005762,94,78,0.0296,32
DRING-072,CLM-005768,94,78,0.0296,32
DRING-072,CLM-006635,94,78,0.0296,32
DRING-072,CLM-007083,94,78,0.0296,32
DRING-072,CLM-007085,94,78,0.0296,32
DRING-073,CLM-000202,87,114,0.0227,62
DRING-073,CLM-000227,87,114,0.0227,62
DRING-073,CLM-000239,87,114,0.0227,62
DRING-073,CLM-000321,87,114,0.0227,62
DRING-073,CLM-000329,87,114,0.0227,62
DRING-073,CLM-000489,87,114,0.0227,62
DRING-073,CLM-000494,87,114,0.0227,62
DRING-073,CLM-000508,87,114,0.0227,62
DRING-073,CLM-000647,87,114,0.0227,62
DRING-073,CLM-000656,87,114,0.0227,62
DRING-073,CLM-000706,87,114,0.0227,62
DRING-073,CLM-000976,87,114,0.0227,62
DRING-073,CLM-001152,87,114,0.0227,62
DRING-073,CLM-001458,87,114,0.0227,62
DRING-073,CLM-001506,87,114,0.0227,62
DRING-073,CLM-001736,87,114,0.0227,62
DRING-073,CLM-001769,87,114,0.0227,62
DRING-073,CLM-001888,87,114,0.0227,62
DRING-073,CLM-002236,87,114,0.0227,62
DRING-073,CLM-002336,87,114,0.0227,62
DRING-073,CLM-002368,87,114,0.0227,62
DRING-073,CLM-002390,87,114,0.0227,62
DRING-073,CLM-002489,87,114,0.0227,62
DRING-073,CLM-002509,87,114,0.0227,62
DRING-073,CLM-002663,87,114,0.0227,62
DRING-073,CLM-002790,87,114,0.0227,62
DRING-073,CLM-003352,87,114,0.0227,62
DRING-073,CLM-003363,87,114,0.0227,62
DRING-073,CLM-003473,87,114,0.0227,62
DRING-073,CLM-003658,87,114,0.0227,62
DRING-073,CLM-003732,87,114,0.0227,62
DRING-073,CLM-003757,87,114,0.0227,62
DRING-073,CLM-003867,87,114,0.0227,62
DRING-073,CLM-003972,87,114,0.0227,62
DRING-073,CLM-003996,87,114,0.0227,62
DRING-073,CLM-004061,87,114,0.0227,62
DRING-073,CLM-004249,87,114,0.0227,62
DRING-073,CLM-004293,87,114,0.0227,62
DRING-073,CLM-004450,87,114,0.0227,62
DRING-073,CLM-004632,87,114,0.0227,62
DRING-073,CLM-004672,87,114,0.0227,62
DRING-073,CLM-004766,87,114,0.0227,62
DRING-073,CLM-004858,87,114,0.0227,62
DRING-073,CLM-005124,87,114,0.0227,62
DRING-073,CLM-005218,87,114,0.0227,62
DRING-073,CLM-005247,87,114,0.0227,62
DRING-073,CLM-005260,87,114,0.0227,62
DRING-073,CLM-005319,87,114,0.0227,62
DRING-073,CLM-005364,87,114,0.0227,62
DRING-073,CLM-005790,87,114,0.0227,62
DRING-073,CLM-005975,87,114,0.0227,62
DRING-073,CLM-005976,87,114,0.0227,62
DRING-073,CLM-006056,87,114,0.0227,62
DRING-073,CLM-006134,87,114,0.0227,62
DRING-073,CLM-006198,87,114,0.0227,62
DRING-073,CLM-006416,87,114,0.0227,62
DRING-073,CLM-006437,87,114,0.0227,62
DRING-073,CLM-006502,87,114,0.0227,62
DRING-073,CLM-006625,87,114,0.0227,62
DRING-073,CLM-006742,87,114,0.0227,62
DRING-073,CLM-006887,87,114,0.0227,62
DRING-073,CLM-006939,87,114,0.0227,62
DRING-074,CLM-000214,150,122,0.0191,51
DRING-074,CLM-000474,150,122,0.0191,51
DRING-074,CLM-000582,150,122,0.0191,51
DRING-074,CLM-000666,150,122,0.0191,51
DRING-074,CLM-000722,150,122,0.0191,51
DRING-074,CLM-000859,150,122,0.0191,51
DRING-074,CLM-001170,150,122,0.0191,51
DRING-074,CLM-001265,150,122,0.0191,51
DRING-074,CLM-001310,150,122,0.0191,51
DRING-074,CLM-001338,150,122,0.0191,51
DRING-074,CLM-001386,150,122,0.0191,51
DRING-074,CLM-001444,150,122,0.0191,51
DRING-074,CLM-001547,150,122,0.0191,51
DRING-074,CLM-001564,150,122,0.0191,51
DRING-074,CLM-001587,150,122,0.0191,51
DRING-074,CLM-001688,150,122,0.0191,51
DRING-074,CLM-001940,150,122,0.0191,51
DRING-074,CLM-001964,150,122,0.0191,51
DRING-074,CLM-002165,150,122,0.0191,51
DRING-074,CLM-002505,150,122,0.0191,51
DRING-074,CLM-002597,150,122,0.0191,51
DRING-074,CLM-002633,150,122,0.0191,51
DRING-074,CLM-002657,150,122,0.0191,51
DRING-074,CLM-002917,150,122,0.0191,51
DRING-074,CLM-003182,150,122,0.0191,51
DRING-074,CLM-003318,150,122,0.0191,51
DRING-074,CLM-003542,150,122,0.0191,51
DRING-074,CLM-003623,150,122,0.0191,51
DRING-074,CLM-003762,150,122,0.0191,51
DRING-074,CLM-003779,150,122,0.0191,51
DRING-074,CLM-003798,150,122,0.0191,51
DRING-074,CLM-003982,150,122,0.0191,51
DRING-074,CLM-004172,150,122,0.0191,51
DRING-074,CLM-004379,150,122,0.0191,51
DRING-074,CLM-004543,150,122,0.0191,51
DRING-074,CLM-004647,150,122,0.0191,51
DRING-074,CLM-004785,150,122,0.0191,51
DRING-074,CLM-005048,150,122,0.0191,51
DRING-074,CLM-005130,150,122,0.0191,51
DRING-074,CLM-005276,150,122,0.0191,51
DRING-074,CLM-005338,150,122,0.0191,51
DRING-074,CLM-005406,150,122,0.0191,51
DRING-074,CLM-005407,150,122,0.0191,51
DRING-074,CLM-005427,150,122,0.0191,51
DRING-074,CLM-005720,150,122,0.0191,51
DRING-074,CLM-005750,150,122,0.0191,51
DRING-074,CLM-006164,150,122,0.0191,51
DRING-074,CLM-006288,150,122,0.0191,51
DRING-074,CLM-006403,150,122,0.0191,51
DRING-074,CLM-006683,150,122,0.0191,51
DRING-074,CLM-006841,150,122,0.0191,51
DRING-075,CLM-000218,99,204,0.0125,100
DRING-075,CLM-000336,99,204,0.0125,100
DRING-075,CLM-000391,99,204,0.0125,100
DRING-075,CLM-000406,99,204,0.0125,100
DRING-075,CLM-000413,99,204,0.0125,100
DRING-075,CLM-000463,99,204,0.0125,100
DRING-075,CLM-000707,99,204,0.0125,100
DRING-075,CLM-000749,99,204,0.0125,100
DRING-075,CLM-000764,99,204,0.0125,100
DRING-075,CLM-000866,99,204,0.0125,100
DRING-075,CLM-000921,99,204,0.0125,100
DRING-075,CLM-000963,99,204,0.0125,100
DRING-075,CLM-001007,99,204,0.0125,100
DRING-075,CLM-001059,99,204,0.0125,100
DRING-075,CLM-001230,99,204,0.0125,100
DRING-075,CLM-001274,99,204,0.0125,100
DRING-075,CLM-001296,99,204,0.0125,100
DRING-075,CLM-001345,99,204,0.0125,100
DRING-075,CLM-001361,99,204,0.0125,100
DRING-075,CLM-001459,99,204,0.0125,100
DRING-075,CLM-001465,99,204,0.0125,100
DRING-075,CLM-001496,99,204,0.0125,100
DRING-075,CLM-001658,99,204,0.0125,100
DRING-075,CLM-001842,99,204,0.0125,100
DRING-075,CLM-001922,99,204,0.0125,100
DRING-075,CLM-002015,99,204,0.0125,100
DRING-075,CLM-002062,99,204,0.0125,100
DRING-075,CLM-002063,99,204,0.0125,100
DRING-075,CLM-002080,99,204,0.0125,100
DRING-075,CLM-002085,99,204,0.0125,100
DRING-075,CLM-002335,99,204,0.0125,100
DRING-075,CLM-002415,99,204,0.0125,100
DRING-075,CLM-002569,99,204,0.0125,100
DRING-075,CLM-002572,99,204,0.0125,100
DRING-075,CLM-002614,99,204,0.0125,100
DRING-075,CLM-002653,99,204,0.0125,100
DRING-075,CLM-002679,99,204,0.0125,100
DRING-075,CLM-002693,99,204,0.0125,100
DRING-075,CLM-002721,99,204,0.0125,100
DRING-075,CLM-002747,99,204,0.0125,100
DRING-075,CLM-002770,99,204,0.0125,100
DRING-075,CLM-002811,99,204,0.0125,100
DRING-075,CLM-002826,99,204,0.0125,100
DRING-075,CLM-002841,99,204,0.0125,100
DRING-075,CLM-002891,99,204,0.0125,100
DRING-075,CLM-002902,99,204,0.0125,100
DRING-075,CLM-003065,99,204,0.0125,100
DRING-075,CLM-003068,99,204,0.0125,100
DRING-075,CLM-003156,99,204,0.0125,100
DRING-075,CLM-003174,99,204,0.0125,100
DRING-075,CLM-003261,99,204,0.0125,100
DRING-075,CLM-003383,99,204,0.0125,100
DRING-075,CLM-003399,99,204,0.0125,100
DRING-075,CLM-003436,99,204,0.0125,100
DRING-075,CLM-003441,99,204,0.0125,100
DRING-075,CLM-003459,99,204,0.0125,100
DRING-075,CLM-003558,99,204,0.0125,100
DRING-075,CLM-003683,99,204,0.0125,100
DRING-075,CLM-003956,99,204,0.0125,100
DRING-075,CLM-003970,99,204,0.0125,100
DRING-075,CLM-004064,99,204,0.0125,100
DRING-075,CLM-004084,99,204,0.0125,100
DRING-075,CLM-004341,99,204,0.0125,100
DRING-075,CLM-004393,99,204,0.0125,100
DRING-075,CLM-004439,99,204,0.0125,100
DRING-075,CLM-004475,99,204,0.0125,100
DRING-075,CLM-004628,99,204,0.0125,100
DRING-075,CLM-004752,99,204,0.0125,100
DRING-075,CLM-004957,99,204,0.0125,100
DRING-075,CLM-005006,99,204,0.0125,100
DRING-075,CLM-005034,99,204,0.0125,100
DRING-075,CLM-005075,99,204,0.0125,100
DRING-075,CLM-005683,99,204,0.0125,100
DRING-075,CLM-005719,99,204,0.0125,100
DRING-075,CLM-005729,99,204,0.0125,100
DRING-075,CLM-005803,99,204,0.0125,100
DRING-075,CLM-005805,99,204,0.0125,100
DRING-075,CLM-005812,99,204,0.0125,100
DRING-075,CLM-005816,99,204,0.0125,100
DRING-075,CLM-005837,99,204,0.0125,100
DRING-075,CLM-005897,99,204,0.0125,100
DRING-075,CLM-005987,99,204,0.0125,100
DRING-075,CLM-006035,99,204,0.0125,100
DRING-075,CLM-006073,99,204,0.0125,100
DRING-075,CLM-006100,99,204,0.0125,100
DRING-075,CLM-006261,99,204,0.0125,100
DRING-075,CLM-006353,99,204,0.0125,100
DRING-075,CLM-006360,99,204,0.0125,100
DRING-075,CLM-006456,99,204,0.0125,100
DRING-075,CLM-006558,99,204,0.0125,100
DRING-075,CLM-006620,99,204,0.0125,100
DRING-075,CLM-006628,99,204,0.0125,100
DRING-075,CLM-006649,99,204,0.0125,100
DRING-075,CLM-006785,99,204,0.0125,100
DRING-075,CLM-006789,99,204,0.0125,100
DRING-075,CLM-006938,99,204,0.0125,100
DRING-075,CLM-007016,99,204,0.0125,100
DRING-075,CLM-007017,99,204,0.0125,100
DRING-075,CLM-007018,99,204,0.0125,100
DRING-075,CLM-007019,99,204,0.0125,100
DRING-076,CLM-000241,8,77,0.0308,34
DRING-076,CLM-000347,8,77,0.0308,34
DRING-076,CLM-000569,8,77,0.0308,34
DRING-076,CLM-000950,8,77,0.0308,34
DRING-076,CLM-000959,8,77,0.0308,34
DRING-076,CLM-000972,8,77,0.0308,34
DRING-076,CLM-001204,8,77,0.0308,34
DRING-076,CLM-001421,8,77,0.0308,34
DRING-076,CLM-001765,8,77,0.0308,34
DRING-076,CLM-002069,8,77,0.0308,34
DRING-076,CLM-002389,8,77,0.0308,34
DRING-076,CLM-002437,8,77,0.0308,34
DRING-076,CLM-002651,8,77,0.0308,34
DRING-076,CLM-002967,8,77,0.0308,34
DRING-076,CLM-003054,8,77,0.0308,34
DRING-076,CLM-003270,8,77,0.0308,34
DRING-076,CLM-003315,8,77,0.0308,34
DRING-076,CLM-003385,8,77,0.0308,34
DRING-076,CLM-003582,8,77,0.0308,34
DRING-076,CLM-003631,8,77,0.0308,34
DRING-076,CLM-003788,8,77,0.0308,34
DRING-076,CLM-003848,8,77,0.0308,34
DRING-076,CLM-004252,8,77,0.0308,34
DRING-076,CLM-004670,8,77,0.0308,34
DRING-076,CLM-004754,8,77,0.0308,34
DRING-076,CLM-004990,8,77,0.0308,34
DRING-076,CLM-005044,8,77,0.0308,34
DRING-076,CLM-005178,8,77,0.0308,34
DRING-076,CLM-005781,8,77,0.0308,34
DRING-076,CLM-005892,8,77,0.0308,34
DRING-076,CLM-005959,8,77,0.0308,34
DRING-076,CLM-006745,8,77,0.0308,34
DRING-076,CLM-006843,8,77,0.0308,34
DRING-076,CLM-006918,8,77,0.0308,34
DRING-077,CLM-000243,52,65,0.0351,27
DRING-077,CLM-000343,52,65,0.0351,27
DRING-077,CLM-000583,52,65,0.0351,27
DRING-077,CLM-001068,52,65,0.0351,27
DRING-077,CLM-001094,52,65,0.0351,27
DRING-077,CLM-001487,52,65,0.0351,27
DRING-077,CLM-001920,52,65,0.0351,27
DRING-077,CLM-002394,52,65,0.0351,27
DRING-077,CLM-002971,52,65,0.0351,27
DRING-077,CLM-003091,52,65,0.0351,27
DRING-077,CLM-003129,52,65,0.0351,27
DRING-077,CLM-003469,52,65,0.0351,27
DRING-077,CLM-003766,52,65,0.0351,27
DRING-077,CLM-003839,52,65,0.0351,27
DRING-077,CLM-003949,52,65,0.0351,27
DRING-077,CLM-004165,52,65,0.0351,27
DRING-077,CLM-004268,52,65,0.0351,27
DRING-077,CLM-004407,52,65,0.0351,27
DRING-077,CLM-004569,52,65,0.0351,27
DRING-077,CLM-004854,52,65,0.0351,27
DRING-077,CLM-004994,52,65,0.0351,27
DRING-077,CLM-005049,52,65,0.0351,27
DRING-077,CLM-005228,52,65,0.0351,27
DRING-077,CLM-005615,52,65,0.0351,27
DRING-077,CLM-005707,52,65,0.0351,27
DRING-077,CLM-006256,52,65,0.0351,27
DRING-077,CLM-006266,52,65,0.0351,27
DRING-078,CLM-000251,107,161,0.0151,70
DRING-078,CLM-000284,107,161,0.0151,70
DRING-078,CLM-000471,107,161,0.0151,70
DRING-078,CLM-000546,107,161,0.0151,70
DRING-078,CLM-000627,107,161,0.0151,70
DRING-078,CLM-000635,107,161,0.0151,70
DRING-078,CLM-000708,107,161,0.0151,70
DRING-078,CLM-000803,107,161,0.0151,70
DRING-078,CLM-000812,107,161,0.0151,70
DRING-078,CLM-000816,107,161,0.0151,70
DRING-078,CLM-000910,107,161,0.0151,70
DRING-078,CLM-000915,107,161,0.0151,70
DRING-078,CLM-000994,107,161,0.0151,70
DRING-078,CLM-001042,107,161,0.0151,70
DRING-078,CLM-001066,107,161,0.0151,70
DRING-078,CLM-001181,107,161,0.0151,70
DRING-078,CLM-001333,107,161,0.0151,70
DRING-078,CLM-001351,107,161,0.0151,70
DRING-078,CLM-001375,107,161,0.0151,70
DRING-078,CLM-001391,107,161,0.0151,70
DRING-078,CLM-001474,107,161,0.0151,70
DRING-078,CLM-001646,107,161,0.0151,70
DRING-078,CLM-001802,107,161,0.0151,70
DRING-078,CLM-001874,107,161,0.0151,70
DRING-078,CLM-001875,107,161,0.0151,70
DRING-078,CLM-002158,107,161,0.0151,70
DRING-078,CLM-002369,107,161,0.0151,70
DRING-078,CLM-002462,107,161,0.0151,70
DRING-078,CLM-002650,107,161,0.0151,70
DRING-078,CLM-002700,107,161,0.0151,70
DRING-078,CLM-002703,107,161,0.0151,70
DRING-078,CLM-002718,107,161,0.0151,70
DRING-078,CLM-002735,107,161,0.0151,70
DRING-078,CLM-002799,107,161,0.0151,70
DRING-078,CLM-002812,107,161,0.0151,70
DRING-078,CLM-002824,107,161,0.0151,70
DRING-078,CLM-002946,107,161,0.0151,70
DRING-078,CLM-003266,107,161,0.0151,70
DRING-078,CLM-003377,107,161,0.0151,70
DRING-078,CLM-003511,107,161,0.0151,70
DRING-078,CLM-003528,107,161,0.0151,70
DRING-078,CLM-003871,107,161,0.0151,70
DRING-078,CLM-003878,107,161,0.0151,70
DRING-078,CLM-003977,107,161,0.0151,70
DRING-078,CLM-004343,107,161,0.0151,70
DRING-078,CLM-004376,107,161,0.0151,70
DRING-078,CLM-004391,107,161,0.0151,70
DRING-078,CLM-004396,107,161,0.0151,70
DRING-078,CLM-004412,107,161,0.0151,70
DRING-078,CLM-004520,107,161,0.0151,70
DRING-078,CLM-004563,107,161,0.0151,70
DRING-078,CLM-004793,107,161,0.0151,70
DRING-078,CLM-004800,107,161,0.0151,70
DRING-078,CLM-004945,107,161,0.0151,70
DRING-078,CLM-004947,107,161,0.0151,70
DRING-078,CLM-005373,107,161,0.0151,70
DRING-078,CLM-005449,107,161,0.0151,70
DRING-078,CLM-005864,107,161,0.0151,70
DRING-078,CLM-005933,107,161,0.0151,70
DRING-078,CLM-006044,107,161,0.0151,70
DRING-078,CLM-006129,107,161,0.0151,70
DRING-078,CLM-006173,107,161,0.0151,70
DRING-078,CLM-006215,107,161,0.0151,70
DRING-078,CLM-006432,107,161,0.0151,70
DRING-078,CLM-006458,107,161,0.0151,70
DRING-078,CLM-006648,107,161,0.0151,70
DRING-078,CLM-006710,107,161,0.0151,70
DRING-078,CLM-006772,107,161,0.0151,70
DRING-078,CLM-006832,107,161,0.0151,70
DRING-078,CLM-006981,107,161,0.0151,70
DRING-079,CLM-000255,2,86,0.0279,36
DRING-079,CLM-000317,2,86,0.0279,36
DRING-079,CLM-000392,2,86,0.0279,36
DRING-079,CLM-000416,2,86,0.0279,36
DRING-079,CLM-000536,2,86,0.0279,36
DRING-079,CLM-000872,2,86,0.0279,36
DRING-079,CLM-000887,2,86,0.0279,36
DRING-079,CLM-001104,2,86,0.0279,36
DRING-079,CLM-001159,2,86,0.0279,36
DRING-079,CLM-001566,2,86,0.0279,36
DRING-079,CLM-001652,2,86,0.0279,36
DRING-079,CLM-001685,2,86,0.0279,36
DRING-079,CLM-001899,2,86,0.0279,36
DRING-079,CLM-002161,2,86,0.0279,36
DRING-079,CLM-002225,2,86,0.0279,36
DRING-079,CLM-002752,2,86,0.0279,36
DRING-079,CLM-003104,2,86,0.0279,36
DRING-079,CLM-003477,2,86,0.0279,36
DRING-079,CLM-003652,2,86,0.0279,36
DRING-079,CLM-003803,2,86,0.0279,36
DRING-079,CLM-004063,2,86,0.0279,36
DRING-079,CLM-004194,2,86,0.0279,36
DRING-079,CLM-004355,2,86,0.0279,36
DRING-079,CLM-004461,2,86,0.0279,36
DRING-079,CLM-004551,2,86,0.0279,36
DRING-079,CLM-004765,2,86,0.0279,36
DRING-079,CLM-004914,2,86,0.0279,36
DRING-079,CLM-005024,2,86,0.0279,36
DRING-079,CLM-005038,2,86,0.0279,36
DRING-079,CLM-005097,2,86,0.0279,36
DRING-079,CLM-005333,2,86,0.0279,36
DRING-079,CLM-006048,2,86,0.0279,36
DRING-079,CLM-006298,2,86,0.0279,36
DRING-079,CLM-006506,2,86,0.0279,36
DRING-079,CLM-006614,2,86,0.0279,36
DRING-079,CLM-006993,2,86,0.0279,36
DRING-080,CLM-000256,124,145,0.0164,69
DRING-080,CLM-000309,124,145,0.0164,69
DRING-080,CLM-000411,124,145,0.0164,69
DRING-080,CLM-000432,124,145,0.0164,69
DRING-080,CLM-000592,124,145,0.0164,69
DRING-080,CLM-000618,124,145,0.0164,69
DRING-080,CLM-000713,124,145,0.0164,69
DRING-080,CLM-000747,124,145,0.0164,69
DRING-080,CLM-001002,124,145,0.0164,69
DRING-080,CLM-001018,124,145,0.0164,69
DRING-080,CLM-001194,124,145,0.0164,69
DRING-080,CLM-001379,124,145,0.0164,69
DRING-080,CLM-001390,124,145,0.0164,69
DRING-080,CLM-001448,124,145,0.0164,69
DRING-080,CLM-001787,124,145,0.0164,69
DRING-080,CLM-001812,124,145,0.0164,69
DRING-080,CLM-001961,124,145,0.0164,69
DRING-080,CLM-002169,124,145,0.0164,69
DRING-080,CLM-002342,124,145,0.0164,69
DRING-080,CLM-002411,124,145,0.0164,69
DRING-080,CLM-002444,124,145,0.0164,69
DRING-080,CLM-002474,124,145,0.0164,69
DRING-080,CLM-002675,124,145,0.0164,69
DRING-080,CLM-002687,124,145,0.0164,69
DRING-080,CLM-002720,124,145,0.0164,69
DRING-080,CLM-002728,124,145,0.0164,69
DRING-080,CLM-002873,124,145,0.0164,69
DRING-080,CLM-003118,124,145,0.0164,69
DRING-080,CLM-003218,124,145,0.0164,69
DRING-080,CLM-003243,124,145,0.0164,69
DRING-080,CLM-003275,124,145,0.0164,69
DRING-080,CLM-003438,124,145,0.0164,69
DRING-080,CLM-003465,124,145,0.0164,69
DRING-080,CLM-003593,124,145,0.0164,69
DRING-080,CLM-003632,124,145,0.0164,69
DRING-080,CLM-003742,124,145,0.0164,69
DRING-080,CLM-003862,124,145,0.0164,69
DRING-080,CLM-004121,124,145,0.0164,69
DRING-080,CLM-004149,124,145,0.0164,69
DRING-080,CLM-004250,124,145,0.0164,69
DRING-080,CLM-004363,124,145,0.0164,69
DRING-080,CLM-004438,124,145,0.0164,69
DRING-080,CLM-004448,124,145,0.0164,69
DRING-080,CLM-004510,124,145,0.0164,69
DRING-080,CLM-004550,124,145,0.0164,69
DRING-080,CLM-004606,124,145,0.0164,69
DRING-080,CLM-004623,124,145,0.0164,69
DRING-080,CLM-004641,124,145,0.0164,69
DRING-080,CLM-004919,124,145,0.0164,69
DRING-080,CLM-004961,124,145,0.0164,69
DRING-080,CLM-004973,124,145,0.0164,69
DRING-080,CLM-005031,124,145,0.0164,69
DRING-080,CLM-005175,124,145,0.0164,69
DRING-080,CLM-005399,124,145,0.0164,69
DRING-080,CLM-005582,124,145,0.0164,69
DRING-080,CLM-005809,124,145,0.0164,69
DRING-080,CLM-005854,124,145,0.0164,69
DRING-080,CLM-005967,124,145,0.0164,69
DRING-080,CLM-006095,124,145,0.0164,69
DRING-080,CLM-006103,124,145,0.0164,69
DRING-080,CLM-006133,124,145,0.0164,69
DRING-080,CLM-006193,124,145,0.0164,69
DRING-080,CLM-006375,124,145,0.0164,69
DRING-080,CLM-006436,124,145,0.0164,69
DRING-080,CLM-006451,124,145,0.0164,69
DRING-080,CLM-006575,124,145,0.0164,69
DRING-080,CLM-006826,124,145,0.0164,69
DRING-080,CLM-006964,124,145,0.0164,69
DRING-080,CLM-006987,124,145,0.0164,69
DRING-081,CLM-000281,113,112,0.0225,53
DRING-081,CLM-000325,113,112,0.0225,53
DRING-081,CLM-000354,113,112,0.0225,53
DRING-081,CLM-000456,113,112,0.0225,53
DRING-081,CLM-000597,113,112,0.0225,53
DRING-081,CLM-000690,113,112,0.0225,53
DRING-081,CLM-000889,113,112,0.0225,53
DRING-081,CLM-001033,113,112,0.0225,53
DRING-081,CLM-001057,113,112,0.0225,53
DRING-081,CLM-001118,113,112,0.0225,53
DRING-081,CLM-001353,113,112,0.0225,53
DRING-081,CLM-001358,113,112,0.0225,53
DRING-081,CLM-001373,113,112,0.0225,53
DRING-081,CLM-001826,113,112,0.0225,53
DRING-081,CLM-002021,113,112,0.0225,53
DRING-081,CLM-002402,113,112,0.0225,53
DRING-081,CLM-002527,113,112,0.0225,53
DRING-081,CLM-002727,113,112,0.0225,53
DRING-081,CLM-002817,113,112,0.0225,53
DRING-081,CLM-002918,113,112,0.0225,53
DRING-081,CLM-002947,113,112,0.0225,53
DRING-081,CLM-003090,113,112,0.0225,53
DRING-081,CLM-003227,113,112,0.0225,53
DRING-081,CLM-003269,113,112,0.0225,53
DRING-081,CLM-003300,113,112,0.0225,53
DRING-081,CLM-003439,113,112,0.0225,53
DRING-081,CLM-003641,113,112,0.0225,53
DRING-081,CLM-003758,113,112,0.0225,53
DRING-081,CLM-003763,113,112,0.0225,53
DRING-081,CLM-003796,113,112,0.0225,53
DRING-081,CLM-003819,113,112,0.0225,53
DRING-081,CLM-003886,113,112,0.0225,53
DRING-081,CLM-003888,113,112,0.0225,53
DRING-081,CLM-004072,113,112,0.0225,53
DRING-081,CLM-004157,113,112,0.0225,53
DRING-081,CLM-004192,113,112,0.0225,53
DRING-081,CLM-004703,113,112,0.0225,53
DRING-081,CLM-004711,113,112,0.0225,53
DRING-081,CLM-004870,113,112,0.0225,53
DRING-081,CLM-004898,113,112,0.0225,53
DRING-081,CLM-005020,113,112,0.0225,53
DRING-081,CLM-005189,113,112,0.0225,53
DRING-081,CLM-005402,113,112,0.0225,53
DRING-081,CLM-005546,113,112,0.0225,53
DRING-081,CLM-005658,113,112,0.0225,53
DRING-081,CLM-005793,113,112,0.0225,53
DRING-081,CLM-005954,113,112,0.0225,53
DRING-081,CLM-006005,113,112,0.0225,53
DRING-081,CLM-006020,113,112,0.0225,53
DRING-081,CLM-006117,113,112,0.0225,53
DRING-081,CLM-006265,113,112,0.0225,53
DRING-081,CLM-006305,113,112,0.0225,53
DRING-081,CLM-006910,113,112,0.0225,53
DRING-082,CLM-000296,131,61,0.0393,29
DRING-082,CLM-000791,131,61,0.0393,29
DRING-082,CLM-000989,131,61,0.0393,29
DRING-082,CLM-001533,131,61,0.0393,29
DRING-082,CLM-001720,131,61,0.0393,29
DRING-082,CLM-002525,131,61,0.0393,29
DRING-082,CLM-002701,131,61,0.0393,29
DRING-082,CLM-002979,131,61,0.0393,29
DRING-082,CLM-003071,131,61,0.0393,29
DRING-082,CLM-003088,131,61,0.0393,29
DRING-082,CLM-003274,131,61,0.0393,29
DRING-082,CLM-003618,131,61,0.0393,29
DRING-082,CLM-003714,131,61,0.0393,29
DRING-082,CLM-003759,131,61,0.0393,29
DRING-082,CLM-003764,131,61,0.0393,29
DRING-082,CLM-003834,131,61,0.0393,29
DRING-082,CLM-004011,131,61,0.0393,29
DRING-082,CLM-004085,131,61,0.0393,29
DRING-082,CLM-004622,131,61,0.0393,29
DRING-082,CLM-004639,131,61,0.0393,29
DRING-082,CLM-004762,131,61,0.0393,29
DRING-082,CLM-004809,131,61,0.0393,29
DRING-082,CLM-005739,131,61,0.0393,29
DRING-082,CLM-005911,131,61,0.0393,29
DRING-082,CLM-005999,131,61,0.0393,29
DRING-082,CLM-006096,131,61,0.0393,29
DRING-082,CLM-006533,131,61,0.0393,29
DRING-082,CLM-006752,131,61,0.0393,29
DRING-082,CLM-006932,131,61,0.0393,29
DRING-083,CLM-000319,117,108,0.0222,52
DRING-083,CLM-000429,117,108,0.0222,52
DRING-083,CLM-000482,117,108,0.0222,52
DRING-083,CLM-000665,117,108,0.0222,52
DRING-083,CLM-000687,117,108,0.0222,52
DRING-083,CLM-000703,117,108,0.0222,52
DRING-083,CLM-000714,117,108,0.0222,52
DRING-083,CLM-001395,117,108,0.0222,52
DRING-083,CLM-001462,117,108,0.0222,52
DRING-083,CLM-001482,117,108,0.0222,52
DRING-083,CLM-001493,117,108,0.0222,52
DRING-083,CLM-001509,117,108,0.0222,52
DRING-083,CLM-001957,117,108,0.0222,52
DRING-083,CLM-001999,117,108,0.0222,52
DRING-083,CLM-002136,117,108,0.0222,52
DRING-083,CLM-002454,117,108,0.0222,52
DRING-083,CLM-002518,117,108,0.0222,52
DRING-083,CLM-002566,117,108,0.0222,52
DRING-083,CLM-002705,117,108,0.0222,52
DRING-083,CLM-002782,117,108,0.0222,52
DRING-083,CLM-002940,117,108,0.0222,52
DRING-083,CLM-003126,117,108,0.0222,52
DRING-083,CLM-003349,117,108,0.0222,52
DRING-083,CLM-003382,117,108,0.0222,52
DRING-083,CLM-003395,117,108,0.0222,52
DRING-083,CLM-003440,117,108,0.0222,52
DRING-083,CLM-003706,117,108,0.0222,52
DRING-083,CLM-003845,117,108,0.0222,52
DRING-083,CLM-003896,117,108,0.0222,52
DRING-083,CLM-003928,117,108,0.0222,52
DRING-083,CLM-003932,117,108,0.0222,52
DRING-083,CLM-004220,117,108,0.0222,52
DRING-083,CLM-004228,117,108,0.0222,52
DRING-083,CLM-004266,117,108,0.0222,52
DRING-083,CLM-004326,117,108,0.0222,52
DRING-083,CLM-004758,117,108,0.0222,52
DRING-083,CLM-004852,117,108,0.0222,52
DRING-083,CLM-004944,117,108,0.0222,52
DRING-083,CLM-004983,117,108,0.0222,52
DRING-083,CLM-005148,117,108,0.0222,52
DRING-083,CLM-005705,117,108,0.0222,52
DRING-083,CLM-005783,117,108,0.0222,52
DRING-083,CLM-005918,117,108,0.0222,52
DRING-083,CLM-005951,117,108,0.0222,52
DRING-083,CLM-006140,117,108,0.0222,52
DRING-083,CLM-006263,117,108,0.0222,52
DRING-083,CLM-006346,117,108,0.0222,52
DRING-083,CLM-006491,117,108,0.0222,52
DRING-083,CLM-006515,117,108,0.0222,52
DRING-083,CLM-006734,117,108,0.0222,52
DRING-083,CLM-006770,117,108,0.0222,52
DRING-083,CLM-006833,117,108,0.0222,52
DRING-084,CLM-000341,118,113,0.022,53
DRING-084,CLM-000408,118,113,0.022,53
DRING-084,CLM-000438,118,113,0.022,53
DRING-084,CLM-000774,118,113,0.022,53
DRING-084,CLM-000880,118,113,0.022,53
DRING-084,CLM-001122,118,113,0.022,53
DRING-084,CLM-001202,118,113,0.022,53
DRING-084,CLM-001267,118,113,0.022,53
DRING-084,CLM-001284,118,113,0.022,53
DRING-084,CLM-001359,118,113,0.022,53
DRING-084,CLM-001399,118,113,0.022,53
DRING-084,CLM-001597,118,113,0.022,53
DRING-084,CLM-001815,118,113,0.022,53
DRING-084,CLM-001838,118,113,0.022,53
DRING-084,CLM-001851,118,113,0.022,53
DRING-084,CLM-001857,118,113,0.022,53
DRING-084,CLM-002040,118,113,0.022,53
DRING-084,CLM-002309,118,113,0.022,53
DRING-084,CLM-002929,118,113,0.022,53
DRING-084,CLM-002933,118,113,0.022,53
DRING-084,CLM-002974,118,113,0.022,53
DRING-084,CLM-003154,118,113,0.022,53
DRING-084,CLM-003281,118,113,0.022,53
DRING-084,CLM-003461,118,113,0.022,53
DRING-084,CLM-003474,118,113,0.022,53
DRING-084,CLM-003500,118,113,0.022,53
DRING-084,CLM-003502,118,113,0.022,53
DRING-084,CLM-003783,118,113,0.022,53
DRING-084,CLM-004033,118,113,0.022,53
DRING-084,CLM-004057,118,113,0.022,53
DRING-084,CLM-004264,118,113,0.022,53
DRING-084,CLM-004382,118,113,0.022,53
DRING-084,CLM-004486,118,113,0.022,53
DRING-084,CLM-004656,118,113,0.022,53
DRING-084,CLM-004707,118,113,0.022,53
DRING-084,CLM-004900,118,113,0.022,53
DRING-084,CLM-005025,118,113,0.022,53
DRING-084,CLM-005099,118,113,0.022,53
DRING-084,CLM-005237,118,113,0.022,53
DRING-084,CLM-005412,118,113,0.022,53
DRING-084,CLM-005594,118,113,0.022,53
DRING-084,CLM-005895,118,113,0.022,53
DRING-084,CLM-005920,118,113,0.022,53
DRING-084,CLM-005973,118,113,0.022,53
DRING-084,CLM-005980,118,113,0.022,53
DRING-084,CLM-006080,118,113,0.022,53
DRING-084,CLM-006112,118,113,0.022,53
DRING-084,CLM-006351,118,113,0.022,53
DRING-084,CLM-006509,118,113,0.022,53
DRING-084,CLM-006514,118,113,0.022,53
DRING-084,CLM-006604,118,113,0.022,53
DRING-084,CLM-006792,118,113,0.022,53
DRING-084,CLM-006990,118,113,0.022,53
DRING-085,CLM-000346,119,83,0.0291,35
DRING-085,CLM-000869,119,83,0.0291,35
DRING-085,CLM-001040,119,83,0.0291,35
DRING-085,CLM-001163,119,83,0.0291,35
DRING-085,CLM-001238,119,83,0.0291,35
DRING-085,CLM-001535,119,83,0.0291,35
DRING-085,CLM-001844,119,83,0.0291,35
DRING-085,CLM-002333,119,83,0.0291,35
DRING-085,CLM-002560,119,83,0.0291,35
DRING-085,CLM-002578,119,83,0.0291,35
DRING-085,CLM-002748,119,83,0.0291,35
DRING-085,CLM-002867,119,83,0.0291,35
DRING-085,CLM-003002,119,83,0.0291,35
DRING-085,CLM-003058,119,83,0.0291,35
DRING-085,CLM-003408,119,83,0.0291,35
DRING-085,CLM-003579,119,83,0.0291,35
DRING-085,CLM-003667,119,83,0.0291,35
DRING-085,CLM-004169,119,83,0.0291,35
DRING-085,CLM-004287,119,83,0.0291,35
DRING-085,CLM-004463,119,83,0.0291,35
DRING-085,CLM-004527,119,83,0.0291,35
DRING-085,CLM-004838,119,83,0.0291,35
DRING-085,CLM-004949,119,83,0.0291,35
DRING-085,CLM-005155,119,83,0.0291,35
DRING-085,CLM-005165,119,83,0.0291,35
DRING-085,CLM-005231,119,83,0.0291,35
DRING-085,CLM-005290,119,83,0.0291,35
DRING-085,CLM-005452,119,83,0.0291,35
DRING-085,CLM-005808,119,83,0.0291,35
DRING-085,CLM-005847,119,83,0.0291,35
DRING-085,CLM-006149,119,83,0.0291,35
DRING-085,CLM-006236,119,83,0.0291,35
DRING-085,CLM-006315,119,83,0.0291,35
DRING-085,CLM-006554,119,83,0.0291,35
DRING-085,CLM-006829,119,83,0.0291,35
DRING-086,CLM-000433,138,126,0.018,51
DRING-086,CLM-000560,138,126,0.018,51
DRING-086,CLM-000598,138,126,0.018,51
DRING-086,CLM-000643,138,126,0.018,51
DRING-086,CLM-000845,138,126,0.018,51
DRING-086,CLM-000879,138,126,0.018,51
DRING-086,CLM-000923,138,126,0.018,51
DRING-086,CLM-000929,138,126,0.018,51
DRING-086,CLM-001046,138,126,0.018,51
DRING-086,CLM-001142,138,126,0.018,51
DRING-086,CLM-001231,138,126,0.018,51
DRING-086,CLM-001250,138,126,0.018,51
DRING-086,CLM-001280,138,126,0.018,51
DRING-086,CLM-001324,138,126,0.018,51
DRING-086,CLM-001442,138,126,0.018,51
DRING-086,CLM-001523,138,126,0.018,51
DRING-086,CLM-001558,138,126,0.018,51
DRING-086,CLM-001729,138,126,0.018,51
DRING-086,CLM-001884,138,126,0.018,51
DRING-086,CLM-002156,138,126,0.018,51
DRING-086,CLM-002247,138,126,0.018,51
DRING-086,CLM-002529,138,126,0.018,51
DRING-086,CLM-002715,138,126,0.018,51
DRING-086,CLM-002972,138,126,0.018,51
DRING-086,CLM-003107,138,126,0.018,51
DRING-086,CLM-003149,138,126,0.018,51
DRING-086,CLM-003229,138,126,0.018,51
DRING-086,CLM-003508,138,126,0.018,51
DRING-086,CLM-003746,138,126,0.018,51
DRING-086,CLM-003800,138,126,0.018,51
DRING-086,CLM-003809,138,126,0.018,51
DRING-086,CLM-004074,138,126,0.018,51
DRING-086,CLM-004290,138,126,0.018,51
DRING-086,CLM-004335,138,126,0.018,51
DRING-086,CLM-004595,138,126,0.018,51
DRING-086,CLM-004608,138,126,0.018,51
DRING-086,CLM-004904,138,126,0.018,51
DRING-086,CLM-005022,138,126,0.018,51
DRING-086,CLM-005435,138,126,0.018,51
DRING-086,CLM-005596,138,126,0.018,51
DRING-086,CLM-005637,138,126,0.018,51
DRING-086,CLM-005725,138,126,0.018,51
DRING-086,CLM-005741,138,126,0.018,51
DRING-086,CLM-006404,138,126,0.018,51
DRING-086,CLM-006499,138,126,0.018,51
DRING-086,CLM-006532,138,126,0.018,51
DRING-086,CLM-006630,138,126,0.018,51
DRING-086,CLM-006768,138,126,0.018,51
DRING-086,CLM-006812,138,126,0.018,51
DRING-086,CLM-006901,138,126,0.018,51
DRING-086,CLM-007000,138,126,0.018,51
DRING-087,CLM-000459,129,10,0.2222,3
DRING-087,CLM-003868,129,10,0.2222,3
DRING-087,CLM-004048,129,10,0.2222,3
DRING-088,CLM-000839,61,56,0.0422,26
DRING-088,CLM-000877,61,56,0.0422,26
DRING-088,CLM-000936,61,56,0.0422,26
DRING-088,CLM-000980,61,56,0.0422,26
DRING-088,CLM-001239,61,56,0.0422,26
DRING-088,CLM-001318,61,56,0.0422,26
DRING-088,CLM-001478,61,56,0.0422,26
DRING-088,CLM-002317,61,56,0.0422,26
DRING-088,CLM-002432,61,56,0.0422,26
DRING-088,CLM-002998,61,56,0.0422,26
DRING-088,CLM-003223,61,56,0.0422,26
DRING-088,CLM-003738,61,56,0.0422,26
DRING-088,CLM-004479,61,56,0.0422,26
DRING-088,CLM-004866,61,56,0.0422,26
DRING-088,CLM-004921,61,56,0.0422,26
DRING-088,CLM-004936,61,56,0.0422,26
DRING-088,CLM-005281,61,56,0.0422,26
DRING-088,CLM-005415,61,56,0.0422,26
DRING-088,CLM-005521,61,56,0.0422,26
DRING-088,CLM-005642,61,56,0.0422,26
DRING-088,CLM-005687,61,56,0.0422,26
DRING-088,CLM-005701,61,56,0.0422,26
DRING-088,CLM-005796,61,56,0.0422,26
DRING-088,CLM-005942,61,56,0.0422,26
DRING-088,CLM-006342,61,56,0.0422,26
DRING-088,CLM-006804,61,56,0.0422,26
DRING-089,CLM-001521,149,7,0.381,3
DRING-089,CLM-002193,149,7,0.381,3
DRING-089,CLM-002469,149,7,0.381,3
