claim_id,node_degree,community_id,community_size,pagerank_score,n_shared_devices,n_shared_addresses,n_shared_shops,n_shared_payments
CLM-000001,2,19,261,4.36592536877524e-05,5,0,0,0
CLM-000002,2,1,187,4.0645237100281535e-05,8,0,0,0
CLM-000003,3,21,196,5.4942942143134494e-05,4,0,4,0
CLM-000004,2,3,130,4.314261759866935e-05,5,0,0,0
CLM-000005,2,4,171,4.916669577341324e-05,2,0,0,0
CLM-000006,3,5,184,5.999909837588966e-05,5,0,4,0
CLM-000007,3,6,344,5.4824812108218715e-05,8,0,11,0
CLM-000008,2,7,228,5.634459311060195e-05,0,0,0,0
CLM-000009,2,3,130,4.314261759866935e-05,5,0,0,0
CLM-000010,2,136,199,4.706670634377997e-05,2,0,0,0
CLM-000011,2,97,185,4.2318999676552506e-05,5,0,0,0
CLM-000012,2,123,185,4.866752288392389e-05,1,0,0,0
CLM-000013,3,11,82,5.9086920473446104e-05,3,0,7,0
CLM-000014,2,12,118,5.497597538896536e-05,1,0,0,0
CLM-000015,2,139,96,4.808650100466099e-05,1,0,0,0
CLM-000016,3,14,186,6.0127059946755576e-05,3,0,7,0
CLM-000017,2,81,211,5.35919930694067e-05,0,0,0,0
CLM-000018,3,16,208,6.019267318038323e-05,1,0,8,0
CLM-000019,2,17,185,4.526126035881179e-05,3,0,0,0
CLM-000020,2,96,149,4.2696946027727454e-05,4,0,0,0
CLM-000021,3,19,261,5.673607991187986e-05,3,0,7,0
CLM-000022,3,21,196,5.9002460175729575e-05,3,0,4,0
CLM-000023,3,20,224,6.39869187927415e-05,2,0,1,0
CLM-000024,3,103,178,5.4379195517918095e-05,12,0,3,0
CLM-000025,2,22,165,4.4670558609587336e-05,6,0,0,0
CLM-000026,3,23,168,6.040181812024624e-05,4,0,3,0
CLM-000027,3,24,168,5.9138300691489986e-05,3,0,7,0
CLM-000028,2,6,344,4.0630060552950155e-05,8,0,0,0
CLM-000029,2,25,266,5.3325755472163535e-05,0,0,0,0
CLM-000030,3,6,344,5.591606071508138e-05,6,0,3,0
CLM-000031,3,39,253,7.068485062799967e-05,1,0,7,0
CLM-000032,3,28,254,5.8192061753049195e-05,5,0,4,0
CLM-000033,3,14,186,6.304249279502806e-05,3,0,3,0
CLM-000034,3,65,160,5.831719299147964e-05,5,0,6,0
CLM-000035,2,71,210,4.754621113095172e-05,3,0,0,0
CLM-000036,2,31,151,4.56797983984876e-05,2,0,0,0
CLM-000037,2,123,185,4.27614561006515e-05,7,0,0,0
CLM-000038,3,122,299,5.72588841909762e-05,3,0,9,0
CLM-000039,3,33,252,6.659941607534924e-05,0,0,7,0
CLM-000040,2,43,117,4.2618186362046174e-05,5,0,0,0
CLM-000041,3,29,129,5.714996187027769e-05,5,0,4,0
CLM-000042,3,133,244,5.689878945501343e-05,10,0,9,0
CLM-000043,3,37,170,6.049219858218685e-05,3,0,6,0
CLM-000044,3,81,211,5.9812621534282276e-05,2,0,7,0
CLM-000045,3,39,253,5.71684972266694e-05,4,0,5,0
CLM-000046,2,25,266,4.89538978743798e-05,8,0,0,0
CLM-000047,3,40,252,6.132040220540065e-05,2,0,9,0
CLM-000048,2,81,211,4.719637061248553e-05,1,0,0,0
CLM-000049,3,96,149,5.669156566653823e-05,6,0,6,0
CLM-000050,2,142,134,5.087868733173465e-05,2,0,0,0
CLM-000051,2,31,151,4.733767620450608e-05,1,0,0,0
CLM-000052,2,42,157,7.145132319388335e-05,0,0,0,0
CLM-000053,3,43,117,6.07866293797598e-05,5,0,3,0
CLM-000054,2,31,151,5.4120860593639005e-05,0,0,0,0
CLM-000055,2,17,185,4.924792751815009e-05,3,0,0,0
CLM-000056,2,45,190,4.40438749175018e-05,2,0,0,0
CLM-000057,3,17,185,6.795695509242851e-05,1,0,3,0
CLM-000058,3,42,157,5.465850401978544e-05,7,0,8,0
CLM-000059,2,39,253,4.7268658506902404e-05,4,0,0,0
CLM-000060,3,75,184,5.933707982627268e-05,5,0,5,0
CLM-000061,2,128,197,4.2840869512780716e-05,11,0,0,0
CLM-000062,2,75,184,4.739681965114036e-05,1,0,0,0
CLM-000063,2,6,344,4.5519016073601796e-05,2,0,0,0
CLM-000064,2,133,244,4.235375907405611e-05,6,0,0,0
CLM-000065,3,23,168,5.759046333392947e-05,10,0,4,0
CLM-000066,3,110,151,5.974635598497614e-05,5,0,5,0
CLM-000067,3,50,142,5.626132736201429e-05,7,0,9,0
CLM-000068,2,40,252,4.1796324960853376e-05,5,0,0,0
CLM-000069,2,5,184,4.164202106384565e-05,5,0,0,0
CLM-000070,3,14,186,5.755225317340085e-05,6,0,7,0
CLM-000071,3,1,187,5.8442020177095116e-05,3,0,6,0
CLM-000072,2,122,299,4.420025815402705e-05,3,0,0,0
CLM-000073,2,54,156,4.5777505984368376e-05,2,0,0,0
CLM-000074,3,21,196,6.129431488177689e-05,2,0,3,0
CLM-000075,3,97,185,5.685553597343313e-05,9,0,9,0
CLM-000076,3,120,173,5.853622251328213e-05,3,0,3,0
CLM-000077,2,71,210,4.441484193903337e-05,4,0,0,0
CLM-000078,3,57,193,5.826927025271158e-05,3,0,5,0
CLM-000079,3,54,156,6.523495809671871e-05,1,0,8,0
CLM-000080,2,112,172,4.5432551837169135e-05,2,0,0,0
CLM-000081,2,37,170,5.5087562312191476e-05,0,0,0,0
CLM-000082,3,20,224,6.363791322080314e-05,0,0,11,0
CLM-000083,3,24,168,6.195820272936718e-05,2,0,5,0
CLM-000084,3,133,244,5.785283067687484e-05,4,0,6,0
CLM-000085,2,60,185,4.2581624906348474e-05,3,0,0,0
CLM-000086,3,112,172,6.098023600833884e-05,5,0,8,0
CLM-000087,3,102,256,5.67266337405333e-05,3,0,6,0
CLM-000088,2,21,196,4.21215212919889e-05,5,0,0,0
CLM-000089,3,31,151,5.6075645933686964e-05,7,0,5,0
CLM-000090,3,39,253,5.926646316609829e-05,3,0,6,0
CLM-000091,3,81,211,6.433604996218984e-05,2,0,2,0
CLM-000092,3,46,231,5.560729829949877e-05,5,0,9,0
CLM-000093,3,96,149,6.22378420065391e-05,2,0,4,0
CLM-000094,3,20,224,6.310863913441752e-05,10,0,3,0
CLM-000095,2,17,185,4.710498114649769e-05,2,0,0,0
CLM-000096,3,64,151,6.141423111533224e-05,3,0,6,0
CLM-000097,3,40,252,5.8017392877820693e-05,4,0,11,0
CLM-000098,2,65,160,5.0100204075520654e-05,1,0,0,0
CLM-000099,3,75,184,6.0941358166985516e-05,4,0,3,0
CLM-000100,2,67,251,4.36621050069638e-05,5,0,0,0
CLM-000101,2,60,185,4.08246316255365e-05,3,0,0,0
CLM-000102,3,28,254,5.68073850696165e-05,2,0,7,0
CLM-000103,2,68,161,4.605491178716795e-05,4,0,0,0
CLM-000104,2,111,213,4.1177656457465503e-05,10,0,0,0
CLM-000105,3,102,256,5.787299112116719e-05,3,0,5,0
CLM-000106,2,17,185,4.352307502743292e-05,5,0,0,0
CLM-000107,3,110,151,5.818384660701646e-05,4,0,6,0
CLM-000108,3,70,239,5.597575141808628e-05,5,0,9,0
CLM-000109,3,71,210,7.161497325981392e-05,0,0,5,0
CLM-000110,2,29,129,6.190303086316148e-05,0,0,0,0
CLM-000111,2,6,344,5.11008798680486e-05,2,0,0,0
CLM-000112,3,14,186,5.8934349637558016e-05,4,0,4,0
CLM-000113,3,72,241,5.794093583392078e-05,4,0,3,0
CLM-000114,2,80,306,3.837996050727431e-05,7,0,0,0
CLM-000115,3,67,251,5.9738558804402595e-05,5,0,5,0
CLM-000116,2,126,110,4.6518582286783465e-05,4,0,0,0
CLM-000117,2,28,254,4.072360621066271e-05,4,0,0,0
CLM-000118,3,79,85,6.204734000820178e-05,2,0,8,0
CLM-000119,3,56,91,6.048818380923143e-05,4,0,8,0
CLM-000120,3,122,299,5.841416329525891e-05,2,0,7,0
CLM-000121,3,6,344,5.966444506528154e-05,9,0,7,0
CLM-000122,3,42,157,5.7807607344046065e-05,9,0,3,0
CLM-000123,3,77,134,6.0078862010657566e-05,3,0,4,0
CLM-000124,3,78,272,6.999344085848968e-05,0,0,4,0
CLM-000125,3,50,142,5.868284085219846e-05,5,0,13,0
CLM-000126,3,57,193,6.691009552774416e-05,1,0,4,0
CLM-000127,3,54,156,5.6571249967078555e-05,5,0,7,0
CLM-000128,3,80,306,5.929065749325014e-05,1,0,5,0
CLM-000129,3,77,134,5.641574219431613e-05,2,0,9,0
CLM-000130,2,60,185,4.08246316255365e-05,3,0,0,0
CLM-000131,3,86,230,5.8170904043920996e-05,4,0,5,0
CLM-000132,3,19,261,6.039901140427138e-05,8,0,3,0
CLM-000133,3,82,262,5.7626024078672114e-05,1,0,10,0
CLM-000134,3,40,252,5.754692056413898e-05,6,0,8,0
CLM-000135,2,46,231,4.296536774755654e-05,2,0,0,0
CLM-000136,3,136,199,5.885919716303563e-05,3,0,7,0
CLM-000137,3,50,142,6.182621213733725e-05,7,0,1,0
CLM-000138,2,4,171,5.88251066392754e-05,0,0,0,0
CLM-000139,3,148,222,6.233818448520051e-05,3,0,4,0
CLM-000140,3,40,252,5.970602849181689e-05,6,0,8,0
CLM-000141,2,25,266,4.1019476795619e-05,15,0,0,0
CLM-000142,3,60,185,6.0569335000571346e-05,1,0,6,0
CLM-000143,2,25,266,4.072440077364457e-05,15,0,0,0
CLM-000144,3,65,160,6.640420101121089e-05,1,0,3,0
CLM-000145,2,24,168,3.944690911784893e-05,11,0,0,0
CLM-000146,3,7,228,5.9758418977173986e-05,4,0,6,0
CLM-000147,3,78,272,5.681770916353002e-05,2,0,8,0
CLM-000148,3,22,165,6.337800145709131e-05,3,0,4,0
CLM-000149,2,84,191,4.052291641183971e-05,8,0,0,0
CLM-000150,2,22,165,3.856186939184197e-05,15,0,0,0
CLM-000151,3,75,184,5.890619415123127e-05,5,0,5,0
CLM-000152,2,146,202,4.355680637268683e-05,2,0,0,0
CLM-000153,2,86,230,4.1402128826446446e-05,3,0,0,0
CLM-000154,2,1,187,4.0810558114178615e-05,6,0,0,0
CLM-000155,3,68,161,5.923853845950533e-05,4,0,5,0
CLM-000156,3,142,134,5.757360173039281e-05,4,0,4,0
CLM-000157,3,37,170,5.841762765382833e-05,10,0,8,0
CLM-000158,2,82,262,4.6699486964334804e-05,2,0,0,0
CLM-000159,3,80,306,5.9054267866284594e-05,3,0,7,0
CLM-000160,3,37,170,6.757424388031637e-05,2,0,3,0
CLM-000161,3,84,191,6.726981903837915e-05,0,0,5,0
CLM-000162,2,67,251,4.256456607122724e-05,4,0,0,0
CLM-000163,3,82,262,6.029999056213991e-05,4,0,7,0
CLM-000164,3,88,244,5.844609640351949e-05,7,0,8,0
CLM-000165,3,103,178,5.9491877546693234e-05,10,0,9,0
CLM-000166,3,39,253,5.524645055061593e-05,7,0,5,0
CLM-000167,3,42,157,5.691629232164044e-05,4,0,3,0
CLM-000168,3,111,213,5.667854394036653e-05,4,0,9,0
CLM-000169,2,126,110,5.957848683697187e-05,0,0,0,0
CLM-000170,2,148,222,4.840716823362935e-05,4,0,0,0
CLM-000171,3,19,261,5.958919870979492e-05,9,0,6,0
CLM-000172,3,46,231,5.543429258732222e-05,5,0,7,0
CLM-000173,2,33,252,4.2949791870288313e-05,2,0,0,0
CLM-000174,3,79,85,6.538244748237204e-05,1,0,8,0
CLM-000175,2,139,96,5.863574418483365e-05,2,0,0,0
CLM-000176,3,90,201,5.6191151701904115e-05,6,0,8,0
CLM-000177,3,135,141,6.326818360867196e-05,2,0,7,0
CLM-000178,3,126,110,7.281522473143204e-05,0,0,5,0
CLM-000179,2,19,261,4.314666897072788e-05,8,0,0,0
CLM-000180,2,28,254,5.105435603516879e-05,1,0,0,0
CLM-000181,3,6,344,5.8240333238984365e-05,6,0,6,0
CLM-000182,3,84,191,5.5098792365193505e-05,8,0,8,0
CLM-000183,3,78,272,6.89673968177569e-05,1,0,3,0
CLM-000184,3,6,344,5.621512247259705e-05,6,0,6,0
CLM-000185,2,78,272,4.6280897130154335e-05,2,0,0,0
CLM-000186,3,86,230,5.80034604838307e-05,4,0,5,0
CLM-000187,3,28,254,6.419216245307256e-05,2,0,4,0
CLM-000188,3,56,91,5.856774293100326e-05,5,0,5,0
CLM-000189,2,25,266,4.6958651298084976e-05,2,0,0,0
CLM-000190,2,40,252,4.706574472937069e-05,6,0,0,0
CLM-000191,3,25,266,5.9337409081531926e-05,1,0,5,0
CLM-000192,2,21,196,4.2927075089929254e-05,7,0,0,0
CLM-000193,3,70,239,6.0051342255606206e-05,3,0,7,0
CLM-000194,2,94,78,4.9716132704305494e-05,2,0,0,0
CLM-000195,3,19,261,5.986495949039389e-05,2,0,8,0
CLM-000196,2,88,244,4.581085615105794e-05,2,0,0,0
CLM-000197,3,31,151,5.8974028474571864e-05,6,0,4,0
CLM-000198,3,7,228,5.770800079402793e-05,5,0,7,0
CLM-000199,3,77,134,6.223775406604883e-05,1,0,6,0
CLM-000200,3,126,110,7.067821625464184e-05,0,0,8,0
CLM-000201,2,1,187,4.522337298188853e-05,3,0,0,0
CLM-000202,3,87,114,5.582570682520215e-05,3,0,7,0
CLM-000203,2,96,149,5.034986765865901e-05,1,0,0,0
CLM-000204,2,77,134,4.232265356773153e-05,7,0,0,0
CLM-000205,3,25,266,5.626095652785224e-05,3,0,7,0
CLM-000206,3,50,142,5.5934266558661574e-05,7,0,11,0
CLM-000207,3,71,210,6.204471007648584e-05,4,0,2,0
CLM-000208,3,70,239,5.70035108505873e-05,6,0,7,0
CLM-000209,2,68,161,4.3957769219001456e-05,7,0,0,0
CLM-000210,2,28,254,3.998440276952637e-05,5,0,0,0
CLM-000211,3,21,196,6.064580371482787e-05,6,0,6,0
CLM-000212,3,102,256,5.691135336163844e-05,4,0,8,0
CLM-000213,3,97,185,6.245077387075345e-05,2,0,4,0
CLM-000214,2,150,122,4.490427457026126e-05,4,0,0,0
CLM-000215,3,111,213,5.655397401484284e-05,7,0,3,0
CLM-000216,2,122,299,4.259094055419545e-05,3,0,0,0
CLM-000217,2,16,208,4.03026481303636e-05,5,0,0,0
CLM-000218,3,99,204,5.689679043446386e-05,2,0,5,0
CLM-000219,2,84,191,4.513649319223986e-05,1,0,0,0
CLM-000220,3,6,344,7.873999422588067e-05,0,0,9,0
CLM-000221,3,122,299,6.420019232461765e-05,3,0,4,0
CLM-000222,3,46,231,5.6257881737654916e-05,5,0,8,0
CLM-000223,3,78,272,5.641753124937035e-05,9,0,9,0
CLM-000224,3,148,222,5.314943835551028e-05,12,0,11,0
CLM-000225,3,139,96,5.7018107418029524e-05,4,0,4,0
CLM-000226,2,88,244,5.8267622695407976e-05,0,0,0,0
CLM-000227,2,87,114,4.489055421717094e-05,9,0,0,0
CLM-000228,3,71,210,5.995637546757029e-05,3,0,5,0
CLM-000229,3,148,222,6.265883977434613e-05,4,0,4,0
CLM-000230,2,56,91,6.420067470230188e-05,0,0,0,0
CLM-000231,3,111,213,6.497167445772438e-05,0,0,5,0
CLM-000232,2,128,197,4.2840869512780716e-05,11,0,0,0
CLM-000233,2,37,170,4.165054180670298e-05,10,0,0,0
CLM-000234,2,72,241,4.108512479530032e-05,6,0,0,0
CLM-000235,3,6,344,6.210916880213028e-05,2,0,6,0
CLM-000236,3,28,254,5.6447129159445736e-05,4,0,4,0
CLM-000237,2,102,256,4.0620955693892114e-05,5,0,0,0
CLM-000238,2,102,256,4.085480462058601e-05,8,0,0,0
CLM-000239,2,87,114,4.30651738260661e-05,2,0,0,0
CLM-000240,2,103,178,4.670747833941739e-05,4,0,0,0
CLM-000241,2,8,77,4.920425816547732e-05,2,0,0,0
CLM-000242,3,37,170,6.092406314619551e-05,5,0,3,0
CLM-000243,2,52,65,4.900938658560707e-05,1,0,0,0
CLM-000244,3,123,185,6.181888456957224e-05,5,0,11,0
CLM-000245,3,71,210,6.185565860969907e-05,3,0,6,0
CLM-000246,3,88,244,5.851412096123547e-05,3,0,3,0
CLM-000247,2,20,224,4.427101720224713e-05,4,0,0,0
CLM-000248,2,78,272,4.156585524064432e-05,7,0,0,0
CLM-000249,3,81,211,7.102228963416282e-05,0,0,12,0
CLM-000250,2,67,251,4.3619798101266e-05,2,0,0,0
CLM-000251,2,107,161,4.062878761882746e-05,6,0,0,0
CLM-000252,2,82,262,4.241715950671648e-05,4,0,0,0
CLM-000253,3,25,266,5.9491955726135626e-05,1,0,8,0
CLM-000254,2,77,134,4.1126578377831664e-05,3,0,0,0
CLM-000255,2,2,86,4.1799338843171726e-05,5,0,0,0
CLM-000256,2,124,145,4.409719437733463e-05,3,0,0,0
CLM-000257,2,19,261,5.9941801601841146e-05,0,0,0,0
CLM-000258,3,111,213,6.279442599291918e-05,1,0,6,0
CLM-000259,3,4,171,5.5222584386306586e-05,4,0,8,0
CLM-000260,3,65,160,6.005656072919387e-05,7,0,8,0
CLM-000261,3,70,239,6.006202663807079e-05,8,0,4,0
CLM-000262,2,102,256,4.803116076277031e-05,4,0,0,0
CLM-000263,2,39,253,4.417005164187853e-05,4,0,0,0
CLM-000264,3,110,151,5.990295264740993e-05,4,0,3,0
CLM-000265,3,4,171,5.8678645118613555e-05,5,0,4,0
CLM-000266,3,40,252,5.703976131190159e-05,6,0,6,0
CLM-000267,2,19,261,4.1169678416235744e-05,9,0,0,0
CLM-000268,3,72,241,6.0096100271189886e-05,4,0,3,0
CLM-000269,2,23,168,4.5952923923286256e-05,4,0,0,0
CLM-000270,2,71,210,4.464684062307556e-05,4,0,0,0
CLM-000271,2,112,172,4.698538430401435e-05,2,0,0,0
CLM-000272,3,29,129,5.7217012805235447e-05,5,0,6,0
CLM-000273,2,37,170,4.65925251085383e-05,3,0,0,0
CLM-000274,3,23,168,6.0214071958454e-05,4,0,6,0
CLM-000275,3,46,231,5.5320636395624e-05,5,0,9,0
CLM-000276,2,81,211,4.190152058876054e-05,8,0,0,0
CLM-000277,2,24,168,4.008482407494735e-05,11,0,0,0
CLM-000278,3,122,299,6.0313118072581555e-05,4,0,2,0
CLM-000279,3,19,261,6.26014626712523e-05,8,0,5,0
CLM-000280,3,11,82,6.021583669251909e-05,2,0,8,0
CLM-000281,3,113,112,6.639357605168106e-05,0,0,9,0
CLM-000282,3,148,222,5.385773238859797e-05,12,0,6,0
CLM-000283,2,21,196,3.937759305261846e-05,4,0,0,0
CLM-000284,2,107,161,4.062878761882746e-05,6,0,0,0
CLM-000285,2,33,252,4.2698973286605285e-05,8,0,0,0
CLM-000286,3,12,118,6.297562015850314e-05,5,0,3,0
CLM-000287,3,111,213,6.653973947612119e-05,2,0,5,0
CLM-000288,3,112,172,6.253027100236027e-05,2,0,8,0
CLM-000289,3,23,168,7.351711194007232e-05,0,0,5,0
CLM-000290,3,37,170,6.912253776283903e-05,2,0,6,0
CLM-000291,3,7,228,5.4552287392968014e-05,7,0,6,0
CLM-000292,3,24,168,5.896832307347494e-05,4,0,3,0
CLM-000293,2,102,256,5.5754587967694926e-05,0,0,0,0
CLM-000294,2,33,252,4.2698973286605285e-05,8,0,0,0
CLM-000295,3,103,178,5.741733279610286e-05,5,0,4,0
CLM-000296,2,131,61,4.8522394566352234e-05,1,0,0,0
CLM-000297,3,31,151,5.696573932068209e-05,8,0,11,0
CLM-000298,3,80,306,5.669468003449255e-05,3,0,5,0
CLM-000299,2,115,5,7.834125474411441e-05,0,0,0,0
CLM-000300,2,20,224,4.184966895750252e-05,7,0,0,0
CLM-000301,3,88,244,6.51071207044989e-05,2,0,2,0
CLM-000302,3,67,251,5.44762562223391e-05,6,0,6,0
CLM-000303,3,80,306,6.024770825880854e-05,1,0,9,0
CLM-000304,3,148,222,7.339706357678299e-05,0,0,9,0
CLM-000305,3,56,91,7.363328627577058e-05,0,0,12,0
CLM-000306,2,84,191,4.451855413480109e-05,5,0,0,0
CLM-000307,3,50,142,5.593654560859082e-05,3,0,4,0
CLM-000308,3,54,156,5.779125900059293e-05,4,0,6,0
CLM-000309,2,124,145,6.0971647304040273e-05,0,0,0,0
CLM-000310,2,67,251,4.3799148588723545e-05,3,0,0,0
CLM-000311,3,68,161,7.203326471383941e-05,1,0,6,0
CLM-000312,3,22,165,5.6752806060426e-05,2,0,5,0
CLM-000313,3,103,178,5.893586416915945e-05,3,0,7,0
CLM-000314,2,33,252,4.8025280222714846e-05,2,0,0,0
CLM-000315,3,54,156,7.426048258167632e-05,0,0,11,0
CLM-000316,3,28,254,5.614865909062542e-05,8,0,5,0
CLM-000317,3,2,86,5.71764053045275e-05,5,0,8,0
CLM-000318,2,67,251,4.3829441533348095e-05,3,0,0,0
CLM-000319,2,117,108,4.665072952352677e-05,3,0,0,0
CLM-000320,3,71,210,6.287439686610616e-05,3,0,5,0
CLM-000321,2,87,114,4.3469962450697203e-05,8,0,0,0
CLM-000322,3,19,261,6.019232519714468e-05,3,0,5,0
CLM-000323,2,64,151,4.407775793044435e-05,5,0,0,0
CLM-000324,2,14,186,4.769726848571069e-05,2,0,0,0
CLM-000325,3,113,112,5.856406887766103e-05,5,0,7,0
CLM-000326,2,120,173,5.032716825852471e-05,1,0,0,0
CLM-000327,3,28,254,6.772385899248661e-05,0,0,7,0
CLM-000328,3,90,201,5.4643107715579666e-05,5,0,5,0
CLM-000329,3,87,114,5.715638276744349e-05,8,0,3,0
CLM-000330,3,148,222,5.509997572585477e-05,6,0,7,0
CLM-000331,3,103,178,5.8622226394761386e-05,3,0,4,0
CLM-000332,2,29,129,6.409182720062875e-05,0,0,0,0
CLM-000333,2,97,185,4.02633369694676e-05,9,0,0,0
CLM-000334,3,54,156,6.134099059996677e-05,3,0,3,0
CLM-000335,2,39,253,4.293756098759584e-05,4,0,0,0
CLM-000336,3,99,204,5.510900040037909e-05,4,0,6,0
CLM-000337,2,77,134,4.0284355068544204e-05,5,0,0,0
CLM-000338,3,120,173,6.598975284987955e-05,2,0,7,0
CLM-000339,2,142,134,6.45623001884301e-05,0,0,0,0
CLM-000340,2,88,244,4.711590045223501e-05,3,0,0,0
CLM-000341,2,118,113,4.365309753119231e-05,2,0,0,0
CLM-000342,2,84,191,4.277206956995933e-05,3,0,0,0
CLM-000343,3,52,65,6.375390850109143e-05,1,0,10,0
CLM-000344,3,72,241,6.0045562431832964e-05,6,0,6,0
CLM-000345,3,110,151,5.930335884321015e-05,6,0,7,0
CLM-000346,2,119,83,4.55792927351059e-05,2,0,0,0
CLM-000347,2,8,77,5.0080456454695766e-05,2,0,0,0
CLM-000348,3,133,244,5.866117441891932e-05,4,0,2,0
CLM-000349,3,17,185,6.034357886936437e-05,7,0,8,0
CLM-000350,3,78,272,6.22306819173132e-05,1,0,2,0
CLM-000351,3,68,161,5.948690538442059e-05,12,0,4,0
CLM-000352,2,37,170,4.8162730984995784e-05,2,0,0,0
CLM-000353,2,57,193,4.5581017432368025e-05,5,0,0,0
CLM-000354,2,113,112,4.357633544566883e-05,5,0,0,0
CLM-000355,2,19,261,5.683815171598852e-05,2,0,0,0
CLM-000356,3,3,130,5.745744757988835e-05,5,0,9,0
CLM-000357,2,102,256,4.548952622327532e-05,4,0,0,0
CLM-000358,3,65,160,5.7572406633898994e-05,3,0,9,0
CLM-000359,2,6,344,4.108244377951569e-05,14,0,0,0
CLM-000360,3,71,210,5.806187678832504e-05,5,0,8,0
CLM-000361,3,126,110,6.212999620553243e-05,4,0,9,0
CLM-000362,2,136,199,4.2753140949137746e-05,2,0,0,0
CLM-000363,3,112,172,5.984433509487361e-05,2,0,3,0
CLM-000364,3,67,251,5.8331164641580054e-05,5,0,7,0
CLM-000365,3,77,134,6.0355357467040954e-05,4,0,7,0
CLM-000366,2,43,117,5.134531039654548e-05,1,0,0,0
CLM-000367,3,42,157,8.05063178168434e-05,0,0,4,0
CLM-000368,3,96,149,6.694884620758208e-05,1,0,4,0
CLM-000369,2,120,173,4.155918760463877e-05,7,0,0,0
CLM-000370,2,60,185,5.460105059544266e-05,0,0,0,0
CLM-000371,3,88,244,5.530549604343679e-05,8,0,5,0
CLM-000372,3,133,244,5.7667749234866594e-05,8,0,5,0
CLM-000373,3,19,261,6.472335363918574e-05,4,0,4,0
CLM-000374,2,81,211,6.953337091930508e-05,0,0,0,0
CLM-000375,3,111,213,6.313294439301491e-05,1,0,4,0
CLM-000376,3,146,202,6.388743315943719e-05,1,0,10,0
CLM-000377,3,25,266,5.4509831482038145e-05,15,0,9,0
CLM-000378,3,75,184,5.723188913025545e-05,6,0,5,0
CLM-000379,2,142,134,4.6414685449688084e-05,2,0,0,0
CLM-000380,2,50,142,4.772490049994862e-05,2,0,0,0
CLM-000381,3,79,85,5.8934287019486955e-05,6,0,9,0
CLM-000382,3,80,306,5.407498514371377e-05,7,0,4,0
CLM-000383,3,126,110,6.083613530132848e-05,3,0,7,0
CLM-000384,2,33,252,4.663916946565057e-05,1,0,0,0
CLM-000385,3,102,256,5.6154871693153394e-05,4,0,8,0
CLM-000386,2,112,172,4.349736288542699e-05,4,0,0,0
CLM-000387,2,19,261,5.00455857986457e-05,4,0,0,0
CLM-000388,2,70,239,4.8274769797743215e-05,4,0,0,0
CLM-000389,2,7,228,4.310316906061576e-05,2,0,0,0
CLM-000390,3,78,272,6.291733137039592e-05,1,0,12,0
CLM-000391,2,99,204,4.476608167168466e-05,3,0,0,0
CLM-000392,2,2,86,5.5829809649801505e-05,3,0,0,0
CLM-000393,3,133,244,5.7579326077935065e-05,4,0,9,0
CLM-000394,3,28,254,6.350403499106912e-05,1,0,4,0
CLM-000395,2,1,187,4.0810558114178615e-05,6,0,0,0
CLM-000396,3,122,299,6.216042442314316e-05,1,0,4,0
CLM-000397,3,112,172,5.860087370921147e-05,9,0,9,0
CLM-000398,2,25,266,4.127225667525108e-05,6,0,0,0
CLM-000399,3,1,187,5.836375304546729e-05,3,0,9,0
CLM-000400,3,28,254,5.9211470114595526e-05,4,0,5,0
CLM-000401,2,123,185,4.688967024312926e-05,4,0,0,0
CLM-000402,3,25,266,5.901816195561966e-05,8,0,7,0
CLM-000403,2,102,256,4.085480462058601e-05,8,0,0,0
CLM-000404,3,72,241,6.782714233035878e-05,0,0,6,0
CLM-000405,2,24,168,4.5870424371566445e-05,2,0,0,0
CLM-000406,3,99,204,5.422244504834434e-05,3,0,10,0
CLM-000407,2,80,306,4.462651463777707e-05,5,0,0,0
CLM-000408,3,118,113,5.996980150557847e-05,4,0,4,0
CLM-000409,3,122,299,5.602604959720055e-05,11,0,12,0
CLM-000410,3,28,254,5.625191152902296e-05,3,0,5,0
CLM-000411,3,124,145,5.9410244417385374e-05,2,0,8,0
CLM-000412,3,56,91,6.0303255879455315e-05,1,0,8,0
CLM-000413,2,99,204,4.327301169477575e-05,2,0,0,0
CLM-000414,3,22,165,5.5938134687525935e-05,3,0,8,0
CLM-000415,3,88,244,5.746100783080096e-05,7,0,4,0
CLM-000416,2,2,86,4.8656477373119614e-05,1,0,0,0
CLM-000417,2,16,208,4.8714240307935594e-05,3,0,0,0
CLM-000418,3,122,299,5.8161432546985264e-05,5,0,4,0
CLM-000419,2,126,110,4.2674888041227615e-05,5,0,0,0
CLM-000420,2,17,185,4.2450037653305165e-05,7,0,0,0
CLM-000421,2,54,156,4.2159966333545376e-05,4,0,0,0
CLM-000422,3,79,85,6.156872738304208e-05,2,0,9,0
CLM-000423,3,67,251,6.0008826523788354e-05,2,0,4,0
CLM-000424,2,1,187,4.241316349985035e-05,5,0,0,0
CLM-000425,3,28,254,5.694742308698836e-05,6,0,7,0
CLM-000426,3,133,244,5.883011741240485e-05,6,0,6,0
CLM-000427,3,50,142,5.553929094515497e-05,4,0,6,0
CLM-000428,3,78,272,7.82365751098022e-05,0,0,2,0
CLM-000429,3,117,108,5.972506620790473e-05,8,0,4,0
CLM-000430,2,42,157,4.444345252653802e-05,4,0,0,0
CLM-000431,2,37,170,4.476290443598334e-05,3,0,0,0
CLM-000432,3,124,145,5.6947987795671135e-05,6,0,16,0
CLM-000433,3,138,126,6.173520317379034e-05,1,0,5,0
CLM-000434,3,128,197,7.742419731285229e-05,0,0,4,0
CLM-000435,3,17,185,5.764886161714809e-05,4,0,8,0
CLM-000436,3,68,161,5.7498835864967916e-05,4,0,8,0
CLM-000437,3,103,178,6.134795063295362e-05,3,0,6,0
CLM-000438,2,118,113,4.5389988386533624e-05,3,0,0,0
CLM-000439,3,67,251,5.753119135493943e-05,4,0,6,0
CLM-000440,3,64,151,7.095396642043354e-05,0,0,7,0
CLM-000441,3,103,178,5.830411770874046e-05,3,0,9,0
CLM-000442,3,24,168,5.622123832914356e-05,4,0,6,0
CLM-000443,3,122,299,5.709067859531075e-05,4,0,3,0
CLM-000444,2,16,208,5.5714228218614744e-05,0,0,0,0
CLM-000445,2,57,193,4.6705230303761685e-05,1,0,0,0
CLM-000446,3,123,185,5.8475295358564665e-05,5,0,5,0
CLM-000447,3,126,110,8.844453371604659e-05,0,0,2,0
CLM-000448,2,72,241,5.52029749218622e-05,1,0,0,0
CLM-000449,2,29,129,4.6334181688386315e-05,2,0,0,0
CLM-000450,2,102,256,4.167409549723984e-05,8,0,0,0
CLM-000451,3,120,173,6.168809473949303e-05,7,0,3,0
CLM-000452,3,111,213,5.9197047672396036e-05,10,0,1,0
CLM-000453,3,43,117,6.996541999727024e-05,1,0,4,0
CLM-000454,2,148,222,4.4964368157683964e-05,2,0,0,0
CLM-000455,2,45,190,6.27325796816885e-05,0,0,0,0
CLM-000456,3,113,112,6.038045675108569e-05,2,0,5,0
CLM-000457,3,33,252,6.656585044280376e-05,3,0,3,0
CLM-000458,3,80,306,6.373247708140673e-05,2,0,2,0
CLM-000459,2,129,10,5.951635131847544e-05,2,0,0,0
CLM-000460,2,1,187,4.4663302359466467e-05,4,0,0,0
CLM-000461,3,102,256,5.8636652237173524e-05,8,0,6,0
CLM-000462,3,84,191,5.6223841087295264e-05,8,0,8,0
CLM-000463,3,99,204,6.159013322495453e-05,3,0,4,0
CLM-000464,3,5,184,5.6805403731098225e-05,5,0,7,0
CLM-000465,2,60,185,4.06154653366256e-05,5,0,0,0
CLM-000466,2,24,168,4.393505601413019e-05,4,0,0,0
CLM-000467,3,14,186,6.393818860558618e-05,3,0,3,0
CLM-000468,3,90,201,5.778918586339544e-05,5,0,4,0
CLM-000469,3,110,151,5.895462712833806e-05,4,0,1,0
CLM-000470,3,54,156,5.608409122129227e-05,4,0,9,0
CLM-000471,3,107,161,6.495449884350943e-05,3,0,7,0
CLM-000472,2,37,170,4.267501312724897e-05,10,0,0,0
CLM-000473,3,65,160,7.112535797933305e-05,2,0,2,0
CLM-000474,3,150,122,5.524004999509156e-05,4,0,6,0
CLM-000475,3,24,168,5.9937589723518864e-05,5,0,2,0
CLM-000476,3,20,224,5.7060801818971176e-05,5,0,4,0
CLM-000477,3,45,190,5.760594307140129e-05,5,0,5,0
CLM-000478,3,148,222,7.846497228800626e-05,0,0,9,0
CLM-000479,3,4,171,5.540231058295479e-05,5,0,8,0
CLM-000480,3,77,134,5.6952349855241856e-05,4,0,5,0
CLM-000481,3,43,117,6.077632503947292e-05,2,0,4,0
CLM-000482,2,117,108,5.084152880889384e-05,1,0,0,0
CLM-000483,3,40,252,5.938075275162427e-05,1,0,5,0
CLM-000484,3,103,178,5.951138326549166e-05,5,0,6,0
CLM-000485,3,6,344,5.588272457537434e-05,7,0,4,0
CLM-000486,3,86,230,5.5764123495070456e-05,3,0,6,0
CLM-000487,2,90,201,5.365515137767141e-05,0,0,0,0
CLM-000488,2,128,197,4.661280955344443e-05,5,0,0,0
CLM-000489,2,87,114,4.102639382024074e-05,9,0,0,0
CLM-000490,3,39,253,6.41951721329787e-05,2,0,7,0
CLM-000491,3,122,299,5.502915328253444e-05,11,0,9,0
CLM-000492,2,148,222,4.709025546383832e-05,5,0,0,0
CLM-000493,2,111,213,4.003949238730925e-05,7,0,0,0
CLM-000494,2,87,114,4.026674410863098e-05,8,0,0,0
CLM-000495,3,7,228,5.838451090573444e-05,6,0,2,0
CLM-000496,2,128,197,5.6826510392932746e-05,0,0,0,0
CLM-000497,3,112,172,5.7755550441299486e-05,2,0,10,0
CLM-000498,3,80,306,6.590789506800843e-05,0,0,5,0
CLM-000499,3,81,211,6.105315130312412e-05,4,0,6,0
CLM-000500,2,110,151,4.0803444021412956e-05,4,0,0,0
CLM-000501,2,142,134,5.628315932283185e-05,1,0,0,0
CLM-000502,3,28,254,5.7584884593894496e-05,4,0,4,0
CLM-000503,3,33,252,5.441664521134527e-05,5,0,11,0
CLM-000504,3,23,168,6.834527319600267e-05,2,0,2,0
CLM-000505,3,67,251,6.04049163972122e-05,6,0,12,0
CLM-000506,3,102,256,6.736116619211697e-05,2,0,6,0
CLM-000507,2,146,202,4.599704903882342e-05,2,0,0,0
CLM-000508,2,87,114,4.1688731631465614e-05,5,0,0,0
CLM-000509,3,126,110,6.38422775887753e-05,3,0,4,0
CLM-000510,2,102,256,4.188142427923837e-05,8,0,0,0
CLM-000511,2,94,78,4.372168265438751e-05,4,0,0,0
CLM-000512,2,39,253,4.476264395247804e-05,8,0,0,0
CLM-000513,3,54,156,6.097218655025935e-05,2,0,6,0
CLM-000514,3,6,344,6.32412463998337e-05,1,0,4,0
CLM-000515,2,46,231,5.6236587759525696e-05,1,0,0,0
CLM-000516,3,4,171,6.123480691396703e-05,10,0,1,0
CLM-000517,3,17,185,5.871989076611584e-05,5,0,6,0
CLM-000518,2,39,253,4.146140029124297e-05,4,0,0,0
CLM-000519,2,126,110,4.2674888041227615e-05,5,0,0,0
CLM-000520,3,56,91,6.494758460236085e-05,4,0,4,0
CLM-000521,3,77,134,5.3548466211516606e-05,3,0,7,0
CLM-000522,3,33,252,5.86248049662227e-05,1,0,9,0
CLM-000523,3,97,185,5.997647283585184e-05,3,0,6,0
CLM-000524,2,12,118,4.721257995166341e-05,3,0,0,0
CLM-000525,2,111,213,4.707744584201445e-05,1,0,0,0
CLM-000526,3,78,272,5.835236514052814e-05,9,0,6,0
CLM-000527,3,24,168,5.739746001216659e-05,5,0,5,0
CLM-000528,3,133,244,5.9110741092578216e-05,2,0,7,0
CLM-000529,3,40,252,5.5764752550807826e-05,6,0,8,0
CLM-000530,3,82,262,5.5841919700878906e-05,6,0,6,0
CLM-000531,2,71,210,4.4169780859909546e-05,6,0,0,0
CLM-000532,3,139,96,5.599524874239745e-05,4,0,16,0
CLM-000533,2,80,306,4.439126142256315e-05,2,0,0,0
CLM-000534,2,28,254,4.1903661706044296e-05,2,0,0,0
CLM-000535,3,28,254,5.696146521777088e-05,6,0,5,0
CLM-000536,3,2,86,5.8418557194869944e-05,5,0,5,0
CLM-000537,2,103,178,4.660942072821238e-05,4,0,0,0
CLM-000538,3,22,165,6.137594174090836e-05,1,0,4,0
CLM-000539,3,88,244,5.720599662652607e-05,7,0,10,0
CLM-000540,2,6,344,5.140605901535438e-05,1,0,0,0
CLM-000541,3,84,191,6.331517446985066e-05,3,0,8,0
CLM-000542,3,146,202,6.00943943486898e-05,1,0,4,0
CLM-000543,3,71,210,6.535114066420745e-05,2,0,8,0
CLM-000544,2,111,213,4.52794552917235e-05,7,0,0,0
CLM-000545,3,56,91,5.8545741090913554e-05,5,0,8,0
CLM-000546,3,107,161,6.022703129850655e-05,7,0,12,0
CLM-000547,2,67,251,5.294086843365638e-05,0,0,0,0
CLM-000548,2,128,197,4.274419519876024e-05,5,0,0,0
CLM-000549,2,28,254,4.968197029981778e-05,3,0,0,0
CLM-000550,2,81,211,4.5655933456866656e-05,3,0,0,0
CLM-000551,2,6,344,4.297177196207679e-05,6,0,0,0
CLM-000552,2,67,251,4.6751215251666765e-05,4,0,0,0
CLM-000553,3,86,230,7.213688863768946e-05,0,0,9,0
CLM-000554,2,128,197,5.755514682536089e-05,0,0,0,0
CLM-000555,2,75,184,4.820489054463687e-05,1,0,0,0
CLM-000556,2,80,306,5.0128927594740146e-05,3,0,0,0
CLM-000557,3,102,256,6.582794553151908e-05,1,0,1,0
CLM-000558,3,7,228,6.857579958225373e-05,1,0,6,0
CLM-000559,3,70,239,5.830434427669236e-05,3,0,9,0
CLM-000560,2,138,126,4.7915900416899804e-05,3,0,0,0
CLM-000561,3,21,196,6.123111327797086e-05,4,0,2,0
CLM-000562,2,4,171,3.937287551860513e-05,10,0,0,0
CLM-000563,3,82,262,7.170708663533924e-05,0,0,2,0
CLM-000564,2,122,299,4.464950775592307e-05,2,0,0,0
CLM-000565,3,96,149,5.762293859800943e-05,4,0,6,0
CLM-000566,3,82,262,6.175993505468265e-05,2,0,9,0
CLM-000567,2,97,185,4.189303240934331e-05,2,0,0,0
CLM-000568,3,70,239,5.835953213248773e-05,4,0,4,0
CLM-000569,3,8,77,6.729242086485592e-05,1,0,5,0
CLM-000570,2,90,201,5.425147481393869e-05,1,0,0,0
CLM-000571,3,78,272,5.760295356391946e-05,6,0,8,0
CLM-000572,2,6,344,4.118625931112498e-05,14,0,0,0
CLM-000573,2,4,171,4.686794750357337e-05,2,0,0,0
CLM-000574,2,133,244,4.5626326732476144e-05,6,0,0,0
CLM-000575,3,86,230,5.618770960668632e-05,5,0,8,0
CLM-000576,3,128,197,6.352461061130857e-05,2,0,2,0
CLM-000577,2,94,78,4.2431220801231114e-05,8,0,0,0
CLM-000578,3,28,254,6.027751450607222e-05,3,0,7,0
CLM-000579,3,33,252,5.687135706895505e-05,5,0,7,0
CLM-000580,2,40,252,4.562114790379453e-05,4,0,0,0
CLM-000581,3,28,254,7.220767118515853e-05,1,0,4,0
CLM-000582,3,150,122,5.751073105917382e-05,4,0,6,0
CLM-000583,3,52,65,6.835744802446492e-05,2,0,9,0
CLM-000584,3,6,344,6.147628739116929e-05,3,0,2,0
CLM-000585,3,111,213,6.0964160912415683e-05,9,0,2,0
CLM-000586,2,96,149,4.3561911101106065e-05,2,0,0,0
CLM-000587,3,80,306,5.803480117865052e-05,5,0,8,0
CLM-000588,3,68,161,5.7599792900699e-05,4,0,8,0
CLM-000589,3,57,193,5.965706242631006e-05,5,0,4,0
CLM-000590,2,42,157,4.06199329042617e-05,9,0,0,0
CLM-000591,2,88,244,3.976320312398417e-05,7,0,0,0
CLM-000592,2,124,145,4.789078445186614e-05,6,0,0,0
CLM-000593,3,28,254,5.4856681070943056e-05,5,0,9,0
CLM-000594,3,5,184,5.604973208627982e-05,6,0,6,0
CLM-000595,3,65,160,5.797328946042373e-05,3,0,5,0
CLM-000596,3,4,171,5.7620545442966835e-05,10,0,5,0
CLM-000597,3,113,112,5.6815388650692674e-05,5,0,8,0
CLM-000598,2,138,126,4.547528266627086e-05,3,0,0,0
CLM-000599,2,7,228,4.99597365066786e-05,4,0,0,0
CLM-000600,3,7,228,5.76836716816182e-05,10,0,9,0
CLM-000601,2,46,231,4.070538569097918e-05,5,0,0,0
CLM-000602,3,60,185,5.754810480201051e-05,7,0,6,0
CLM-000603,3,72,241,5.7171842603325694e-05,2,0,4,0
CLM-000604,3,33,252,5.949355067332167e-05,1,0,8,0
CLM-000605,2,4,171,4.6089902219257093e-05,3,0,0,0
CLM-000606,3,40,252,5.6451824491961126e-05,6,0,4,0
CLM-000607,3,67,251,6.413870773250163e-05,4,0,5,0
CLM-000608,2,1,187,5.7690918660228026e-05,2,0,0,0
CLM-000609,3,40,252,5.750478623313933e-05,5,0,11,0
CLM-000610,3,60,185,6.459253183265374e-05,1,0,8,0
CLM-000611,3,133,244,6.432406850149728e-05,1,0,6,0
CLM-000612,3,45,190,7.11971580243071e-05,0,0,9,0
CLM-000613,3,67,251,6.093442161330915e-05,2,0,7,0
CLM-000614,2,24,168,4.008482407494735e-05,11,0,0,0
CLM-000615,3,3,130,5.562743464803014e-05,4,0,6,0
CLM-000616,2,50,142,4.346011039026782e-05,4,0,0,0
CLM-000617,2,24,168,4.350847610428971e-05,2,0,0,0
CLM-000618,2,124,145,4.835600083226671e-05,1,0,0,0
CLM-000619,2,46,231,4.070538569097918e-05,5,0,0,0
CLM-000620,2,23,168,4.778153680855934e-05,1,0,0,0
CLM-000621,2,88,244,4.2120661379402427e-05,9,0,0,0
CLM-000622,2,64,151,4.67634964135574e-05,4,0,0,0
CLM-000623,2,21,196,4.032267353821966e-05,6,0,0,0
CLM-000624,2,120,173,5.675198398650738e-05,0,0,0,0
CLM-000625,2,12,118,4.4337979418512654e-05,5,0,0,0
CLM-000626,3,11,82,6.778162743479693e-05,0,0,6,0
CLM-000627,2,107,161,5.169913681691547e-05,6,0,0,0
CLM-000628,3,45,190,5.4147830871829104e-05,4,0,9,0
CLM-000629,2,20,224,5.534995868929841e-05,1,0,0,0
CLM-000630,2,6,344,4.807116396601795e-05,4,0,0,0
CLM-000631,2,64,151,4.694781586199573e-05,1,0,0,0
CLM-000632,2,65,160,4.242294664842849e-05,3,0,0,0
CLM-000633,3,23,168,6.110837956608498e-05,1,0,5,0
CLM-000634,2,139,96,4.163989883430906e-05,4,0,0,0
CLM-000635,3,107,161,5.697792298236333e-05,5,0,6,0
CLM-000636,3,54,156,5.814141651661022e-05,4,0,5,0
CLM-000637,3,16,208,5.749007895108568e-05,5,0,7,0
CLM-000638,2,79,85,4.8812216744407076e-05,2,0,0,0
CLM-000639,2,72,241,4.450722733830821e-05,6,0,0,0
CLM-000640,3,86,230,5.699227141860011e-05,6,0,5,0
CLM-000641,2,88,244,4.271387749235038e-05,4,0,0,0
CLM-000642,3,33,252,5.4442233907726967e-05,5,0,7,0
CLM-000643,3,138,126,6.688159928261167e-05,2,0,7,0
CLM-000644,3,86,230,6.481996480857649e-05,5,0,8,0
CLM-000645,3,72,241,6.178265112628642e-05,6,0,1,0
CLM-000646,3,17,185,5.601662089425359e-05,12,0,3,0
CLM-000647,3,87,114,5.660642561262286e-05,2,0,6,0
CLM-000648,3,46,231,5.665934532023098e-05,5,0,4,0
CLM-000649,3,31,151,5.693799036285432e-05,6,0,5,0
CLM-000650,3,40,252,5.744107128899961e-05,6,0,6,0
CLM-000651,3,31,151,5.932604024731244e-05,1,0,8,0
CLM-000652,3,75,184,5.7942338498064074e-05,10,0,16,0
CLM-000653,3,103,178,5.903789418714875e-05,4,0,6,0
CLM-000654,3,5,184,5.773173852957218e-05,8,0,9,0
CLM-000655,3,23,168,5.697684042730119e-05,10,0,9,0
CLM-000656,2,87,114,4.11030922992656e-05,8,0,0,0
CLM-000657,3,78,272,6.0199038727650824e-05,2,0,7,0
CLM-000658,3,82,262,5.520014698081811e-05,7,0,5,0
CLM-000659,2,123,185,4.848636986452517e-05,4,0,0,0
CLM-000660,3,14,186,5.828840148494716e-05,10,0,3,0
CLM-000661,2,148,222,4.2854595808877854e-05,1,0,0,0
CLM-000662,2,28,254,4.340345142319889e-05,8,0,0,0
CLM-000663,3,45,190,5.489092665888175e-05,3,0,3,0
CLM-000664,2,70,239,4.553286854306696e-05,4,0,0,0
CLM-000665,2,117,108,5.217633965803246e-05,2,0,0,0
CLM-000666,2,150,122,4.1355666050877815e-05,6,0,0,0
CLM-000667,2,136,199,4.3013546249292133e-05,3,0,0,0
CLM-000668,3,7,228,5.578286651293428e-05,9,0,7,0
CLM-000669,3,79,85,5.7535085148486776e-05,3,0,7,0
CLM-000670,2,21,196,3.81009983141327e-05,15,0,0,0
CLM-000671,3,86,230,5.8585692830133036e-05,4,0,3,0
CLM-000672,2,40,252,4.3101451667752454e-05,6,0,0,0
CLM-000673,2,19,261,4.205699318990873e-05,8,0,0,0
CLM-000674,3,57,193,5.7942249732988793e-05,4,0,5,0
CLM-000675,3,25,266,6.295876334886227e-05,2,0,5,0
CLM-000676,2,139,96,4.747226245241219e-05,4,0,0,0
CLM-000677,2,71,210,4.329578123372425e-05,4,0,0,0
CLM-000678,2,50,142,4.1739515003393014e-05,7,0,0,0
CLM-000679,3,81,211,6.13623811912618e-05,1,0,10,0
CLM-000680,2,112,172,4.2088653722340794e-05,5,0,0,0
CLM-000681,3,54,156,5.783916671760574e-05,4,0,5,0
CLM-000682,3,72,241,5.5699362494995104e-05,3,0,9,0
CLM-000683,3,42,157,5.974000372522787e-05,4,0,8,0
CLM-000684,2,40,252,4.5829911763677326e-05,5,0,0,0
CLM-000685,3,136,199,6.20827664945244e-05,4,0,4,0
CLM-000686,3,28,254,5.508045321472422e-05,3,0,12,0
CLM-000687,3,117,108,5.634046181987392e-05,3,0,5,0
CLM-000688,3,5,184,6.071411616137175e-05,1,0,4,0
CLM-000689,3,80,306,6.151619213657141e-05,5,0,5,0
CLM-000690,2,113,112,4.1907038457262755e-05,5,0,0,0
CLM-000691,3,88,244,6.029058697672822e-05,2,0,7,0
CLM-000692,3,111,213,7.086835979584863e-05,0,0,5,0
CLM-000693,3,88,244,5.9455270507842714e-05,3,0,6,0
CLM-000694,3,75,184,6.14392191539831e-05,4,0,9,0
CLM-000695,3,97,185,5.789880721522194e-05,4,0,13,0
CLM-000696,3,110,151,5.6326675130907243e-05,4,0,7,0
CLM-000697,3,19,261,5.939948400071654e-05,5,0,4,0
CLM-000698,3,24,168,6.018648441833539e-05,5,0,3,0
CLM-000699,3,20,224,5.340434561136734e-05,5,0,8,0
CLM-000700,3,96,149,7.061317298173015e-05,0,0,4,0
CLM-000701,3,6,344,5.494257933411255e-05,8,0,7,0
CLM-000702,3,97,185,6.184674835026792e-05,7,0,4,0
CLM-000703,2,117,108,4.5309942900082756e-05,5,0,0,0
CLM-000704,2,25,266,4.242459179596918e-05,4,0,0,0
CLM-000705,3,136,199,5.780718338990365e-05,4,0,5,0
CLM-000706,2,87,114,4.27414021842906e-05,4,0,0,0
CLM-000707,3,99,204,5.88091741437935e-05,3,0,6,0
CLM-000708,3,107,161,6.035592623887861e-05,7,0,4,0
CLM-000709,3,23,168,6.223311074160162e-05,2,0,6,0
CLM-000710,3,20,224,5.782098315021626e-05,3,0,5,0
CLM-000711,2,64,151,5.311823130574341e-05,5,0,0,0
CLM-000712,3,146,202,6.465402169615981e-05,3,0,4,0
CLM-000713,2,124,145,4.689411327234892e-05,1,0,0,0
CLM-000714,3,117,108,6.670318884577708e-05,2,0,4,0
CLM-000715,3,39,253,5.655421888578516e-05,4,0,6,0
CLM-000716,3,1,187,5.808044091344575e-05,5,0,8,0
CLM-000717,3,103,178,5.7467901157695846e-05,4,0,7,0
CLM-000718,3,71,210,6.216495186908119e-05,1,0,8,0
CLM-000719,3,82,262,5.813583968507338e-05,6,0,5,0
CLM-000720,3,148,222,5.6539688663155875e-05,3,0,9,0
CLM-000721,2,7,228,4.682006125673455e-05,2,0,0,0
CLM-000722,3,150,122,7.74836925314424e-05,0,0,3,0
CLM-000723,2,60,185,4.585585260120749e-05,5,0,0,0
CLM-000724,3,82,262,5.981332395509986e-05,2,0,10,0
CLM-000725,3,112,172,5.983315400224248e-05,2,0,6,0
CLM-000726,2,102,256,4.710893034012476e-05,3,0,0,0
CLM-000727,3,33,252,6.314656616919674e-05,4,0,6,0
CLM-000728,2,67,251,4.362191760944612e-05,3,0,0,0
CLM-000729,2,122,299,4.420025815402705e-05,3,0,0,0
CLM-000730,3,7,228,6.156070264987218e-05,2,0,5,0
CLM-000731,3,122,299,5.52020382621884e-05,11,0,9,0
CLM-000732,3,60,185,5.7170717598046045e-05,5,0,8,0
CLM-000733,3,3,130,5.968479689068067e-05,3,0,9,0
CLM-000734,3,54,156,6.600413726607031e-05,1,0,9,0
CLM-000735,3,31,151,5.8669745916035756e-05,6,0,9,0
CLM-000736,2,65,160,4.5596527794767474e-05,3,0,0,0
CLM-000737,3,67,251,5.6991926337363814e-05,3,0,8,0
CLM-000738,2,86,230,4.271921678865025e-05,4,0,0,0
CLM-000739,3,19,261,5.9307842357310044e-05,4,0,8,0
CLM-000740,3,111,213,6.0409557572298455e-05,2,0,5,0
CLM-000741,3,80,306,6.009359008509825e-05,2,0,5,0
CLM-000742,3,68,161,5.5911084843932065e-05,7,0,4,0
CLM-000743,3,80,306,5.700655157856958e-05,9,0,7,0
CLM-000744,2,21,196,4.5677315070655136e-05,3,0,0,0
CLM-000745,3,28,254,5.763625914415107e-05,4,0,6,0
CLM-000746,2,68,161,4.543027866224486e-05,3,0,0,0
CLM-000747,2,124,145,5.8638372276812415e-05,0,0,0,0
CLM-000748,2,123,185,4.0382838158985746e-05,4,0,0,0
CLM-000749,2,99,204,5.215084311787194e-05,0,0,0,0
CLM-000750,2,68,161,5.5588350905805746e-05,1,0,0,0
CLM-000751,2,135,141,4.160416477706824e-05,4,0,0,0
CLM-000752,2,24,168,4.955366778301705e-05,6,0,0,0
CLM-000753,2,67,251,4.3916483782271226e-05,4,0,0,0
CLM-000754,3,16,208,5.908340005963664e-05,3,0,8,0
CLM-000755,2,1,187,5.2165329996097864e-05,2,0,0,0
CLM-000756,3,42,157,6.0935954354513654e-05,4,0,7,0
CLM-000757,3,25,266,5.7040809193712046e-05,4,0,8,0
CLM-000758,3,80,306,5.448058737997044e-05,7,0,5,0
CLM-000759,2,40,252,4.603887178544023e-05,2,0,0,0
CLM-000760,3,28,254,6.042738269746885e-05,3,0,7,0
CLM-000761,2,148,222,4.5631204371336014e-05,1,0,0,0
CLM-000762,3,80,306,5.396522404565103e-05,7,0,8,0
CLM-000763,2,68,161,4.3311630011837945e-05,4,0,0,0
CLM-000764,3,99,204,5.413669465431544e-05,9,0,5,0
CLM-000765,2,50,142,5.93588048740835e-05,0,0,0,0
CLM-000766,2,122,299,4.053409462540765e-05,11,0,0,0
CLM-000767,2,19,261,4.134346818795114e-05,9,0,0,0
CLM-000768,2,56,91,4.465097720651597e-05,8,0,0,0
CLM-000769,2,71,210,5.404128567622711e-05,3,0,0,0
CLM-000770,3,64,151,5.830424277449189e-05,6,0,4,0
CLM-000771,2,110,151,3.99841945088395e-05,11,0,0,0
CLM-000772,3,40,252,5.8098083663124434e-05,5,0,5,0
CLM-000773,3,123,185,6.289854644546184e-05,1,0,8,0
CLM-000774,3,118,113,5.6017266139559605e-05,9,0,13,0
CLM-000775,2,135,141,4.584752983688663e-05,3,0,0,0
CLM-000776,3,75,184,6.208666537824449e-05,1,0,5,0
CLM-000777,3,111,213,5.907697985386471e-05,3,0,4,0
CLM-000778,2,60,185,4.2035035679722516e-05,3,0,0,0
CLM-000779,3,102,256,5.740699721280774e-05,11,0,3,0
CLM-000780,3,75,184,6.944278395198451e-05,0,0,3,0
CLM-000781,2,7,228,3.908805358531022e-05,10,0,0,0
CLM-000782,3,60,185,6.123291906256326e-05,5,0,8,0
CLM-000783,3,25,266,5.573839458117527e-05,3,0,13,0
CLM-000784,3,54,156,6.082990583460795e-05,2,0,6,0
CLM-000785,3,111,213,6.062098049985684e-05,2,0,5,0
CLM-000786,3,82,262,7.56600531209336e-05,0,0,5,0
CLM-000787,2,103,178,4.245859437652068e-05,4,0,0,0
CLM-000788,2,72,241,4.3520255102064015e-05,6,0,0,0
CLM-000789,2,40,252,4.5829533046708374e-05,2,0,0,0
CLM-000790,3,75,184,6.172337878797053e-05,1,0,12,0
CLM-000791,2,131,61,4.156752584915403e-05,5,0,0,0
CLM-000792,3,65,160,6.600991595285341e-05,2,0,4,0
CLM-000793,2,40,252,4.352767150520842e-05,4,0,0,0
CLM-000794,3,133,244,5.929541508528864e-05,2,0,4,0
CLM-000795,3,7,228,5.436958400527063e-05,10,0,9,0
CLM-000796,3,133,244,6.056514791455774e-05,10,0,2,0
CLM-000797,3,17,185,5.5887609247981426e-05,7,0,7,0
CLM-000798,3,21,196,5.936883781296202e-05,5,0,6,0
CLM-000799,3,128,197,6.0632740081216605e-05,6,0,3,0
CLM-000800,3,78,272,6.272163369485027e-05,2,0,3,0
CLM-000801,3,72,241,5.9085988217521256e-05,1,0,6,0
CLM-000802,3,80,306,6.111409521191902e-05,3,0,9,0
CLM-000803,3,107,161,6.077896599230599e-05,4,0,6,0
CLM-000804,2,19,261,4.7915733087104636e-05,1,0,0,0
CLM-000805,3,65,160,7.221604004125582e-05,0,0,4,0
CLM-000806,3,67,251,5.65494340354013e-05,4,0,5,0
CLM-000807,3,79,85,6.391745154601648e-05,3,0,4,0
CLM-000808,3,70,239,5.7541062005213095e-05,4,0,9,0
CLM-000809,3,60,185,6.12181344312928e-05,2,0,4,0
CLM-000810,2,4,171,4.0738255598895736e-05,5,0,0,0
CLM-000811,2,135,141,5.0847416005284524e-05,3,0,0,0
CLM-000812,3,107,161,7.198538369568666e-05,0,0,2,0
CLM-000813,3,24,168,5.712671600157387e-05,4,0,5,0
CLM-000814,2,70,239,5.3907838201060065e-05,0,0,0,0
CLM-000815,3,120,173,6.008505193047491e-05,4,0,3,0
CLM-000816,3,107,161,5.62197844900757e-05,6,0,4,0
CLM-000817,2,77,134,4.2956679037624896e-05,3,0,0,0
CLM-000818,3,50,142,5.66988713605517e-05,7,0,5,0
CLM-000819,3,12,118,6.315131647978154e-05,5,0,9,0
CLM-000820,3,33,252,5.978702666773654e-05,4,0,5,0
CLM-000821,3,123,185,6.324058975239888e-05,2,0,3,0
CLM-000822,3,20,224,6.294205120425581e-05,1,0,7,0
CLM-000823,2,23,168,4.364700604409339e-05,4,0,0,0
CLM-000824,2,43,117,4.2165525288776784e-05,5,0,0,0
CLM-000825,3,102,256,6.189547561259216e-05,1,0,11,0
CLM-000826,3,97,185,6.125958518595445e-05,1,0,6,0
CLM-000827,2,22,165,4.7745676878955485e-05,2,0,0,0
CLM-000828,2,43,117,4.285078084862033e-05,4,0,0,0
CLM-000829,2,12,118,4.4353463843516575e-05,4,0,0,0
CLM-000830,3,128,197,6.573264808897372e-05,0,0,9,0
CLM-000831,2,90,201,4.095475104010035e-05,12,0,0,0
CLM-000832,3,77,134,5.797431683104154e-05,7,0,5,0
CLM-000833,3,31,151,5.511169237098881e-05,7,0,11,0
CLM-000834,3,7,228,5.6419991208208776e-05,4,0,5,0
CLM-000835,3,22,165,6.004240675903625e-05,3,0,3,0
CLM-000836,3,22,165,6.49415394302138e-05,2,0,7,0
CLM-000837,2,24,168,4.422814398062989e-05,6,0,0,0
CLM-000838,2,146,202,4.6286262142755294e-05,2,0,0,0
CLM-000839,3,61,56,6.033103833542773e-05,2,0,6,0
CLM-000840,2,6,344,4.26071955816638e-05,5,0,0,0
CLM-000841,3,102,256,5.8772677317259786e-05,4,0,4,0
CLM-000842,2,86,230,6.990635245263861e-05,0,0,0,0
CLM-000843,3,6,344,7.808118526225753e-05,0,0,5,0
CLM-000844,3,126,110,6.987260128210552e-05,2,0,1,0
CLM-000845,3,138,126,5.948483863011947e-05,1,0,5,0
CLM-000846,3,142,134,5.8013588574954035e-05,3,0,4,0
CLM-000847,3,79,85,5.767698808476692e-05,12,0,6,0
CLM-000848,2,29,129,4.496605375630027e-05,2,0,0,0
CLM-000849,3,84,191,6.985041762242119e-05,0,0,3,0
CLM-000850,3,86,230,5.844338963248459e-05,4,0,9,0
CLM-000851,2,40,252,5.4923075160579436e-05,0,0,0,0
CLM-000852,2,120,173,5.01239189441572e-05,2,0,0,0
CLM-000853,3,84,191,6.038712226929475e-05,1,0,6,0
CLM-000854,3,57,193,6.355994191126454e-05,1,0,2,0
CLM-000855,3,148,222,6.065862329952396e-05,1,0,5,0
CLM-000856,3,67,251,5.960152684742205e-05,3,0,3,0
CLM-000857,3,16,208,5.800964094024627e-05,7,0,4,0
CLM-000858,3,110,151,7.070079572176132e-05,0,0,8,0
CLM-000859,2,150,122,4.031937187403391e-05,4,0,0,0
CLM-000860,2,6,344,5.07132839114373e-05,2,0,0,0
CLM-000861,3,42,157,5.9803630089348654e-05,2,0,6,0
CLM-000862,3,148,222,6.18142636154373e-05,2,0,5,0
CLM-000863,2,25,266,4.811839921329949e-05,2,0,0,0
CLM-000864,2,86,230,4.35090684127525e-05,2,0,0,0
CLM-000865,3,103,178,6.292945142709856e-05,1,0,9,0
CLM-000866,3,99,204,6.382811322841174e-05,2,0,2,0
CLM-000867,2,111,213,5.5344119747637733e-05,4,0,0,0
CLM-000868,3,78,272,6.684457469104119e-05,4,0,8,0
CLM-000869,2,119,83,4.966764213700919e-05,3,0,0,0
CLM-000870,3,31,151,7.271791037013903e-05,0,0,5,0
CLM-000871,2,21,196,4.4649236407947443e-05,5,0,0,0
CLM-000872,3,2,86,6.115764964300567e-05,1,0,3,0
CLM-000873,3,17,185,5.8195148773131084e-05,3,0,7,0
CLM-000874,2,25,266,4.1876378345956436e-05,5,0,0,0
CLM-000875,3,60,185,7.984704712988815e-05,0,0,5,0
CLM-000876,3,123,185,6.120936618128742e-05,2,0,6,0
CLM-000877,2,61,56,5.059302530483126e-05,5,0,0,0
CLM-000878,3,5,184,5.454912669895303e-05,6,0,6,0
CLM-000879,2,138,126,4.351549507731011e-05,5,0,0,0
CLM-000880,3,118,113,5.778625571402652e-05,1,0,7,0
CLM-000881,3,19,261,6.0016317938990696e-05,1,0,11,0
CLM-000882,3,46,231,5.786304360935871e-05,6,0,7,0
CLM-000883,2,23,168,4.154902720525224e-05,10,0,0,0
CLM-000884,3,6,344,5.9115594333014964e-05,3,0,5,0
CLM-000885,2,60,185,4.805845013694444e-05,1,0,0,0
CLM-000886,3,40,252,6.784224896906026e-05,1,0,6,0
CLM-000887,3,2,86,6.301519866345052e-05,2,0,6,0
CLM-000888,3,110,151,5.9333469872547564e-05,3,0,3,0
CLM-000889,3,113,112,5.9026933068390103e-05,1,0,9,0
CLM-000890,2,110,151,4.168613600287478e-05,5,0,0,0
CLM-000891,2,33,252,4.691183281124568e-05,1,0,0,0
CLM-000892,2,46,231,4.2907076018395396e-05,6,0,0,0
CLM-000893,3,120,173,5.7050064359829306e-05,7,0,8,0
CLM-000894,3,136,199,6.002172854467932e-05,1,0,11,0
CLM-000895,3,14,186,6.063360742786651e-05,3,0,6,0
CLM-000896,3,136,199,6.989156901052271e-05,1,0,4,0
CLM-000897,3,43,117,5.716711124551609e-05,6,0,13,0
CLM-000898,3,37,170,6.121889852290057e-05,2,0,9,0
CLM-000899,2,68,161,4.8593983660664946e-05,3,0,0,0
CLM-000900,3,90,201,5.662142020287634e-05,5,0,2,0
CLM-000901,2,67,251,4.953002218115017e-05,4,0,0,0
CLM-000902,3,28,254,6.329731306173371e-05,3,0,5,0
CLM-000903,3,39,253,5.961185259215198e-05,1,0,9,0
CLM-000904,3,71,210,6.510312122442571e-05,4,0,5,0
CLM-000905,3,110,151,5.604237182569969e-05,5,0,7,0
CLM-000906,3,136,199,6.26973002920806e-05,2,0,3,0
CLM-000907,3,90,201,5.802414662124151e-05,1,0,6,0
CLM-000908,3,146,202,6.475759144895104e-05,0,0,4,0
CLM-000909,3,133,244,6.111169731177942e-05,3,0,8,0
CLM-000910,3,107,161,5.839911140336298e-05,7,0,10,0
CLM-000911,2,78,272,4.399366403043853e-05,3,0,0,0
CLM-000912,3,126,110,6.101757766565404e-05,3,0,6,0
CLM-000913,2,56,91,4.830038819997283e-05,4,0,0,0
CLM-000914,3,111,213,6.175992790707098e-05,2,0,6,0
CLM-000915,2,107,161,4.4175285348015476e-05,4,0,0,0
CLM-000916,3,148,222,5.833485110723605e-05,2,0,3,0
CLM-000917,2,50,142,5.299228124952195e-05,1,0,0,0
CLM-000918,3,82,262,6.672991139293911e-05,2,0,8,0
CLM-000919,3,133,244,5.914035961628822e-05,2,0,7,0
CLM-000920,3,67,251,5.892428199171513e-05,1,0,6,0
CLM-000921,3,99,204,5.776257336890441e-05,7,0,6,0
CLM-000922,2,33,252,4.3051045799393695e-05,4,0,0,0
CLM-000923,3,138,126,6.32689797288744e-05,1,0,6,0
CLM-000924,3,17,185,5.9757391847163506e-05,7,0,4,0
CLM-000925,2,45,190,4.543169781062947e-05,5,0,0,0
CLM-000926,3,5,184,5.335122061883636e-05,10,0,5,0
CLM-000927,3,6,344,6.14643177612363e-05,5,0,5,0
CLM-000928,2,96,149,4.593046658647839e-05,2,0,0,0
CLM-000929,2,138,126,4.126352547348147e-05,3,0,0,0
CLM-000930,3,7,228,5.317674773956321e-05,4,0,7,0
CLM-000931,3,16,208,5.8117849636852484e-05,2,0,6,0
CLM-000932,2,123,185,4.27614561006515e-05,7,0,0,0
CLM-000933,2,133,244,6.24539934829393e-05,0,0,0,0
CLM-000934,2,135,141,4.371592741376465e-05,3,0,0,0
CLM-000935,2,81,211,4.681613830047222e-05,4,0,0,0
CLM-000936,3,61,56,5.960433056726135e-05,2,0,8,0
CLM-000937,3,77,134,5.8100130698472033e-05,3,0,9,0
CLM-000938,3,33,252,5.505825166317723e-05,5,0,8,0
CLM-000939,3,120,173,6.260961394075832e-05,1,0,8,0
CLM-000940,3,25,266,5.907818664259018e-05,5,0,5,0
CLM-000941,2,103,178,6.803729347307509e-05,0,0,0,0
CLM-000942,2,71,210,6.96919306825053e-05,0,0,0,0
CLM-000943,3,123,185,6.238375626329847e-05,3,0,9,0
CLM-000944,3,31,151,5.87422994376593e-05,8,0,5,0
CLM-000945,2,103,178,5.173741120312403e-05,1,0,0,0
CLM-000946,3,135,141,6.210786828874827e-05,3,0,3,0
CLM-000947,2,148,222,4.3637978448508206e-05,3,0,0,0
CLM-000948,3,80,306,6.027644719032038e-05,2,0,3,0
CLM-000949,2,90,201,4.8422319408582074e-05,2,0,0,0
CLM-000950,3,8,77,5.631354004314665e-05,5,0,5,0
CLM-000951,2,97,185,4.457413904500909e-05,3,0,0,0
CLM-000952,2,20,224,4.388071890886087e-05,1,0,0,0
CLM-000953,3,84,191,5.8599624809108524e-05,4,0,12,0
CLM-000954,2,146,202,5.1881647472576185e-05,3,0,0,0
CLM-000955,3,148,222,7.345568464509959e-05,0,0,8,0
CLM-000956,2,1,187,4.2602893669163664e-05,4,0,0,0
CLM-000957,2,40,252,5.018005930589497e-05,1,0,0,0
CLM-000958,3,84,191,5.768085187371157e-05,3,0,7,0
CLM-000959,2,8,77,4.929411885602376e-05,3,0,0,0
CLM-000960,3,77,134,5.813879766215986e-05,2,0,7,0
CLM-000961,2,19,261,4.271111133078239e-05,4,0,0,0
CLM-000962,3,136,199,5.846507389615169e-05,4,0,7,0
CLM-000963,2,99,204,3.918201007743058e-05,8,0,0,0
CLM-000964,2,133,244,4.561657430969278e-05,4,0,0,0
CLM-000965,3,14,186,5.610469089023241e-05,10,0,6,0
CLM-000966,3,14,186,5.562298028655972e-05,5,0,6,0
CLM-000967,2,128,197,4.0279462475967934e-05,9,0,0,0
CLM-000968,2,1,187,4.5143622286141004e-05,4,0,0,0
CLM-000969,2,111,213,6.162540434145555e-05,0,0,0,0
CLM-000970,2,19,261,4.360921402744541e-05,5,0,0,0
CLM-000971,2,80,306,4.5189459111360214e-05,1,0,0,0
CLM-000972,2,8,77,4.325419768120028e-05,3,0,0,0
CLM-000973,2,90,201,4.322637657005678e-05,5,0,0,0
CLM-000974,3,24,168,6.137163255689195e-05,2,0,6,0
CLM-000975,3,122,299,6.1079579623604e-05,11,0,4,0
CLM-000976,2,87,114,4.27414021842906e-05,4,0,0,0
CLM-000977,3,45,190,5.94364016889857e-05,5,0,4,0
CLM-000978,3,136,199,5.736120138208263e-05,3,0,4,0
CLM-000979,2,45,190,4.986544210859074e-05,4,0,0,0
CLM-000980,3,61,56,6.26452486527667e-05,5,0,2,0
CLM-000981,2,64,151,4.357814977163927e-05,4,0,0,0
CLM-000982,3,146,202,5.755438110873401e-05,11,0,4,0
CLM-000983,2,17,185,4.2296292378351e-05,7,0,0,0
CLM-000984,3,37,170,5.87481585757554e-05,6,0,3,0
CLM-000985,2,39,253,4.3752017796057275e-05,3,0,0,0
CLM-000986,2,4,171,4.6449430410479835e-05,4,0,0,0
CLM-000987,3,75,184,6.041298233543288e-05,3,0,6,0
CLM-000988,2,45,190,4.212690369656681e-05,2,0,0,0
CLM-000989,3,131,61,6.081864430943542e-05,2,0,8,0
CLM-000990,2,14,186,4.275840293221915e-05,10,0,0,0
CLM-000991,3,43,117,5.7435158625865266e-05,5,0,4,0
CLM-000992,3,123,185,7.257728249714135e-05,0,0,7,0
CLM-000993,3,120,173,5.9593834429093865e-05,5,0,6,0
CLM-000994,2,107,161,4.4191735878304335e-05,2,0,0,0
CLM-000995,2,110,151,4.2318772331355876e-05,5,0,0,0
CLM-000996,2,29,129,4.435770284599412e-05,6,0,0,0
CLM-000997,3,102,256,6.587779958738265e-05,0,0,7,0
CLM-000998,3,88,244,6.45490746564746e-05,0,0,4,0
CLM-000999,2,64,151,4.67634964135574e-05,4,0,0,0
CLM-001000,2,88,244,4.2264013330872505e-05,4,0,0,0
CLM-001001,2,97,185,5.369722382930789e-05,2,0,0,0
CLM-001002,3,124,145,6.020486588154928e-05,8,0,4,0
CLM-001003,2,103,178,4.670747833941739e-05,4,0,0,0
CLM-001004,3,142,134,6.063699869858182e-05,4,0,6,0
CLM-001005,2,24,168,4.579638919059596e-05,2,0,0,0
CLM-001006,2,148,222,4.386810429786778e-05,3,0,0,0
CLM-001007,3,99,204,5.519833790585916e-05,8,0,8,0
CLM-001008,3,40,252,5.6139837147986965e-05,3,0,7,0
CLM-001009,3,148,222,5.693468321805907e-05,12,0,5,0
CLM-001010,3,21,196,5.8901365353753596e-05,7,0,6,0
CLM-001011,3,4,171,5.8906691657128315e-05,4,0,2,0
CLM-001012,2,3,130,4.6607673259912674e-05,4,0,0,0
CLM-001013,2,112,172,4.250685501047577e-05,12,0,0,0
CLM-001014,3,20,224,6.981528529031772e-05,1,0,4,0
CLM-001015,3,110,151,5.760030275131628e-05,5,0,9,0
CLM-001016,3,22,165,5.942834235650509e-05,3,0,7,0
CLM-001017,3,60,185,5.858434513381579e-05,3,0,6,0
CLM-001018,3,124,145,6.533708257077152e-05,3,0,6,0
CLM-001019,2,122,299,4.6411723176310875e-05,3,0,0,0
CLM-001020,2,43,117,4.123473008867591e-05,4,0,0,0
CLM-001021,2,133,244,4.426822090043387e-05,10,0,0,0
CLM-001022,3,120,173,6.253167621807045e-05,1,0,5,0
CLM-001023,3,40,252,6.642162522084089e-05,1,0,5,0
CLM-001024,3,112,172,6.391198204933318e-05,1,0,7,0
CLM-001025,2,71,210,5.61317721871444e-05,1,0,0,0
CLM-001026,3,72,241,5.960143269822181e-05,4,0,10,0
CLM-001027,3,112,172,5.830152347185876e-05,3,0,8,0
CLM-001028,3,65,160,6.759391535553327e-05,0,0,6,0
CLM-001029,3,57,193,6.369074626320822e-05,2,0,2,0
CLM-001030,3,57,193,5.651691120207006e-05,4,0,6,0
CLM-001031,3,146,202,5.7839370036614116e-05,5,0,6,0
CLM-001032,2,94,78,4.9531523553482513e-05,1,0,0,0
CLM-001033,3,113,112,5.584713168178677e-05,5,0,5,0
CLM-001034,3,136,199,5.8251029533078696e-05,4,0,4,0
CLM-001035,3,5,184,5.732786877469829e-05,3,0,5,0
CLM-001036,3,17,185,6.544705463826955e-05,2,0,3,0
CLM-001037,2,75,184,4.606058100590055e-05,3,0,0,0
CLM-001038,2,28,254,4.062131965167041e-05,4,0,0,0
CLM-001039,3,43,117,6.07404408382417e-05,2,0,6,0
CLM-001040,2,119,83,6.613592012167653e-05,0,0,0,0
CLM-001041,3,3,130,5.88376422351088e-05,5,0,4,0
CLM-001042,3,107,161,6.642151111799956e-05,0,0,7,0
CLM-001043,3,128,197,5.3470565314186706e-05,10,0,6,0
CLM-001044,3,94,78,5.9114473342015727e-05,4,0,7,0
CLM-001045,2,50,142,4.773799209355471e-05,5,0,0,0
CLM-001046,3,138,126,5.568263174574816e-05,9,0,5,0
CLM-001047,2,4,171,4.273023338324007e-05,10,0,0,0
CLM-001048,3,50,142,6.515095683589671e-05,7,0,6,0
CLM-001049,2,25,266,4.190522348291139e-05,8,0,0,0
CLM-001050,2,90,201,4.095475104010035e-05,12,0,0,0
CLM-001051,2,20,224,5.341604539871316e-05,0,0,0,0
CLM-001052,2,1,187,4.2745382920715615e-05,8,0,0,0
CLM-001053,2,72,241,4.414676045078168e-05,3,0,0,0
CLM-001054,3,110,151,5.825107472603406e-05,6,0,7,0
CLM-001055,3,82,262,6.097796695441655e-05,4,0,3,0
CLM-001056,2,33,252,4.726904157073392e-05,2,0,0,0
CLM-001057,2,113,112,4.978233705579603e-05,1,0,0,0
CLM-001058,3,21,196,6.022123814136633e-05,2,0,5,0
CLM-001059,3,99,204,6.0684934737237364e-05,2,0,6,0
CLM-001060,3,28,254,5.5844160768533126e-05,4,0,7,0
CLM-001061,2,57,193,4.291040078998675e-05,6,0,0,0
CLM-001062,3,25,266,5.667856184454641e-05,6,0,6,0
CLM-001063,3,16,208,5.8976749948737645e-05,4,0,4,0
CLM-001064,2,96,149,4.893886489753141e-05,1,0,0,0
CLM-001065,2,25,266,4.89538978743798e-05,8,0,0,0
CLM-001066,2,107,161,5.134455301605543e-05,2,0,0,0
CLM-001067,3,46,231,5.802288345351102e-05,2,0,8,0
CLM-001068,2,52,65,4.162166673432861e-05,4,0,0,0
CLM-001069,2,68,161,4.906022687338694e-05,5,0,0,0
CLM-001070,3,40,252,5.785076316108048e-05,5,0,10,0
CLM-001071,2,20,224,4.146980494772294e-05,5,0,0,0
CLM-001072,3,80,306,5.842596005396513e-05,5,0,9,0
CLM-001073,3,136,199,5.5974973981154344e-05,5,0,5,0
CLM-001074,2,64,151,4.0531014443500875e-05,5,0,0,0
CLM-001075,2,54,156,4.455945153145843e-05,3,0,0,0
CLM-001076,3,33,252,6.706994905989147e-05,1,0,7,0
CLM-001077,2,135,141,4.334698584376516e-05,4,0,0,0
CLM-001078,2,147,6,6.231403261615587e-05,1,0,0,0
CLM-001079,3,60,185,7.107247761905966e-05,1,0,6,0
CLM-001080,3,72,241,6.366373790560319e-05,1,0,2,0
CLM-001081,3,86,230,6.950578816052947e-05,2,0,5,0
CLM-001082,3,57,193,6.391225056348362e-05,3,0,12,0
CLM-001083,3,21,196,5.738980560888091e-05,3,0,6,0
CLM-001084,2,57,193,4.9501765833822905e-05,2,0,0,0
CLM-001085,2,28,254,4.349060177885095e-05,1,0,0,0
CLM-001086,3,81,211,6.249327781062761e-05,4,0,11,0
CLM-001087,3,7,228,6.296015768154066e-05,1,0,9,0
CLM-001088,3,1,187,5.7688241628945795e-05,8,0,7,0
CLM-001089,3,135,141,6.0444081415834055e-05,3,0,6,0
CLM-001090,3,111,213,6.416838748290552e-05,1,0,6,0
CLM-001091,3,25,266,5.5417302860162325e-05,15,0,7,0
CLM-001092,2,146,202,4.098203334293266e-05,5,0,0,0
CLM-001093,2,22,165,4.2530944319573764e-05,6,0,0,0
CLM-001094,3,52,65,6.146204565200932e-05,2,0,5,0
CLM-001095,2,1,187,4.117248046271271e-05,3,0,0,0
CLM-001096,3,60,185,5.62678774475459e-05,5,0,11,0
CLM-001097,2,102,256,4.460031528113846e-05,9,0,0,0
CLM-001098,3,5,184,6.138634230558149e-05,2,0,5,0
CLM-001099,3,123,185,6.272148658122095e-05,2,0,8,0
CLM-001100,2,42,157,4.3616580090156564e-05,9,0,0,0
CLM-001101,3,45,190,5.5589098267734586e-05,5,0,7,0
CLM-001102,3,33,252,6.794798410543102e-05,0,0,4,0
CLM-001103,2,60,185,4.06154653366256e-05,5,0,0,0
CLM-001104,3,2,86,6.272531183675219e-05,1,0,4,0
CLM-001105,2,4,171,3.937287551860513e-05,10,0,0,0
CLM-001106,3,78,272,5.706463002767085e-05,9,0,12,0
CLM-001107,3,64,151,5.851847085498552e-05,2,0,5,0
CLM-001108,2,60,185,4.2035035679722516e-05,3,0,0,0
CLM-001109,2,22,165,4.529549175748252e-05,2,0,0,0
CLM-001110,2,90,201,4.095475104010035e-05,12,0,0,0
CLM-001111,3,23,168,5.560755664623743e-05,6,0,7,0
CLM-001112,3,17,185,6.497210036198443e-05,3,0,9,0
CLM-001113,3,33,252,6.161495099430905e-05,1,0,8,0
CLM-001114,2,19,261,4.134346818795114e-05,9,0,0,0
CLM-001115,2,12,118,5.503368850694431e-05,1,0,0,0
CLM-001116,2,29,129,3.974954538895279e-05,8,0,0,0
CLM-001117,3,21,196,5.977873113487794e-05,2,0,4,0
CLM-001118,2,113,112,4.307553332459288e-05,5,0,0,0
CLM-001119,3,88,244,5.550175280276366e-05,5,0,7,0
CLM-001120,3,20,224,6.03924679835217e-05,3,0,6,0
CLM-001121,2,33,252,4.3464755542768116e-05,5,0,0,0
CLM-001122,2,118,113,6.19955553069083e-05,0,0,0,0
CLM-001123,3,11,82,5.65413227143593e-05,3,0,6,0
CLM-001124,2,37,170,4.96128442793762e-05,2,0,0,0
CLM-001125,2,21,196,4.6068730167866165e-05,2,0,0,0
CLM-001126,3,84,191,6.440325680115503e-05,1,0,6,0
CLM-001127,3,82,262,5.8939966676617144e-05,5,0,6,0
CLM-001128,2,24,168,4.392234574938382e-05,2,0,0,0
CLM-001129,3,37,170,6.705588716176557e-05,0,0,10,0
CLM-001130,3,23,168,7.031410092970705e-05,2,0,2,0
CLM-001131,3,70,239,5.524830804187462e-05,4,0,8,0
CLM-001132,2,24,168,4.5870424371566445e-05,2,0,0,0
CLM-001133,3,25,266,5.90649564885441e-05,6,0,4,0
CLM-001134,3,133,244,6.0950896842292695e-05,2,0,6,0
CLM-001135,2,7,228,4.13087258573736e-05,6,0,0,0
CLM-001136,3,6,344,5.6446921808104425e-05,8,0,6,0
CLM-001137,3,148,222,6.0296574122497515e-05,2,0,9,0
CLM-001138,2,17,185,4.710498114649769e-05,2,0,0,0
CLM-001139,2,80,306,4.069431891439983e-05,7,0,0,0
CLM-001140,3,122,299,7.29060295400238e-05,0,0,4,0
CLM-001141,2,40,252,4.1796324960853376e-05,5,0,0,0
CLM-001142,2,138,126,5.575383565092818e-05,1,0,0,0
CLM-001143,2,142,134,4.136291853161502e-05,7,0,0,0
CLM-001144,3,40,252,7.250501936416234e-05,0,0,5,0
CLM-001145,3,20,224,5.832979678559857e-05,4,0,9,0
CLM-001146,3,78,272,5.9169191043779424e-05,2,0,5,0
CLM-001147,2,37,170,4.165054180670298e-05,10,0,0,0
CLM-001148,2,16,208,4.521890213370032e-05,3,0,0,0
CLM-001149,3,70,239,7.376500771407326e-05,2,0,2,0
CLM-001150,3,72,241,5.742450139933728e-05,6,0,6,0
CLM-001151,3,6,344,6.663022803556643e-05,0,0,7,0
CLM-001152,2,87,114,4.098876434737857e-05,9,0,0,0
CLM-001153,3,4,171,5.551594081792062e-05,5,0,6,0
CLM-001154,3,25,266,5.6809722727879114e-05,8,0,13,0
CLM-001155,2,1,187,4.124830119927781e-05,8,0,0,0
CLM-001156,3,12,118,5.9528078099430463e-05,2,0,4,0
CLM-001157,3,16,208,6.193547301093314e-05,3,0,9,0
CLM-001158,3,84,191,5.897863560829634e-05,4,0,6,0
CLM-001159,2,2,86,5.230268455428807e-05,1,0,0,0
CLM-001160,2,40,252,6.089252526069551e-05,1,0,0,0
CLM-001161,3,70,239,6.425781598110805e-05,1,0,7,0
CLM-001162,2,75,184,4.642929699580941e-05,6,0,0,0
CLM-001163,2,119,83,4.438422479444757e-05,3,0,0,0
CLM-001164,3,14,186,5.955092074847325e-05,4,0,5,0
CLM-001165,3,75,184,6.300664214000487e-05,1,0,3,0
CLM-001166,3,103,178,5.6255256884467124e-05,8,0,6,0
CLM-001167,3,6,344,5.785658838291656e-05,3,0,9,0
CLM-001168,3,122,299,6.542131100914634e-05,0,0,9,0
CLM-001169,2,128,197,4.661280955344443e-05,5,0,0,0
CLM-001170,3,150,122,5.916199113263161e-05,3,0,4,0
CLM-001171,3,72,241,5.759790143078842e-05,2,0,5,0
CLM-001172,3,110,151,6.666694860496123e-05,0,0,8,0
CLM-001173,2,39,253,4.6167960639620646e-05,2,0,0,0
CLM-001174,3,1,187,6.163748959627598e-05,4,0,5,0
CLM-001175,3,60,185,5.536947065027258e-05,9,0,7,0
CLM-001176,2,94,78,5.1836859110433573e-05,1,0,0,0
CLM-001177,3,120,173,5.876393788857148e-05,2,0,10,0
CLM-001178,3,56,91,5.809721107468132e-05,3,0,12,0
CLM-001179,2,60,185,4.06154653366256e-05,5,0,0,0
CLM-001180,3,1,187,5.919739993587997e-05,3,0,5,0
CLM-001181,3,107,161,5.522324019942515e-05,15,0,6,0
CLM-001182,3,17,185,6.0226287346143233e-05,2,0,4,0
CLM-001183,2,139,96,4.163989883430906e-05,4,0,0,0
CLM-001184,3,70,239,5.7622806324262227e-05,6,0,6,0
CLM-001185,2,86,230,4.321206654963147e-05,7,0,0,0
CLM-001186,2,90,201,4.352583908829597e-05,7,0,0,0
CLM-001187,3,45,190,5.9970793851091285e-05,2,0,9,0
CLM-001188,3,7,228,5.3691246250076867e-05,4,0,5,0
CLM-001189,2,57,193,4.8482178256315315e-05,2,0,0,0
CLM-001190,3,82,262,5.7985956613404086e-05,2,0,13,0
CLM-001191,3,4,171,5.925723657736929e-05,4,0,6,0
CLM-001192,3,78,272,5.733834472658309e-05,7,0,5,0
CLM-001193,3,1,187,5.5240382624495516e-05,5,0,6,0
CLM-001194,2,124,145,4.207529277819316e-05,6,0,0,0
CLM-001195,3,136,199,6.381386096197328e-05,2,0,6,0
CLM-001196,3,20,224,6.150722459156071e-05,2,0,7,0
CLM-001197,3,37,170,5.912215022637035e-05,6,0,4,0
CLM-001198,3,54,156,5.700756641506613e-05,5,0,3,0
CLM-001199,3,42,157,6.986609176636385e-05,0,0,4,0
CLM-001200,3,80,306,6.829493567843098e-05,2,0,0,0
CLM-001201,3,3,130,5.8450653000923365e-05,5,0,10,0
CLM-001202,3,118,113,6.185978655030825e-05,1,0,5,0
CLM-001203,3,96,149,6.593033136680955e-05,1,0,4,0
CLM-001204,3,8,77,6.213314657751404e-05,1,0,5,0
CLM-001205,2,78,272,4.4228805986999896e-05,2,0,0,0
CLM-001206,2,75,184,4.443311967544321e-05,2,0,0,0
CLM-001207,3,7,228,5.692555602809861e-05,3,0,7,0
CLM-001208,3,6,344,5.33753321657113e-05,15,0,8,0
CLM-001209,2,110,151,4.2727843616539757e-05,6,0,0,0
CLM-001210,3,6,344,7.771063195801347e-05,0,0,2,0
CLM-001211,3,25,266,5.606425022785404e-05,4,0,7,0
CLM-001212,3,22,165,6.119965453311023e-05,2,0,7,0
CLM-001213,2,60,185,6.22505607918788e-05,0,0,0,0
CLM-001214,3,90,201,6.327451717375124e-05,2,0,9,0
CLM-001215,2,7,228,4.3478771984701106e-05,5,0,0,0
CLM-001216,2,78,272,4.875251534135949e-05,1,0,0,0
CLM-001217,3,102,256,5.922946082489187e-05,3,0,9,0
CLM-001218,3,14,186,5.77784465304628e-05,6,0,8,0
CLM-001219,3,112,172,5.7215244326503724e-05,9,0,4,0
CLM-001220,3,50,142,5.506471301697007e-05,4,0,8,0
CLM-001221,3,67,251,5.928109009410805e-05,4,0,6,0
CLM-001222,3,64,151,6.813390684862116e-05,0,0,6,0
CLM-001223,3,21,196,5.99371009086868e-05,1,0,4,0
CLM-001224,3,23,168,6.11607328677936e-05,3,0,6,0
CLM-001225,3,97,185,6.194186267135797e-05,2,0,5,0
CLM-001226,2,96,149,4.4714818588858996e-05,3,0,0,0
CLM-001227,2,21,196,4.913326481726047e-05,1,0,0,0
CLM-001228,2,16,208,4.521890213370032e-05,3,0,0,0
CLM-001229,2,80,306,4.2096661096414426e-05,3,0,0,0
CLM-001230,3,99,204,6.060452381718649e-05,4,0,3,0
CLM-001231,2,138,126,4.7915900416899804e-05,3,0,0,0
CLM-001232,3,136,199,7.051636523052528e-05,0,0,6,0
CLM-001233,2,71,210,4.854989114691948e-05,4,0,0,0
CLM-001234,3,1,187,5.696270892536523e-05,6,0,4,0
CLM-001235,2,39,253,6.244794014111503e-05,0,0,0,0
CLM-001236,3,37,170,5.6735203352756236e-05,9,0,10,0
CLM-001237,3,33,252,6.137128914089301e-05,1,0,8,0
CLM-001238,3,119,83,6.608643129050174e-05,3,0,6,0
CLM-001239,2,61,56,4.1790386222922525e-05,5,0,0,0
CLM-001240,2,84,191,4.6903413749536485e-05,3,0,0,0
CLM-001241,2,39,253,4.0621828271923164e-05,4,0,0,0
CLM-001242,3,25,266,6.384092110902084e-05,2,0,5,0
CLM-001243,2,110,151,4.395974906305205e-05,4,0,0,0
CLM-001244,3,45,190,5.8344601421099e-05,2,0,11,0
CLM-001245,3,72,241,5.64501809284548e-05,3,0,5,0
CLM-001246,2,45,190,4.746491013783186e-05,1,0,0,0
CLM-001247,3,1,187,5.6355947753455806e-05,8,0,6,0
CLM-001248,3,72,241,5.75575387176288e-05,6,0,8,0
CLM-001249,3,148,222,6.0867679478506634e-05,4,0,3,0
CLM-001250,3,138,126,6.176359220366024e-05,1,0,5,0
CLM-001251,3,128,197,6.180150549517035e-05,1,0,5,0
CLM-001252,2,4,171,4.0593072439703354e-05,5,0,0,0
CLM-001253,2,4,171,4.0738255598895736e-05,5,0,0,0
CLM-001254,3,60,185,6.456202589914892e-05,0,0,8,0
CLM-001255,3,84,191,6.072646861236848e-05,2,0,3,0
CLM-001256,3,14,186,6.336249024560273e-05,2,0,6,0
CLM-001257,2,136,199,4.322945046016925e-05,4,0,0,0
CLM-001258,2,7,228,5.283913985800111e-05,1,0,0,0
CLM-001259,3,60,185,5.723767799095804e-05,9,0,8,0
CLM-001260,2,46,231,4.1086894294837835e-05,5,0,0,0
CLM-001261,2,4,171,5.527166711419534e-05,3,0,0,0
CLM-001262,3,60,185,6.254757509745846e-05,2,0,3,0
CLM-001263,3,90,201,5.791524212353978e-05,1,0,7,0
CLM-001264,3,77,134,5.741046635442981e-05,8,0,5,0
CLM-001265,3,150,122,6.079852635282851e-05,2,0,6,0
CLM-001266,2,14,186,4.457767885733158e-05,3,0,0,0
CLM-001267,2,118,113,4.68243534629897e-05,1,0,0,0
CLM-001268,2,102,256,4.587236212001178e-05,4,0,0,0
CLM-001269,2,60,185,4.167271133648742e-05,7,0,0,0
CLM-001270,3,33,252,5.862451748166069e-05,2,0,8,0
CLM-001271,2,80,306,4.044238276898266e-05,6,0,0,0
CLM-001272,3,17,185,5.877976067255683e-05,2,0,5,0
CLM-001273,2,6,344,4.2430426129071806e-05,3,0,0,0
CLM-001274,3,99,204,5.682914981771969e-05,4,0,5,0
CLM-001275,3,57,193,6.029104855639228e-05,1,0,13,0
CLM-001276,2,7,228,4.273206329909487e-05,4,0,0,0
CLM-001277,2,72,241,4.546699405153779e-05,4,0,0,0
CLM-001278,2,14,186,4.563873552644368e-05,1,0,0,0
CLM-001279,3,112,172,5.8535442556509446e-05,5,0,4,0
CLM-001280,2,138,126,5.722763965129122e-05,3,0,0,0
CLM-001281,3,57,193,7.13689586487988e-05,0,0,4,0
CLM-001282,3,142,134,6.302288270905148e-05,3,0,6,0
CLM-001283,2,81,211,6.953337091930508e-05,0,0,0,0
CLM-001284,3,118,113,5.699335531817072e-05,4,0,4,0
CLM-001285,3,5,184,6.521742677982845e-05,1,0,6,0
CLM-001286,3,79,85,6.265000421291206e-05,2,0,1,0
CLM-001287,3,103,178,5.4295737943094504e-05,10,0,4,0
CLM-001288,3,21,196,6.231483888345402e-05,7,0,1,0
CLM-001289,2,112,172,4.276878030684658e-05,4,0,0,0
CLM-001290,2,94,78,5.2566559102838e-05,1,0,0,0
CLM-001291,3,57,193,5.841063647278163e-05,2,0,11,0
CLM-001292,3,135,141,6.53866822506365e-05,1,0,7,0
CLM-001293,2,146,202,4.3130803783383536e-05,2,0,0,0
CLM-001294,2,31,151,4.359403561864928e-05,2,0,0,0
CLM-001295,2,142,134,4.006702625029578e-05,8,0,0,0
CLM-001296,3,99,204,5.8215003121040546e-05,1,0,6,0
CLM-001297,3,19,261,5.721233574051753e-05,9,0,3,0
CLM-001298,2,1,187,4.660884664987001e-05,2,0,0,0
CLM-001299,3,86,230,6.0969188244046556e-05,4,0,8,0
CLM-001300,3,80,306,6.756326409087049e-05,5,0,3,0
CLM-001301,2,28,254,4.340345142319889e-05,8,0,0,0
CLM-001302,3,90,201,6.2315788164109e-05,1,0,8,0
CLM-001303,2,40,252,4.693696974475862e-05,1,0,0,0
CLM-001304,3,21,196,5.84692140757205e-05,3,0,8,0
CLM-001305,3,70,239,6.0501184435461074e-05,2,0,3,0
CLM-001306,3,122,299,5.640547689241292e-05,5,0,5,0
CLM-001307,3,111,213,5.6361009445206855e-05,10,0,10,0
CLM-001308,2,37,170,4.8167877221400196e-05,9,0,0,0
CLM-001309,2,29,129,4.496605375630027e-05,2,0,0,0
CLM-001310,3,150,122,5.8699765042507035e-05,2,0,7,0
CLM-001311,3,40,252,5.9893211744850905e-05,4,0,9,0
CLM-001312,2,1,187,4.008956812185838e-05,5,0,0,0
CLM-001313,2,65,160,4.035834736274991e-05,9,0,0,0
CLM-001314,3,122,299,5.971721070694587e-05,11,0,11,0
CLM-001315,2,42,157,4.574177247063213e-05,1,0,0,0
CLM-001316,3,16,208,6.010583354404842e-05,4,0,3,0
CLM-001317,3,22,165,5.633389661397699e-05,5,0,5,0
CLM-001318,3,61,56,5.790512333615e-05,10,0,6,0
CLM-001319,3,126,110,6.58903174373347e-05,3,0,5,0
CLM-001320,2,103,178,5.683354960039906e-05,2,0,0,0
CLM-001321,2,65,160,4.3317279906918734e-05,2,0,0,0
CLM-001322,2,33,252,4.893798495781812e-05,5,0,0,0
CLM-001323,3,75,184,5.893892756518999e-05,5,0,5,0
CLM-001324,2,138,126,5.2402345562465426e-05,2,0,0,0
CLM-001325,2,28,254,4.305437955862849e-05,5,0,0,0
CLM-001326,3,5,184,6.299424589725091e-05,1,0,5,0
CLM-001327,3,103,178,5.685342035738356e-05,8,0,7,0
CLM-001328,2,82,262,5.2537216041334604e-05,2,0,0,0
CLM-001329,3,29,129,6.197864658970499e-05,1,0,7,0
CLM-001330,2,65,160,4.246011150534386e-05,7,0,0,0
CLM-001331,2,70,239,4.342718457265007e-05,3,0,0,0
CLM-001332,2,25,266,4.153588215916566e-05,4,0,0,0
CLM-001333,3,107,161,5.4682335306973175e-05,5,0,7,0
CLM-001334,3,39,253,7.250416264200483e-05,1,0,4,0
CLM-001335,3,146,202,5.83169229835573e-05,5,0,7,0
CLM-001336,2,33,252,5.122429814614798e-05,1,0,0,0
CLM-001337,3,42,157,7.598933507941318e-05,0,0,4,0
CLM-001338,3,150,122,6.12390242557673e-05,2,0,8,0
CLM-001339,2,40,252,4.4040414681629955e-05,4,0,0,0
CLM-001340,2,84,191,6.060317669785604e-05,0,0,0,0
CLM-001341,3,60,185,5.5447372185489194e-05,8,0,6,0
CLM-001342,3,146,202,5.8975674792685925e-05,3,0,3,0
CLM-001343,3,45,190,5.686368096483526e-05,4,0,5,0
CLM-001344,2,80,306,4.099050995185376e-05,7,0,0,0
CLM-001345,3,99,204,5.6366663120230834e-05,2,0,8,0
CLM-001346,3,80,306,5.7712099192872936e-05,3,0,9,0
CLM-001347,3,67,251,5.3758068462915095e-05,5,0,3,0
CLM-001348,3,90,201,5.5742685290725306e-05,7,0,3,0
CLM-001349,3,28,254,6.510948374150688e-05,0,0,13,0
CLM-001350,2,20,224,4.4511958037548044e-05,7,0,0,0
CLM-001351,3,107,161,5.746789463116674e-05,5,0,5,0
CLM-001352,2,20,224,4.312615488552077e-05,6,0,0,0
CLM-001353,3,113,112,5.6524489023441136e-05,5,0,12,0
CLM-001354,3,71,210,5.74132992947315e-05,6,0,4,0
CLM-001355,3,133,244,6.466890723378958e-05,1,0,10,0
CLM-001356,3,56,91,5.5938965321430896e-05,4,0,12,0
CLM-001357,3,17,185,6.68774510200308e-05,1,0,3,0
CLM-001358,3,113,112,5.739415749715763e-05,5,0,5,0
CLM-001359,3,118,113,5.753415585315726e-05,4,0,5,0
CLM-001360,3,39,253,5.748179724399042e-05,4,0,8,0
CLM-001361,3,99,204,5.420863620883972e-05,9,0,6,0
CLM-001362,3,123,185,6.356385173319416e-05,1,0,7,0
CLM-001363,2,25,266,4.5437933676105864e-05,1,0,0,0
CLM-001364,3,39,253,5.738023649799984e-05,8,0,4,0
CLM-001365,3,102,256,5.5751765299988476e-05,6,0,7,0
CLM-001366,3,3,130,6.239944899988939e-05,1,0,9,0
CLM-001367,3,29,129,5.966335618675973e-05,4,0,6,0
CLM-001368,2,6,344,4.0630060552950155e-05,8,0,0,0
CLM-001369,3,54,156,5.730850674234333e-05,5,0,6,0
CLM-001370,2,39,253,4.718376379840344e-05,1,0,0,0
CLM-001371,3,60,185,5.525183730311332e-05,3,0,8,0
CLM-001372,2,123,185,4.4740809762172757e-05,7,0,0,0
CLM-001373,3,113,112,5.8148389250282905e-05,5,0,8,0
CLM-001374,2,24,168,4.2161186342094856e-05,11,0,0,0
CLM-001375,3,107,161,6.824497436424927e-05,1,0,6,0
CLM-001376,2,67,251,5.505730087794844e-05,4,0,0,0
CLM-001377,2,84,191,4.277206956995933e-05,3,0,0,0
CLM-001378,3,67,251,5.552841661473979e-05,4,0,7,0
CLM-001379,3,124,145,6.239789991673876e-05,6,0,4,0
CLM-001380,2,123,185,4.451482310028003e-05,4,0,0,0
CLM-001381,3,28,254,5.9577357476448164e-05,2,0,6,0
CLM-001382,2,120,173,4.6440866585607095e-05,1,0,0,0
CLM-001383,2,70,239,4.6706937443802194e-05,6,0,0,0
CLM-001384,2,120,173,4.2422836912096274e-05,3,0,0,0
CLM-001385,3,65,160,5.996227237149921e-05,4,0,5,0
CLM-001386,2,150,122,4.380491719979533e-05,2,0,0,0
CLM-001387,2,46,231,4.296887524799484e-05,6,0,0,0
CLM-001388,3,50,142,6.499243098486825e-05,1,0,2,0
CLM-001389,2,43,117,5.0747105686369745e-05,2,0,0,0
CLM-001390,3,124,145,6.230757425095715e-05,3,0,4,0
CLM-001391,3,107,161,7.184101615428655e-05,0,0,4,0
CLM-001392,3,78,272,6.078275490778463e-05,2,0,9,0
CLM-001393,3,31,151,6.286548628053898e-05,1,0,12,0
CLM-001394,3,88,244,5.716105438854477e-05,2,0,4,0
CLM-001395,3,117,108,6.025596628908355e-05,3,0,3,0
CLM-001396,2,25,266,4.89538978743798e-05,8,0,0,0
CLM-001397,2,16,208,6.890677143769783e-05,0,0,0,0
CLM-001398,3,40,252,5.7068285272471054e-05,5,0,11,0
CLM-001399,3,118,113,6.755908402488164e-05,1,0,7,0
CLM-001400,3,122,299,6.123211119494338e-05,1,0,6,0
CLM-001401,3,136,199,5.498330406555525e-05,5,0,7,0
CLM-001402,2,54,156,4.2176071244874316e-05,9,0,0,0
CLM-001403,2,96,149,4.903095101172996e-05,1,0,0,0
CLM-001404,2,23,168,5.433615506007681e-05,4,0,0,0
CLM-001405,3,136,199,5.685260872380132e-05,6,0,7,0
CLM-001406,3,128,197,5.480200219572087e-05,9,0,11,0
CLM-001407,3,135,141,5.989007678372364e-05,2,0,6,0
CLM-001408,3,123,185,6.06348822988194e-05,2,0,6,0
CLM-001409,2,33,252,4.695281244612818e-05,5,0,0,0
CLM-001410,2,68,161,4.380365640740824e-05,4,0,0,0
CLM-001411,3,78,272,6.691823886329989e-05,1,0,4,0
CLM-001412,2,94,78,4.372168265438751e-05,4,0,0,0
CLM-001413,3,96,149,5.373361459007638e-05,7,0,9,0
CLM-001414,3,126,110,7.07282879378231e-05,0,0,3,0
CLM-001415,3,6,344,5.8661390406693776e-05,3,0,8,0
CLM-001416,3,78,272,6.225722897601046e-05,4,0,7,0
CLM-001417,3,16,208,5.809285589210184e-05,2,0,6,0
CLM-001418,3,78,272,5.8952760571976636e-05,3,0,5,0
CLM-001419,3,112,172,5.7014773997657063e-05,7,0,8,0
CLM-001420,3,80,306,5.5344850859985e-05,7,0,6,0
CLM-001421,2,8,77,4.929411885602376e-05,3,0,0,0
CLM-001422,2,17,185,4.34639105641954e-05,7,0,0,0
CLM-001423,3,20,224,6.461705443125271e-05,1,0,8,0
CLM-001424,2,90,201,4.194508353035715e-05,5,0,0,0
CLM-001425,3,133,244,7.769372546666832e-05,0,0,3,0
CLM-001426,3,7,228,5.9210770529300105e-05,6,0,4,0
CLM-001427,3,7,228,6.731344272651194e-05,0,0,7,0
CLM-001428,3,3,130,6.369416991856654e-05,3,0,9,0
CLM-001429,2,96,149,4.766058604253621e-05,1,0,0,0
CLM-001430,3,146,202,5.577713753663099e-05,3,0,5,0
CLM-001431,2,90,201,4.314534541584771e-05,5,0,0,0
CLM-001432,2,19,261,4.343308784559182e-05,3,0,0,0
CLM-001433,3,148,222,5.8738316524489194e-05,2,0,5,0
CLM-001434,2,90,201,5.17562249091886e-05,3,0,0,0
CLM-001435,3,90,201,5.635708415533545e-05,5,0,8,0
CLM-001436,2,71,210,4.4966356151761e-05,5,0,0,0
CLM-001437,3,102,256,5.3600572348361835e-05,7,0,7,0
CLM-001438,2,64,151,4.54014659338647e-05,4,0,0,0
CLM-001439,2,24,168,4.579638919059596e-05,2,0,0,0
CLM-001440,2,29,129,4.2076999284849e-05,5,0,0,0
CLM-001441,2,97,185,4.547204488954788e-05,2,0,0,0
CLM-001442,2,138,126,4.7759633576308545e-05,2,0,0,0
CLM-001443,3,17,185,5.740897054914177e-05,10,0,3,0
CLM-001444,3,150,122,6.154660026719588e-05,2,0,5,0
CLM-001445,2,46,231,5.389430377330564e-05,1,0,0,0
CLM-001446,3,29,129,5.8165286248940176e-05,6,0,5,0
CLM-001447,3,19,261,6.197154478079771e-05,3,0,2,0
CLM-001448,3,124,145,6.468146498155371e-05,2,0,4,0
CLM-001449,2,33,252,4.987070060161548e-05,1,0,0,0
CLM-001450,2,29,129,4.561919384724287e-05,2,0,0,0
CLM-001451,2,28,254,5.768366059103864e-05,0,0,0,0
CLM-001452,3,90,201,5.658464574787371e-05,5,0,8,0
CLM-001453,2,78,272,5.6378407272447187e-05,0,0,0,0
CLM-001454,2,142,134,4.2017969755940515e-05,4,0,0,0
CLM-001455,2,70,239,4.049922380675153e-05,5,0,0,0
CLM-001456,3,90,201,6.40317940129086e-05,2,0,12,0
CLM-001457,3,39,253,5.64586632146007e-05,7,0,8,0
CLM-001458,3,87,114,5.6399656378941766e-05,3,0,7,0
CLM-001459,3,99,204,5.4528050519860644e-05,9,0,8,0
CLM-001460,2,86,230,4.75155290669598e-05,6,0,0,0
CLM-001461,3,56,91,6.346476262680803e-05,1,0,5,0
CLM-001462,3,117,108,5.939087627093456e-05,2,0,5,0
CLM-001463,3,71,210,6.193834783043163e-05,3,0,3,0
CLM-001464,3,120,173,5.5286784940663715e-05,6,0,7,0
CLM-001465,2,99,204,3.918201007743058e-05,8,0,0,0
CLM-001466,3,68,161,5.811885327522018e-05,8,0,6,0
CLM-001467,3,111,213,6.637696889872971e-05,1,0,10,0
CLM-001468,3,96,149,6.231326902308615e-05,2,0,5,0
CLM-001469,3,19,261,6.281809958368394e-05,2,0,3,0
CLM-001470,3,97,185,5.913854554372849e-05,3,0,8,0
CLM-001471,3,82,262,6.522431170021226e-05,4,0,2,0
CLM-001472,3,11,82,5.828092629781901e-05,6,0,3,0
CLM-001473,3,80,306,6.0413933503371255e-05,2,0,7,0
CLM-001474,2,107,161,5.312499057840639e-05,1,0,0,0
CLM-001475,3,28,254,5.92342686409437e-05,4,0,4,0
CLM-001476,2,80,306,4.20557118901927e-05,7,0,0,0
CLM-001477,3,19,261,6.121213772655508e-05,1,0,6,0
CLM-001478,3,61,56,5.7808328131419164e-05,5,0,3,0
CLM-001479,2,112,172,4.7473463868182524e-05,1,0,0,0
CLM-001480,3,146,202,6.01246638026889e-05,1,0,9,0
CLM-001481,3,22,165,6.0275228822299746e-05,5,0,5,0
CLM-001482,2,117,108,4.301690792373759e-05,5,0,0,0
CLM-001483,3,71,210,6.113607068514934e-05,4,0,5,0
CLM-001484,3,75,184,6.336231102778715e-05,1,0,3,0
CLM-001485,2,4,171,5.1929429174230575e-05,3,0,0,0
CLM-001486,3,67,251,5.743120252501059e-05,6,0,10,0
CLM-001487,2,52,65,4.780501405786866e-05,4,0,0,0
CLM-001488,3,86,230,6.606483167305281e-05,3,0,5,0
CLM-001489,3,123,185,6.492401590940653e-05,4,0,7,0
CLM-001490,2,57,193,4.4872487094751374e-05,5,0,0,0
CLM-001491,3,81,211,5.517455549921065e-05,9,0,12,0
CLM-001492,2,57,193,5.888808830481105e-05,0,0,0,0
CLM-001493,3,117,108,5.781631669502649e-05,5,0,2,0
CLM-001494,2,120,173,4.494132098985736e-05,2,0,0,0
CLM-001495,3,86,230,5.7085677635269627e-05,5,0,11,0
CLM-001496,3,99,204,5.9766387434769356e-05,3,0,3,0
CLM-001497,3,28,254,5.620296401298968e-05,4,0,7,0
CLM-001498,3,46,231,5.997514362955418e-05,2,0,6,0
CLM-001499,2,80,306,4.5836383375677144e-05,5,0,0,0
CLM-001500,3,14,186,6.991080739450785e-05,0,0,3,0
CLM-001501,2,22,165,4.426411793219485e-05,5,0,0,0
CLM-001502,3,86,230,6.420602963718092e-05,2,0,4,0
CLM-001503,3,84,191,6.015689631427618e-05,5,0,10,0
CLM-001504,2,14,186,4.142863843412101e-05,6,0,0,0
CLM-001505,3,135,141,5.961891632763344e-05,2,0,7,0
CLM-001506,3,87,114,6.465064677374236e-05,3,0,3,0
CLM-001507,3,148,222,5.4210991010339394e-05,12,0,9,0
CLM-001508,3,112,172,6.35657832800194e-05,1,0,8,0
CLM-001509,2,117,108,4.579332042003532e-05,1,0,0,0
CLM-001510,3,65,160,5.6352475435811134e-05,4,0,4,0
CLM-001511,3,57,193,5.6516402363118625e-05,9,0,3,0
CLM-001512,3,6,344,7.257484775826948e-05,0,0,2,0
CLM-001513,3,19,261,5.836639841857724e-05,3,0,5,0
CLM-001514,2,4,171,4.4851474371126074e-05,2,0,0,0
CLM-001515,2,86,230,4.724959578851262e-05,7,0,0,0
CLM-001516,3,82,262,7.238302391530335e-05,0,0,6,0
CLM-001517,3,110,151,6.885676403748571e-05,0,0,8,0
CLM-001518,3,67,251,5.381256030383548e-05,6,0,7,0
CLM-001519,2,56,91,5.15428955492868e-05,1,0,0,0
CLM-001520,3,28,254,6.134518335018432e-05,1,0,13,0
CLM-001521,2,149,7,5.505726996063557e-05,2,0,0,0
CLM-001522,3,37,170,5.806513409308162e-05,10,0,9,0
CLM-001523,2,138,126,5.391375569195363e-05,3,0,0,0
CLM-001524,3,135,141,7.74386042734891e-05,0,0,3,0
CLM-001525,3,122,299,5.9666460170419586e-05,2,0,7,0
CLM-001526,3,78,272,6.665918860700149e-05,1,0,3,0
CLM-001527,3,120,173,5.728271055342179e-05,7,0,4,0
CLM-001528,3,94,78,5.922737691439459e-05,8,0,7,0
CLM-001529,3,3,130,6.690169104892052e-05,3,0,2,0
CLM-001530,3,84,191,5.868344385425141e-05,5,0,2,0
CLM-001531,3,20,224,5.668944127104938e-05,6,0,11,0
CLM-001532,3,86,230,6.189440199460796e-05,5,0,6,0
CLM-001533,3,131,61,6.19759665918528e-05,3,0,8,0
CLM-001534,3,50,142,5.871400657892509e-05,7,0,7,0
CLM-001535,3,119,83,5.45831628944953e-05,5,0,16,0
CLM-001536,3,17,185,5.569341413992501e-05,5,0,7,0
CLM-001537,3,4,171,7.65290335058156e-05,0,0,2,0
CLM-001538,2,71,210,4.4614369754856104e-05,4,0,0,0
CLM-001539,2,22,165,4.609042750399263e-05,2,0,0,0
CLM-001540,3,60,185,6.098451119208856e-05,1,0,6,0
CLM-001541,2,24,168,4.4244431706470185e-05,2,0,0,0
CLM-001542,2,20,224,5.222554233550519e-05,1,0,0,0
CLM-001543,2,14,186,4.780911097127359e-05,3,0,0,0
CLM-001544,3,75,184,5.9168126506196184e-05,6,0,7,0
CLM-001545,2,123,185,3.954586836591314e-05,5,0,0,0
CLM-001546,2,37,170,5.553826285244121e-05,0,0,0,0
CLM-001547,3,150,122,5.8189473638875036e-05,2,0,7,0
CLM-001548,2,77,134,4.307463075022234e-05,2,0,0,0
CLM-001549,2,14,186,5.230620264630059e-05,2,0,0,0
CLM-001550,3,42,157,5.3598448296225057e-05,8,0,6,0
CLM-001551,2,40,252,5.018005930589497e-05,1,0,0,0
CLM-001552,3,90,201,5.649375652055375e-05,7,0,6,0
CLM-001553,3,94,78,7.851078090815816e-05,0,0,1,0
CLM-001554,3,71,210,6.343712970810104e-05,1,0,4,0
CLM-001555,3,40,252,6.4540634508896e-05,4,0,8,0
CLM-001556,2,148,222,4.211315245117721e-05,5,0,0,0
CLM-001557,2,20,224,4.32524149354898e-05,2,0,0,0
CLM-001558,3,138,126,5.9660160558835475e-05,3,0,9,0
CLM-001559,2,120,173,6.917795396639221e-05,0,0,0,0
CLM-001560,3,148,222,5.98821239005766e-05,2,0,2,0
CLM-001561,2,60,185,4.766958100154322e-05,1,0,0,0
CLM-001562,2,64,151,4.497835451633326e-05,5,0,0,0
CLM-001563,3,103,178,6.601193798090596e-05,3,0,6,0
CLM-001564,2,150,122,4.212535738587857e-05,4,0,0,0
CLM-001565,2,20,224,5.484764844272362e-05,1,0,0,0
CLM-001566,3,2,86,5.837722935280769e-05,3,0,9,0
CLM-001567,2,6,344,4.1217810755179405e-05,6,0,0,0
CLM-001568,3,5,184,5.4864902176800126e-05,10,0,7,0
CLM-001569,3,111,213,5.795669700510623e-05,3,0,5,0
CLM-001570,3,146,202,7.960492473756212e-05,0,0,7,0
CLM-001571,3,133,244,6.198487084249277e-05,3,0,4,0
CLM-001572,2,81,211,4.196955422467692e-05,4,0,0,0
CLM-001573,2,43,117,6.432602845085691e-05,0,0,0,0
CLM-001574,3,25,266,5.497058848343719e-05,15,0,6,0
CLM-001575,2,126,110,5.0078490145060834e-05,1,0,0,0
CLM-001576,2,81,211,4.741063256730528e-05,1,0,0,0
CLM-001577,3,80,306,6.555310806731657e-05,1,0,7,0
CLM-001578,3,72,241,5.685542365542669e-05,5,0,7,0
CLM-001579,2,122,299,4.607583886748683e-05,4,0,0,0
CLM-001580,3,103,178,5.807964676465094e-05,3,0,10,0
CLM-001581,3,31,151,6.129966747074665e-05,1,0,8,0
CLM-001582,3,123,185,6.661272589371928e-05,3,0,9,0
CLM-001583,3,96,149,6.028979139496551e-05,2,0,5,0
CLM-001584,3,78,272,7.248178340964972e-05,0,0,12,0
CLM-001585,2,86,230,4.307566927463512e-05,6,0,0,0
CLM-001586,2,97,185,4.545771469679974e-05,4,0,0,0
CLM-001587,3,150,122,5.863527557966689e-05,2,0,6,0
CLM-001588,3,81,211,7.038846579295591e-05,0,0,5,0
CLM-001589,2,111,213,5.085883158208172e-05,2,0,0,0
CLM-001590,3,70,239,6.0383589735073724e-05,3,0,4,0
CLM-001591,3,19,261,5.748100657605892e-05,8,0,7,0
CLM-001592,3,70,239,6.111705398884797e-05,5,0,7,0
CLM-001593,2,84,191,4.374314613679359e-05,7,0,0,0
CLM-001594,2,37,170,5.94887769925588e-05,0,0,0,0
CLM-001595,3,3,130,5.67061902170144e-05,4,0,6,0
CLM-001596,3,136,199,6.74778419384736e-05,1,0,4,0
CLM-001597,3,118,113,5.572952013872249e-05,9,0,9,0
CLM-001598,2,102,256,4.5563169075702255e-05,2,0,0,0
CLM-001599,3,148,222,5.9929004648327074e-05,1,0,3,0
CLM-001600,3,71,210,5.9455200190786575e-05,4,0,13,0
CLM-001601,3,90,201,5.864866831368647e-05,5,0,3,0
CLM-001602,2,39,253,5.361362699702709e-05,1,0,0,0
CLM-001603,3,102,256,5.7959093039952884e-05,4,0,3,0
CLM-001604,3,60,185,5.767916338722665e-05,3,0,12,0
CLM-001605,2,23,168,5.1173660828269675e-05,1,0,0,0
CLM-001606,2,33,252,4.766406270499762e-05,5,0,0,0
CLM-001607,3,88,244,5.761643623585377e-05,7,0,5,0
CLM-001608,3,17,185,6.418438662964908e-05,1,0,5,0
CLM-001609,3,64,151,5.756882612422652e-05,5,0,7,0
CLM-001610,2,123,185,4.575699325394295e-05,3,0,0,0
CLM-001611,3,1,187,5.618318474799797e-05,5,0,6,0
CLM-001612,3,1,187,5.8587160241949626e-05,3,0,5,0
CLM-001613,3,68,161,5.9184656815984645e-05,8,0,4,0
CLM-001614,3,7,228,6.363439076921689e-05,2,0,10,0
CLM-001615,3,39,253,6.518771621475738e-05,2,0,11,0
CLM-001616,3,71,210,6.0872375091130115e-05,3,0,3,0
CLM-001617,3,90,201,6.484077503458608e-05,2,0,3,0
CLM-001618,3,78,272,6.218051305121813e-05,1,0,12,0
CLM-001619,3,60,185,6.509179120748289e-05,7,0,2,0
CLM-001620,2,88,244,4.867400464620495e-05,2,0,0,0
CLM-001621,3,84,191,5.670370839988757e-05,4,0,9,0
CLM-001622,3,6,344,5.5158982424033776e-05,6,0,6,0
CLM-001623,2,39,253,4.311390779557945e-05,2,0,0,0
CLM-001624,2,20,224,4.184966895750252e-05,7,0,0,0
CLM-001625,2,75,184,4.22050231331248e-05,5,0,0,0
CLM-001626,2,19,261,4.3633116745937665e-05,4,0,0,0
CLM-001627,3,64,151,5.5267195907960134e-05,9,0,7,0
CLM-001628,2,72,241,6.699423874293349e-05,0,0,0,0
CLM-001629,2,142,134,4.21463979980524e-05,3,0,0,0
CLM-001630,3,82,262,5.9910129871673014e-05,2,0,8,0
CLM-001631,2,39,253,4.06163750197537e-05,8,0,0,0
CLM-001632,3,24,168,6.095222084569326e-05,2,0,6,0
CLM-001633,2,65,160,3.9883653828502384e-05,8,0,0,0
CLM-001634,2,56,91,5.195858621412255e-05,1,0,0,0
CLM-001635,3,68,161,6.111115757151793e-05,4,0,6,0
CLM-001636,3,148,222,5.9235819444341875e-05,1,0,6,0
CLM-001637,3,45,190,5.651396293331331e-05,3,0,7,0
CLM-001638,3,68,161,6.293714532982279e-05,2,0,7,0
CLM-001639,3,122,299,5.572188029049297e-05,4,0,10,0
CLM-001640,3,81,211,8.1321218129696e-05,0,0,6,0
CLM-001641,2,28,254,4.247518269533695e-05,4,0,0,0
CLM-001642,2,103,178,5.314642720343123e-05,3,0,0,0
CLM-001643,2,82,262,4.4012739009764155e-05,4,0,0,0
CLM-001644,3,88,244,5.8676469861187886e-05,2,0,7,0
CLM-001645,2,86,230,4.714453314923462e-05,3,0,0,0
CLM-001646,2,107,161,5.21980546580193e-05,1,0,0,0
CLM-001647,2,31,151,4.266397799860581e-05,7,0,0,0
CLM-001648,3,123,185,5.46336186622389e-05,10,0,6,0
CLM-001649,3,142,134,5.788223836316691e-05,2,0,6,0
CLM-001650,2,23,168,4.172769378294972e-05,4,0,0,0
CLM-001651,3,112,172,5.957516402091603e-05,5,0,3,0
CLM-001652,2,2,86,4.1799338843171726e-05,5,0,0,0
CLM-001653,2,29,129,6.409182720062875e-05,0,0,0,0
CLM-001654,3,42,157,6.03847684719091e-05,3,0,8,0
CLM-001655,2,102,256,4.884463029584203e-05,3,0,0,0
CLM-001656,3,120,173,5.757553306363904e-05,3,0,6,0
CLM-001657,3,45,190,6.437370541336477e-05,1,0,3,0
CLM-001658,2,99,204,4.460884103597997e-05,3,0,0,0
CLM-001659,3,24,168,5.74470248434271e-05,5,0,5,0
CLM-001660,2,82,262,5.727325839879484e-05,1,0,0,0
CLM-001661,2,84,191,4.412960099253479e-05,4,0,0,0
CLM-001662,3,123,185,5.5726933026958416e-05,4,0,6,0
CLM-001663,2,65,160,4.246011150534386e-05,7,0,0,0
CLM-001664,3,43,117,6.32192472739415e-05,1,0,3,0
CLM-001665,3,148,222,5.535792254587385e-05,6,0,4,0
CLM-001666,3,33,252,6.151606374695792e-05,5,0,11,0
CLM-001667,3,142,134,5.9910437960063723e-05,4,0,10,0
CLM-001668,3,39,253,5.663940991945185e-05,8,0,5,0
CLM-001669,3,142,134,5.822835957307601e-05,3,0,6,0
CLM-001670,3,7,228,6.187237031712657e-05,2,0,4,0
CLM-001671,3,21,196,5.897691799707252e-05,3,0,5,0
CLM-001672,2,67,251,4.534687519286823e-05,1,0,0,0
CLM-001673,2,82,262,4.222858748555388e-05,4,0,0,0
CLM-001674,3,72,241,5.993978994188984e-05,1,0,11,0
CLM-001675,2,126,110,4.685212211640624e-05,4,0,0,0
CLM-001676,3,75,184,6.108326260511053e-05,2,0,6,0
CLM-001677,2,123,185,4.566334151950485e-05,3,0,0,0
CLM-001678,3,12,118,7.420685432110012e-05,0,0,5,0
CLM-001679,2,60,185,4.0209143864106636e-05,8,0,0,0
CLM-001680,2,21,196,5.504161404886976e-05,1,0,0,0
CLM-001681,3,90,201,5.738682406864927e-05,6,0,6,0
CLM-001682,3,148,222,5.480615908771717e-05,3,0,7,0
CLM-001683,3,122,299,5.8061064274160117e-05,4,0,4,0
CLM-001684,3,16,208,6.092599906912676e-05,3,0,5,0
CLM-001685,2,2,86,4.804857337973833e-05,2,0,0,0
CLM-001686,3,86,230,5.897599125970228e-05,6,0,4,0
CLM-001687,2,33,252,4.5000677963247224e-05,5,0,0,0
CLM-001688,3,150,122,7.706030313541369e-05,1,0,3,0
CLM-001689,2,71,210,4.329578123372425e-05,4,0,0,0
CLM-001690,3,80,306,5.57213324496638e-05,7,0,9,0
CLM-001691,3,142,134,6.658247751413076e-05,2,0,6,0
CLM-001692,3,3,130,5.609546080156452e-05,4,0,3,0
CLM-001693,2,33,252,4.173880446591863e-05,5,0,0,0
CLM-001694,3,45,190,5.897158145178669e-05,2,0,3,0
CLM-001695,2,70,239,4.525384361724796e-05,2,0,0,0
CLM-001696,3,97,185,5.714372935568479e-05,9,0,6,0
CLM-001697,3,122,299,6.037864621345364e-05,1,0,6,0
CLM-001698,3,88,244,5.5359185899131276e-05,7,0,4,0
CLM-001699,3,67,251,5.860960343479747e-05,1,0,11,0
CLM-001700,3,71,210,6.011662942801952e-05,4,0,7,0
CLM-001701,3,54,156,5.832168181271973e-05,6,0,9,0
CLM-001702,3,80,306,6.975070150328199e-05,0,0,4,0
CLM-001703,3,110,151,5.5362403092559964e-05,11,0,4,0
CLM-001704,2,136,199,4.322945046016925e-05,4,0,0,0
CLM-001705,2,136,199,4.733799738733841e-05,2,0,0,0
CLM-001706,2,72,241,4.3520255102064015e-05,6,0,0,0
CLM-001707,3,60,185,5.973312064345203e-05,4,0,4,0
CLM-001708,2,102,256,5.636833986029493e-05,0,0,0,0
CLM-001709,2,71,210,4.329578123372425e-05,4,0,0,0
CLM-001710,3,39,253,6.621694398120027e-05,1,0,2,0
CLM-001711,3,16,208,5.901250877659619e-05,2,0,6,0
CLM-001712,2,77,134,4.7237470133834425e-05,1,0,0,0
CLM-001713,2,25,266,4.42047340343401e-05,8,0,0,0
CLM-001714,3,71,210,6.373541990180312e-05,3,0,3,0
CLM-001715,3,102,256,7.417872122983209e-05,0,0,2,0
CLM-001716,3,17,185,6.530727070952751e-05,2,0,5,0
CLM-001717,3,88,244,5.937079149747458e-05,9,0,2,0
CLM-001718,3,54,156,6.0915181112964485e-05,9,0,4,0
CLM-001719,3,71,210,5.823539087318314e-05,3,0,4,0
CLM-001720,3,131,61,6.944980840435106e-05,2,0,2,0
CLM-001721,3,88,244,5.901096385577467e-05,9,0,4,0
CLM-001722,3,84,191,7.400211961046056e-05,0,0,3,0
CLM-001723,3,64,151,5.954085692969021e-05,5,0,6,0
CLM-001724,2,96,149,4.216694309374589e-05,4,0,0,0
CLM-001725,3,146,202,6.55838536034895e-05,1,0,8,0
CLM-001726,3,16,208,5.889349003594573e-05,3,0,9,0
CLM-001727,2,135,141,4.160416477706824e-05,4,0,0,0
CLM-001728,2,123,185,4.709155677228532e-05,5,0,0,0
CLM-001729,2,138,126,5.530735169145191e-05,2,0,0,0
CLM-001730,2,23,168,5.8281444041833806e-05,0,0,0,0
CLM-001731,2,42,157,4.739554859149281e-05,2,0,0,0
CLM-001732,2,17,185,4.330098041176721e-05,3,0,0,0
CLM-001733,3,80,306,6.163788244097826e-05,5,0,3,0
CLM-001734,3,39,253,6.0288828727419e-05,11,0,2,0
CLM-001735,3,80,306,5.845520702670945e-05,3,0,6,0
CLM-001736,3,87,114,5.545765112355312e-05,3,0,8,0
CLM-001737,2,88,244,4.226488227317931e-05,3,0,0,0
CLM-001738,3,78,272,5.8071920815139355e-05,6,0,6,0
CLM-001739,3,102,256,5.648126332755531e-05,4,0,6,0
CLM-001740,3,68,161,6.0633158967887756e-05,4,0,5,0
CLM-001741,3,67,251,5.8575407940430555e-05,3,0,8,0
CLM-001742,2,40,252,4.261103078844258e-05,6,0,0,0
CLM-001743,3,84,191,5.8514387061765617e-05,5,0,5,0
CLM-001744,3,82,262,6.310761654815542e-05,4,0,2,0
CLM-001745,2,5,184,3.947519083629601e-05,10,0,0,0
CLM-001746,3,123,185,5.458130145323167e-05,5,0,5,0
CLM-001747,3,88,244,5.683444980499394e-05,6,0,9,0
CLM-001748,2,72,241,4.450722733830821e-05,6,0,0,0
CLM-001749,2,60,185,4.535180717210888e-05,2,0,0,0
CLM-001750,2,21,196,4.5677315070655136e-05,3,0,0,0
CLM-001751,2,72,241,4.4920728666135036e-05,8,0,0,0
CLM-001752,3,46,231,7.145110806732545e-05,0,0,7,0
CLM-001753,3,42,157,6.238636448723333e-05,2,0,7,0
CLM-001754,3,37,170,5.717764883749132e-05,5,0,6,0
CLM-001755,3,136,199,5.352973898852503e-05,15,0,5,0
CLM-001756,3,19,261,5.8933587539331e-05,5,0,8,0
CLM-001757,3,120,173,5.6281798832724184e-05,6,0,4,0
CLM-001758,3,33,252,5.9644640162241935e-05,5,0,7,0
CLM-001759,3,80,306,7.005879558960742e-05,3,0,5,0
CLM-001760,2,133,244,4.174178072810158e-05,10,0,0,0
CLM-001761,2,25,266,4.8397249679549026e-05,1,0,0,0
CLM-001762,3,67,251,5.365866416735867e-05,6,0,12,0
CLM-001763,3,16,208,6.407128132012947e-05,3,0,5,0
CLM-001764,3,97,185,5.734196998699851e-05,2,0,9,0
CLM-001765,3,8,77,6.533900427311523e-05,1,0,9,0
CLM-001766,3,40,252,6.656673644732261e-05,0,0,6,0
CLM-001767,2,146,202,4.705632958687058e-05,2,0,0,0
CLM-001768,3,43,117,5.826000435763995e-05,5,0,4,0
CLM-001769,2,87,114,4.357341756290245e-05,2,0,0,0
CLM-001770,3,21,196,6.430769417524275e-05,2,0,4,0
CLM-001771,2,120,173,4.6695637767348955e-05,4,0,0,0
CLM-001772,3,46,231,5.598533318997431e-05,4,0,5,0
CLM-001773,3,28,254,5.585954797305297e-05,4,0,6,0
CLM-001774,3,50,142,5.99981192005868e-05,7,0,7,0
CLM-001775,2,5,184,5.397017466012575e-05,0,0,0,0
CLM-001776,2,97,185,5.867304481096532e-05,1,0,0,0
CLM-001777,2,17,185,4.174889167850676e-05,5,0,0,0
CLM-001778,2,84,191,4.259056871999278e-05,4,0,0,0
CLM-001779,3,122,299,6.0256696481436896e-05,4,0,6,0
CLM-001780,3,148,222,5.517392873471262e-05,5,0,2,0
CLM-001781,3,103,178,6.080575542745751e-05,3,0,6,0
CLM-001782,2,148,222,4.200095212248067e-05,2,0,0,0
CLM-001783,3,45,190,5.906651058108321e-05,5,0,6,0
CLM-001784,3,102,256,5.640429282181743e-05,9,0,8,0
CLM-001785,3,56,91,5.6813045030950905e-05,3,0,10,0
CLM-001786,2,123,185,4.848636986452517e-05,4,0,0,0
CLM-001787,3,124,145,6.088487239002795e-05,2,0,5,0
CLM-001788,3,22,165,6.153298423518647e-05,5,0,10,0
CLM-001789,2,39,253,4.3752017796057275e-05,3,0,0,0
CLM-001790,3,135,141,6.644939628105673e-05,1,0,6,0
CLM-001791,3,88,244,5.957675784913936e-05,1,0,9,0
CLM-001792,3,21,196,7.224458924593234e-05,0,0,3,0
CLM-001793,3,42,157,6.176093551900407e-05,3,0,3,0
CLM-001794,2,122,299,4.165551873423481e-05,5,0,0,0
CLM-001795,2,123,185,4.679918775003504e-05,4,0,0,0
CLM-001796,3,64,151,6.0610201485139503e-05,5,0,10,0
CLM-001797,2,19,261,4.6548598979019727e-05,8,0,0,0
CLM-001798,2,12,118,4.954298349734686e-05,1,0,0,0
CLM-001799,3,6,344,5.685763180664862e-05,3,0,8,0
CLM-001800,3,136,199,5.664730517958796e-05,5,0,4,0
CLM-001801,2,77,134,4.3568967149295106e-05,3,0,0,0
CLM-001802,3,107,161,5.770776899884897e-05,5,0,6,0
CLM-001803,2,70,239,4.395931079030503e-05,5,0,0,0
CLM-001804,3,20,224,5.284341320717493e-05,5,0,11,0
CLM-001805,3,71,210,5.9081587334471855e-05,3,0,3,0
CLM-001806,2,133,244,4.5765447871267775e-05,2,0,0,0
CLM-001807,3,16,208,6.299641472253457e-05,1,0,6,0
CLM-001808,3,122,299,6.335740803477296e-05,2,0,1,0
CLM-001809,3,39,253,6.148613358788872e-05,3,0,5,0
CLM-001810,3,88,244,5.848521147191388e-05,7,0,6,0
CLM-001811,3,84,191,5.643047988165162e-05,4,0,4,0
CLM-001812,3,124,145,5.937162516385671e-05,4,0,6,0
CLM-001813,3,42,157,6.296569795603654e-05,1,0,5,0
CLM-001814,3,1,187,5.7926553666861545e-05,3,0,6,0
CLM-001815,3,118,113,6.122723247552661e-05,3,0,5,0
CLM-001816,3,79,85,6.527650465986077e-05,2,0,6,0
CLM-001817,3,5,184,6.380071776955566e-05,3,0,9,0
CLM-001818,2,4,171,4.273023338324007e-05,10,0,0,0
CLM-001819,3,45,190,6.727984068577198e-05,0,0,5,0
CLM-001820,2,3,130,5.0799941972336124e-05,1,0,0,0
CLM-001821,3,71,210,6.348654139145166e-05,1,0,4,0
CLM-001822,3,128,197,5.584318808915537e-05,9,0,2,0
CLM-001823,3,23,168,5.948919222708284e-05,1,0,10,0
CLM-001824,2,84,191,5.0998646585446285e-05,1,0,0,0
CLM-001825,2,72,241,5.52029749218622e-05,1,0,0,0
CLM-001826,2,113,112,4.258417652142279e-05,5,0,0,0
CLM-001827,2,21,196,4.690331176608969e-05,5,0,0,0
CLM-001828,3,19,261,5.915017123223556e-05,9,0,2,0
CLM-001829,2,45,190,4.618886148280502e-05,4,0,0,0
CLM-001830,3,86,230,5.86883100888688e-05,2,0,7,0
CLM-001831,3,120,173,6.275473588926043e-05,1,0,7,0
CLM-001832,2,4,171,4.376814907783167e-05,4,0,0,0
CLM-001833,3,103,178,6.901238784199768e-05,1,0,8,0
CLM-001834,3,65,160,5.5445536189665125e-05,3,0,11,0
CLM-001835,3,96,149,5.919853481993184e-05,2,0,10,0
CLM-001836,3,39,253,5.794956890091803e-05,7,0,4,0
CLM-001837,2,64,151,5.052917632428821e-05,2,0,0,0
CLM-001838,3,118,113,5.867708731135903e-05,3,0,6,0
CLM-001839,2,90,201,5.847109474308432e-05,3,0,0,0
CLM-001840,3,57,193,5.9554378455978205e-05,4,0,7,0
CLM-001841,2,151,5,7.834125474411441e-05,0,0,0,0
CLM-001842,3,99,204,5.6518517461435805e-05,5,0,4,0
CLM-001843,3,128,197,6.056939453108176e-05,2,0,9,0
CLM-001844,3,119,83,6.594578396360368e-05,0,0,7,0
CLM-001845,3,77,134,5.405723144181436e-05,4,0,9,0
CLM-001846,2,112,172,4.0880541261653344e-05,9,0,0,0
CLM-001847,3,1,187,5.67259055236585e-05,14,0,8,0
CLM-001848,3,42,157,7.963654624712073e-05,0,0,5,0
CLM-001849,2,77,134,4.0284355068544204e-05,5,0,0,0
CLM-001850,3,40,252,5.7090919407805996e-05,5,0,8,0
CLM-001851,3,118,113,5.832215716580856e-05,2,0,7,0
CLM-001852,2,112,172,4.155813599662784e-05,5,0,0,0
CLM-001853,2,133,244,4.604328902885708e-05,3,0,0,0
CLM-001854,3,112,172,7.15879388340061e-05,0,0,4,0
CLM-001855,2,146,202,4.6040473938309e-05,3,0,0,0
CLM-001856,2,12,118,4.721257995166341e-05,3,0,0,0
CLM-001857,3,118,113,6.0318608948625426e-05,3,0,5,0
CLM-001858,2,84,191,6.877060326756777e-05,0,0,0,0
CLM-001859,2,102,256,4.178431411478986e-05,4,0,0,0
CLM-001860,3,6,344,5.6858973197327647e-05,4,0,7,0
CLM-001861,3,19,261,5.770383308752414e-05,3,0,7,0
CLM-001862,3,7,228,5.5567375003663435e-05,4,0,8,0
CLM-001863,2,64,151,4.357814977163927e-05,4,0,0,0
CLM-001864,3,1,187,5.503242683008856e-05,5,0,7,0
CLM-001865,3,5,184,5.818176003697965e-05,5,0,8,0
CLM-001866,3,14,186,5.890772369064437e-05,5,0,9,0
CLM-001867,3,122,299,5.991983306114359e-05,1,0,4,0
CLM-001868,3,82,262,5.7076688989103096e-05,4,0,7,0
CLM-001869,2,65,160,3.9883653828502384e-05,8,0,0,0
CLM-001870,2,57,193,4.164459632810251e-05,4,0,0,0
CLM-001871,2,14,186,3.995775852666769e-05,5,0,0,0
CLM-001872,2,6,344,4.3198006489667557e-05,3,0,0,0
CLM-001873,2,111,213,4.8712405865082865e-05,4,0,0,0
CLM-001874,3,107,161,5.6550007860674696e-05,5,0,7,0
CLM-001875,2,107,161,4.716827971835013e-05,3,0,0,0
CLM-001876,3,24,168,5.5953790864523905e-05,11,0,4,0
CLM-001877,3,1,187,6.0024358229112525e-05,4,0,6,0
CLM-001878,3,82,262,5.6089180766949665e-05,3,0,10,0
CLM-001879,3,111,213,6.799301205299095e-05,4,0,3,0
CLM-001880,3,43,117,6.314683011126817e-05,5,0,3,0
CLM-001881,2,6,344,4.380465394248696e-05,3,0,0,0
CLM-001882,3,82,262,5.520608120238173e-05,6,0,7,0
CLM-001883,3,6,344,5.31284902953107e-05,6,0,8,0
CLM-001884,3,138,126,5.913167159402376e-05,2,0,8,0
CLM-001885,2,81,211,5.0956004734767894e-05,4,0,0,0
CLM-001886,2,28,254,4.044286188215408e-05,5,0,0,0
CLM-001887,2,64,151,4.6234913381178896e-05,3,0,0,0
CLM-001888,3,87,114,5.6181639551598925e-05,5,0,4,0
CLM-001889,3,25,266,6.353980943854415e-05,2,0,12,0
CLM-001890,3,54,156,6.382093619066523e-05,7,0,2,0
CLM-001891,3,5,184,5.5165112467123875e-05,5,0,6,0
CLM-001892,3,65,160,5.8090626897846874e-05,3,0,4,0
CLM-001893,3,40,252,5.945548569127707e-05,4,0,10,0
CLM-001894,3,75,184,6.14054691585312e-05,1,0,5,0
CLM-001895,3,31,151,6.048464561505956e-05,2,0,4,0
CLM-001896,3,146,202,5.848780521801386e-05,5,0,5,0
CLM-001897,3,24,168,6.0404924185008076e-05,6,0,8,0
CLM-001898,3,139,96,6.890257630489335e-05,2,0,7,0
CLM-001899,3,2,86,5.9081659139700624e-05,1,0,13,0
CLM-001900,3,81,211,5.96717129866775e-05,8,0,9,0
CLM-001901,3,22,165,7.17785081331077e-05,0,0,3,0
CLM-001902,3,96,149,5.7887371244848736e-05,6,0,4,0
CLM-001903,3,77,134,5.9859327504166416e-05,3,0,5,0
CLM-001904,2,111,213,4.709479262838193e-05,2,0,0,0
CLM-001905,3,96,149,6.181411758527641e-05,1,0,4,0
CLM-001906,2,111,213,4.697258277113961e-05,1,0,0,0
CLM-001907,3,86,230,5.960255157663391e-05,2,0,8,0
CLM-001908,3,88,244,5.557779088123565e-05,4,0,7,0
CLM-001909,3,37,170,5.993548707369613e-05,5,0,4,0
CLM-001910,3,112,172,6.389853108281475e-05,1,0,8,0
CLM-001911,3,120,173,7.344344064985903e-05,0,0,3,0
CLM-001912,3,28,254,5.728005218135262e-05,4,0,4,0
CLM-001913,3,94,78,5.6347039227738924e-05,7,0,6,0
CLM-001914,3,21,196,5.962753329219786e-05,5,0,9,0
CLM-001915,3,25,266,6.251079249051475e-05,2,0,7,0
CLM-001916,2,77,134,4.2037759192897876e-05,7,0,0,0
CLM-001917,2,86,230,5.0414544957854066e-05,1,0,0,0
CLM-001918,2,146,202,4.128440585564752e-05,5,0,0,0
CLM-001919,3,148,222,6.674610510837112e-05,1,0,9,0
CLM-001920,2,52,65,4.682827020585671e-05,1,0,0,0
CLM-001921,3,80,306,5.414852964451819e-05,5,0,7,0
CLM-001922,3,99,204,6.265627329402794e-05,3,0,4,0
CLM-001923,3,3,130,5.8798478449135916e-05,4,0,2,0
CLM-001924,2,135,141,4.186998205283891e-05,3,0,0,0
CLM-001925,3,20,224,5.6956452783761813e-05,3,0,7,0
CLM-001926,2,148,222,4.6111443834558976e-05,2,0,0,0
CLM-001927,3,67,251,6.397527972508409e-05,4,0,5,0
CLM-001928,2,133,244,4.207155380036204e-05,4,0,0,0
CLM-001929,2,88,244,3.964227685029694e-05,8,0,0,0
CLM-001930,2,136,199,4.653611359471705e-05,4,0,0,0
CLM-001931,2,39,253,4.115491085267337e-05,6,0,0,0
CLM-001932,3,133,244,7.181306366753683e-05,0,0,10,0
CLM-001933,3,43,117,5.6570590489356103e-05,9,0,6,0
CLM-001934,2,16,208,3.9999387808798774e-05,9,0,0,0
CLM-001935,3,23,168,6.270920123890798e-05,1,0,4,0
CLM-001936,3,80,306,5.8428848257802924e-05,4,0,9,0
CLM-001937,2,33,252,4.160036694880946e-05,5,0,0,0
CLM-001938,2,72,241,4.2656771515799794e-05,8,0,0,0
CLM-001939,3,7,228,5.49419060833531e-05,6,0,9,0
CLM-001940,2,150,122,4.3210624577236984e-05,2,0,0,0
CLM-001941,2,45,190,4.1711153279440736e-05,4,0,0,0
CLM-001942,3,39,253,7.514831376363396e-05,1,0,2,0
CLM-001943,3,102,256,5.83859155272477e-05,8,0,6,0
CLM-001944,3,20,224,5.344204038202738e-05,5,0,12,0
CLM-001945,3,88,244,5.7493727401603605e-05,3,0,5,0
CLM-001946,2,120,173,5.01239189441572e-05,2,0,0,0
CLM-001947,3,84,191,6.0324409606218044e-05,5,0,7,0
CLM-001948,3,68,161,6.323196941394771e-05,1,0,7,0
CLM-001949,3,65,160,6.532475683816279e-05,1,0,7,0
CLM-001950,2,88,244,4.238809460370565e-05,5,0,0,0
CLM-001951,2,71,210,4.6126609394993674e-05,5,0,0,0
CLM-001952,3,78,272,5.7597259464812196e-05,2,0,7,0
CLM-001953,3,110,151,5.733735959551023e-05,11,0,3,0
CLM-001954,3,67,251,5.9103179097772664e-05,3,0,12,0
CLM-001955,3,78,272,6.389784375153133e-05,3,0,5,0
CLM-001956,2,122,299,4.085513408041768e-05,5,0,0,0
CLM-001957,3,117,108,5.885383326385379e-05,5,0,10,0
CLM-001958,2,139,96,4.461305120974577e-05,9,0,0,0
CLM-001959,2,39,253,4.7244530374554764e-05,4,0,0,0
CLM-001960,2,4,171,4.754701809300035e-05,4,0,0,0
CLM-001961,3,124,145,6.561525631693031e-05,2,0,9,0
CLM-001962,2,152,5,7.834125474411441e-05,0,0,0,0
CLM-001963,2,56,91,6.542644552001568e-05,0,0,0,0
CLM-001964,3,150,122,6.014948312565178e-05,2,0,4,0
CLM-001965,2,33,252,4.048665559214055e-05,5,0,0,0
CLM-001966,3,82,262,6.04315281632567e-05,4,0,6,0
CLM-001967,3,4,171,6.471747431085369e-05,0,0,6,0
CLM-001968,2,102,256,4.1978307358698995e-05,3,0,0,0
CLM-001969,3,6,344,5.960605751980214e-05,1,0,4,0
CLM-001970,3,4,171,6.397593391666468e-05,2,0,8,0
CLM-001971,2,12,118,4.486424376271425e-05,4,0,0,0
CLM-001972,3,81,211,5.595727916394112e-05,6,0,11,0
CLM-001973,2,33,252,4.893798495781812e-05,5,0,0,0
CLM-001974,3,96,149,6.119961924842605e-05,2,0,6,0
CLM-001975,2,90,201,4.179539430350683e-05,12,0,0,0
CLM-001976,2,123,185,4.2848096757138706e-05,5,0,0,0
CLM-001977,2,78,272,4.0844878109648116e-05,9,0,0,0
CLM-001978,3,20,224,7.546416779545008e-05,0,0,3,0
CLM-001979,2,60,185,6.0549482557923795e-05,0,0,0,0
CLM-001980,2,19,261,4.36592536877524e-05,5,0,0,0
CLM-001981,3,133,244,6.328747627952812e-05,2,0,2,0
CLM-001982,3,86,230,6.31326252884879e-05,5,0,3,0
CLM-001983,3,82,262,5.730035512562482e-05,4,0,6,0
CLM-001984,3,33,252,5.616843663761558e-05,5,0,7,0
CLM-001985,2,146,202,4.3497047079898296e-05,4,0,0,0
CLM-001986,3,23,168,7.314157266874417e-05,1,0,3,0
CLM-001987,2,88,244,3.964227685029694e-05,8,0,0,0
CLM-001988,2,28,254,4.9389043947605176e-05,1,0,0,0
CLM-001989,3,103,178,6.233186591670384e-05,1,0,6,0
CLM-001990,3,126,110,8.302122719782581e-05,0,0,5,0
CLM-001991,3,40,252,5.825966223198957e-05,6,0,4,0
CLM-001992,3,110,151,7.264831335937552e-05,0,0,8,0
CLM-001993,2,72,241,4.410542684055882e-05,2,0,0,0
CLM-001994,2,133,244,4.207155380036204e-05,4,0,0,0
CLM-001995,3,96,149,5.9545457928539015e-05,2,0,4,0
CLM-001996,3,28,254,5.5774672742797496e-05,5,0,4,0
CLM-001997,3,31,151,5.7953350018219336e-05,6,0,3,0
CLM-001998,3,122,299,5.482716113769593e-05,5,0,9,0
CLM-001999,3,117,108,6.171606899395241e-05,8,0,4,0
CLM-002000,3,64,151,6.574591195114045e-05,2,0,3,0
CLM-002001,3,88,244,6.005367576918036e-05,2,0,5,0
CLM-002002,2,78,272,4.7238223663054044e-05,5,0,0,0
CLM-002003,2,72,241,4.640959714262171e-05,2,0,0,0
CLM-002004,2,1,187,4.678787068169407e-05,2,0,0,0
CLM-002005,2,112,172,5.359159973617379e-05,0,0,0,0
CLM-002006,2,122,299,5.19108601219181e-05,1,0,0,0
CLM-002007,2,120,173,4.562710292414597e-05,1,0,0,0
CLM-002008,2,3,130,4.6255805429566185e-05,3,0,0,0
CLM-002009,2,75,184,4.3366057840858443e-05,4,0,0,0
CLM-002010,3,39,253,6.107414619636248e-05,2,0,3,0
CLM-002011,3,136,199,5.713074256602998e-05,5,0,7,0
CLM-002012,2,24,168,4.008482407494735e-05,11,0,0,0
CLM-002013,2,6,344,5.0746266437666714e-05,2,0,0,0
CLM-002014,3,25,266,5.67353975099838e-05,5,0,5,0
CLM-002015,2,99,204,6.138474156469793e-05,0,0,0,0
CLM-002016,3,79,85,5.847739973537727e-05,3,0,6,0
CLM-002017,2,78,272,4.205059463480605e-05,3,0,0,0
CLM-002018,2,14,186,4.260920233731843e-05,6,0,0,0
CLM-002019,3,5,184,5.854993003340675e-05,5,0,4,0
CLM-002020,3,96,149,5.769576190302771e-05,2,0,7,0
CLM-002021,3,113,112,5.873147967726425e-05,1,0,4,0
CLM-002022,3,28,254,5.7106625390038284e-05,8,0,4,0
CLM-002023,2,50,142,4.233188578964655e-05,7,0,0,0
CLM-002024,3,12,118,5.836100001593105e-05,4,0,6,0
CLM-002025,2,20,224,4.427101720224713e-05,4,0,0,0
CLM-002026,2,39,253,4.175535620318762e-05,4,0,0,0
CLM-002027,3,71,210,6.449418174212517e-05,1,0,3,0
CLM-002028,2,110,151,4.048812491279239e-05,11,0,0,0
CLM-002029,3,123,185,6.13713037738488e-05,3,0,5,0
CLM-002030,3,3,130,5.952697774836101e-05,4,0,5,0
CLM-002031,3,33,252,6.12497733082756e-05,1,0,4,0
CLM-002032,2,133,244,4.165240714434559e-05,4,0,0,0
CLM-002033,3,54,156,5.7448275282525246e-05,5,0,4,0
CLM-002034,2,12,118,4.6373656791141694e-05,2,0,0,0
CLM-002035,3,68,161,5.972712013692746e-05,4,0,5,0
CLM-002036,2,70,239,4.252154341018971e-05,5,0,0,0
CLM-002037,2,29,129,4.6334181688386315e-05,2,0,0,0
CLM-002038,3,11,82,5.8825954956250585e-05,2,0,4,0
CLM-002039,3,40,252,6.023284547817682e-05,4,0,7,0
CLM-002040,3,118,113,5.483788736117398e-05,8,0,3,0
CLM-002041,3,78,272,5.88398037856391e-05,2,0,6,0
CLM-002042,3,7,228,6.361038091743016e-05,1,0,9,0
CLM-002043,3,46,231,5.712641089411753e-05,2,0,7,0
CLM-002044,3,14,186,5.383002100914576e-05,5,0,6,0
CLM-002045,3,65,160,5.823300982337976e-05,3,0,8,0
CLM-002046,3,78,272,5.7713401365301686e-05,5,0,6,0
CLM-002047,3,14,186,7.054656418667134e-05,0,0,7,0
CLM-002048,3,46,231,6.211575427434877e-05,1,0,8,0
CLM-002049,3,88,244,6.12938434893593e-05,2,0,5,0
CLM-002050,2,142,134,4.0883082678745545e-05,5,0,0,0
CLM-002051,3,79,85,6.239813714821902e-05,2,0,10,0
CLM-002052,3,67,251,5.8391144803921204e-05,2,0,7,0
CLM-002053,3,64,151,5.774414703521745e-05,6,0,6,0
CLM-002054,3,7,228,5.5471729299936364e-05,7,0,7,0
CLM-002055,2,146,202,4.3130803783383536e-05,2,0,0,0
CLM-002056,3,67,251,6.110948203651064e-05,2,0,7,0
CLM-002057,2,39,253,4.476264395247804e-05,8,0,0,0
CLM-002058,3,54,156,5.9304430330012117e-05,2,0,4,0
CLM-002059,2,153,6,6.231403261615587e-05,1,0,0,0
CLM-002060,3,122,299,5.921203381269273e-05,1,0,6,0
CLM-002061,3,135,141,6.441894076064474e-05,3,0,3,0
CLM-002062,3,99,204,5.8872919907726235e-05,1,0,4,0
CLM-002063,3,99,204,5.998860161329931e-05,1,0,4,0
CLM-002064,2,20,224,4.5129241242970114e-05,1,0,0,0
CLM-002065,2,135,141,4.438074569468034e-05,3,0,0,0
CLM-002066,2,146,202,5.8288782232323784e-05,3,0,0,0
CLM-002067,3,103,178,6.199258431841337e-05,4,0,7,0
CLM-002068,3,128,197,5.94372175405129e-05,2,0,9,0
CLM-002069,3,8,77,5.9604178328508976e-05,1,0,12,0
CLM-002070,3,103,178,6.024269598015293e-05,10,0,5,0
CLM-002071,2,5,184,4.201577726663201e-05,8,0,0,0
CLM-002072,2,5,184,5.992366150428788e-05,0,0,0,0
CLM-002073,2,90,201,4.996977057500968e-05,2,0,0,0
CLM-002074,3,60,185,6.115353714435104e-05,7,0,3,0
CLM-002075,2,22,165,4.138725668452438e-05,5,0,0,0
CLM-002076,3,42,157,6.04337321030732e-05,6,0,4,0
CLM-002077,3,67,251,5.5926960282920584e-05,2,0,10,0
CLM-002078,3,45,190,5.7588042055218084e-05,3,0,2,0
CLM-002079,2,6,344,4.129298990957098e-05,8,0,0,0
CLM-002080,3,99,204,6.357551481651098e-05,4,0,5,0
CLM-002081,3,97,185,6.079278861430088e-05,5,0,8,0
CLM-002082,3,16,208,6.439855097725906e-05,3,0,4,0
CLM-002083,2,1,187,4.0645237100281535e-05,8,0,0,0
CLM-002084,3,14,186,5.3902596216823565e-05,5,0,6,0
CLM-002085,3,99,204,5.76969848560013e-05,2,0,8,0
CLM-002086,3,80,306,7.035180277102907e-05,0,0,3,0
CLM-002087,3,72,241,5.8249767852430454e-05,4,0,5,0
CLM-002088,2,97,185,4.02633369694676e-05,9,0,0,0
CLM-002089,3,16,208,5.832363148419697e-05,2,0,4,0
CLM-002090,3,4,171,6.318546454793941e-05,2,0,3,0
CLM-002091,3,103,178,5.870436729034506e-05,2,0,8,0
CLM-002092,3,84,191,5.862858055481734e-05,4,0,8,0
CLM-002093,3,96,149,5.921837127438714e-05,6,0,4,0
CLM-002094,2,11,82,4.649907174679906e-05,3,0,0,0
CLM-002095,3,102,256,6.192330287151413e-05,4,0,8,0
CLM-002096,2,46,231,4.308716079888093e-05,3,0,0,0
CLM-002097,3,70,239,6.101339229399274e-05,1,0,5,0
CLM-002098,3,24,168,6.876644147815639e-05,0,0,4,0
CLM-002099,3,82,262,7.159251450642722e-05,0,0,7,0
CLM-002100,2,57,193,4.780155013667989e-05,4,0,0,0
CLM-002101,3,80,306,6.157677330868681e-05,4,0,6,0
CLM-002102,2,133,244,4.2800430826635276e-05,4,0,0,0
CLM-002103,3,122,299,5.968064002687112e-05,2,0,5,0
CLM-002104,3,135,141,6.17533667625446e-05,3,0,8,0
CLM-002105,3,4,171,5.7554061083055285e-05,9,0,3,0
CLM-002106,3,56,91,6.040818755509768e-05,1,0,9,0
CLM-002107,2,86,230,4.103959026121957e-05,5,0,0,0
CLM-002108,3,28,254,6.059446445813763e-05,2,0,7,0
CLM-002109,3,148,222,5.774885820754223e-05,5,0,7,0
CLM-002110,2,72,241,4.76156342918362e-05,2,0,0,0
CLM-002111,3,81,211,6.589457755077794e-05,4,0,2,0
CLM-002112,3,103,178,5.75548543222679e-05,3,0,4,0
CLM-002113,3,148,222,5.6226605003360215e-05,5,0,4,0
CLM-002114,2,72,241,4.367596334153896e-05,8,0,0,0
CLM-002115,2,103,178,4.3667054582989625e-05,2,0,0,0
CLM-002116,3,78,272,7.311016202029613e-05,0,0,3,0
CLM-002117,2,75,184,4.488679139919651e-05,2,0,0,0
CLM-002118,2,54,156,5.6041700594597494e-05,2,0,0,0
CLM-002119,3,42,157,5.917446322267327e-05,5,0,3,0
CLM-002120,2,64,151,5.590697498856676e-05,4,0,0,0
CLM-002121,3,67,251,6.683094434836988e-05,1,0,5,0
CLM-002122,3,39,253,5.800752109101053e-05,3,0,9,0
CLM-002123,3,122,299,5.574982956901576e-05,4,0,5,0
CLM-002124,3,97,185,5.670930943555861e-05,2,0,9,0
CLM-002125,2,54,156,5.153232862147496e-05,2,0,0,0
CLM-002126,2,123,185,4.5455564564666065e-05,2,0,0,0
CLM-002127,3,82,262,5.9799315817748026e-05,4,0,2,0
CLM-002128,2,148,222,4.6111443834558976e-05,2,0,0,0
CLM-002129,3,128,197,6.074838885319301e-05,5,0,8,0
CLM-002130,3,40,252,5.749743020585554e-05,5,0,8,0
CLM-002131,3,33,252,5.950076582597523e-05,5,0,6,0
CLM-002132,2,70,239,4.201002469686789e-05,6,0,0,0
CLM-002133,2,7,228,4.313762356210983e-05,6,0,0,0
CLM-002134,2,60,185,4.1540549650258995e-05,5,0,0,0
CLM-002135,2,102,256,4.348112514493279e-05,3,0,0,0
CLM-002136,3,117,108,6.627664046725951e-05,1,0,7,0
CLM-002137,3,82,262,6.023929771528695e-05,2,0,5,0
CLM-002138,2,24,168,4.0234731707411236e-05,8,0,0,0
CLM-002139,2,67,251,4.3829441533348095e-05,3,0,0,0
CLM-002140,3,19,261,5.9105488271357866e-05,2,0,6,0
CLM-002141,3,64,151,6.205338062646846e-05,4,0,3,0
CLM-002142,3,102,256,5.7865550910862545e-05,8,0,8,0
CLM-002143,2,5,184,4.5960194129909095e-05,1,0,0,0
CLM-002144,3,68,161,6.0140432875936177e-05,3,0,7,0
CLM-002145,2,71,210,4.6297309792874466e-05,4,0,0,0
CLM-002146,2,46,231,4.1374149306891355e-05,8,0,0,0
CLM-002147,3,24,168,5.8451286469459746e-05,8,0,3,0
CLM-002148,3,122,299,6.0769810366413296e-05,4,0,6,0
CLM-002149,2,77,134,4.5183237908710206e-05,2,0,0,0
CLM-002150,3,39,253,5.8222638377662356e-05,4,0,8,0
CLM-002151,2,68,161,4.7740579925362086e-05,2,0,0,0
CLM-002152,3,122,299,6.568775382073376e-05,0,0,5,0
CLM-002153,3,70,239,6.534350405929267e-05,4,0,2,0
CLM-002154,3,148,222,5.9462145804605315e-05,1,0,6,0
CLM-002155,3,96,149,5.969489674707302e-05,2,0,4,0
CLM-002156,2,138,126,4.924318238420733e-05,4,0,0,0
CLM-002157,2,39,253,4.452993790221627e-05,2,0,0,0
CLM-002158,3,107,161,6.24252501818603e-05,8,0,6,0
CLM-002159,3,1,187,5.702121864087217e-05,6,0,8,0
CLM-002160,2,64,151,4.1530002803750454e-05,3,0,0,0
CLM-002161,3,2,86,5.982014907287909e-05,5,0,12,0
CLM-002162,3,72,241,5.659660434685821e-05,4,0,6,0
CLM-002163,2,16,208,3.9999387808798774e-05,9,0,0,0
CLM-002164,2,90,201,4.1358497225553767e-05,12,0,0,0
CLM-002165,3,150,122,5.745444911954965e-05,4,0,10,0
CLM-002166,3,24,168,6.177805556934875e-05,4,0,1,0
CLM-002167,3,88,244,6.418162197297405e-05,9,0,5,0
CLM-002168,2,123,185,4.3270366965623264e-05,7,0,0,0
CLM-002169,2,124,145,4.8442595491281626e-05,1,0,0,0
CLM-002170,3,123,185,5.501513776454163e-05,4,0,6,0
CLM-002171,2,128,197,4.3611320387809104e-05,3,0,0,0
CLM-002172,2,96,149,5.2013238614891184e-05,1,0,0,0
CLM-002173,2,14,186,4.275840293221915e-05,10,0,0,0
CLM-002174,2,96,149,4.222690480510901e-05,6,0,0,0
CLM-002175,2,23,168,5.594608849395455e-05,1,0,0,0
CLM-002176,2,37,170,4.267501312724897e-05,10,0,0,0
CLM-002177,2,94,78,4.221306066152453e-05,8,0,0,0
CLM-002178,3,67,251,5.6743359471953325e-05,4,0,7,0
CLM-002179,3,103,178,5.841161729290953e-05,3,0,6,0
CLM-002180,3,79,85,5.9525666252683866e-05,3,0,13,0
CLM-002181,3,25,266,5.839963347739772e-05,6,0,4,0
CLM-002182,2,1,187,4.297883796656812e-05,4,0,0,0
CLM-002183,2,29,129,5.0049084226910624e-05,2,0,0,0
CLM-002184,2,65,160,4.6800486232669246e-05,2,0,0,0
CLM-002185,3,19,261,6.576087771349725e-05,1,0,8,0
CLM-002186,3,1,187,5.7136492430951785e-05,3,0,9,0
CLM-002187,2,142,134,4.21463979980524e-05,3,0,0,0
CLM-002188,3,20,224,5.717290720480201e-05,3,0,4,0
CLM-002189,3,90,201,7.171262106597871e-05,0,0,8,0
CLM-002190,3,14,186,5.4041889265251456e-05,6,0,6,0
CLM-002191,2,71,210,6.536406705890893e-05,0,0,0,0
CLM-002192,3,65,160,6.33043894735547e-05,4,0,4,0
CLM-002193,2,149,7,5.505726996063557e-05,2,0,0,0
CLM-002194,2,65,160,4.5596527794767474e-05,3,0,0,0
CLM-002195,2,146,202,4.461284495940677e-05,6,0,0,0
CLM-002196,3,1,187,5.564506440191798e-05,5,0,4,0
CLM-002197,2,97,185,4.140659839577793e-05,9,0,0,0
CLM-002198,2,37,170,5.553826285244121e-05,0,0,0,0
CLM-002199,3,81,211,5.822292864913313e-05,9,0,11,0
CLM-002200,2,139,96,4.6273278420212906e-05,3,0,0,0
CLM-002201,3,11,82,6.864366974994393e-05,0,0,6,0
CLM-002202,3,33,252,6.422682527513086e-05,5,0,3,0
CLM-002203,3,42,157,5.47380406636077e-05,7,0,7,0
CLM-002204,2,102,256,4.460031528113846e-05,9,0,0,0
CLM-002205,3,96,149,5.8145326185419115e-05,4,0,7,0
CLM-002206,3,46,231,5.826732712186599e-05,5,0,3,0
CLM-002207,3,60,185,6.00266831555599e-05,2,0,5,0
CLM-002208,3,3,130,6.388642875521246e-05,3,0,2,0
CLM-002209,3,5,184,6.291502401067225e-05,2,0,4,0
CLM-002210,3,43,117,6.081330823950956e-05,5,0,4,0
CLM-002211,3,60,185,5.965207092491735e-05,5,0,5,0
CLM-002212,3,82,262,6.109290283094624e-05,2,0,6,0
CLM-002213,3,28,254,6.176369473712118e-05,2,0,9,0
CLM-002214,3,146,202,5.9197490151061126e-05,1,0,5,0
CLM-002215,2,24,168,4.0904285491510586e-05,4,0,0,0
CLM-002216,3,12,118,6.939269692862748e-05,2,0,5,0
CLM-002217,2,123,185,4.214603716942565e-05,2,0,0,0
CLM-002218,2,81,211,4.152710927229413e-05,9,0,0,0
CLM-002219,2,120,173,6.945315397441579e-05,0,0,0,0
CLM-002220,2,97,185,5.369722382930789e-05,2,0,0,0
CLM-002221,2,17,185,4.924792751815009e-05,3,0,0,0
CLM-002222,3,88,244,7.070761196232433e-05,0,0,7,0
CLM-002223,3,16,208,5.383683801957474e-05,5,0,8,0
CLM-002224,3,70,239,6.036428450766663e-05,5,0,7,0
CLM-002225,3,2,86,6.389620825093126e-05,1,0,5,0
CLM-002226,3,122,299,5.778730989276563e-05,5,0,3,0
CLM-002227,3,3,130,5.60246268439423e-05,4,0,4,0
CLM-002228,2,103,178,4.037425692512728e-05,10,0,0,0
CLM-002229,2,39,253,4.962296736904099e-05,2,0,0,0
CLM-002230,2,28,254,4.64406841052166e-05,1,0,0,0
CLM-002231,3,24,168,5.980402280370675e-05,4,0,4,0
CLM-002232,2,81,211,6.953337091930508e-05,0,0,0,0
CLM-002233,3,88,244,6.34662150703721e-05,5,0,4,0
CLM-002234,3,120,173,6.066822942610402e-05,4,0,7,0
CLM-002235,3,81,211,6.069324616422209e-05,3,0,8,0
CLM-002236,2,87,114,4.489055421717094e-05,9,0,0,0
CLM-002237,2,40,252,4.5829911763677326e-05,5,0,0,0
CLM-002238,2,65,160,4.8943289085306666e-05,2,0,0,0
CLM-002239,2,16,208,4.133307122158593e-05,4,0,0,0
CLM-002240,2,72,241,5.840731323830961e-05,1,0,0,0
CLM-002241,3,28,254,6.121723288785393e-05,2,0,3,0
CLM-002242,2,148,222,3.87836492094442e-05,5,0,0,0
CLM-002243,2,7,228,4.682006125673455e-05,2,0,0,0
CLM-002244,2,25,266,4.960426753870883e-05,2,0,0,0
CLM-002245,2,102,256,4.136246805902983e-05,8,0,0,0
CLM-002246,3,148,222,5.8882562697135614e-05,4,0,13,0
CLM-002247,3,138,126,6.102152497757818e-05,1,0,2,0
CLM-002248,3,19,261,5.9445766129285085e-05,8,0,2,0
CLM-002249,2,122,299,4.162107291729146e-05,5,0,0,0
CLM-002250,3,78,272,5.723603047025299e-05,4,0,9,0
CLM-002251,3,78,272,5.918051513859876e-05,6,0,4,0
CLM-002252,3,122,299,5.925256654780866e-05,11,0,2,0
CLM-002253,3,6,344,5.739459095955759e-05,6,0,8,0
CLM-002254,3,68,161,6.220560430679814e-05,1,0,8,0
CLM-002255,3,126,110,6.415775671363861e-05,4,0,8,0
CLM-002256,3,72,241,5.82782583801451e-05,6,0,5,0
CLM-002257,3,102,256,6.408594038620428e-05,1,0,7,0
CLM-002258,3,139,96,5.8155084844120914e-05,2,0,7,0
CLM-002259,3,6,344,6.605682544935463e-05,3,0,4,0
CLM-002260,2,128,197,4.886029467900255e-05,1,0,0,0
CLM-002261,2,123,185,3.997313141033707e-05,4,0,0,0
CLM-002262,3,70,239,6.1008788474536905e-05,3,0,4,0
CLM-002263,2,3,130,5.191381551742785e-05,2,0,0,0
CLM-002264,3,133,244,7.081379937981895e-05,6,0,0,0
CLM-002265,3,7,228,6.64656669440751e-05,6,0,7,0
CLM-002266,3,81,211,6.44486152797447e-05,3,0,7,0
CLM-002267,2,72,241,4.0695734542766546e-05,4,0,0,0
CLM-002268,3,146,202,6.248270311476472e-05,1,0,12,0
CLM-002269,2,78,272,4.65776608526343e-05,4,0,0,0
CLM-002270,2,14,186,4.556183978779557e-05,3,0,0,0
CLM-002271,2,123,185,5.798039520367181e-05,0,0,0,0
CLM-002272,3,37,170,7.375999194071796e-05,0,0,9,0
CLM-002273,3,39,253,6.864199819418815e-05,0,0,5,0
CLM-002274,3,21,196,5.5003137502984146e-05,4,0,7,0
CLM-002275,2,80,306,4.09365825517029e-05,9,0,0,0
CLM-002276,3,80,306,5.8012966408625806e-05,1,0,6,0
CLM-002277,2,96,149,5.034986765865901e-05,1,0,0,0
CLM-002278,2,111,213,5.3684179723529736e-05,4,0,0,0
CLM-002279,3,3,130,7.933560370524851e-05,0,0,5,0
CLM-002280,3,81,211,5.699072999576103e-05,3,0,7,0
CLM-002281,3,84,191,6.814635753478319e-05,2,0,6,0
CLM-002282,3,78,272,7.357012496369583e-05,0,0,6,0
CLM-002283,2,111,213,5.057689744949882e-05,2,0,0,0
CLM-002284,3,103,178,5.719249666366204e-05,3,0,7,0
CLM-002285,2,77,134,4.2956679037624896e-05,3,0,0,0
CLM-002286,2,6,344,4.414121395578725e-05,9,0,0,0
CLM-002287,3,111,213,6.476307048833852e-05,1,0,7,0
CLM-002288,3,31,151,7.18291506568239e-05,0,0,4,0
CLM-002289,3,135,141,6.0045048799988754e-05,3,0,2,0
CLM-002290,3,50,142,5.63212882144282e-05,3,0,9,0
CLM-002291,2,81,211,4.3558923918645724e-05,4,0,0,0
CLM-002292,3,103,178,6.0567681903902334e-05,4,0,6,0
CLM-002293,2,57,193,5.346854601829033e-05,2,0,0,0
CLM-002294,3,39,253,5.883681764010854e-05,2,0,4,0
CLM-002295,2,39,253,4.829649937775111e-05,1,0,0,0
CLM-002296,2,50,142,4.285143699528357e-05,7,0,0,0
CLM-002297,3,82,262,6.015174429426065e-05,2,0,12,0
CLM-002298,3,1,187,5.979058985991133e-05,3,0,7,0
CLM-002299,3,71,210,5.847356994659271e-05,3,0,4,0
CLM-002300,3,3,130,5.8613612455713263e-05,5,0,5,0
CLM-002301,3,75,184,6.002755366169678e-05,1,0,8,0
CLM-002302,2,64,151,4.789286223115035e-05,1,0,0,0
CLM-002303,3,19,261,5.703422263378673e-05,8,0,10,0
CLM-002304,3,5,184,5.6151943963107785e-05,8,0,6,0
CLM-002305,2,39,253,4.528821842817263e-05,3,0,0,0
CLM-002306,2,90,201,5.8128912325833535e-05,0,0,0,0
CLM-002307,3,7,228,6.090438646824467e-05,4,0,2,0
CLM-002308,3,21,196,6.102260839743571e-05,1,0,4,0
CLM-002309,3,118,113,7.503692793522317e-05,2,0,3,0
CLM-002310,3,72,241,6.353951862966663e-05,2,0,11,0
CLM-002311,2,7,228,4.313762356210983e-05,6,0,0,0
CLM-002312,3,46,231,5.620891274704786e-05,6,0,10,0
CLM-002313,3,60,185,7.477059041669477e-05,0,0,5,0
CLM-002314,3,86,230,5.7307094760283054e-05,4,0,5,0
CLM-002315,2,80,306,5.3148947907095936e-05,2,0,0,0
CLM-002316,3,67,251,5.644554342434865e-05,4,0,8,0
CLM-002317,3,61,56,5.621943020567314e-05,9,0,6,0
CLM-002318,3,40,252,6.333513808654513e-05,4,0,2,0
CLM-002319,3,97,185,6.0682679632597134e-05,2,0,5,0
CLM-002320,3,6,344,5.6456838856828065e-05,8,0,6,0
CLM-002321,2,120,173,4.6175621187797196e-05,1,0,0,0
CLM-002322,2,78,272,4.5154570327507384e-05,5,0,0,0
CLM-002323,3,72,241,5.865138200259245e-05,4,0,3,0
CLM-002324,3,46,231,5.944755012796394e-05,5,0,3,0
CLM-002325,3,17,185,5.739940519951777e-05,2,0,9,0
CLM-002326,2,7,228,4.99597365066786e-05,4,0,0,0
CLM-002327,2,78,272,4.1706411153491174e-05,4,0,0,0
CLM-002328,3,37,170,5.9046406116374806e-05,10,0,3,0
CLM-002329,3,14,186,5.870710406873649e-05,5,0,7,0
CLM-002330,2,67,251,4.786388592737533e-05,4,0,0,0
CLM-002331,2,3,130,5.484328128443228e-05,3,0,0,0
CLM-002332,3,5,184,5.643549305741757e-05,11,0,5,0
CLM-002333,3,119,83,5.758709435522976e-05,6,0,4,0
CLM-002334,3,82,262,5.404328714298686e-05,7,0,7,0
CLM-002335,2,99,204,4.3929892905407875e-05,4,0,0,0
CLM-002336,3,87,114,5.5482968836027336e-05,5,0,6,0
CLM-002337,3,110,151,5.974477917249993e-05,3,0,16,0
CLM-002338,2,80,306,4.655536410527452e-05,6,0,0,0
CLM-002339,2,39,253,4.428096123345263e-05,3,0,0,0
CLM-002340,3,148,222,6.328619288570759e-05,2,0,8,0
CLM-002341,3,148,222,6.087929211085289e-05,2,0,9,0
CLM-002342,3,124,145,6.26370398323021e-05,3,0,5,0
CLM-002343,3,40,252,5.9338582723867125e-05,4,0,8,0
CLM-002344,2,86,230,4.269695887047333e-05,5,0,0,0
CLM-002345,3,80,306,6.234030261493908e-05,4,0,9,0
CLM-002346,3,86,230,5.7950206691414065e-05,5,0,12,0
CLM-002347,3,46,231,5.809932002918784e-05,2,0,4,0
CLM-002348,2,110,151,4.549742066104887e-05,1,0,0,0
CLM-002349,3,7,228,5.4996941627817304e-05,4,0,6,0
CLM-002350,3,22,165,5.5182926252815266e-05,4,0,6,0
CLM-002351,3,4,171,5.3861804907224366e-05,10,0,7,0
CLM-002352,3,71,210,6.435408347791504e-05,3,0,3,0
CLM-002353,2,68,161,4.366639098863958e-05,4,0,0,0
CLM-002354,3,46,231,7.403545689229776e-05,1,0,3,0
CLM-002355,2,96,149,4.1452756625992277e-05,6,0,0,0
CLM-002356,2,97,185,4.140659839577793e-05,9,0,0,0
CLM-002357,3,128,197,5.945068123657127e-05,6,0,6,0
CLM-002358,2,28,254,4.730511831659301e-05,2,0,0,0
CLM-002359,2,20,224,5.326192593781855e-05,2,0,0,0
CLM-002360,2,33,252,4.48211347533353e-05,5,0,0,0
CLM-002361,3,102,256,6.17386893791957e-05,4,0,4,0
CLM-002362,2,33,252,4.349724188282556e-05,2,0,0,0
CLM-002363,2,148,222,4.069248863518275e-05,3,0,0,0
CLM-002364,3,86,230,5.5769326452761546e-05,3,0,9,0
CLM-002365,2,142,134,4.6508660298025576e-05,1,0,0,0
CLM-002366,2,50,142,4.087868344493213e-05,3,0,0,0
CLM-002367,3,25,266,5.8040262269681145e-05,4,0,4,0
CLM-002368,3,87,114,5.892895245741609e-05,3,0,4,0
CLM-002369,3,107,161,6.910146986687342e-05,0,0,7,0
CLM-002370,3,90,201,5.878498567292073e-05,5,0,6,0
CLM-002371,3,1,187,6.568812691480118e-05,1,0,2,0
CLM-002372,2,126,110,4.547975740058282e-05,3,0,0,0
CLM-002373,2,4,171,4.667561510062073e-05,1,0,0,0
CLM-002374,2,78,272,4.1545915350868605e-05,9,0,0,0
CLM-002375,3,136,199,7.107683343534187e-05,0,0,5,0
CLM-002376,3,88,244,5.5108097522094385e-05,8,0,4,0
CLM-002377,3,71,210,5.79881318828878e-05,3,0,12,0
CLM-002378,3,39,253,6.107460837650062e-05,2,0,2,0
CLM-002379,2,46,231,4.070538569097918e-05,5,0,0,0
CLM-002380,3,45,190,5.726534361128303e-05,5,0,3,0
CLM-002381,3,90,201,5.80989465687372e-05,7,0,4,0
CLM-002382,3,123,185,5.905904406787753e-05,2,0,7,0
CLM-002383,2,24,168,3.944690911784893e-05,11,0,0,0
CLM-002384,2,23,168,4.778153680855934e-05,1,0,0,0
CLM-002385,3,97,185,5.614219326971796e-05,3,0,11,0
CLM-002386,2,17,185,4.0474473311332496e-05,7,0,0,0
CLM-002387,3,54,156,6.016206099709426e-05,1,0,8,0
CLM-002388,2,11,82,4.338847179183149e-05,4,0,0,0
CLM-002389,3,8,77,6.5689471570041e-05,1,0,5,0
CLM-002390,2,87,114,4.0766399873860135e-05,8,0,0,0
CLM-002391,2,33,252,5.294795368528804e-05,1,0,0,0
CLM-002392,2,75,184,4.498824943983605e-05,4,0,0,0
CLM-002393,3,25,266,6.491974969652912e-05,1,0,5,0
CLM-002394,2,52,65,4.770879065889667e-05,2,0,0,0
CLM-002395,3,33,252,5.421752077679199e-05,5,0,8,0
CLM-002396,3,1,187,6.547611521300612e-05,2,0,5,0
CLM-002397,3,42,157,6.112689931085994e-05,3,0,7,0
CLM-002398,2,23,168,4.207524208284788e-05,3,0,0,0
CLM-002399,3,65,160,5.550493145236737e-05,3,0,11,0
CLM-002400,3,75,184,6.060402140130992e-05,1,0,8,0
CLM-002401,2,31,151,5.578755051871e-05,0,0,0,0
CLM-002402,3,113,112,7.317673865532211e-05,0,0,3,0
CLM-002403,3,39,253,5.981476538794615e-05,2,0,11,0
CLM-002404,3,112,172,7.461169888031151e-05,0,0,5,0
CLM-002405,3,39,253,5.678724825653932e-05,8,0,8,0
CLM-002406,3,86,230,6.6735976290039e-05,2,0,5,0
CLM-002407,3,39,253,5.791638699346511e-05,4,0,4,0
CLM-002408,2,64,151,4.441879627272483e-05,2,0,0,0
CLM-002409,3,136,199,5.467615009369988e-05,7,0,12,0
CLM-002410,2,79,85,4.5372265694340124e-05,2,0,0,0
CLM-002411,2,124,145,4.207529277819316e-05,6,0,0,0
CLM-002412,2,50,142,4.773799209355471e-05,5,0,0,0
CLM-002413,3,23,168,6.684772451559989e-05,1,0,2,0
CLM-002414,2,21,196,4.432683145875745e-05,5,0,0,0
CLM-002415,2,99,204,4.7143947770313524e-05,2,0,0,0
CLM-002416,3,50,142,5.905321728213463e-05,2,0,11,0
CLM-002417,2,14,186,4.378678301000536e-05,10,0,0,0
CLM-002418,2,111,213,4.391331433156716e-05,2,0,0,0
CLM-002419,3,24,168,6.0879318913309726e-05,3,0,4,0
CLM-002420,2,82,262,5.0625017073941975e-05,1,0,0,0
CLM-002421,3,3,130,6.140780258575487e-05,3,0,7,0
CLM-002422,3,21,196,6.82156354610564e-05,1,0,7,0
CLM-002423,2,72,241,4.410542684055882e-05,2,0,0,0
CLM-002424,3,71,210,6.570499065037675e-05,1,0,7,0
CLM-002425,2,82,262,4.47555087101938e-05,6,0,0,0
CLM-002426,3,40,252,6.1598782683537e-05,4,0,5,0
CLM-002427,2,90,201,4.179539430350683e-05,12,0,0,0
CLM-002428,3,7,228,5.765196513735955e-05,10,0,11,0
CLM-002429,3,77,134,6.40303771480168e-05,0,0,5,0
CLM-002430,2,148,222,3.87836492094442e-05,5,0,0,0
CLM-002431,2,111,213,4.883313817071694e-05,3,0,0,0
CLM-002432,3,61,56,6.344626066927362e-05,2,0,6,0
CLM-002433,3,17,185,6.033457274692966e-05,3,0,3,0
CLM-002434,2,123,185,3.997313141033707e-05,4,0,0,0
CLM-002435,2,31,151,4.784692636491705e-05,1,0,0,0
CLM-002436,3,72,241,5.752735800657131e-05,4,0,5,0
CLM-002437,2,8,77,4.292343962047431e-05,3,0,0,0
CLM-002438,3,20,224,5.814701221359407e-05,4,0,9,0
CLM-002439,2,65,160,5.1204750895224905e-05,1,0,0,0
CLM-002440,3,4,171,5.591400724615435e-05,9,0,3,0
CLM-002441,3,135,141,6.091932588789648e-05,3,0,7,0
CLM-002442,3,64,151,7.259621801102409e-05,1,0,4,0
CLM-002443,3,29,129,7.149439580743907e-05,0,0,4,0
CLM-002444,2,124,145,4.588520903360922e-05,4,0,0,0
CLM-002445,2,78,272,4.969080505975047e-05,1,0,0,0
CLM-002446,3,3,130,5.7455538957261535e-05,5,0,5,0
CLM-002447,2,136,199,4.272254990600143e-05,6,0,0,0
CLM-002448,3,6,344,5.671436365676366e-05,4,0,12,0
CLM-002449,2,88,244,4.03421674452532e-05,4,0,0,0
CLM-002450,2,154,7,7.399850799169972e-05,0,0,0,0
CLM-002451,2,42,157,4.212041627044735e-05,2,0,0,0
CLM-002452,3,45,190,6.0610615326752554e-05,5,0,4,0
CLM-002453,2,57,193,4.1302870293238495e-05,4,0,0,0
CLM-002454,2,117,108,4.0962911636437365e-05,5,0,0,0
CLM-002455,3,29,129,5.912403477759623e-05,5,0,2,0
CLM-002456,3,102,256,5.692035014136426e-05,4,0,3,0
CLM-002457,3,75,184,6.502937937181443e-05,1,0,4,0
CLM-002458,2,78,272,4.150129420143358e-05,7,0,0,0
CLM-002459,3,123,185,5.578919848551179e-05,5,0,3,0
CLM-002460,3,50,142,6.25126228485256e-05,2,0,2,0
CLM-002461,2,146,202,4.9982579247406114e-05,1,0,0,0
CLM-002462,3,107,161,5.646656843876816e-05,5,0,7,0
CLM-002463,2,56,91,5.195858621412255e-05,1,0,0,0
CLM-002464,3,60,185,5.648396566923294e-05,8,0,5,0
CLM-002465,3,139,96,6.0251463483936495e-05,3,0,9,0
CLM-002466,3,19,261,5.880044341298881e-05,2,0,7,0
CLM-002467,3,128,197,6.138232333408833e-05,3,0,4,0
CLM-002468,3,102,256,5.6156400523100026e-05,4,0,5,0
CLM-002469,2,149,7,5.505726996063557e-05,2,0,0,0
CLM-002470,3,45,190,5.761018014145609e-05,6,0,6,0
CLM-002471,3,136,199,5.99137423326149e-05,4,0,4,0
CLM-002472,3,39,253,7.383816979682075e-05,0,0,5,0
CLM-002473,3,86,230,6.199152754780874e-05,4,0,4,0
CLM-002474,3,124,145,6.048869828183869e-05,3,0,5,0
CLM-002475,3,50,142,5.94588170830406e-05,1,0,6,0
CLM-002476,3,146,202,6.0809451244153724e-05,2,0,7,0
CLM-002477,2,78,272,4.054545289564805e-05,11,0,0,0
CLM-002478,3,70,239,5.555673951270602e-05,5,0,8,0
CLM-002479,3,146,202,6.187185338897566e-05,3,0,5,0
CLM-002480,3,1,187,5.784531760976228e-05,3,0,7,0
CLM-002481,2,16,208,4.793980555336585e-05,2,0,0,0
CLM-002482,2,128,197,4.3911505332248425e-05,5,0,0,0
CLM-002483,3,86,230,5.495775320473525e-05,9,0,9,0
CLM-002484,3,72,241,6.208539916071574e-05,1,0,8,0
CLM-002485,3,146,202,5.606790531229925e-05,5,0,6,0
CLM-002486,3,42,157,6.613537416267276e-05,0,0,9,0
CLM-002487,3,78,272,5.7231018899529804e-05,4,0,7,0
CLM-002488,2,111,213,4.1938019945261545e-05,4,0,0,0
CLM-002489,2,87,114,4.4381096721205576e-05,5,0,0,0
CLM-002490,3,80,306,7.372168275616247e-05,0,0,9,0
CLM-002491,3,40,252,5.824592445356716e-05,5,0,8,0
CLM-002492,3,28,254,6.38796607788167e-05,3,0,8,0
CLM-002493,3,126,110,6.071019618160689e-05,3,0,3,0
CLM-002494,2,80,306,4.639234736722905e-05,2,0,0,0
CLM-002495,2,6,344,4.645656396359994e-05,4,0,0,0
CLM-002496,2,136,199,4.892557347460271e-05,1,0,0,0
CLM-002497,3,86,230,6.107552551082066e-05,5,0,8,0
CLM-002498,2,6,344,4.297177196207679e-05,6,0,0,0
CLM-002499,3,60,185,5.812561922983377e-05,3,0,4,0
CLM-002500,3,80,306,6.186781571255995e-05,4,0,8,0
CLM-002501,2,28,254,4.8943453900123456e-05,2,0,0,0
CLM-002502,2,80,306,4.3880674427407815e-05,7,0,0,0
CLM-002503,3,22,165,5.8633676124042834e-05,2,0,4,0
CLM-002504,3,120,173,5.860830445121137e-05,5,0,8,0
CLM-002505,3,150,122,7.123297063719266e-05,5,0,3,0
CLM-002506,3,135,141,5.742519016524244e-05,3,0,6,0
CLM-002507,3,142,134,5.5453378009365704e-05,8,0,7,0
CLM-002508,3,133,244,6.389044016345417e-05,6,0,1,0
CLM-002509,2,87,114,4.098876434737857e-05,9,0,0,0
CLM-002510,2,24,168,4.318301990653807e-05,3,0,0,0
CLM-002511,3,72,241,5.7185177065880684e-05,4,0,6,0
CLM-002512,3,50,142,5.99737655217275e-05,4,0,3,0
CLM-002513,2,111,213,6.262930953830517e-05,0,0,0,0
CLM-002514,2,71,210,4.646087033110102e-05,4,0,0,0
CLM-002515,2,70,239,4.416251571859531e-05,3,0,0,0
CLM-002516,2,57,193,5.9095299585090584e-05,0,0,0,0
CLM-002517,2,43,117,5.0747105686369745e-05,2,0,0,0
CLM-002518,2,117,108,4.1126567700635896e-05,4,0,0,0
CLM-002519,3,45,190,5.591050043054954e-05,2,0,6,0
CLM-002520,3,146,202,6.819933431235494e-05,0,0,6,0
CLM-002521,3,67,251,5.418464651252702e-05,6,0,6,0
CLM-002522,3,39,253,5.7794353277083866e-05,4,0,7,0
CLM-002523,3,37,170,6.529512382531852e-05,2,0,4,0
CLM-002524,2,88,244,4.218107543676565e-05,7,0,0,0
CLM-002525,2,131,61,4.164611123790041e-05,5,0,0,0
CLM-002526,3,120,173,6.298430302035908e-05,2,0,6,0
CLM-002527,3,113,112,5.7169637653715834e-05,5,0,6,0
CLM-002528,3,29,129,5.7498329172720444e-05,6,0,8,0
CLM-002529,3,138,126,5.971906634709394e-05,2,0,6,0
CLM-002530,3,133,244,5.872017861204362e-05,3,0,5,0
CLM-002531,2,86,230,4.439875439877741e-05,3,0,0,0
CLM-002532,3,5,184,5.559322280284326e-05,5,0,8,0
CLM-002533,2,46,231,4.3750875403905655e-05,3,0,0,0
CLM-002534,3,122,299,5.5380525357094004e-05,10,0,6,0
CLM-002535,3,72,241,5.78720705057515e-05,6,0,9,0
CLM-002536,3,78,272,6.0428963463880486e-05,2,0,10,0
CLM-002537,3,148,222,6.551324375098544e-05,0,0,7,0
CLM-002538,3,120,173,5.798721807127358e-05,2,0,5,0
CLM-002539,3,103,178,7.398576345683018e-05,0,0,6,0
CLM-002540,3,122,299,5.886820179080779e-05,3,0,9,0
CLM-002541,2,14,186,4.228756977527226e-05,6,0,0,0
CLM-002542,2,128,197,3.928238336646779e-05,9,0,0,0
CLM-002543,3,142,134,6.151152948743736e-05,2,0,6,0
CLM-002544,2,28,254,5.56512252144686e-05,1,0,0,0
CLM-002545,2,84,191,4.3382582791753515e-05,4,0,0,0
CLM-002546,3,45,190,5.386623591354264e-05,8,0,5,0
CLM-002547,3,46,231,5.97202903786823e-05,1,0,6,0
CLM-002548,2,33,252,4.160036694880946e-05,5,0,0,0
CLM-002549,2,45,190,5.60017517319822e-05,1,0,0,0
CLM-002550,2,60,185,4.2035035679722516e-05,3,0,0,0
CLM-002551,2,56,91,5.213096369183404e-05,1,0,0,0
CLM-002552,3,82,262,6.162672557876434e-05,3,0,9,0
CLM-002553,3,90,201,5.7155116052849484e-05,12,0,11,0
CLM-002554,3,1,187,5.747787854548364e-05,4,0,9,0
CLM-002555,3,5,184,5.757917317068948e-05,3,0,11,0
CLM-002556,3,148,222,5.80480690946095e-05,4,0,7,0
CLM-002557,2,21,196,4.2298940849290336e-05,6,0,0,0
CLM-002558,3,33,252,6.143593827868597e-05,5,0,9,0
CLM-002559,2,25,266,4.228943601423438e-05,3,0,0,0
CLM-002560,2,119,83,4.55792927351059e-05,2,0,0,0
CLM-002561,3,135,141,5.958683241680851e-05,1,0,4,0
CLM-002562,3,16,208,7.76497939100629e-05,0,0,3,0
CLM-002563,3,80,306,6.722549356675995e-05,1,0,4,0
CLM-002564,2,7,228,4.22565318828357e-05,6,0,0,0
CLM-002565,2,7,228,4.292463734007265e-05,10,0,0,0
CLM-002566,2,117,108,4.5309942900082756e-05,5,0,0,0
CLM-002567,3,82,262,6.537475961820737e-05,1,0,7,0
CLM-002568,3,45,190,5.63394767304806e-05,3,0,8,0
CLM-002569,2,99,204,4.2479113263072184e-05,3,0,0,0
CLM-002570,2,82,262,5.450764222999137e-05,2,0,0,0
CLM-002571,3,122,299,5.9234312488830726e-05,11,0,9,0
CLM-002572,3,99,204,5.9228986742307366e-05,4,0,5,0
CLM-002573,2,25,266,4.1379980037995674e-05,4,0,0,0
CLM-002574,3,67,251,6.142075031622548e-05,2,0,6,0
CLM-002575,2,67,251,4.36621050069638e-05,5,0,0,0
CLM-002576,3,82,262,5.9886742314815996e-05,2,0,6,0
CLM-002577,3,82,262,6.139852121622194e-05,2,0,7,0
CLM-002578,3,119,83,7.134777091281444e-05,0,0,8,0
CLM-002579,2,94,78,4.984897673553733e-05,1,0,0,0
CLM-002580,3,70,239,5.63949165336722e-05,3,0,7,0
CLM-002581,2,6,344,4.442029047901246e-05,5,0,0,0
CLM-002582,3,67,251,6.957893988448524e-05,0,0,6,0
CLM-002583,3,88,244,5.522931357241627e-05,4,0,8,0
CLM-002584,2,57,193,4.301281251466322e-05,6,0,0,0
CLM-002585,2,33,252,5.8759590871693165e-05,0,0,0,0
CLM-002586,3,19,261,6.0908270657638995e-05,1,0,8,0
CLM-002587,3,128,197,5.7435091516962155e-05,5,0,8,0
CLM-002588,2,6,344,4.3432813231964226e-05,3,0,0,0
CLM-002589,3,123,185,6.303852511696818e-05,1,0,7,0
CLM-002590,3,20,224,7.381830418880762e-05,1,0,3,0
CLM-002591,3,43,117,7.069265882630819e-05,0,0,11,0
CLM-002592,2,14,186,5.230620264630059e-05,2,0,0,0
CLM-002593,3,5,184,6.017631321780155e-05,2,0,5,0
CLM-002594,2,11,82,4.3948022915305836e-05,3,0,0,0
CLM-002595,3,46,231,5.780124437975927e-05,6,0,7,0
CLM-002596,3,70,239,5.7718527576314394e-05,6,0,7,0
CLM-002597,3,150,122,7.07242942952219e-05,0,0,4,0
CLM-002598,2,142,134,4.8789070342644676e-05,4,0,0,0
CLM-002599,3,90,201,5.919243056839591e-05,2,0,2,0
CLM-002600,3,28,254,5.8565418741054966e-05,1,0,7,0
CLM-002601,2,19,261,5.10503850447942e-05,4,0,0,0
CLM-002602,3,45,190,6.324642129756138e-05,1,0,6,0
CLM-002603,3,86,230,5.505082199124517e-05,3,0,11,0
CLM-002604,3,39,253,5.829956449733382e-05,4,0,3,0
CLM-002605,2,120,173,5.029224819973461e-05,2,0,0,0
CLM-002606,2,31,151,5.252860467093009e-05,2,0,0,0
CLM-002607,2,64,151,4.117095446223481e-05,5,0,0,0
CLM-002608,2,39,253,4.528821842817263e-05,3,0,0,0
CLM-002609,3,19,261,6.296640270411983e-05,4,0,6,0
CLM-002610,2,84,191,5.018863754330154e-05,3,0,0,0
CLM-002611,2,148,222,4.3637978448508206e-05,3,0,0,0
CLM-002612,2,24,168,4.379018615981143e-05,5,0,0,0
CLM-002613,3,16,208,5.74340814942591e-05,4,0,6,0
CLM-002614,2,99,204,3.918201007743058e-05,8,0,0,0
CLM-002615,3,122,299,5.868218225351103e-05,3,0,3,0
CLM-002616,2,123,185,7.126027302684132e-05,0,0,0,0
CLM-002617,3,46,231,5.6865026062081894e-05,8,0,8,0
CLM-002618,3,122,299,6.230941604840863e-05,3,0,6,0
CLM-002619,3,46,231,5.67613379392893e-05,4,0,4,0
CLM-002620,3,148,222,5.837782691837214e-05,1,0,7,0
CLM-002621,3,71,210,6.072622683059946e-05,6,0,4,0
CLM-002622,2,45,190,4.3285836336142704e-05,5,0,0,0
CLM-002623,3,120,173,5.8387248971175445e-05,4,0,8,0
CLM-002624,3,86,230,5.89054134714653e-05,4,0,6,0
CLM-002625,3,19,261,5.908235122498811e-05,4,0,3,0
CLM-002626,2,128,197,5.276341431866672e-05,1,0,0,0
CLM-002627,3,86,230,5.695427001887622e-05,3,0,7,0
CLM-002628,3,25,266,5.742487572818358e-05,4,0,6,0
CLM-002629,3,50,142,5.728169377795938e-05,10,0,8,0
CLM-002630,3,4,171,6.296420594554872e-05,2,0,2,0
CLM-002631,2,24,168,4.5176716251006885e-05,2,0,0,0
CLM-002632,3,19,261,5.660413845344239e-05,3,0,7,0
CLM-002633,3,150,122,5.560184587193455e-05,4,0,10,0
CLM-002634,2,90,201,5.38343331511142e-05,3,0,0,0
CLM-002635,3,50,142,5.822850345663934e-05,7,0,8,0
CLM-002636,3,24,168,5.56019990571724e-05,11,0,3,0
CLM-002637,3,45,190,5.5608473218469646e-05,5,0,8,0
CLM-002638,3,39,253,5.7548590029927936e-05,4,0,6,0
CLM-002639,2,23,168,4.2124642662132026e-05,10,0,0,0
CLM-002640,3,60,185,7.059258657641372e-05,1,0,2,0
CLM-002641,3,70,239,5.761464861707882e-05,6,0,8,0
CLM-002642,3,120,173,5.6962075850331564e-05,5,0,9,0
CLM-002643,3,28,254,5.936558260765426e-05,2,0,4,0
CLM-002644,3,21,196,6.1008543211870236e-05,3,0,6,0
CLM-002645,2,70,239,5.343667580223842e-05,2,0,0,0
CLM-002646,3,45,190,5.80032172087255e-05,3,0,5,0
CLM-002647,3,148,222,8.090247618171288e-05,0,0,4,0
CLM-002648,3,12,118,6.274880810867555e-05,5,0,2,0
CLM-002649,3,7,228,6.4500391603916e-05,0,0,9,0
CLM-002650,3,107,161,6.127508999871287e-05,3,0,6,0
CLM-002651,2,8,77,5.753510450092349e-05,1,0,0,0
CLM-002652,3,46,231,6.67669705874317e-05,2,0,3,0
CLM-002653,3,99,204,6.0401281192381865e-05,3,0,3,0
CLM-002654,3,80,306,5.5614160268145224e-05,6,0,2,0
CLM-002655,2,82,262,4.645870467174484e-05,2,0,0,0
CLM-002656,3,86,230,5.906801678841024e-05,1,0,11,0
CLM-002657,2,150,122,5.355139592605392e-05,3,0,0,0
CLM-002658,2,31,151,4.1010777503665354e-05,7,0,0,0
CLM-002659,3,97,185,6.003814532077576e-05,2,0,6,0
CLM-002660,2,65,160,4.102855114920433e-05,3,0,0,0
CLM-002661,3,133,244,7.258466174876703e-05,1,0,1,0
CLM-002662,3,23,168,6.593941175161863e-05,1,0,4,0
CLM-002663,2,87,114,4.045914116112321e-05,8,0,0,0
CLM-002664,3,112,172,5.6824082618289106e-05,9,0,4,0
CLM-002665,3,54,156,5.7901011219814784e-05,9,0,5,0
CLM-002666,2,46,231,4.877463132680679e-05,2,0,0,0
CLM-002667,2,57,193,5.374943631475972e-05,0,0,0,0
CLM-002668,3,122,299,5.6048278594868274e-05,5,0,8,0
CLM-002669,2,122,299,4.015921750091518e-05,5,0,0,0
CLM-002670,2,45,190,4.23446597259837e-05,4,0,0,0
CLM-002671,3,54,156,6.848518300912853e-05,0,0,9,0
CLM-002672,3,39,253,5.755521134513387e-05,4,0,3,0
CLM-002673,3,24,168,6.094597647499161e-05,5,0,4,0
CLM-002674,2,37,170,5.01077758797581e-05,1,0,0,0
CLM-002675,3,124,145,6.074047573634413e-05,3,0,8,0
CLM-002676,3,19,261,5.8886686784788014e-05,3,0,3,0
CLM-002677,2,64,151,4.261253818327044e-05,2,0,0,0
CLM-002678,2,70,239,5.8288086748172625e-05,0,0,0,0
CLM-002679,2,99,204,4.307330369499051e-05,3,0,0,0
CLM-002680,3,123,185,5.636341093560549e-05,4,0,2,0
CLM-002681,3,39,253,6.331385089071158e-05,1,0,3,0
CLM-002682,2,142,134,4.4948503650633505e-05,7,0,0,0
CLM-002683,3,43,117,6.29607123843149e-05,4,0,4,0
CLM-002684,3,80,306,5.96778943686292e-05,2,0,5,0
CLM-002685,3,17,185,5.8970020046827926e-05,7,0,9,0
CLM-002686,2,21,196,4.436665750103138e-05,6,0,0,0
CLM-002687,2,124,145,4.244490594859501e-05,4,0,0,0
CLM-002688,3,40,252,5.592959681255496e-05,6,0,9,0
CLM-002689,3,103,178,6.0048067528332025e-05,2,0,6,0
CLM-002690,3,6,344,6.604264438559571e-05,1,0,2,0
CLM-002691,2,54,156,4.216424979391699e-05,4,0,0,0
CLM-002692,3,88,244,5.99254651433243e-05,3,0,6,0
CLM-002693,2,99,204,5.663641483974662e-05,0,0,0,0
CLM-002694,3,139,96,5.755996891860584e-05,4,0,6,0
CLM-002695,3,31,151,5.598104296461951e-05,7,0,8,0
CLM-002696,3,40,252,5.7227740776379344e-05,8,0,5,0
CLM-002697,2,16,208,4.7945923561619315e-05,3,0,0,0
CLM-002698,3,103,178,6.280858701328772e-05,1,0,7,0
CLM-002699,2,135,141,4.236662325093036e-05,4,0,0,0
CLM-002700,2,107,161,5.00606504378126e-05,2,0,0,0
CLM-002701,2,131,61,4.708262303554527e-05,3,0,0,0
CLM-002702,2,90,201,5.4619209988800376e-05,0,0,0,0
CLM-002703,3,107,161,6.071880087983843e-05,3,0,7,0
CLM-002704,3,67,251,5.767221262540524e-05,4,0,6,0
CLM-002705,3,117,108,6.22952365199515e-05,1,0,4,0
CLM-002706,3,80,306,6.50091426164069e-05,1,0,10,0
CLM-002707,3,4,171,6.333206334897592e-05,1,0,4,0
CLM-002708,2,70,239,5.4067236069001514e-05,0,0,0,0
CLM-002709,3,25,266,5.728153162664688e-05,3,0,8,0
CLM-002710,2,126,110,5.7199561690515015e-05,1,0,0,0
CLM-002711,3,37,170,6.406983904070211e-05,1,0,3,0
CLM-002712,3,126,110,6.204433905477588e-05,3,0,2,0
CLM-002713,3,65,160,5.836810620082229e-05,7,0,6,0
CLM-002714,3,71,210,5.803618112244655e-05,6,0,4,0
CLM-002715,3,138,126,5.9891893568531674e-05,2,0,11,0
CLM-002716,3,70,239,6.131840889817938e-05,4,0,6,0
CLM-002717,2,148,222,4.566557790776165e-05,1,0,0,0
CLM-002718,2,107,161,4.716827971835013e-05,3,0,0,0
CLM-002719,3,21,196,6.089802782604413e-05,2,0,4,0
CLM-002720,2,124,145,4.835600083226671e-05,1,0,0,0
CLM-002721,3,99,204,6.381449978078435e-05,4,0,3,0
CLM-002722,2,16,208,4.942863802034546e-05,3,0,0,0
CLM-002723,3,1,187,6.049649889114136e-05,2,0,6,0
CLM-002724,2,39,253,4.095831956258356e-05,8,0,0,0
CLM-002725,2,1,187,4.4563256400180344e-05,3,0,0,0
CLM-002726,2,96,149,4.229993107654921e-05,3,0,0,0
CLM-002727,3,113,112,5.769137164430302e-05,4,0,9,0
CLM-002728,2,124,145,4.30977796616314e-05,4,0,0,0
CLM-002729,3,16,208,6.856360057591439e-05,0,0,4,0
CLM-002730,2,56,91,4.8422100516856616e-05,2,0,0,0
CLM-002731,2,142,134,4.346068176434014e-05,3,0,0,0
CLM-002732,3,81,211,6.444364157629206e-05,1,0,7,0
CLM-002733,3,84,191,6.46429397913686e-05,1,0,8,0
CLM-002734,2,136,199,5.9211994538304886e-05,0,0,0,0
CLM-002735,2,107,161,5.00606504378126e-05,2,0,0,0
CLM-002736,2,72,241,4.1476012636952845e-05,4,0,0,0
CLM-002737,3,67,251,5.7769241100905444e-05,3,0,5,0
CLM-002738,3,37,170,6.2784164066841e-05,1,0,6,0
CLM-002739,2,70,239,4.3619682509300395e-05,2,0,0,0
CLM-002740,3,6,344,5.5927474878479965e-05,4,0,7,0
CLM-002741,3,37,170,6.085664048322991e-05,3,0,6,0
CLM-002742,3,133,244,5.851173887117637e-05,4,0,6,0
CLM-002743,2,17,185,3.9702167786055124e-05,12,0,0,0
CLM-002744,2,60,185,4.872609818295373e-05,1,0,0,0
CLM-002745,3,78,272,5.58440405070015e-05,11,0,5,0
CLM-002746,2,86,230,5.121043781581995e-05,1,0,0,0
CLM-002747,2,99,204,4.3876423589645434e-05,1,0,0,0
CLM-002748,3,119,83,5.745411810414502e-05,6,0,6,0
CLM-002749,2,110,151,4.5242353066094744e-05,8,0,0,0
CLM-002750,2,23,168,4.497526291790805e-05,4,0,0,0
CLM-002751,3,122,299,6.088000177241217e-05,2,0,3,0
CLM-002752,3,2,86,6.0889784341133016e-05,5,0,7,0
CLM-002753,3,136,199,5.9470597993429234e-05,1,0,7,0
CLM-002754,3,31,151,6.412825101612015e-05,1,0,5,0
CLM-002755,3,126,110,7.2108356213896e-05,0,0,4,0
CLM-002756,2,112,172,4.551437296630274e-05,1,0,0,0
CLM-002757,3,33,252,6.11557679025707e-05,5,0,3,0
CLM-002758,2,155,5,7.834125474411441e-05,0,0,0,0
CLM-002759,2,22,165,5.06424415309444e-05,1,0,0,0
CLM-002760,3,43,117,6.59451384720069e-05,4,0,1,0
CLM-002761,3,90,201,5.378506691447845e-05,7,0,8,0
CLM-002762,3,122,299,7.504604372186791e-05,1,0,4,0
CLM-002763,2,6,344,4.951043715134118e-05,1,0,0,0
CLM-002764,3,68,161,5.897342584964374e-05,4,0,6,0
CLM-002765,3,33,252,5.8114605769193047e-05,9,0,6,0
CLM-002766,2,39,253,5.574030116375869e-05,1,0,0,0
CLM-002767,2,146,202,4.098203334293266e-05,5,0,0,0
CLM-002768,3,45,190,7.332653072259205e-05,1,0,4,0
CLM-002769,3,70,239,6.0268717576306026e-05,6,0,6,0
CLM-002770,3,99,204,5.738520969692272e-05,3,0,9,0
CLM-002771,2,19,261,4.419811271911621e-05,2,0,0,0
CLM-002772,2,16,208,4.105243290620432e-05,5,0,0,0
CLM-002773,3,111,213,5.8741865764358654e-05,10,0,2,0
CLM-002774,3,111,213,6.793077594606417e-05,0,0,8,0
CLM-002775,3,111,213,6.004290036285601e-05,3,0,5,0
CLM-002776,2,16,208,4.402994215738606e-05,10,0,0,0
CLM-002777,2,122,299,4.0326914800025295e-05,5,0,0,0
CLM-002778,3,122,299,6.17265916810383e-05,2,0,3,0
CLM-002779,3,90,201,5.702684061185819e-05,12,0,5,0
CLM-002780,3,6,344,5.704053728493968e-05,7,0,4,0
CLM-002781,3,88,244,6.087578024179113e-05,2,0,4,0
CLM-002782,3,117,108,5.7180745515567734e-05,4,0,7,0
CLM-002783,2,14,186,4.833511268138362e-05,2,0,0,0
CLM-002784,3,68,161,5.865164814246507e-05,4,0,8,0
CLM-002785,3,42,157,5.394215359486146e-05,9,0,11,0
CLM-002786,3,78,272,6.0005940258203646e-05,4,0,3,0
CLM-002787,2,72,241,4.1858495476425125e-05,5,0,0,0
CLM-002788,3,148,222,6.600639941195578e-05,1,0,9,0
CLM-002789,3,42,157,6.349929422759434e-05,1,0,4,0
CLM-002790,2,87,114,4.11030922992656e-05,8,0,0,0
CLM-002791,3,31,151,5.5676917998133e-05,15,0,5,0
CLM-002792,3,133,244,5.9116788772539784e-05,4,0,7,0
CLM-002793,3,68,161,5.645313783537214e-05,7,0,5,0
CLM-002794,3,17,185,5.9404669059474085e-05,2,0,3,0
CLM-002795,3,80,306,5.257471206254287e-05,7,0,11,0
CLM-002796,3,82,262,5.985749333109418e-05,2,0,6,0
CLM-002797,2,71,210,4.263940809803603e-05,3,0,0,0
CLM-002798,3,5,184,5.803823221783809e-05,6,0,5,0
CLM-002799,3,107,161,5.6450476966640585e-05,7,0,9,0
CLM-002800,3,22,165,5.647202491600941e-05,5,0,5,0
CLM-002801,3,112,172,6.345831131432712e-05,1,0,5,0
CLM-002802,3,43,117,6.511917657660894e-05,2,0,7,0
CLM-002803,2,28,254,4.180864125769035e-05,10,0,0,0
CLM-002804,2,20,224,4.109502443670041e-05,4,0,0,0
CLM-002805,3,136,199,5.759825268651436e-05,3,0,6,0
CLM-002806,3,60,185,5.960602159577103e-05,2,0,5,0
CLM-002807,3,84,191,5.810825332496666e-05,4,0,5,0
CLM-002808,3,54,156,7.323943221003422e-05,0,0,5,0
CLM-002809,3,21,196,5.4211560596632774e-05,15,0,8,0
CLM-002810,2,97,185,4.414644993131598e-05,3,0,0,0
CLM-002811,2,99,204,4.3334166136273435e-05,4,0,0,0
CLM-002812,2,107,161,5.169028135785562e-05,5,0,0,0
CLM-002813,3,33,252,6.0539683514520236e-05,1,0,6,0
CLM-002814,2,16,208,4.290727131556609e-05,7,0,0,0
CLM-002815,2,112,172,4.0377293784120454e-05,9,0,0,0
CLM-002816,3,136,199,5.700980899253943e-05,3,0,8,0
CLM-002817,3,113,112,5.784677571787586e-05,5,0,6,0
CLM-002818,3,5,184,5.7593413298648895e-05,8,0,5,0
CLM-002819,2,19,261,5.721979869680948e-05,1,0,0,0
CLM-002820,2,24,168,4.318301990653807e-05,3,0,0,0
CLM-002821,3,120,173,5.6023222614623406e-05,6,0,4,0
CLM-002822,3,128,197,6.177062378336914e-05,3,0,6,0
CLM-002823,2,110,151,4.3316618216397627e-05,2,0,0,0
CLM-002824,3,107,161,5.792675290308586e-05,5,0,5,0
CLM-002825,3,12,118,5.71461526502997e-05,4,0,9,0
CLM-002826,2,99,204,4.2384745458051204e-05,2,0,0,0
CLM-002827,2,71,210,4.4966356151761e-05,5,0,0,0
CLM-002828,2,54,156,4.374893404995252e-05,2,0,0,0
CLM-002829,2,6,344,3.785415644373211e-05,6,0,0,0
CLM-002830,2,75,184,4.780723830701671e-05,2,0,0,0
CLM-002831,3,6,344,5.558455925686986e-05,3,0,8,0
CLM-002832,2,6,344,5.11008798680486e-05,2,0,0,0
CLM-002833,3,24,168,5.948931829204614e-05,5,0,4,0
CLM-002834,2,65,160,4.128996396072164e-05,8,0,0,0
CLM-002835,2,14,186,5.230620264630059e-05,2,0,0,0
CLM-002836,3,31,151,5.89810132969612e-05,2,0,5,0
CLM-002837,3,126,110,5.606449938393013e-05,5,0,7,0
CLM-002838,3,88,244,6.0089125815371413e-05,3,0,9,0
CLM-002839,3,19,261,6.0997986966821766e-05,5,0,2,0
CLM-002840,2,54,156,4.0056538151973786e-05,5,0,0,0
CLM-002841,3,99,204,5.656174949684888e-05,2,0,6,0
CLM-002842,2,40,252,4.497264213841338e-05,4,0,0,0
CLM-002843,3,31,151,8.291894994534226e-05,0,0,4,0
CLM-002844,3,4,171,5.522079513065368e-05,4,0,6,0
CLM-002845,3,25,266,6.256051113563092e-05,2,0,2,0
CLM-002846,2,128,197,4.4288558430398765e-05,6,0,0,0
CLM-002847,3,40,252,5.918005786057347e-05,1,0,5,0
CLM-002848,2,156,5,7.834125474411441e-05,0,0,0,0
CLM-002849,2,5,184,5.8709335099710746e-05,0,0,0,0
CLM-002850,3,77,134,6.305151500026279e-05,1,0,5,0
CLM-002851,2,123,185,5.2375712569443534e-05,3,0,0,0
CLM-002852,3,46,231,5.586313844305904e-05,5,0,8,0
CLM-002853,2,16,208,4.211233931933621e-05,7,0,0,0
CLM-002854,3,19,261,6.0914559715435736e-05,3,0,3,0
CLM-002855,2,86,230,4.184999007517148e-05,6,0,0,0
CLM-002856,2,70,239,4.2405572503235924e-05,4,0,0,0
CLM-002857,2,112,172,5.799625461123617e-05,1,0,0,0
CLM-002858,2,39,253,4.0110206295907806e-05,3,0,0,0
CLM-002859,3,81,211,6.322502734583228e-05,1,0,8,0
CLM-002860,3,70,239,6.725637741361897e-05,0,0,7,0
CLM-002861,2,68,161,4.492480143011537e-05,3,0,0,0
CLM-002862,3,78,272,5.848019811935499e-05,5,0,4,0
CLM-002863,3,7,228,7.318529451755737e-05,0,0,2,0
CLM-002864,3,96,149,6.354113842867886e-05,1,0,5,0
CLM-002865,2,75,184,4.3590392381379905e-05,6,0,0,0
CLM-002866,3,25,266,5.666474290637385e-05,8,0,5,0
CLM-002867,2,119,83,4.438422479444757e-05,3,0,0,0
CLM-002868,2,21,196,4.380288360206583e-05,5,0,0,0
CLM-002869,3,78,272,5.889053397185628e-05,2,0,6,0
CLM-002870,3,148,222,6.04570808043223e-05,2,0,5,0
CLM-002871,2,81,211,4.148089886077809e-05,6,0,0,0
CLM-002872,3,54,156,6.356607901098079e-05,1,0,5,0
CLM-002873,2,124,145,4.446118137607349e-05,6,0,0,0
CLM-002874,3,86,230,5.7958201634710674e-05,5,0,4,0
CLM-002875,2,80,306,3.916015208109045e-05,6,0,0,0
CLM-002876,2,75,184,4.7022076033824925e-05,2,0,0,0
CLM-002877,2,40,252,4.0205423968720624e-05,6,0,0,0
CLM-002878,3,81,211,5.9233532372146015e-05,4,0,6,0
CLM-002879,2,78,272,4.5154570327507384e-05,5,0,0,0
CLM-002880,2,136,199,4.733799738733841e-05,2,0,0,0
CLM-002881,3,65,160,5.98398277706157e-05,3,0,3,0
CLM-002882,2,82,262,5.450764222999137e-05,2,0,0,0
CLM-002883,2,60,185,4.745131848261918e-05,1,0,0,0
CLM-002884,3,39,253,5.806938876080456e-05,3,0,4,0
CLM-002885,3,70,239,6.366233821692566e-05,1,0,4,0
CLM-002886,2,112,172,4.093490051984379e-05,12,0,0,0
CLM-002887,2,90,201,4.194508353035715e-05,5,0,0,0
CLM-002888,3,135,141,6.0356712876827315e-05,6,0,8,0
CLM-002889,3,6,344,5.641671720948054e-05,14,0,6,0
CLM-002890,3,90,201,6.27393098047974e-05,4,0,4,0
CLM-002891,2,99,204,4.6052540514867665e-05,3,0,0,0
CLM-002892,3,103,178,5.9531530673986765e-05,1,0,8,0
CLM-002893,2,42,157,4.7909414500550946e-05,1,0,0,0
CLM-002894,3,40,252,5.5776988138829546e-05,6,0,6,0
CLM-002895,3,65,160,5.6183792032283015e-05,9,0,6,0
CLM-002896,2,11,82,4.312318974058707e-05,4,0,0,0
CLM-002897,2,75,184,5.1573148773289046e-05,1,0,0,0
CLM-002898,3,97,185,6.7092750845455e-05,0,0,5,0
CLM-002899,3,45,190,5.8352016323140356e-05,3,0,4,0
CLM-002900,2,135,141,4.160416477706824e-05,4,0,0,0
CLM-002901,2,57,193,4.088212950217551e-05,5,0,0,0
CLM-002902,3,99,204,5.700330904962982e-05,4,0,3,0
CLM-002903,3,7,228,5.842184232671119e-05,6,0,9,0
CLM-002904,3,82,262,5.8459915520405706e-05,3,0,4,0
CLM-002905,3,120,173,5.8752648382138936e-05,5,0,4,0
CLM-002906,3,46,231,6.412317599198862e-05,2,0,4,0
CLM-002907,3,3,130,5.984420061846461e-05,4,0,7,0
CLM-002908,3,67,251,5.561519407546333e-05,6,0,2,0
CLM-002909,3,122,299,6.505901502780248e-05,4,0,5,0
CLM-002910,3,42,157,5.959209092238715e-05,2,0,4,0
CLM-002911,3,142,134,5.7931557393222986e-05,7,0,5,0
CLM-002912,2,81,211,4.5655933456866656e-05,3,0,0,0
CLM-002913,2,157,6,6.231403261615587e-05,1,0,0,0
CLM-002914,2,80,306,6.336773531041557e-05,0,0,0,0
CLM-002915,3,33,252,5.834907878587378e-05,2,0,7,0
CLM-002916,2,23,168,5.494953304651655e-05,0,0,0,0
CLM-002917,2,150,122,4.6570069162433725e-05,1,0,0,0
CLM-002918,3,113,112,6.464045299578119e-05,2,0,6,0
CLM-002919,3,14,186,6.0130924237062e-05,4,0,7,0
CLM-002920,3,56,91,6.20768199440451e-05,1,0,12,0
CLM-002921,3,67,251,6.0496324309352354e-05,4,0,6,0
CLM-002922,2,142,134,4.346068176434014e-05,3,0,0,0
CLM-002923,3,128,197,7.119850496368357e-05,1,0,6,0
CLM-002924,3,146,202,5.735020853932896e-05,5,0,5,0
CLM-002925,3,70,239,6.540534265029482e-05,0,0,6,0
CLM-002926,3,123,185,5.5051897793602e-05,4,0,7,0
CLM-002927,3,79,85,6.36668349985172e-05,1,0,8,0
CLM-002928,3,33,252,5.7435452974798575e-05,7,0,5,0
CLM-002929,3,118,113,5.7860092420971184e-05,4,0,4,0
CLM-002930,2,102,256,4.499449432990151e-05,4,0,0,0
CLM-002931,3,7,228,5.9875607656126573e-05,6,0,6,0
CLM-002932,2,22,165,4.103666411692129e-05,5,0,0,0
CLM-002933,2,118,113,4.3302906754932315e-05,3,0,0,0
CLM-002934,2,21,196,4.498773506820604e-05,5,0,0,0
CLM-002935,3,22,165,6.171630738470088e-05,2,0,5,0
CLM-002936,3,21,196,5.42046003270577e-05,15,0,9,0
CLM-002937,2,128,197,4.9453597771212936e-05,1,0,0,0
CLM-002938,2,120,173,4.166790759161748e-05,5,0,0,0
CLM-002939,3,28,254,6.0867122516999135e-05,2,0,5,0
CLM-002940,3,117,108,7.175371874601789e-05,0,0,9,0
CLM-002941,3,7,228,6.028937087661241e-05,4,0,2,0
CLM-002942,2,6,344,5.824281836586511e-05,0,0,0,0
CLM-002943,3,80,306,5.765426848272117e-05,3,0,7,0
CLM-002944,3,25,266,6.600700485619088e-05,0,0,4,0
CLM-002945,3,81,211,6.224233266380235e-05,5,0,6,0
CLM-002946,3,107,161,5.906672075462431e-05,2,0,9,0
CLM-002947,3,113,112,6.266514233528066e-05,5,0,5,0
CLM-002948,3,75,184,5.969158279467968e-05,4,0,4,0
CLM-002949,2,28,254,4.091684648415296e-05,9,0,0,0
CLM-002950,3,19,261,7.46724291876625e-05,0,0,2,0
CLM-002951,3,146,202,6.552718339863256e-05,6,0,3,0
CLM-002952,2,43,117,4.610615713763732e-05,2,0,0,0
CLM-002953,3,139,96,5.779218789002992e-05,4,0,4,0
CLM-002954,2,68,161,4.306862360671526e-05,7,0,0,0
CLM-002955,3,94,78,5.860919882765573e-05,5,0,6,0
CLM-002956,3,3,130,5.450382489594914e-05,4,0,7,0
CLM-002957,3,79,85,5.833786310555167e-05,6,0,6,0
CLM-002958,2,57,193,4.6705230303761685e-05,1,0,0,0
CLM-002959,2,90,201,4.813719025125677e-05,2,0,0,0
CLM-002960,2,111,213,4.395793873946102e-05,3,0,0,0
CLM-002961,2,86,230,5.008531693907507e-05,1,0,0,0
CLM-002962,3,6,344,6.78887451952645e-05,1,0,4,0
CLM-002963,2,21,196,3.905402960689403e-05,15,0,0,0
CLM-002964,3,70,239,5.932391710214185e-05,5,0,6,0
CLM-002965,3,37,170,6.985595688918569e-05,1,0,10,0
CLM-002966,3,148,222,5.6533363550985725e-05,12,0,8,0
CLM-002967,3,8,77,6.674980479915812e-05,1,0,6,0
CLM-002968,2,126,110,5.0078490145060834e-05,1,0,0,0
CLM-002969,2,37,170,5.5270267594642155e-05,0,0,0,0
CLM-002970,3,19,261,5.796660377661299e-05,8,0,3,0
CLM-002971,3,52,65,5.736235003173923e-05,4,0,6,0
CLM-002972,2,138,126,4.4256183876049794e-05,3,0,0,0
CLM-002973,2,77,134,4.2037759192897876e-05,7,0,0,0
CLM-002974,3,118,113,5.738679807026654e-05,4,0,4,0
CLM-002975,2,33,252,4.5000677963247224e-05,5,0,0,0
CLM-002976,2,88,244,4.867400464620495e-05,2,0,0,0
CLM-002977,3,96,149,5.473377389238201e-05,7,0,6,0
CLM-002978,2,23,168,5.737784365287141e-05,2,0,0,0
CLM-002979,3,131,61,5.9346370700755205e-05,2,0,6,0
CLM-002980,3,57,193,6.897814140242932e-05,1,0,2,0
CLM-002981,3,70,239,6.34136823352665e-05,6,0,2,0
CLM-002982,3,77,134,7.328085828569404e-05,0,0,7,0
CLM-002983,3,16,208,5.752082686491444e-05,2,0,6,0
CLM-002984,2,6,344,4.2998520834888866e-05,2,0,0,0
CLM-002985,2,103,178,4.2379068742382475e-05,3,0,0,0
CLM-002986,3,111,213,6.162353237017696e-05,2,0,6,0
CLM-002987,2,46,231,4.3750875403905655e-05,3,0,0,0
CLM-002988,2,46,231,4.983241558183426e-05,1,0,0,0
CLM-002989,3,88,244,5.571500876396973e-05,8,0,4,0
CLM-002990,3,20,224,5.569920753764e-05,4,0,4,0
CLM-002991,2,28,254,4.968609083211653e-05,1,0,0,0
CLM-002992,3,67,251,6.80870104884278e-05,0,0,12,0
CLM-002993,3,1,187,5.71327749079852e-05,3,0,7,0
CLM-002994,3,67,251,5.685856248424502e-05,3,0,3,0
CLM-002995,2,102,256,4.0870456222913675e-05,4,0,0,0
CLM-002996,3,25,266,6.18340989885149e-05,2,0,5,0
CLM-002997,2,133,244,4.551108866198675e-05,3,0,0,0
CLM-002998,2,61,56,6.333203984012524e-05,1,0,0,0
CLM-002999,2,148,222,3.962769927086027e-05,5,0,0,0
CLM-003000,2,97,185,5.155072255139666e-05,3,0,0,0
CLM-003001,2,23,168,5.3863056175996894e-05,1,0,0,0
CLM-003002,2,119,83,6.474671340690853e-05,0,0,0,0
CLM-003003,2,103,178,4.376933291024117e-05,4,0,0,0
CLM-003004,3,77,134,6.577953288150961e-05,0,0,10,0
CLM-003005,3,75,184,5.69734236658305e-05,12,0,2,0
CLM-003006,2,3,130,4.476894422138873e-05,3,0,0,0
CLM-003007,3,122,299,5.8509455947334845e-05,5,0,4,0
CLM-003008,3,102,256,5.6515221325257e-05,3,0,4,0
CLM-003009,2,80,306,4.3876185839829167e-05,4,0,0,0
CLM-003010,3,20,224,6.016974536385279e-05,6,0,3,0
CLM-003011,2,80,306,4.099050995185376e-05,7,0,0,0
CLM-003012,3,126,110,5.783664682768792e-05,5,0,3,0
CLM-003013,3,82,262,6.260729852744908e-05,6,0,2,0
CLM-003014,3,45,190,5.900145947024329e-05,2,0,6,0
CLM-003015,3,3,130,5.5016533413953446e-05,4,0,9,0
CLM-003016,2,46,231,4.2981371158760126e-05,2,0,0,0
CLM-003017,3,65,160,6.649540587760365e-05,1,0,6,0
CLM-003018,2,19,261,4.3495986290148744e-05,8,0,0,0
CLM-003019,3,19,261,5.6914248355066856e-05,7,0,4,0
CLM-003020,3,82,262,6.0238113231025584e-05,6,0,5,0
CLM-003021,2,12,118,4.954298349734686e-05,1,0,0,0
CLM-003022,3,42,157,6.153495511355042e-05,3,0,3,0
CLM-003023,3,33,252,5.708973198228988e-05,10,0,9,0
CLM-003024,3,21,196,6.230615421178663e-05,2,0,6,0
CLM-003025,3,102,256,6.3346356204307e-05,2,0,7,0
CLM-003026,2,90,201,6.807448150283801e-05,0,0,0,0
CLM-003027,3,20,224,6.259657171033247e-05,2,0,11,0
CLM-003028,3,16,208,5.979288001969857e-05,1,0,8,0
CLM-003029,2,43,117,5.116198448714183e-05,1,0,0,0
CLM-003030,3,122,299,6.175301535374952e-05,4,0,5,0
CLM-003031,2,82,262,5.727325839879484e-05,1,0,0,0
CLM-003032,3,142,134,6.188643771378575e-05,3,0,4,0
CLM-003033,3,80,306,6.824552081854054e-05,0,0,8,0
CLM-003034,2,110,151,4.2349707996732385e-05,3,0,0,0
CLM-003035,3,146,202,5.593584852553731e-05,3,0,9,0
CLM-003036,3,1,187,6.747186930878074e-05,3,0,8,0
CLM-003037,2,50,142,4.773799209355471e-05,5,0,0,0
CLM-003038,3,102,256,6.435645383030984e-05,2,0,5,0
CLM-003039,3,4,171,6.0177938750730725e-05,4,0,3,0
CLM-003040,2,6,344,4.8421778690065285e-05,2,0,0,0
CLM-003041,2,70,239,4.462269294545107e-05,3,0,0,0
CLM-003042,3,128,197,6.618530512320855e-05,1,0,9,0
CLM-003043,3,20,224,6.127226678016342e-05,2,0,6,0
CLM-003044,3,50,142,5.934755269807536e-05,5,0,3,0
CLM-003045,2,135,141,5.324001984286659e-05,1,0,0,0
CLM-003046,3,42,157,6.163199541812418e-05,3,0,3,0
CLM-003047,2,78,272,4.812382797341415e-05,1,0,0,0
CLM-003048,3,123,185,6.092342290657618e-05,3,0,6,0
CLM-003049,3,133,244,6.0408786374391726e-05,6,0,3,0
CLM-003050,3,123,185,5.6240749871867986e-05,7,0,6,0
CLM-003051,2,136,199,4.108691104767261e-05,9,0,0,0
CLM-003052,2,68,161,4.7740579925362086e-05,2,0,0,0
CLM-003053,2,80,306,3.962821299608673e-05,5,0,0,0
CLM-003054,2,8,77,5.933643229685421e-05,1,0,0,0
CLM-003055,2,24,168,4.2879223344505305e-05,3,0,0,0
CLM-003056,2,81,211,4.719637061248553e-05,1,0,0,0
CLM-003057,2,146,202,4.705632958687058e-05,2,0,0,0
CLM-003058,3,119,83,5.427371917784706e-05,5,0,11,0
CLM-003059,3,6,344,5.650411971339723e-05,4,0,3,0
CLM-003060,3,80,306,5.685862559369647e-05,3,0,7,0
CLM-003061,3,77,134,6.013881610619134e-05,2,0,10,0
CLM-003062,2,19,261,4.343308784559182e-05,3,0,0,0
CLM-003063,3,43,117,5.975674808880214e-05,5,0,7,0
CLM-003064,3,82,262,6.553269629867425e-05,2,0,4,0
CLM-003065,3,99,204,5.8024719583922503e-05,5,0,5,0
CLM-003066,3,67,251,6.794116455052942e-05,1,0,4,0
CLM-003067,3,54,156,6.0885858221103935e-05,2,0,6,0
CLM-003068,3,99,204,6.014339841573992e-05,2,0,8,0
CLM-003069,3,46,231,5.5636382620400736e-05,6,0,8,0
CLM-003070,3,97,185,5.905237054053514e-05,7,0,3,0
CLM-003071,2,131,61,4.576530606515923e-05,3,0,0,0
CLM-003072,3,17,185,6.06828826449461e-05,3,0,3,0
CLM-003073,3,16,208,6.335059979958078e-05,3,0,9,0
CLM-003074,3,97,185,5.6032054186919256e-05,5,0,6,0
CLM-003075,3,102,256,5.79206328010433e-05,2,0,6,0
CLM-003076,2,97,185,4.430101436086891e-05,2,0,0,0
CLM-003077,2,5,184,4.5960194129909095e-05,1,0,0,0
CLM-003078,2,1,187,4.613059140545986e-05,3,0,0,0
CLM-003079,3,77,134,5.561341101372969e-05,8,0,7,0
CLM-003080,3,28,254,5.618189608728968e-05,3,0,6,0
CLM-003081,2,6,344,4.939751652489806e-05,3,0,0,0
CLM-003082,2,84,191,5.104734603425526e-05,4,0,0,0
CLM-003083,2,88,244,5.135818128848556e-05,2,0,0,0
CLM-003084,2,88,244,4.218107543676565e-05,7,0,0,0
CLM-003085,2,70,239,4.457076423454313e-05,4,0,0,0
CLM-003086,2,94,78,4.427874570044941e-05,2,0,0,0
CLM-003087,3,45,190,5.906414845033957e-05,2,0,6,0
CLM-003088,3,131,61,7.666622334121183e-05,1,0,2,0
CLM-003089,3,17,185,6.113274318428975e-05,4,0,2,0
CLM-003090,3,113,112,5.618906161473216e-05,5,0,9,0
CLM-003091,2,52,65,6.398362959083326e-05,0,0,0,0
CLM-003092,2,148,222,4.138524420551898e-05,12,0,0,0
CLM-003093,3,24,168,5.7651962225349096e-05,8,0,5,0
CLM-003094,2,16,208,4.116610690077851e-05,5,0,0,0
CLM-003095,2,19,261,5.00455857986457e-05,4,0,0,0
CLM-003096,2,23,168,4.154902720525224e-05,10,0,0,0
CLM-003097,3,64,151,6.529424083105076e-05,5,0,4,0
CLM-003098,3,67,251,7.172325673710588e-05,0,0,9,0
CLM-003099,3,6,344,6.59876177630159e-05,2,0,8,0
CLM-003100,3,22,165,6.099718335620769e-05,2,0,6,0
CLM-003101,2,122,299,6.559280325178757e-05,0,0,0,0
CLM-003102,2,88,244,4.738943022864484e-05,2,0,0,0
CLM-003103,2,111,213,5.066115508614857e-05,4,0,0,0
CLM-003104,2,2,86,5.7717606808438014e-05,0,0,0,0
CLM-003105,2,14,186,4.378678301000536e-05,10,0,0,0
CLM-003106,2,97,185,6.143395543584704e-05,0,0,0,0
CLM-003107,3,138,126,6.803295956919297e-05,3,0,5,0
CLM-003108,2,21,196,4.1921980863269886e-05,10,0,0,0
CLM-003109,3,80,306,5.6342121627198984e-05,14,0,7,0
CLM-003110,3,71,210,5.830668551163143e-05,3,0,8,0
CLM-003111,3,19,261,6.480900225288406e-05,2,0,4,0
CLM-003112,2,28,254,4.055017941934837e-05,8,0,0,0
CLM-003113,2,102,256,4.470501446321785e-05,3,0,0,0
CLM-003114,3,111,213,5.9803526349595165e-05,2,0,8,0
CLM-003115,3,96,149,5.932487957586185e-05,3,0,4,0
CLM-003116,3,21,196,6.114949580739263e-05,5,0,3,0
CLM-003117,3,60,185,5.698495073443751e-05,7,0,8,0
CLM-003118,3,124,145,5.953390186024993e-05,3,0,6,0
CLM-003119,2,80,306,4.833453772305349e-05,4,0,0,0
CLM-003120,2,23,168,4.312766838192464e-05,2,0,0,0
CLM-003121,3,6,344,6.010061431110583e-05,5,0,4,0
CLM-003122,3,86,230,5.797110089117702e-05,7,0,9,0
CLM-003123,2,21,196,4.2927075089929254e-05,7,0,0,0
CLM-003124,2,96,149,4.4645535237349305e-05,2,0,0,0
CLM-003125,2,67,251,4.899159549225975e-05,1,0,0,0
CLM-003126,2,117,108,4.647195133582629e-05,3,0,0,0
CLM-003127,2,90,201,4.038405540474593e-05,5,0,0,0
CLM-003128,3,43,117,5.7171233663121314e-05,5,0,11,0
CLM-003129,3,52,65,5.81912741248506e-05,4,0,8,0
CLM-003130,3,103,178,6.248570946279101e-05,3,0,3,0
CLM-003131,3,14,186,6.010579530519847e-05,3,0,9,0
CLM-003132,2,60,185,4.2606086446264086e-05,4,0,0,0
CLM-003133,3,112,172,5.83205178516949e-05,2,0,8,0
CLM-003134,3,42,157,6.297803668495631e-05,1,0,5,0
CLM-003135,3,67,251,5.65572306523731e-05,5,0,7,0
CLM-003136,3,128,197,6.0729332480480634e-05,2,0,10,0
CLM-003137,2,24,168,4.186288527152187e-05,5,0,0,0
CLM-003138,3,1,187,6.147105444411413e-05,3,0,13,0
CLM-003139,3,103,178,6.0861167596096254e-05,2,0,7,0
CLM-003140,2,16,208,4.365966458730577e-05,10,0,0,0
CLM-003141,3,40,252,5.605917233900704e-05,11,0,4,0
CLM-003142,3,75,184,6.250978220499688e-05,2,0,6,0
CLM-003143,3,64,151,5.723379298614655e-05,3,0,6,0
CLM-003144,3,1,187,5.547114048330656e-05,5,0,7,0
CLM-003145,3,97,185,6.777634348385117e-05,3,0,1,0
CLM-003146,3,72,241,5.567123512616286e-05,4,0,8,0
CLM-003147,3,122,299,5.5877257612020536e-05,5,0,5,0
CLM-003148,3,20,224,6.321262556063302e-05,1,0,5,0
CLM-003149,3,138,126,7.217806564316293e-05,1,0,5,0
CLM-003150,3,81,211,5.9785667620645356e-05,4,0,4,0
CLM-003151,3,1,187,6.30667763161382e-05,1,0,7,0
CLM-003152,2,136,199,4.2317314644750414e-05,5,0,0,0
CLM-003153,2,90,201,4.229615981345353e-05,5,0,0,0
CLM-003154,2,118,113,5.4786136771932776e-05,1,0,0,0
CLM-003155,3,148,222,6.1003011951480535e-05,4,0,4,0
CLM-003156,3,99,204,5.736040142536815e-05,2,0,4,0
CLM-003157,2,42,157,3.977289814293149e-05,9,0,0,0
CLM-003158,3,45,190,5.970204436073278e-05,5,0,9,0
CLM-003159,2,126,110,5.3875581083685653e-05,1,0,0,0
CLM-003160,3,7,228,5.7708443748420256e-05,1,0,7,0
CLM-003161,2,5,184,5.0276200392003404e-05,3,0,0,0
CLM-003162,3,128,197,6.086428550569527e-05,2,0,9,0
CLM-003163,3,23,168,5.671542721494192e-05,4,0,7,0
CLM-003164,3,50,142,5.4675729630480994e-05,4,0,9,0
CLM-003165,3,88,244,6.756038237730857e-05,3,0,8,0
CLM-003166,2,102,256,3.8448575192173156e-05,7,0,0,0
CLM-003167,2,68,161,4.671780990096417e-05,2,0,0,0
CLM-003168,3,12,118,5.614933771038869e-05,6,0,6,0
CLM-003169,3,7,228,6.467043392683797e-05,1,0,2,0
CLM-003170,2,82,262,4.1066899387737845e-05,3,0,0,0
CLM-003171,3,4,171,5.5092967394709594e-05,4,0,4,0
CLM-003172,3,19,261,6.146342173390755e-05,9,0,7,0
CLM-003173,2,103,178,5.0181617277400086e-05,4,0,0,0
CLM-003174,3,99,204,5.5137425316475924e-05,3,0,6,0
CLM-003175,3,21,196,5.49448688909982e-05,15,0,5,0
CLM-003176,3,79,85,6.24912587093372e-05,6,0,1,0
CLM-003177,3,6,344,5.9158913999551376e-05,3,0,2,0
CLM-003178,3,102,256,6.620842125073923e-05,4,0,1,0
CLM-003179,2,25,266,4.1953803315128545e-05,6,0,0,0
CLM-003180,3,31,151,6.595120829394984e-05,7,0,3,0
CLM-003181,3,75,184,7.209721922764592e-05,0,0,6,0
CLM-003182,3,150,122,5.934791631068063e-05,2,0,8,0
CLM-003183,2,88,244,5.499901923008234e-05,0,0,0,0
CLM-003184,3,65,160,5.5590223297721616e-05,8,0,10,0
CLM-003185,3,24,168,5.7358002080777786e-05,11,0,6,0
CLM-003186,3,31,151,5.9308497881477984e-05,6,0,4,0
CLM-003187,3,75,184,7.257388522998793e-05,0,0,3,0
CLM-003188,2,11,82,4.685717906510759e-05,3,0,0,0
CLM-003189,3,88,244,5.9662507487555694e-05,2,0,6,0
CLM-003190,2,11,82,4.325985523250367e-05,5,0,0,0
CLM-003191,2,90,201,4.246614594759162e-05,6,0,0,0
CLM-003192,2,122,299,4.760699746848477e-05,4,0,0,0
CLM-003193,2,29,129,4.231170093503665e-05,5,0,0,0
CLM-003194,2,23,168,4.207524208284788e-05,3,0,0,0
CLM-003195,3,112,172,5.743376835995169e-05,5,0,11,0
CLM-003196,2,70,239,4.2405572503235924e-05,4,0,0,0
CLM-003197,3,14,186,5.429605900616073e-05,6,0,6,0
CLM-003198,3,16,208,6.30422495744404e-05,3,0,8,0
CLM-003199,2,154,7,7.399850799169972e-05,0,0,0,0
CLM-003200,2,133,244,4.5202288918323455e-05,3,0,0,0
CLM-003201,2,103,178,5.1187859638461756e-05,1,0,0,0
CLM-003202,2,46,231,6.088612583829074e-05,0,0,0,0
CLM-003203,2,80,306,4.176254596832003e-05,7,0,0,0
CLM-003204,3,65,160,6.132928193597363e-05,3,0,4,0
CLM-003205,3,80,306,6.912323817092028e-05,2,0,6,0
CLM-003206,3,82,262,5.6429581887737855e-05,7,0,4,0
CLM-003207,3,128,197,5.962746659518859e-05,5,0,9,0
CLM-003208,3,50,142,5.8994685130912545e-05,4,0,5,0
CLM-003209,2,78,272,4.0844878109648116e-05,9,0,0,0
CLM-003210,2,21,196,6.970703849545494e-05,0,0,0,0
CLM-003211,2,40,252,4.3101451667752454e-05,6,0,0,0
CLM-003212,3,54,156,7.204570605151563e-05,0,0,5,0
CLM-003213,2,102,256,5.2763917471361636e-05,1,0,0,0
CLM-003214,2,80,306,4.044238276898266e-05,6,0,0,0
CLM-003215,3,65,160,6.294251069067612e-05,2,0,7,0
CLM-003216,3,136,199,6.333897076798128e-05,3,0,4,0
CLM-003217,3,40,252,6.603658091541045e-05,1,0,11,0
CLM-003218,2,124,145,4.3805620497174446e-05,2,0,0,0
CLM-003219,2,71,210,4.7127548771556684e-05,1,0,0,0
CLM-003220,2,68,161,4.4079214959353366e-05,4,0,0,0
CLM-003221,2,16,208,4.152464421507905e-05,10,0,0,0
CLM-003222,2,136,199,6.927094880708451e-05,0,0,0,0
CLM-003223,2,61,56,4.541919271955827e-05,5,0,0,0
CLM-003224,3,110,151,5.976842104148145e-05,3,0,4,0
CLM-003225,3,39,253,5.7349922038370536e-05,4,0,8,0
CLM-003226,2,120,173,4.2294132213550816e-05,5,0,0,0
CLM-003227,2,113,112,4.1210764730481746e-05,5,0,0,0
CLM-003228,3,142,134,5.605359669776431e-05,8,0,8,0
CLM-003229,3,138,126,6.257755607615967e-05,1,0,8,0
CLM-003230,3,78,272,6.212530501791973e-05,4,0,7,0
CLM-003231,3,75,184,6.197098687969742e-05,1,0,5,0
CLM-003232,2,88,244,4.282218083894613e-05,5,0,0,0
CLM-003233,3,135,141,5.96595998779283e-05,3,0,9,0
CLM-003234,3,28,254,6.0174257007302874e-05,2,0,8,0
CLM-003235,3,123,185,5.501979419682841e-05,5,0,5,0
CLM-003236,3,39,253,6.199218645272996e-05,3,0,2,0
CLM-003237,2,28,254,4.01798939839061e-05,3,0,0,0
CLM-003238,3,40,252,5.5086159911692145e-05,6,0,6,0
CLM-003239,2,3,130,5.0799941972336124e-05,1,0,0,0
CLM-003240,2,11,82,5.6063504465941176e-05,1,0,0,0
CLM-003241,2,54,156,4.2176071244874316e-05,9,0,0,0
CLM-003242,2,70,239,4.556342088810009e-05,1,0,0,0
CLM-003243,3,124,145,6.700198861886779e-05,0,0,5,0
CLM-003244,2,46,231,4.450708067989254e-05,8,0,0,0
CLM-003245,3,1,187,5.660784126180083e-05,3,0,5,0
CLM-003246,2,21,196,4.381366699812271e-05,2,0,0,0
CLM-003247,3,25,266,5.7561648441841854e-05,3,0,5,0
CLM-003248,2,77,134,4.1126578377831664e-05,3,0,0,0
CLM-003249,2,39,253,5.547869268621983e-05,1,0,0,0
CLM-003250,2,22,165,5.184795821770258e-05,2,0,0,0
CLM-003251,3,80,306,6.598794144983445e-05,1,0,7,0
CLM-003252,3,96,149,5.986377791625107e-05,2,0,8,0
CLM-003253,3,97,185,5.916343560513204e-05,3,0,3,0
CLM-003254,3,68,161,6.316932059975442e-05,2,0,5,0
CLM-003255,3,33,252,6.857099341382467e-05,0,0,6,0
CLM-003256,2,111,213,5.0160400910928046e-05,1,0,0,0
CLM-003257,2,146,202,4.765544124781045e-05,3,0,0,0
CLM-003258,3,14,186,7.092325669144583e-05,0,0,7,0
CLM-003259,2,128,197,4.301009944888707e-05,6,0,0,0
CLM-003260,3,28,254,5.572224782671442e-05,6,0,7,0
CLM-003261,3,99,204,5.557425435181741e-05,4,0,11,0
CLM-003262,3,96,149,5.512959607426348e-05,7,0,6,0
CLM-003263,3,31,151,6.131122353511626e-05,2,0,6,0
CLM-003264,3,78,272,5.573619660225167e-05,11,0,6,0
CLM-003265,2,28,254,4.044286188215408e-05,5,0,0,0
CLM-003266,3,107,161,6.0359890430650765e-05,7,0,6,0
CLM-003267,2,97,185,4.5874211512659196e-05,1,0,0,0
CLM-003268,2,139,96,4.5559924897421666e-05,8,0,0,0
CLM-003269,2,113,112,6.871002598706559e-05,0,0,0,0
CLM-003270,3,8,77,7.538624710208519e-05,0,0,3,0
CLM-003271,3,1,187,5.613176918198953e-05,4,0,6,0
CLM-003272,3,60,185,6.500946076724292e-05,1,0,4,0
CLM-003273,3,146,202,6.23947248257575e-05,1,0,9,0
CLM-003274,2,131,61,4.164611123790041e-05,5,0,0,0
CLM-003275,3,124,145,5.76736556149852e-05,4,0,8,0
CLM-003276,3,17,185,5.758552715528234e-05,7,0,9,0
CLM-003277,3,110,151,5.915158702079709e-05,2,0,7,0
CLM-003278,3,25,266,5.969337967186013e-05,6,0,5,0
CLM-003279,3,5,184,5.791582142660606e-05,8,0,4,0
CLM-003280,2,96,149,5.627261826509591e-05,1,0,0,0
CLM-003281,3,118,113,5.7878782708286114e-05,3,0,8,0
CLM-003282,2,142,134,4.147957038159782e-05,7,0,0,0
CLM-003283,2,123,185,4.424664186254722e-05,2,0,0,0
CLM-003284,3,23,168,5.939131357139342e-05,2,0,8,0
CLM-003285,3,23,168,6.077929192243396e-05,3,0,6,0
CLM-003286,3,78,272,5.72422429577855e-05,2,0,9,0
CLM-003287,3,54,156,6.559183024695329e-05,0,0,10,0
CLM-003288,2,42,157,4.506732494944507e-05,3,0,0,0
CLM-003289,2,94,78,4.2431220801231114e-05,8,0,0,0
CLM-003290,2,31,151,4.2651489805195964e-05,8,0,0,0
CLM-003291,3,5,184,5.6941066070988953e-05,5,0,8,0
CLM-003292,2,75,184,4.602453055537224e-05,1,0,0,0
CLM-003293,2,68,161,4.0879966534742696e-05,8,0,0,0
CLM-003294,3,6,344,5.3451090050441706e-05,6,0,3,0
CLM-003295,3,20,224,5.872027470787266e-05,2,0,5,0
CLM-003296,2,70,239,4.395931079030503e-05,5,0,0,0
CLM-003297,2,28,254,4.4505589836377225e-05,2,0,0,0
CLM-003298,2,16,208,4.673290721558175e-05,1,0,0,0
CLM-003299,3,57,193,6.216153446710873e-05,3,0,5,0
CLM-003300,3,113,112,5.573058405137692e-05,4,0,9,0
CLM-003301,2,111,213,3.939515511235254e-05,7,0,0,0
CLM-003302,2,39,253,4.27461540660509e-05,8,0,0,0
CLM-003303,2,46,231,4.308716079888093e-05,3,0,0,0
CLM-003304,3,72,241,5.9072853196527276e-05,2,0,9,0
CLM-003305,3,31,151,6.101359987596623e-05,2,0,12,0
CLM-003306,3,4,171,5.742298870934002e-05,3,0,4,0
CLM-003307,3,40,252,5.768052473170194e-05,6,0,4,0
CLM-003308,2,33,252,4.710212261470325e-05,2,0,0,0
CLM-003309,2,78,272,5.110196016446181e-05,4,0,0,0
CLM-003310,3,12,118,6.081101951193991e-05,4,0,8,0
CLM-003311,3,72,241,5.564837609613005e-05,6,0,11,0
CLM-003312,3,5,184,6.246283603377191e-05,2,0,2,0
CLM-003313,2,25,266,4.2555686625610097e-05,5,0,0,0
CLM-003314,3,78,272,5.8439426964591816e-05,6,0,3,0
CLM-003315,3,8,77,6.117391243588545e-05,1,0,4,0
CLM-003316,3,39,253,5.554531795427346e-05,3,0,7,0
CLM-003317,2,56,91,4.283637148825516e-05,3,0,0,0
CLM-003318,2,150,122,4.9447129918757836e-05,3,0,0,0
CLM-003319,3,72,241,5.575325024872103e-05,4,0,8,0
CLM-003320,2,20,224,5.484764844272362e-05,1,0,0,0
CLM-003321,3,142,134,5.7260474271457235e-05,7,0,5,0
CLM-003322,3,84,191,5.92206355158047e-05,3,0,5,0
CLM-003323,2,84,191,4.2402993264056864e-05,5,0,0,0
CLM-003324,2,3,130,5.1835742785322434e-05,3,0,0,0
CLM-003325,3,57,193,5.900693113252704e-05,6,0,7,0
CLM-003326,3,146,202,5.650022500126048e-05,4,0,5,0
CLM-003327,3,110,151,6.037240553736885e-05,1,0,9,0
CLM-003328,3,102,256,5.9348485401452405e-05,3,0,11,0
CLM-003329,3,31,151,6.579558216458217e-05,0,0,4,0
CLM-003330,3,6,344,5.872936443065408e-05,3,0,8,0
CLM-003331,2,29,129,4.539600909622352e-05,5,0,0,0
CLM-003332,3,148,222,5.457916396276505e-05,5,0,4,0
CLM-003333,2,97,185,5.770547316524527e-05,3,0,0,0
CLM-003334,2,21,196,4.4649236407947443e-05,5,0,0,0
CLM-003335,3,90,201,5.494693516121807e-05,4,0,10,0
CLM-003336,2,45,190,4.414984986583044e-05,2,0,0,0
CLM-003337,2,39,253,4.298286943011832e-05,3,0,0,0
CLM-003338,3,28,254,6.576597924210227e-05,1,0,5,0
CLM-003339,2,81,211,4.4393838897551326e-05,8,0,0,0
CLM-003340,2,77,134,4.5183237908710206e-05,2,0,0,0
CLM-003341,2,20,224,4.7305720579448305e-05,2,0,0,0
CLM-003342,3,46,231,5.8551233720527235e-05,6,0,3,0
CLM-003343,3,33,252,6.106755140109266e-05,7,0,3,0
CLM-003344,2,7,228,4.260409745062865e-05,3,0,0,0
CLM-003345,3,133,244,5.716233556815578e-05,8,0,10,0
CLM-003346,3,77,134,5.9545853634508274e-05,1,0,8,0
CLM-003347,3,39,253,5.6749393235634236e-05,3,0,11,0
CLM-003348,3,102,256,6.172407213188901e-05,1,0,4,0
CLM-003349,2,117,108,4.7536536502143825e-05,2,0,0,0
CLM-003350,3,90,201,5.6069200732527566e-05,7,0,12,0
CLM-003351,3,20,224,5.622290360782169e-05,4,0,6,0
CLM-003352,3,87,114,5.7344574330324095e-05,4,0,4,0
CLM-003353,3,28,254,6.940475656980424e-05,0,0,4,0
CLM-003354,2,110,151,5.746560263042017e-05,0,0,0,0
CLM-003355,2,25,266,4.072440077364457e-05,15,0,0,0
CLM-003356,3,111,213,5.5611375053335624e-05,7,0,6,0
CLM-003357,3,122,299,6.231555197397616e-05,2,0,2,0
CLM-003358,2,88,244,4.4807595395411006e-05,3,0,0,0
CLM-003359,3,11,82,6.142304842478949e-05,1,0,7,0
CLM-003360,3,65,160,5.808526233260991e-05,2,0,7,0
CLM-003361,3,57,193,6.35571857343308e-05,2,0,12,0
CLM-003362,2,6,344,4.135286614511781e-05,8,0,0,0
CLM-003363,2,87,114,4.101330461987184e-05,3,0,0,0
CLM-003364,3,139,96,5.7638215027850566e-05,2,0,7,0
CLM-003365,2,71,210,4.718807952068594e-05,3,0,0,0
CLM-003366,2,110,151,4.2318772331355876e-05,5,0,0,0
CLM-003367,3,139,96,5.688734473640433e-05,2,0,8,0
CLM-003368,2,146,202,4.461284495940677e-05,6,0,0,0
CLM-003369,2,81,211,3.968260052741775e-05,9,0,0,0
CLM-003370,2,84,191,4.052291641183971e-05,8,0,0,0
CLM-003371,2,139,96,4.999712774423985e-05,3,0,0,0
CLM-003372,2,25,266,4.1645126584457074e-05,6,0,0,0
CLM-003373,2,78,272,4.666179837441588e-05,1,0,0,0
CLM-003374,3,7,228,5.843331208721388e-05,6,0,8,0
CLM-003375,3,57,193,6.0664734818817875e-05,2,0,9,0
CLM-003376,2,97,185,5.67414636670557e-05,0,0,0,0
CLM-003377,3,107,161,5.813004970473317e-05,7,0,7,0
CLM-003378,3,54,156,5.8817519418442715e-05,9,0,3,0
CLM-003379,3,25,266,6.625846489977634e-05,3,0,9,0
CLM-003380,2,75,184,4.955544994671755e-05,2,0,0,0
CLM-003381,3,16,208,5.608019447242112e-05,5,0,6,0
CLM-003382,3,117,108,5.5843580780147025e-05,5,0,8,0
CLM-003383,2,99,204,4.2795948085192215e-05,7,0,0,0
CLM-003384,3,70,239,5.796398432611969e-05,6,0,4,0
CLM-003385,2,8,77,4.672202463465482e-05,2,0,0,0
CLM-003386,3,21,196,5.6290790738566705e-05,3,0,7,0
CLM-003387,2,23,168,4.812196237319642e-05,2,0,0,0
CLM-003388,3,94,78,6.862346915689193e-05,1,0,4,0
CLM-003389,3,82,262,6.213244506577217e-05,3,0,6,0
CLM-003390,3,80,306,6.628358118953778e-05,1,0,7,0
CLM-003391,3,6,344,5.9448767021679384e-05,6,0,8,0
CLM-003392,2,78,272,4.583665502439519e-05,3,0,0,0
CLM-003393,2,136,199,4.108691104767261e-05,9,0,0,0
CLM-003394,3,31,151,5.864909805429301e-05,7,0,4,0
CLM-003395,3,117,108,6.31546196110392e-05,2,0,6,0
CLM-003396,3,65,160,5.883151838840793e-05,2,0,4,0
CLM-003397,3,111,213,6.114122403428764e-05,4,0,10,0
CLM-003398,2,96,149,4.541755303825511e-05,3,0,0,0
CLM-003399,3,99,204,7.011021904829203e-05,0,0,3,0
CLM-003400,2,158,7,7.399850799169972e-05,0,0,0,0
CLM-003401,2,7,228,4.066405103366033e-05,6,0,0,0
CLM-003402,3,82,262,6.323004922570834e-05,2,0,5,0
CLM-003403,3,42,157,5.611532010184831e-05,7,0,5,0
CLM-003404,2,159,5,7.834125474411441e-05,0,0,0,0
CLM-003405,2,78,272,4.65776608526343e-05,4,0,0,0
CLM-003406,3,11,82,6.387591072505052e-05,4,0,3,0
CLM-003407,3,88,244,6.041282440347292e-05,7,0,7,0
CLM-003408,3,119,83,5.727828306804408e-05,6,0,7,0
CLM-003409,2,88,244,4.360207150776075e-05,5,0,0,0
CLM-003410,2,21,196,3.937759305261846e-05,4,0,0,0
CLM-003411,3,102,256,6.480936847464254e-05,2,0,5,0
CLM-003412,3,78,272,7.280299692842962e-05,0,0,8,0
CLM-003413,3,24,168,5.699812342767589e-05,8,0,6,0
CLM-003414,3,20,224,5.6144031703571595e-05,6,0,8,0
CLM-003415,2,68,161,5.063028097665234e-05,2,0,0,0
CLM-003416,3,133,244,5.7250795476478344e-05,4,0,7,0
CLM-003417,2,6,344,5.07132839114373e-05,2,0,0,0
CLM-003418,2,22,165,4.1674993515171236e-05,2,0,0,0
CLM-003419,3,6,344,5.458229483911265e-05,14,0,7,0
CLM-003420,3,135,141,5.979034768859085e-05,3,0,3,0
CLM-003421,2,84,191,4.15411392403179e-05,5,0,0,0
CLM-003422,3,17,185,5.888522455479573e-05,1,0,7,0
CLM-003423,2,78,272,4.997386316885455e-05,4,0,0,0
CLM-003424,3,19,261,5.9162413216810575e-05,3,0,4,0
CLM-003425,2,90,201,4.152759026916033e-05,2,0,0,0
CLM-003426,2,81,211,4.9361212780243265e-05,4,0,0,0
CLM-003427,2,21,196,3.922630344280728e-05,15,0,0,0
CLM-003428,2,86,230,4.852989501745905e-05,1,0,0,0
CLM-003429,2,46,231,4.1648680995191876e-05,5,0,0,0
CLM-003430,3,78,272,6.564077370523458e-05,0,0,6,0
CLM-003431,3,5,184,6.310640261743393e-05,2,0,8,0
CLM-003432,2,11,82,4.8167121721640086e-05,4,0,0,0
CLM-003433,2,67,251,3.999100855678396e-05,4,0,0,0
CLM-003434,3,77,134,6.360289075824389e-05,3,0,8,0
CLM-003435,3,80,306,6.98138763929278e-05,0,0,6,0
CLM-003436,3,99,204,5.770264923912661e-05,3,0,4,0
CLM-003437,2,37,170,4.165054180670298e-05,10,0,0,0
CLM-003438,3,124,145,5.726354971833476e-05,6,0,7,0
CLM-003439,3,113,112,5.507684784272649e-05,5,0,9,0
CLM-003440,3,117,108,6.0004433349285225e-05,3,0,7,0
CLM-003441,3,99,204,5.876888904579714e-05,4,0,3,0
CLM-003442,2,148,222,5.126520520532151e-05,3,0,0,0
CLM-003443,3,33,252,6.355312017912392e-05,1,0,4,0
CLM-003444,3,56,91,5.9407595200061305e-05,3,0,5,0
CLM-003445,3,31,151,5.7918130596263625e-05,6,0,3,0
CLM-003446,3,19,261,6.006872330381627e-05,3,0,2,0
CLM-003447,2,97,185,4.02633369694676e-05,9,0,0,0
CLM-003448,3,136,199,7.035673030679032e-05,1,0,5,0
CLM-003449,3,5,184,5.9360491122216464e-05,6,0,4,0
CLM-003450,2,148,222,4.059118075874163e-05,5,0,0,0
CLM-003451,3,78,272,6.092890942910246e-05,8,0,4,0
CLM-003452,3,40,252,5.840036652268639e-05,4,0,16,0
CLM-003453,3,94,78,5.669969003482734e-05,8,0,6,0
CLM-003454,2,57,193,4.088212950217551e-05,5,0,0,0
CLM-003455,2,50,142,4.772490049994862e-05,2,0,0,0
CLM-003456,2,70,239,4.4966810990425866e-05,5,0,0,0
CLM-003457,3,25,266,5.9025394333740064e-05,6,0,9,0
CLM-003458,2,17,185,4.5936285617622905e-05,1,0,0,0
CLM-003459,3,99,204,5.506120500457365e-05,8,0,4,0
CLM-003460,3,6,344,5.267766185263874e-05,6,0,7,0
CLM-003461,2,118,113,4.185555789637821e-05,9,0,0,0
CLM-003462,2,67,251,4.3799148588723545e-05,3,0,0,0
CLM-003463,3,142,134,5.758477395254482e-05,3,0,5,0
CLM-003464,2,6,344,5.442272148133042e-05,0,0,0,0
CLM-003465,2,124,145,4.207529277819316e-05,6,0,0,0
CLM-003466,3,5,184,5.619302788430984e-05,8,0,5,0
CLM-003467,2,64,151,4.875176170583444e-05,3,0,0,0
CLM-003468,3,133,244,6.202315543042038e-05,3,0,3,0
CLM-003469,2,52,65,6.398362959083326e-05,0,0,0,0
CLM-003470,2,6,344,6.424135933393083e-05,0,0,0,0
CLM-003471,3,4,171,5.7919101095889925e-05,5,0,6,0
CLM-003472,2,90,201,4.1358497225553767e-05,12,0,0,0
CLM-003473,3,87,114,5.9363325146048656e-05,5,0,3,0
CLM-003474,3,118,113,5.788191170072189e-05,3,0,10,0
CLM-003475,3,68,161,6.0327969554547305e-05,2,0,8,0
CLM-003476,3,90,201,5.6096921986801114e-05,4,0,13,0
CLM-003477,2,2,86,4.804857337973833e-05,2,0,0,0
CLM-003478,2,120,173,4.2287624137455474e-05,5,0,0,0
CLM-003479,3,60,185,5.947136344322846e-05,7,0,11,0
CLM-003480,2,7,228,4.937624631239145e-05,4,0,0,0
CLM-003481,3,142,134,5.717433496836494e-05,3,0,5,0
CLM-003482,3,46,231,5.605753385689821e-05,6,0,5,0
CLM-003483,3,56,91,6.108853403551613e-05,1,0,12,0
CLM-003484,2,122,299,4.844403610785436e-05,2,0,0,0
CLM-003485,2,45,190,4.618886148280502e-05,4,0,0,0
CLM-003486,3,25,266,5.655745115951406e-05,6,0,5,0
CLM-003487,2,122,299,6.074478033069481e-05,0,0,0,0
CLM-003488,3,78,272,6.118540401777464e-05,2,0,8,0
CLM-003489,2,102,256,4.173927936645748e-05,5,0,0,0
CLM-003490,2,25,266,6.814683826829407e-05,0,0,0,0
CLM-003491,3,6,344,6.564180064147073e-05,1,0,10,0
CLM-003492,2,6,344,5.4547624020889545e-05,0,0,0,0
CLM-003493,3,33,252,6.443572801211327e-05,1,0,4,0
CLM-003494,3,12,118,6.212854281899528e-05,5,0,4,0
CLM-003495,2,123,185,4.764885005082284e-05,2,0,0,0
CLM-003496,2,84,191,4.2183304395226634e-05,4,0,0,0
CLM-003497,3,128,197,5.818737330388612e-05,5,0,4,0
CLM-003498,3,136,199,5.727616279666778e-05,1,0,7,0
CLM-003499,3,57,193,6.509605684227747e-05,5,0,7,0
CLM-003500,2,118,113,5.26776379886503e-05,2,0,0,0
CLM-003501,3,42,157,6.219273644424183e-05,2,0,8,0
CLM-003502,2,118,113,4.0931840068436945e-05,9,0,0,0
CLM-003503,3,136,199,5.771165854145329e-05,9,0,6,0
CLM-003504,3,78,272,5.851222871835216e-05,3,0,6,0
CLM-003505,3,136,199,5.9248260698874854e-05,4,0,6,0
CLM-003506,3,126,110,7.8785597616488e-05,0,0,2,0
CLM-003507,3,111,213,5.791356756024938e-05,3,0,6,0
CLM-003508,3,138,126,6.374294127910985e-05,3,0,5,0
CLM-003509,3,42,157,5.804732471811473e-05,2,0,5,0
CLM-003510,3,46,231,5.7035950714353073e-05,6,0,5,0
CLM-003511,3,107,161,7.308152674027197e-05,0,0,7,0
CLM-003512,2,80,306,6.390553716634522e-05,0,0,0,0
CLM-003513,3,28,254,5.7366550142106816e-05,4,0,5,0
CLM-003514,3,72,241,5.941515622476193e-05,6,0,2,0
CLM-003515,2,71,210,4.3208063145010234e-05,6,0,0,0
CLM-003516,3,4,171,6.254199378216634e-05,3,0,9,0
CLM-003517,2,43,117,4.6192326958080565e-05,4,0,0,0
CLM-003518,3,133,244,6.053849861129406e-05,3,0,10,0
CLM-003519,3,123,185,5.834518392782728e-05,7,0,7,0
CLM-003520,2,88,244,4.379297605641362e-05,3,0,0,0
CLM-003521,3,84,191,6.157923698378752e-05,1,0,6,0
CLM-003522,2,54,156,5.5387991980691413e-05,1,0,0,0
CLM-003523,3,148,222,5.7985499538654367e-05,2,0,4,0
CLM-003524,2,64,151,4.441879627272483e-05,2,0,0,0
CLM-003525,3,90,201,5.8513066236199136e-05,2,0,9,0
CLM-003526,2,7,228,3.990009759006804e-05,4,0,0,0
CLM-003527,3,40,252,5.6736042211909336e-05,4,0,11,0
CLM-003528,3,107,161,6.007284108785769e-05,4,0,5,0
CLM-003529,3,57,193,6.0423363032960776e-05,2,0,4,0
CLM-003530,3,70,239,6.371065380035129e-05,6,0,3,0
CLM-003531,3,29,129,5.800015544438068e-05,5,0,6,0
CLM-003532,2,45,190,4.3037645051316453e-05,5,0,0,0
CLM-003533,3,142,134,6.016338955795522e-05,8,0,8,0
CLM-003534,2,88,244,3.9949611610333884e-05,5,0,0,0
CLM-003535,2,7,228,4.0064746379310795e-05,6,0,0,0
CLM-003536,2,78,272,5.042743905529336e-05,2,0,0,0
CLM-003537,3,22,165,5.630745374231933e-05,4,0,4,0
CLM-003538,3,84,191,7.137262698347476e-05,1,0,8,0
CLM-003539,2,122,299,4.3150506362862067e-05,5,0,0,0
CLM-003540,2,28,254,4.062131965167041e-05,4,0,0,0
CLM-003541,2,3,130,4.8778317249274586e-05,3,0,0,0
CLM-003542,2,150,122,4.3065317535028696e-05,6,0,0,0
CLM-003543,3,136,199,6.390287559035739e-05,2,0,7,0
CLM-003544,2,43,117,4.351680080508939e-05,2,0,0,0
CLM-003545,2,57,193,5.591979554132865e-05,1,0,0,0
CLM-003546,3,110,151,6.267114754855701e-05,1,0,7,0
CLM-003547,2,19,261,4.273413358881912e-05,8,0,0,0
CLM-003548,3,1,187,6.1003171827899435e-05,5,0,5,0
CLM-003549,2,96,149,4.602149491715906e-05,2,0,0,0
CLM-003550,2,37,170,6.131372935846802e-05,0,0,0,0
CLM-003551,2,120,173,4.6695637767348955e-05,4,0,0,0
CLM-003552,2,148,222,4.126723263390244e-05,5,0,0,0
CLM-003553,3,75,184,6.534720597062392e-05,0,0,5,0
CLM-003554,3,5,184,5.880983099222141e-05,8,0,4,0
CLM-003555,3,22,165,5.789065160937501e-05,4,0,9,0
CLM-003556,2,70,239,5.68495114401295e-05,0,0,0,0
CLM-003557,2,102,256,4.1694092092733014e-05,8,0,0,0
CLM-003558,2,99,204,4.228957579622769e-05,9,0,0,0
CLM-003559,3,88,244,6.356096316257608e-05,1,0,5,0
CLM-003560,3,20,224,5.810554469422967e-05,6,0,7,0
CLM-003561,2,142,134,5.175559097793927e-05,3,0,0,0
CLM-003562,3,50,142,5.794693608722898e-05,4,0,6,0
CLM-003563,2,20,224,4.5007814820066804e-05,1,0,0,0
CLM-003564,3,45,190,6.179966858744666e-05,4,0,6,0
CLM-003565,3,46,231,7.292591827294915e-05,0,0,8,0
CLM-003566,2,112,172,6.397800563943861e-05,0,0,0,0
CLM-003567,3,54,156,6.269422033747853e-05,2,0,4,0
CLM-003568,3,82,262,5.5156779376371415e-05,10,0,7,0
CLM-003569,3,21,196,6.777028921892811e-05,1,0,2,0
CLM-003570,3,42,157,6.354529322649567e-05,1,0,4,0
CLM-003571,3,110,151,6.698057528429741e-05,0,0,3,0
CLM-003572,3,67,251,5.550413664300336e-05,6,0,13,0
CLM-003573,3,21,196,6.007062303690564e-05,3,0,5,0
CLM-003574,2,120,173,4.705099830621369e-05,7,0,0,0
CLM-003575,2,146,202,4.712911132311443e-05,2,0,0,0
CLM-003576,3,86,230,6.081994336388973e-05,4,0,1,0
CLM-003577,2,33,252,4.92641558636268e-05,1,0,0,0
CLM-003578,2,24,168,5.3707221353202355e-05,0,0,0,0
CLM-003579,2,119,83,4.438422479444757e-05,3,0,0,0
CLM-003580,3,67,251,5.792856099005304e-05,6,0,10,0
CLM-003581,3,37,170,6.31410278692462e-05,2,0,9,0
CLM-003582,2,8,77,5.043290783926469e-05,1,0,0,0
CLM-003583,3,25,266,6.323236123635464e-05,2,0,9,0
CLM-003584,3,5,184,6.312212684370638e-05,2,0,7,0
CLM-003585,3,19,261,5.657751525964722e-05,8,0,8,0
CLM-003586,2,81,211,4.3558923918645724e-05,4,0,0,0
CLM-003587,2,57,193,4.577304510431164e-05,1,0,0,0
CLM-003588,3,20,224,5.9514520148521626e-05,1,0,5,0
CLM-003589,3,25,266,5.694030140053667e-05,6,0,7,0
CLM-003590,2,6,344,4.1256843692710346e-05,9,0,0,0
CLM-003591,3,128,197,6.00953638051643e-05,2,0,4,0
CLM-003592,2,29,129,4.231170093503665e-05,5,0,0,0
CLM-003593,3,124,145,5.867043280135364e-05,4,0,9,0
CLM-003594,3,17,185,5.474794436686663e-05,5,0,9,0
CLM-003595,2,103,178,4.037425692512728e-05,10,0,0,0
CLM-003596,2,88,244,5.418852875962167e-05,0,0,0,0
CLM-003597,3,102,256,5.438760400579824e-05,7,0,11,0
CLM-003598,2,75,184,4.529995598213548e-05,3,0,0,0
CLM-003599,3,14,186,5.3885279507860836e-05,6,0,8,0
CLM-003600,3,17,185,6.113310135630583e-05,1,0,6,0
CLM-003601,2,39,253,4.259717639968393e-05,8,0,0,0
CLM-003602,2,22,165,4.024362578965267e-05,6,0,0,0
CLM-003603,3,25,266,6.215915236111371e-05,1,0,5,0
CLM-003604,3,16,208,5.770186180100075e-05,8,0,4,0
CLM-003605,2,12,118,4.32337333964434e-05,4,0,0,0
CLM-003606,2,25,266,5.140328292517946e-05,1,0,0,0
CLM-003607,3,50,142,6.570977526851302e-05,2,0,6,0
CLM-003608,3,17,185,6.14390455340938e-05,2,0,3,0
CLM-003609,3,14,186,5.4369825039280446e-05,5,0,10,0
CLM-003610,3,19,261,6.521477153150604e-05,3,0,4,0
CLM-003611,3,120,173,5.728848175084229e-05,7,0,6,0
CLM-003612,3,40,252,5.609016086867201e-05,7,0,4,0
CLM-003613,3,128,197,6.036730488341699e-05,2,0,9,0
CLM-003614,3,84,191,5.742431163043832e-05,5,0,5,0
CLM-003615,2,19,261,5.721979869680948e-05,1,0,0,0
CLM-003616,2,67,251,6.570930444423044e-05,0,0,0,0
CLM-003617,3,128,197,6.67437699151891e-05,1,0,5,0
CLM-003618,3,131,61,5.779869863178175e-05,2,0,6,0
CLM-003619,3,39,253,5.492522506448615e-05,8,0,8,0
CLM-003620,3,11,82,5.69193103833421e-05,5,0,9,0
CLM-003621,3,80,306,5.7680190355440276e-05,7,0,4,0
CLM-003622,2,70,239,4.61633670113393e-05,3,0,0,0
CLM-003623,2,150,122,6.309728961969408e-05,1,0,0,0
CLM-003624,3,28,254,5.707634196358112e-05,4,0,3,0
CLM-003625,3,29,129,6.272677975038257e-05,2,0,4,0
CLM-003626,3,45,190,6.202028609567366e-05,1,0,4,0
CLM-003627,2,122,299,4.931661661920338e-05,4,0,0,0
CLM-003628,2,80,306,5.184210745664181e-05,2,0,0,0
CLM-003629,3,39,253,5.501758184814946e-05,3,0,6,0
CLM-003630,2,25,266,4.293197084257714e-05,6,0,0,0
CLM-003631,3,8,77,6.798288806035303e-05,1,0,3,0
CLM-003632,3,124,145,6.213292231289487e-05,1,0,6,0
CLM-003633,3,19,261,5.8664053198595146e-05,3,0,11,0
CLM-003634,3,75,184,6.897605129376074e-05,0,0,5,0
CLM-003635,2,24,168,4.233352797686596e-05,5,0,0,0
CLM-003636,3,72,241,6.054698490395623e-05,7,0,3,0
CLM-003637,3,120,173,6.133614359420067e-05,7,0,5,0
CLM-003638,3,84,191,6.688181897556671e-05,1,0,5,0
CLM-003639,3,81,211,5.7986482212155524e-05,8,0,5,0
CLM-003640,3,14,186,5.5631014442722486e-05,6,0,7,0
CLM-003641,2,113,112,4.457601223508103e-05,5,0,0,0
CLM-003642,3,45,190,5.4883834488058864e-05,4,0,9,0
CLM-003643,2,97,185,5.369722382930789e-05,2,0,0,0
CLM-003644,3,16,208,6.084159637142039e-05,3,0,2,0
CLM-003645,3,120,173,5.9418273239605874e-05,4,0,8,0
CLM-003646,2,82,262,6.863008392737084e-05,0,0,0,0
CLM-003647,3,133,244,6.14241238379809e-05,4,0,1,0
CLM-003648,3,39,253,5.941392172934802e-05,8,0,10,0
CLM-003649,2,112,172,4.5432551837169135e-05,2,0,0,0
CLM-003650,3,112,172,5.702017367770496e-05,12,0,4,0
CLM-003651,3,103,178,5.641542879188793e-05,10,0,4,0
CLM-003652,2,2,86,4.724522680819923e-05,2,0,0,0
CLM-003653,2,120,173,4.170985499027697e-05,3,0,0,0
CLM-003654,3,33,252,5.678715397817628e-05,5,0,8,0
CLM-003655,2,122,299,4.972739077340169e-05,4,0,0,0
CLM-003656,2,86,230,4.556220608144227e-05,5,0,0,0
CLM-003657,2,123,185,5.408846943382509e-05,0,0,0,0
CLM-003658,3,87,114,5.742743977506925e-05,8,0,3,0
CLM-003659,3,17,185,5.784973535623742e-05,2,0,9,0
CLM-003660,2,60,185,4.4365265779122675e-05,3,0,0,0
CLM-003661,3,19,261,5.893269377306405e-05,8,0,6,0
CLM-003662,3,12,118,5.847329524689071e-05,4,0,4,0
CLM-003663,2,6,344,4.658193747537713e-05,1,0,0,0
CLM-003664,3,22,165,5.840566558057437e-05,7,0,3,0
CLM-003665,3,14,186,6.228419684739804e-05,2,0,3,0
CLM-003666,2,147,6,6.231403261615587e-05,1,0,0,0
CLM-003667,3,119,83,6.188686702023421e-05,6,0,1,0
CLM-003668,2,81,211,4.864237309897695e-05,1,0,0,0
CLM-003669,2,39,253,5.856993640250156e-05,0,0,0,0
CLM-003670,2,122,299,4.259094055419545e-05,3,0,0,0
CLM-003671,2,64,151,5.577261476479682e-05,1,0,0,0
CLM-003672,3,77,134,6.084910077347293e-05,2,0,5,0
CLM-003673,2,111,213,4.707744584201445e-05,1,0,0,0
CLM-003674,3,39,253,6.246994022752895e-05,1,0,7,0
CLM-003675,3,70,239,5.986954643442938e-05,1,0,8,0
CLM-003676,3,81,211,6.116831117649631e-05,3,0,5,0
CLM-003677,3,142,134,5.622009437670281e-05,7,0,9,0
CLM-003678,2,7,228,4.5238705118452494e-05,6,0,0,0
CLM-003679,3,72,241,5.615787091313286e-05,5,0,6,0
CLM-003680,2,160,6,6.231403261615587e-05,1,0,0,0
CLM-003681,2,16,208,6.220465076105034e-05,0,0,0,0
CLM-003682,2,19,261,4.4897733947932006e-05,2,0,0,0
CLM-003683,3,99,204,6.465684112132099e-05,3,0,6,0
CLM-003684,3,146,202,5.7306675531397297e-05,3,0,4,0
CLM-003685,2,65,160,4.7999651982445936e-05,2,0,0,0
CLM-003686,3,50,142,5.588921665347033e-05,3,0,6,0
CLM-003687,3,135,141,6.218143402138649e-05,6,0,3,0
CLM-003688,2,71,210,5.070781210308363e-05,3,0,0,0
CLM-003689,3,72,241,6.102813526795719e-05,3,0,11,0
CLM-003690,2,153,6,6.231403261615587e-05,1,0,0,0
CLM-003691,2,40,252,4.072458828858997e-05,6,0,0,0
CLM-003692,3,11,82,5.95363729922169e-05,5,0,6,0
CLM-003693,2,146,202,6.019361217735027e-05,0,0,0,0
CLM-003694,2,19,261,4.419811271911621e-05,2,0,0,0
CLM-003695,2,148,222,4.542158924617754e-05,2,0,0,0
CLM-003696,2,67,251,4.487300699851858e-05,2,0,0,0
CLM-003697,3,68,161,5.805151983341542e-05,4,0,5,0
CLM-003698,2,72,241,4.1318015597470865e-05,5,0,0,0
CLM-003699,3,96,149,5.543747594702816e-05,7,0,9,0
CLM-003700,3,102,256,6.187395551119298e-05,4,0,5,0
CLM-003701,2,68,161,4.261635392864755e-05,4,0,0,0
CLM-003702,2,54,156,4.2035980349934377e-05,9,0,0,0
CLM-003703,3,122,299,5.6532310566680385e-05,5,0,5,0
CLM-003704,3,7,228,5.4047482951927466e-05,4,0,6,0
CLM-003705,2,148,222,3.9219775781441127e-05,12,0,0,0
CLM-003706,3,117,108,6.063344302398603e-05,3,0,2,0
CLM-003707,2,94,78,5.0069557630996755e-05,1,0,0,0
CLM-003708,3,5,184,5.6156926021061605e-05,10,0,5,0
CLM-003709,2,17,185,4.2296292378351e-05,7,0,0,0
CLM-003710,2,22,165,4.713872995523037e-05,3,0,0,0
CLM-003711,3,11,82,7.34994440673319e-05,1,0,3,0
CLM-003712,2,16,208,4.212110277737082e-05,5,0,0,0
CLM-003713,3,71,210,6.381060317062827e-05,3,0,8,0
CLM-003714,2,131,61,4.4873453322790414e-05,2,0,0,0
CLM-003715,2,39,253,4.2963043794260165e-05,3,0,0,0
CLM-003716,3,72,241,5.603553315961514e-05,3,0,5,0
CLM-003717,3,45,190,6.138512093095718e-05,1,0,5,0
CLM-003718,2,71,210,4.3617530284643764e-05,5,0,0,0
CLM-003719,3,80,306,6.235750651349903e-05,3,0,5,0
CLM-003720,3,128,197,5.907711342507302e-05,2,0,13,0
CLM-003721,2,3,130,5.188233160590137e-05,0,0,0,0
CLM-003722,3,128,197,6.220402387066296e-05,5,0,4,0
CLM-003723,3,133,244,6.204717427887896e-05,2,0,4,0
CLM-003724,2,39,253,4.054925482114472e-05,7,0,0,0
CLM-003725,3,120,173,6.315071620982985e-05,4,0,4,0
CLM-003726,2,57,193,5.1323312624247666e-05,3,0,0,0
CLM-003727,3,5,184,6.181791904268391e-05,5,0,2,0
CLM-003728,2,16,208,4.8714240307935594e-05,3,0,0,0
CLM-003729,2,82,262,4.0494235758012066e-05,7,0,0,0
CLM-003730,2,57,193,5.022041512415763e-05,1,0,0,0
CLM-003731,3,64,151,7.156660439301155e-05,1,0,7,0
CLM-003732,3,87,114,5.691144025633445e-05,2,0,6,0
CLM-003733,3,80,306,5.819712565778294e-05,1,0,10,0
CLM-003734,2,6,344,5.07477430666375e-05,2,0,0,0
CLM-003735,3,103,178,6.245985970437408e-05,4,0,5,0
CLM-003736,2,122,299,4.0154168406214465e-05,11,0,0,0
CLM-003737,3,39,253,5.770114911139418e-05,8,0,6,0
CLM-003738,3,61,56,5.670267896550554e-05,5,0,6,0
CLM-003739,3,133,244,6.262709182082047e-05,4,0,9,0
CLM-003740,3,25,266,6.0317089188448055e-05,1,0,3,0
CLM-003741,2,128,197,5.5323111498160475e-05,1,0,0,0
CLM-003742,3,124,145,6.204332104636323e-05,4,0,5,0
CLM-003743,3,110,151,5.955896349466577e-05,8,0,8,0
CLM-003744,2,39,253,4.4493528697297126e-05,6,0,0,0
CLM-003745,3,123,185,5.876221258547389e-05,3,0,8,0
CLM-003746,2,138,126,5.646784744289541e-05,0,0,0,0
CLM-003747,2,31,151,4.1680911834952204e-05,8,0,0,0
CLM-003748,3,33,252,5.713436729926924e-05,5,0,9,0
CLM-003749,3,133,244,5.960610762325391e-05,3,0,8,0
CLM-003750,2,21,196,4.2270701878390294e-05,5,0,0,0
CLM-003751,2,33,252,4.1502076588109766e-05,5,0,0,0
CLM-003752,3,23,168,6.537470790125575e-05,2,0,10,0
CLM-003753,3,81,211,5.812062719534028e-05,2,0,6,0
CLM-003754,3,112,172,5.8167684166192145e-05,12,0,8,0
CLM-003755,2,5,184,5.0991881544865494e-05,3,0,0,0
CLM-003756,2,29,129,4.261584723640008e-05,6,0,0,0
CLM-003757,2,87,114,4.27414021842906e-05,4,0,0,0
CLM-003758,3,113,112,6.17508734019387e-05,5,0,5,0
CLM-003759,2,131,61,4.5843143726039115e-05,2,0,0,0
CLM-003760,3,50,142,6.646410046533823e-05,1,0,1,0
CLM-003761,3,80,306,6.122546939456733e-05,1,0,6,0
CLM-003762,2,150,122,4.240745762681972e-05,2,0,0,0
CLM-003763,2,113,112,4.5567480635262824e-05,5,0,0,0
CLM-003764,2,131,61,6.694977882741219e-05,0,0,0,0
CLM-003765,3,65,160,6.857138386579339e-05,1,0,3,0
CLM-003766,3,52,65,5.918732821518855e-05,4,0,5,0
CLM-003767,3,5,184,5.886503311649993e-05,2,0,5,0
CLM-003768,3,122,299,5.888968914505013e-05,2,0,5,0
CLM-003769,2,57,193,5.400524170089788e-05,2,0,0,0
CLM-003770,3,21,196,5.9059578360433464e-05,7,0,7,0
CLM-003771,2,1,187,4.980013670766201e-05,2,0,0,0
CLM-003772,3,11,82,6.313369682482082e-05,3,0,6,0
CLM-003773,2,90,201,4.582204153295966e-05,4,0,0,0
CLM-003774,3,77,134,5.6436495453134655e-05,4,0,10,0
CLM-003775,2,37,170,5.036146515602406e-05,1,0,0,0
CLM-003776,2,6,344,4.6472036968374784e-05,2,0,0,0
CLM-003777,3,70,239,6.485645409766496e-05,6,0,5,0
CLM-003778,2,88,244,4.3645176403466805e-05,2,0,0,0
CLM-003779,3,150,122,7.511142470993041e-05,0,0,8,0
CLM-003780,3,67,251,6.133650124675108e-05,2,0,5,0
CLM-003781,2,5,184,4.062295734188911e-05,5,0,0,0
CLM-003782,2,72,241,4.1318015597470865e-05,5,0,0,0
CLM-003783,3,118,113,5.933623985623932e-05,2,0,5,0
CLM-003784,2,25,266,4.6958651298084976e-05,2,0,0,0
CLM-003785,2,14,186,4.471778830041307e-05,4,0,0,0
CLM-003786,3,88,244,6.454939811172805e-05,2,0,6,0
CLM-003787,2,122,299,4.3228814125538225e-05,2,0,0,0
CLM-003788,3,8,77,6.086758087601596e-05,1,0,8,0
CLM-003789,3,142,134,6.110065446182013e-05,7,0,4,0
CLM-003790,3,4,171,5.863447347076172e-05,1,0,9,0
CLM-003791,2,77,134,4.459509683866105e-05,2,0,0,0
CLM-003792,3,25,266,7.328110036376548e-05,0,0,8,0
CLM-003793,2,161,5,7.834125474411441e-05,0,0,0,0
CLM-003794,3,133,244,5.750598673316721e-05,7,0,9,0
CLM-003795,3,82,262,5.7779187966018174e-05,5,0,5,0
CLM-003796,3,113,112,5.757763745805564e-05,4,0,8,0
CLM-003797,2,135,141,4.252551172209485e-05,3,0,0,0
CLM-003798,3,150,122,5.965685055588767e-05,2,0,9,0
CLM-003799,3,72,241,5.7976446937466076e-05,6,0,2,0
CLM-003800,3,138,126,5.6199415249177866e-05,3,0,8,0
CLM-003801,3,20,224,7.078994413486361e-05,1,0,2,0
CLM-003802,3,3,130,5.60618913886265e-05,4,0,5,0
CLM-003803,2,2,86,4.741502878109578e-05,3,0,0,0
CLM-003804,2,81,211,5.341464091779867e-05,1,0,0,0
CLM-003805,2,14,186,4.780911097127359e-05,3,0,0,0
CLM-003806,2,43,117,4.613898380254781e-05,1,0,0,0
CLM-003807,3,96,149,5.498450494775443e-05,7,0,8,0
CLM-003808,2,24,168,4.0904285491510586e-05,4,0,0,0
CLM-003809,3,138,126,6.546479848343144e-05,1,0,8,0
CLM-003810,2,24,168,4.955366778301705e-05,6,0,0,0
CLM-003811,2,28,254,4.305437955862849e-05,5,0,0,0
CLM-003812,3,17,185,5.9001417211538713e-05,2,0,4,0
CLM-003813,3,142,134,5.609655631968204e-05,8,0,9,0
CLM-003814,2,122,299,4.361598928281142e-05,4,0,0,0
CLM-003815,2,6,344,4.137030161411524e-05,5,0,0,0
CLM-003816,2,24,168,4.423457732791778e-05,3,0,0,0
CLM-003817,3,45,190,6.045868666555253e-05,3,0,5,0
CLM-003818,2,7,228,4.832885049746975e-05,1,0,0,0
CLM-003819,2,113,112,4.5567480635262824e-05,5,0,0,0
CLM-003820,3,103,178,5.811362347569902e-05,4,0,6,0
CLM-003821,2,37,170,4.718511203938907e-05,1,0,0,0
CLM-003822,3,19,261,6.03117896247003e-05,2,0,7,0
CLM-003823,3,57,193,5.7282479531214424e-05,4,0,3,0
CLM-003824,3,17,185,6.182908138277799e-05,7,0,3,0
CLM-003825,3,60,185,6.249325354983138e-05,6,0,3,0
CLM-003826,3,14,186,6.07722101788651e-05,2,0,7,0
CLM-003827,2,142,134,4.346068176434014e-05,3,0,0,0
CLM-003828,3,123,185,5.753882785705387e-05,2,0,7,0
CLM-003829,3,94,78,5.73034991026478e-05,8,0,9,0
CLM-003830,2,110,151,4.570780858136657e-05,4,0,0,0
CLM-003831,3,133,244,6.058065404114805e-05,1,0,6,0
CLM-003832,3,45,190,5.549437767788419e-05,9,0,6,0
CLM-003833,2,78,272,3.9529423887265356e-05,11,0,0,0
CLM-003834,3,131,61,5.718247726509924e-05,5,0,6,0
CLM-003835,3,31,151,5.810725034572111e-05,7,0,5,0
CLM-003836,3,133,244,6.117564728933957e-05,3,0,6,0
CLM-003837,3,31,151,6.222907654554748e-05,4,0,4,0
CLM-003838,3,78,272,6.25420496049404e-05,1,0,6,0
CLM-003839,2,52,65,4.335594876452189e-05,4,0,0,0
CLM-003840,3,45,190,5.851006821792935e-05,2,0,5,0
CLM-003841,2,60,185,5.850261229987235e-05,0,0,0,0
CLM-003842,3,122,299,5.8743298120467945e-05,5,0,4,0
CLM-003843,3,139,96,5.9242978305211445e-05,3,0,7,0
CLM-003844,3,46,231,5.9694676326750566e-05,2,0,7,0
CLM-003845,3,117,108,6.342838540996084e-05,9,0,3,0
CLM-003846,2,88,244,4.218107543676565e-05,7,0,0,0
CLM-003847,3,56,91,5.547513774388524e-05,3,0,12,0
CLM-003848,2,8,77,4.8083523898644926e-05,3,0,0,0
CLM-003849,3,46,231,7.188664303393054e-05,1,0,3,0
CLM-003850,3,75,184,6.411908528002893e-05,1,0,2,0
CLM-003851,3,135,141,6.118825460621434e-05,3,0,6,0
CLM-003852,3,14,186,6.985095998016374e-05,1,0,3,0
CLM-003853,2,97,185,4.835042937541383e-05,3,0,0,0
CLM-003854,3,29,129,5.584080149890392e-05,8,0,8,0
CLM-003855,2,46,231,4.791414126718111e-05,2,0,0,0
CLM-003856,3,122,299,6.11424056314934e-05,4,0,4,0
CLM-003857,3,71,210,6.530143748176176e-05,3,0,3,0
CLM-003858,3,146,202,6.888004851313527e-05,1,0,6,0
CLM-003859,3,68,161,5.802071134197071e-05,3,0,6,0
CLM-003860,2,136,199,4.654491704239188e-05,3,0,0,0
CLM-003861,3,97,185,6.25732382083493e-05,3,0,2,0
CLM-003862,3,124,145,5.645714739940461e-05,14,0,2,0
CLM-003863,3,28,254,5.7535086842672956e-05,2,0,6,0
CLM-003864,2,6,344,4.4194718409248524e-05,9,0,0,0
CLM-003865,3,81,211,6.231435593087749e-05,1,0,7,0
CLM-003866,2,43,117,4.6500962804247704e-05,5,0,0,0
CLM-003867,3,87,114,5.7297823272820925e-05,3,0,7,0
CLM-003868,2,129,10,5.951635131847544e-05,2,0,0,0
CLM-003869,3,19,261,5.769304870445227e-05,3,0,7,0
CLM-003870,3,72,241,6.011765403294808e-05,4,0,9,0
CLM-003871,3,107,161,5.8868680618316575e-05,6,0,6,0
CLM-003872,3,6,344,6.0187010260937924e-05,3,0,4,0
CLM-003873,2,94,78,5.2566559102838e-05,1,0,0,0
CLM-003874,3,19,261,5.8741159399209495e-05,3,0,10,0
CLM-003875,3,86,230,6.516799922665179e-05,2,0,11,0
CLM-003876,3,14,186,5.499119378675702e-05,5,0,6,0
CLM-003877,3,133,244,6.004806841600161e-05,2,0,6,0
CLM-003878,3,107,161,6.807240038670595e-05,1,0,4,0
CLM-003879,2,133,244,4.620491375341585e-05,2,0,0,0
CLM-003880,2,4,171,4.6834413309221746e-05,2,0,0,0
CLM-003881,3,67,251,5.292016449210972e-05,5,0,7,0
CLM-003882,3,21,196,6.31813254843381e-05,1,0,10,0
CLM-003883,3,28,254,6.006399713889395e-05,3,0,6,0
CLM-003884,2,68,161,4.435811705675801e-05,3,0,0,0
CLM-003885,3,40,252,5.5168517630443626e-05,5,0,10,0
CLM-003886,3,113,112,5.7577277193607275e-05,1,0,9,0
CLM-003887,3,5,184,5.436845734364049e-05,10,0,4,0
CLM-003888,2,113,112,6.871002598706559e-05,0,0,0,0
CLM-003889,3,20,224,5.909651726852809e-05,2,0,4,0
CLM-003890,3,16,208,5.941985708870048e-05,10,0,3,0
CLM-003891,2,102,256,4.8391715206147694e-05,1,0,0,0
CLM-003892,2,160,6,6.231403261615587e-05,1,0,0,0
CLM-003893,3,64,151,7.380474134175136e-05,0,0,1,0
CLM-003894,3,120,173,6.565705434753217e-05,0,0,7,0
CLM-003895,3,12,118,6.155322018760103e-05,2,0,7,0
CLM-003896,3,117,108,5.489174488734164e-05,9,0,6,0
CLM-003897,3,23,168,6.138994415201099e-05,4,0,9,0
CLM-003898,2,21,196,5.2349801555334046e-05,1,0,0,0
CLM-003899,2,97,185,6.530609865391165e-05,0,0,0,0
CLM-003900,3,7,228,7.195919175907237e-05,0,0,2,0
CLM-003901,3,37,170,6.281855396505424e-05,1,0,10,0
CLM-003902,3,14,186,5.731070758486887e-05,3,0,4,0
CLM-003903,3,133,244,5.805760720365197e-05,9,0,3,0
CLM-003904,3,31,151,7.21173020647154e-05,2,0,4,0
CLM-003905,2,4,171,4.850588944425521e-05,2,0,0,0
CLM-003906,2,21,196,5.504161404886976e-05,1,0,0,0
CLM-003907,3,54,156,7.022877068657709e-05,1,0,2,0
CLM-003908,3,31,151,6.455185098780911e-05,1,0,6,0
CLM-003909,3,70,239,5.934897665550391e-05,2,0,6,0
CLM-003910,3,146,202,5.6856008857862434e-05,4,0,7,0
CLM-003911,3,19,261,6.09329672715087e-05,10,0,3,0
CLM-003912,3,28,254,5.6372022641127954e-05,8,0,6,0
CLM-003913,3,24,168,6.059990102872528e-05,3,0,3,0
CLM-003914,2,122,299,4.085513408041768e-05,5,0,0,0
CLM-003915,3,6,344,6.597899099383106e-05,0,0,6,0
CLM-003916,2,16,208,3.9999387808798774e-05,9,0,0,0
CLM-003917,3,22,165,5.5934587717419826e-05,3,0,9,0
CLM-003918,3,33,252,5.86121670015427e-05,5,0,6,0
CLM-003919,3,46,231,5.851133571243691e-05,2,0,4,0
CLM-003920,2,139,96,4.717340038408032e-05,4,0,0,0
CLM-003921,3,88,244,5.673157739080231e-05,2,0,4,0
CLM-003922,3,46,231,5.7586342011108474e-05,7,0,4,0
CLM-003923,3,7,228,5.542308537520588e-05,6,0,9,0
CLM-003924,3,37,170,5.7197664909330585e-05,6,0,7,0
CLM-003925,3,33,252,6.000920770268332e-05,7,0,7,0
CLM-003926,3,102,256,5.971116753048707e-05,2,0,6,0
CLM-003927,3,39,253,5.784132833119728e-05,8,0,5,0
CLM-003928,2,117,108,4.6827200241410615e-05,2,0,0,0
CLM-003929,3,14,186,6.147843721972563e-05,7,0,6,0
CLM-003930,2,71,210,5.156934538616475e-05,1,0,0,0
CLM-003931,3,4,171,5.494880648788442e-05,9,0,9,0
CLM-003932,3,117,108,5.726433849133529e-05,4,0,6,0
CLM-003933,2,1,187,4.3395549082212105e-05,4,0,0,0
CLM-003934,3,146,202,5.924680833358921e-05,3,0,8,0
CLM-003935,3,102,256,5.70989698962357e-05,8,0,4,0
CLM-003936,2,22,165,5.200776615815536e-05,1,0,0,0
CLM-003937,2,39,253,4.139246604550076e-05,8,0,0,0
CLM-003938,3,71,210,6.165332972498443e-05,3,0,4,0
CLM-003939,3,81,211,5.821635795356603e-05,8,0,8,0
CLM-003940,3,23,168,6.32207674493975e-05,4,0,3,0
CLM-003941,2,86,230,4.45625564673011e-05,1,0,0,0
CLM-003942,3,80,306,5.521235256799197e-05,5,0,5,0
CLM-003943,2,135,141,4.236662325093036e-05,4,0,0,0
CLM-003944,3,46,231,5.636496520263188e-05,8,0,7,0
CLM-003945,2,12,118,4.954298349734686e-05,1,0,0,0
CLM-003946,3,24,168,5.7700628751692766e-05,1,0,7,0
CLM-003947,3,111,213,6.391893461256545e-05,3,0,9,0
CLM-003948,2,96,149,4.3869443086260766e-05,2,0,0,0
CLM-003949,3,52,65,5.611040249848111e-05,4,0,11,0
CLM-003950,3,110,151,5.641035815143933e-05,4,0,5,0
CLM-003951,3,103,178,6.660099557511069e-05,1,0,7,0
CLM-003952,3,102,256,6.125849780036704e-05,4,0,10,0
CLM-003953,3,67,251,6.679632609908991e-05,1,0,7,0
CLM-003954,3,112,172,6.436481616021027e-05,1,0,4,0
CLM-003955,3,82,262,6.125833582560273e-05,4,0,9,0
CLM-003956,2,99,204,3.972188833780217e-05,9,0,0,0
CLM-003957,3,96,149,5.375212493651694e-05,7,0,9,0
CLM-003958,3,54,156,6.113768087764765e-05,2,0,9,0
CLM-003959,2,78,272,4.1545915350868605e-05,9,0,0,0
CLM-003960,2,112,172,4.5133971459619565e-05,12,0,0,0
CLM-003961,3,22,165,6.109843225944012e-05,5,0,7,0
CLM-003962,2,148,222,3.9219775781441127e-05,12,0,0,0
CLM-003963,2,70,239,5.460062168852861e-05,1,0,0,0
CLM-003964,3,24,168,5.589048984086734e-05,5,0,5,0
CLM-003965,2,16,208,4.212110277737082e-05,5,0,0,0
CLM-003966,3,6,344,5.9386796026212906e-05,1,0,5,0
CLM-003967,2,29,129,4.102858196966275e-05,5,0,0,0
CLM-003968,3,54,156,6.42208732576461e-05,2,0,3,0
CLM-003969,2,57,193,5.1217547277019676e-05,1,0,0,0
CLM-003970,2,99,204,6.161807312513994e-05,0,0,0,0
CLM-003971,3,81,211,7.457860730972645e-05,1,0,1,0
CLM-003972,2,87,114,4.959070469029511e-05,1,0,0,0
CLM-003973,2,28,254,3.998440276952637e-05,5,0,0,0
CLM-003974,3,39,253,6.549953153677979e-05,1,0,7,0
CLM-003975,2,139,96,4.1122553724919477e-05,4,0,0,0
CLM-003976,3,148,222,5.8017468872710254e-05,4,0,13,0
CLM-003977,2,107,161,5.141595213835075e-05,1,0,0,0
CLM-003978,2,33,252,4.834514446200201e-05,1,0,0,0
CLM-003979,3,33,252,5.882206045082766e-05,5,0,4,0
CLM-003980,2,17,185,5.830164706708169e-05,0,0,0,0
CLM-003981,3,123,185,6.811388421989286e-05,4,0,7,0
CLM-003982,3,150,122,5.743086587174648e-05,6,0,5,0
CLM-003983,2,29,129,4.261584723640008e-05,6,0,0,0
CLM-003984,3,111,213,5.511106674111739e-05,10,0,6,0
CLM-003985,2,23,168,4.352503750866016e-05,3,0,0,0
CLM-003986,2,71,210,4.441484193903337e-05,4,0,0,0
CLM-003987,2,94,78,4.427874570044941e-05,2,0,0,0
CLM-003988,3,84,191,6.871834951354342e-05,1,0,1,0
CLM-003989,3,102,256,6.799014735518177e-05,1,0,7,0
CLM-003990,3,111,213,6.19314144643516e-05,4,0,10,0
CLM-003991,2,64,151,4.357814977163927e-05,4,0,0,0
CLM-003992,2,82,262,4.6699486964334804e-05,2,0,0,0
CLM-003993,2,7,228,4.432171149425868e-05,4,0,0,0
CLM-003994,2,21,196,4.31593074272759e-05,3,0,0,0
CLM-003995,3,148,222,5.6117536029744956e-05,3,0,6,0
CLM-003996,3,87,114,5.71929176561908e-05,5,0,5,0
CLM-003997,2,82,262,4.27676368795975e-05,4,0,0,0
CLM-003998,3,20,224,5.974080316597234e-05,7,0,5,0
CLM-003999,3,42,157,5.5732959257559095e-05,9,0,6,0
CLM-004000,3,136,199,5.551722615751759e-05,7,0,6,0
CLM-004001,3,25,266,5.834124824786022e-05,15,0,6,0
CLM-004002,3,29,129,6.86555244445751e-05,0,0,5,0
CLM-004003,3,122,299,5.747289428330774e-05,5,0,11,0
CLM-004004,3,70,239,6.132370989837154e-05,5,0,1,0
CLM-004005,2,148,222,4.011224229386258e-05,6,0,0,0
CLM-004006,2,126,110,4.9172499559813116e-05,4,0,0,0
CLM-004007,2,72,241,3.968796014619881e-05,9,0,0,0
CLM-004008,3,28,254,5.935321539810474e-05,1,0,3,0
CLM-004009,2,97,185,4.538172410558445e-05,7,0,0,0
CLM-004010,3,148,222,6.079334892356759e-05,2,0,7,0
CLM-004011,2,131,61,4.291208210254371e-05,3,0,0,0
CLM-004012,3,39,253,5.930952978244624e-05,2,0,13,0
CLM-004013,2,122,299,4.633159021450874e-05,2,0,0,0
CLM-004014,2,14,186,3.9262623746071406e-05,6,0,0,0
CLM-004015,2,86,230,4.556220608144227e-05,5,0,0,0
CLM-004016,2,123,185,4.690602184646397e-05,1,0,0,0
CLM-004017,3,46,231,5.647258691898493e-05,4,0,7,0
CLM-004018,2,70,239,4.252154341018971e-05,5,0,0,0
CLM-004019,3,54,156,5.813924722252463e-05,4,0,4,0
CLM-004020,2,43,117,5.0747105686369745e-05,2,0,0,0
CLM-004021,3,148,222,5.698620927630616e-05,2,0,8,0
CLM-004022,3,4,171,5.8537947509291295e-05,5,0,3,0
CLM-004023,3,43,117,5.717403832746096e-05,4,0,3,0
CLM-004024,2,64,151,5.0765944877665746e-05,1,0,0,0
CLM-004025,3,80,306,5.972328288273979e-05,2,0,3,0
CLM-004026,3,46,231,5.725931085399459e-05,5,0,3,0
CLM-004027,3,14,186,5.9206717689032304e-05,4,0,7,0
CLM-004028,2,17,185,6.12109556596969e-05,1,0,0,0
CLM-004029,3,6,344,6.10887014311857e-05,2,0,8,0
CLM-004030,2,21,196,4.319424349169474e-05,7,0,0,0
CLM-004031,3,133,244,6.29368821185647e-05,3,0,4,0
CLM-004032,2,123,185,4.7034761909509724e-05,1,0,0,0
CLM-004033,3,118,113,6.77027272081998e-05,0,0,4,0
CLM-004034,2,67,251,3.923691541307281e-05,6,0,0,0
CLM-004035,3,33,252,5.628739126848138e-05,8,0,4,0
CLM-004036,3,96,149,5.445978618722272e-05,8,0,7,0
CLM-004037,2,42,157,4.8070296931625486e-05,4,0,0,0
CLM-004038,2,1,187,6.680759057509572e-05,0,0,0,0
CLM-004039,2,82,262,5.9007983851205975e-05,0,0,0,0
CLM-004040,3,103,178,6.0473963610592085e-05,2,0,12,0
CLM-004041,3,28,254,5.63230887926557e-05,3,0,5,0
CLM-004042,3,39,253,6.463608357903185e-05,2,0,3,0
CLM-004043,3,142,134,5.8479748533390884e-05,3,0,9,0
CLM-004044,2,7,228,3.877892167501989e-05,4,0,0,0
CLM-004045,3,19,261,6.352035700731557e-05,1,0,8,0
CLM-004046,3,111,213,5.9293722500133515e-05,4,0,3,0
CLM-004047,3,54,156,6.680217166497008e-05,5,0,2,0
CLM-004048,2,129,10,6.280538070556551e-05,2,0,0,0
CLM-004049,2,96,149,4.14877187717219e-05,11,0,0,0
CLM-004050,2,17,185,6.1010885696677655e-05,0,0,0,0
CLM-004051,3,57,193,7.086786291238736e-05,0,0,5,0
CLM-004052,2,78,272,4.1545915350868605e-05,9,0,0,0
CLM-004053,2,20,224,5.066624022558099e-05,1,0,0,0
CLM-004054,2,146,202,5.1881647472576185e-05,3,0,0,0
CLM-004055,2,11,82,4.733606799723831e-05,3,0,0,0
CLM-004056,3,94,78,6.689650565130871e-05,1,0,7,0
CLM-004057,2,118,113,4.412953057843945e-05,3,0,0,0
CLM-004058,2,37,170,4.4370137983180095e-05,5,0,0,0
CLM-004059,3,39,253,5.781792170612184e-05,8,0,6,0
CLM-004060,3,110,151,6.0340897919468856e-05,3,0,5,0
CLM-004061,2,87,114,4.27414021842906e-05,4,0,0,0
CLM-004062,3,5,184,5.508507399624766e-05,5,0,6,0
CLM-004063,2,2,86,5.230268455428807e-05,1,0,0,0
CLM-004064,3,99,204,5.991142475750015e-05,3,0,6,0
CLM-004065,3,3,130,5.8286546526267314e-05,5,0,3,0
CLM-004066,3,67,251,6.189762343194847e-05,1,0,9,0
CLM-004067,3,123,185,6.249206137780026e-05,3,0,8,0
CLM-004068,3,112,172,5.7626988815865546e-05,5,0,6,0
CLM-004069,3,19,261,6.716118053644219e-05,1,0,4,0
CLM-004070,3,68,161,6.24120795856503e-05,1,0,12,0
CLM-004071,2,28,254,4.561332251828599e-05,3,0,0,0
CLM-004072,2,113,112,4.4710014221861634e-05,5,0,0,0
CLM-004073,3,23,168,6.917649151417146e-05,1,0,3,0
CLM-004074,2,138,126,5.148231236702619e-05,2,0,0,0
CLM-004075,3,42,157,5.7649243934445556e-05,7,0,3,0
CLM-004076,2,56,91,4.7560520436703646e-05,4,0,0,0
CLM-004077,3,24,168,5.908334189160523e-05,3,0,4,0
CLM-004078,2,4,171,4.7626141112874384e-05,3,0,0,0
CLM-004079,3,29,129,5.888933312740858e-05,5,0,2,0
CLM-004080,2,16,208,4.161088430257702e-05,7,0,0,0
CLM-004081,2,39,253,5.0698980450604874e-05,2,0,0,0
CLM-004082,3,5,184,5.5355743222438665e-05,10,0,5,0
CLM-004083,2,133,244,4.5765447871267775e-05,2,0,0,0
CLM-004084,2,99,204,4.353581343595237e-05,2,0,0,0
CLM-004085,3,131,61,5.935699591057736e-05,3,0,6,0
CLM-004086,3,67,251,6.4491844079097e-05,2,0,3,0
CLM-004087,2,57,193,4.5581017432368025e-05,5,0,0,0
CLM-004088,3,24,168,5.634162635365189e-05,3,0,7,0
CLM-004089,2,133,244,4.501943907387129e-05,3,0,0,0
CLM-004090,2,112,172,4.0880541261653344e-05,9,0,0,0
CLM-004091,2,17,185,4.200390485187575e-05,7,0,0,0
CLM-004092,3,37,170,5.7366503069643146e-05,10,0,9,0
CLM-004093,3,102,256,5.4314902451357074e-05,7,0,4,0
CLM-004094,3,120,173,6.555000937538742e-05,1,0,7,0
CLM-004095,3,148,222,6.73528559422284e-05,1,0,5,0
CLM-004096,3,54,156,5.98338956733475e-05,2,0,5,0
CLM-004097,2,4,171,4.290480311424061e-05,5,0,0,0
CLM-004098,2,78,272,4.145566508877664e-05,6,0,0,0
CLM-004099,3,40,252,6.145004309365004e-05,4,0,4,0
CLM-004100,3,1,187,5.799514481134787e-05,3,0,3,0
CLM-004101,2,39,253,4.600262251581819e-05,2,0,0,0
CLM-004102,2,148,222,4.5006351015904964e-05,1,0,0,0
CLM-004103,3,46,231,6.167885047704923e-05,5,0,9,0
CLM-004104,3,136,199,5.4963528262466535e-05,7,0,6,0
CLM-004105,3,16,208,5.708008772554077e-05,10,0,6,0
CLM-004106,2,31,151,4.367328614589447e-05,8,0,0,0
CLM-004107,3,90,201,6.017131930081722e-05,5,0,13,0
CLM-004108,3,1,187,7.333502346833757e-05,0,0,11,0
CLM-004109,3,128,197,5.4282667298682185e-05,9,0,6,0
CLM-004110,3,148,222,5.6841703898095525e-05,3,0,3,0
CLM-004111,3,20,224,5.399386261724325e-05,8,0,8,0
CLM-004112,3,103,178,5.633804298000375e-05,8,0,7,0
CLM-004113,3,148,222,6.323427928557767e-05,5,0,1,0
CLM-004114,3,33,252,6.591607055623057e-05,1,0,3,0
CLM-004115,3,24,168,5.8636266860886984e-05,3,0,6,0
CLM-004116,2,45,190,4.236807413770689e-05,3,0,0,0
CLM-004117,2,128,197,5.043088793601159e-05,1,0,0,0
CLM-004118,3,111,213,6.319345148017527e-05,1,0,5,0
CLM-004119,3,20,224,5.8521593983781124e-05,3,0,4,0
CLM-004120,2,67,251,4.1785883949717894e-05,5,0,0,0
CLM-004121,2,124,145,4.393546820433247e-05,3,0,0,0
CLM-004122,2,77,134,4.0284355068544204e-05,5,0,0,0
CLM-004123,2,25,266,4.713059517526977e-05,1,0,0,0
CLM-004124,3,19,261,6.173818432175606e-05,1,0,6,0
CLM-004125,3,4,171,7.522086108878955e-05,0,0,2,0
CLM-004126,3,60,185,5.9613194336848954e-05,5,0,3,0
CLM-004127,2,102,256,4.1694092092733014e-05,8,0,0,0
CLM-004128,2,71,210,4.6711315761950306e-05,3,0,0,0
CLM-004129,2,75,184,4.999585671504609e-05,2,0,0,0
CLM-004130,2,102,256,3.8448575192173156e-05,7,0,0,0
CLM-004131,3,71,210,6.249179307334964e-05,1,0,7,0
CLM-004132,3,96,149,5.4231899635517344e-05,7,0,6,0
CLM-004133,3,3,130,5.676058787350044e-05,5,0,8,0
CLM-004134,2,33,252,4.2554513737934524e-05,7,0,0,0
CLM-004135,2,135,141,6.898132725230048e-05,0,0,0,0
CLM-004136,2,97,185,4.269255764482848e-05,5,0,0,0
CLM-004137,3,80,306,5.600171135106986e-05,6,0,8,0
CLM-004138,2,70,239,4.782750012182834e-05,2,0,0,0
CLM-004139,3,6,344,5.7361084181787655e-05,6,0,6,0
CLM-004140,3,24,168,5.7338579775258075e-05,2,0,7,0
CLM-004141,2,71,210,4.646087033110102e-05,4,0,0,0
CLM-004142,2,19,261,4.444688654797005e-05,3,0,0,0
CLM-004143,3,31,151,6.299311730683735e-05,4,0,12,0
CLM-004144,2,79,85,5.522758633363191e-05,0,0,0,0
CLM-004145,2,28,254,4.055017941934837e-05,8,0,0,0
CLM-004146,2,81,211,4.148089886077809e-05,6,0,0,0
CLM-004147,3,70,239,6.12816392270561e-05,4,0,5,0
CLM-004148,3,102,256,7.240224302412014e-05,0,0,5,0
CLM-004149,2,124,145,4.177812396862829e-05,6,0,0,0
CLM-004150,3,31,151,5.726468921652205e-05,4,0,6,0
CLM-004151,3,123,185,6.281677792156505e-05,1,0,7,0
CLM-004152,2,57,193,4.4193909316057065e-05,2,0,0,0
CLM-004153,2,68,161,4.4521142005173804e-05,3,0,0,0
CLM-004154,3,46,231,6.32651276704591e-05,8,0,1,0
CLM-004155,3,7,228,5.377575950555552e-05,10,0,7,0
CLM-004156,2,136,199,4.161058265044648e-05,8,0,0,0
CLM-004157,2,113,112,4.307553332459288e-05,5,0,0,0
CLM-004158,2,136,199,5.767350922143001e-05,0,0,0,0
CLM-004159,3,60,185,5.8967190854673184e-05,8,0,1,0
CLM-004160,3,23,168,5.897609777776447e-05,4,0,10,0
CLM-004161,3,148,222,5.6999286430342126e-05,6,0,4,0
CLM-004162,3,86,230,5.774945091119297e-05,5,0,11,0
CLM-004163,3,50,142,5.817370110570367e-05,5,0,10,0
CLM-004164,2,71,210,4.5098899080712414e-05,3,0,0,0
CLM-004165,3,52,65,6.982885400878296e-05,2,0,7,0
CLM-004166,3,71,210,5.831265819596996e-05,11,0,5,0
CLM-004167,2,142,134,4.136291853161502e-05,7,0,0,0
CLM-004168,2,122,299,4.5152723769726644e-05,4,0,0,0
CLM-004169,2,119,83,4.2335424359813904e-05,6,0,0,0
CLM-004170,3,102,256,5.92848764762664e-05,3,0,4,0
CLM-004171,3,112,172,6.130188493190735e-05,5,0,4,0
CLM-004172,2,150,122,4.8101846293916936e-05,1,0,0,0
CLM-004173,2,88,244,6.271275922380762e-05,0,0,0,0
CLM-004174,3,5,184,5.719451711052138e-05,5,0,8,0
CLM-004175,3,33,252,5.837440158686786e-05,2,0,9,0
CLM-004176,2,110,151,4.048812491279239e-05,11,0,0,0
CLM-004177,3,68,161,6.407035109648682e-05,1,0,5,0
CLM-004178,2,135,141,4.584752983688663e-05,3,0,0,0
CLM-004179,3,70,239,6.024042026069016e-05,6,0,1,0
CLM-004180,3,6,344,5.791867250521824e-05,9,0,9,0
CLM-004181,3,96,149,5.623120226930425e-05,2,0,9,0
CLM-004182,3,4,171,5.887708143730084e-05,5,0,1,0
CLM-004183,3,46,231,5.656907602153808e-05,6,0,9,0
CLM-004184,2,5,184,4.036775768621686e-05,5,0,0,0
CLM-004185,3,16,208,6.68107681679987e-05,2,0,3,0
CLM-004186,3,77,134,5.7804746583111174e-05,2,0,8,0
CLM-004187,3,103,178,5.7623936313271985e-05,8,0,6,0
CLM-004188,3,122,299,5.912793490683876e-05,5,0,5,0
CLM-004189,2,19,261,4.273413358881912e-05,8,0,0,0
CLM-004190,2,81,211,3.968260052741775e-05,9,0,0,0
CLM-004191,3,86,230,5.8097737970442584e-05,4,0,4,0
CLM-004192,3,113,112,6.666900838553651e-05,2,0,3,0
CLM-004193,2,88,244,4.5390267041824015e-05,2,0,0,0
CLM-004194,2,2,86,4.724522680819923e-05,2,0,0,0
CLM-004195,3,72,241,5.7553871568392296e-05,3,0,5,0
CLM-004196,3,120,173,5.746537343991385e-05,7,0,4,0
CLM-004197,3,78,272,5.4890683650858897e-05,11,0,4,0
CLM-004198,2,46,231,4.403175493963118e-05,3,0,0,0
CLM-004199,3,81,211,5.683994213409364e-05,2,0,11,0
CLM-004200,3,133,244,5.5991524417393814e-05,10,0,3,0
CLM-004201,2,7,228,4.0518443741378116e-05,6,0,0,0
CLM-004202,2,6,344,4.297177196207679e-05,6,0,0,0
CLM-004203,2,123,185,5.4294861597498045e-05,1,0,0,0
CLM-004204,3,67,251,7.062124410854017e-05,1,0,8,0
CLM-004205,2,122,299,4.0252646185972725e-05,10,0,0,0
CLM-004206,3,68,161,5.83520111620526e-05,3,0,5,0
CLM-004207,2,111,213,7.043537772007626e-05,0,0,0,0
CLM-004208,2,96,149,4.505816318629511e-05,2,0,0,0
CLM-004209,3,4,171,5.509010099435511e-05,9,0,8,0
CLM-004210,2,146,202,4.504850199531313e-05,6,0,0,0
CLM-004211,3,120,173,5.717567566207441e-05,3,0,4,0
CLM-004212,2,5,184,4.14933633743164e-05,3,0,0,0
CLM-004213,2,4,171,4.182001822262075e-05,9,0,0,0
CLM-004214,2,97,185,4.777686883605713e-05,4,0,0,0
CLM-004215,2,122,299,4.3150506362862067e-05,5,0,0,0
CLM-004216,3,17,185,5.5356474799183826e-05,5,0,5,0
CLM-004217,3,122,299,5.99155310991178e-05,1,0,9,0
CLM-004218,3,20,224,5.801330101268385e-05,6,0,8,0
CLM-004219,3,20,224,6.24342343774422e-05,2,0,8,0
CLM-004220,2,117,108,4.0934329211685756e-05,4,0,0,0
CLM-004221,2,84,191,4.374314613679359e-05,7,0,0,0
CLM-004222,3,12,118,5.6128447134564605e-05,3,0,6,0
CLM-004223,2,24,168,4.3645980950428776e-05,2,0,0,0
CLM-004224,2,133,244,4.7499121848678554e-05,4,0,0,0
CLM-004225,2,7,228,5.579724045823712e-05,1,0,0,0
CLM-004226,3,72,241,6.338459950037143e-05,4,0,1,0
CLM-004227,3,103,178,5.997683237632766e-05,1,0,5,0
CLM-004228,3,117,108,6.138073363957853e-05,3,0,7,0
CLM-004229,3,142,134,5.826720844399668e-05,4,0,3,0
CLM-004230,3,77,134,5.802551006899053e-05,7,0,9,0
CLM-004231,3,16,208,5.613101755670424e-05,5,0,8,0
CLM-004232,3,64,151,5.9615912147267966e-05,4,0,7,0
CLM-004233,3,139,96,5.796118430887745e-05,2,0,6,0
CLM-004234,2,28,254,4.858061577167339e-05,3,0,0,0
CLM-004235,3,136,199,5.932777118437429e-05,2,0,7,0
CLM-004236,3,40,252,6.011337160572785e-05,4,0,4,0
CLM-004237,3,64,151,6.355845548374353e-05,2,0,1,0
CLM-004238,2,60,185,5.338767034903618e-05,5,0,0,0
CLM-004239,3,68,161,6.028534869422959e-05,4,0,9,0
CLM-004240,2,80,306,4.176254596832003e-05,7,0,0,0
CLM-004241,3,4,171,5.966071251437751e-05,2,0,8,0
CLM-004242,3,123,185,6.394270304862175e-05,0,0,9,0
CLM-004243,2,17,185,4.8514878825921585e-05,2,0,0,0
CLM-004244,3,123,185,5.633326333659227e-05,5,0,3,0
CLM-004245,2,39,253,4.234499961504082e-05,4,0,0,0
CLM-004246,2,1,187,4.0585669083589794e-05,6,0,0,0
CLM-004247,3,136,199,5.720653243598964e-05,6,0,5,0
CLM-004248,2,128,197,4.3611320387809104e-05,3,0,0,0
CLM-004249,3,87,114,5.89570039101535e-05,9,0,5,0
CLM-004250,2,124,145,4.8442595491281626e-05,1,0,0,0
CLM-004251,3,148,222,5.872831054905391e-05,4,0,5,0
CLM-004252,2,8,77,5.0080456454695766e-05,2,0,0,0
CLM-004253,3,42,157,5.600783116663669e-05,9,0,7,0
CLM-004254,2,146,202,4.89595900529826e-05,3,0,0,0
CLM-004255,3,90,201,5.7579269059628654e-05,4,0,2,0
CLM-004256,3,81,211,6.372721523971453e-05,1,0,6,0
CLM-004257,2,78,272,4.377752872125644e-05,3,0,0,0
CLM-004258,3,71,210,6.229278576929034e-05,1,0,5,0
CLM-004259,3,80,306,5.327382253362488e-05,6,0,7,0
CLM-004260,2,135,141,4.321155039980847e-05,3,0,0,0
CLM-004261,3,70,239,5.919296747391505e-05,4,0,3,0
CLM-004262,2,97,185,4.2529738947256275e-05,7,0,0,0
CLM-004263,3,97,185,5.842968860473533e-05,5,0,6,0
CLM-004264,3,118,113,6.278592552137082e-05,4,0,9,0
CLM-004265,2,102,256,4.348112514493279e-05,3,0,0,0
CLM-004266,3,117,108,5.679464821395487e-05,5,0,6,0
CLM-004267,2,84,191,5.195950505081417e-05,2,0,0,0
CLM-004268,3,52,65,5.936292509212262e-05,4,0,3,0
CLM-004269,2,21,196,4.498773506820604e-05,5,0,0,0
CLM-004270,3,146,202,7.012238078423166e-05,0,0,10,0
CLM-004271,3,46,231,5.97438659353219e-05,2,0,16,0
CLM-004272,3,67,251,5.981710594981751e-05,6,0,6,0
CLM-004273,2,31,151,4.3008866678471285e-05,7,0,0,0
CLM-004274,3,37,170,6.302741043520083e-05,8,0,4,0
CLM-004275,3,70,239,6.86336828835471e-05,2,0,4,0
CLM-004276,3,96,149,5.8580579837658294e-05,4,0,8,0
CLM-004277,3,46,231,5.738090953137228e-05,6,0,4,0
CLM-004278,2,1,187,4.0810558114178615e-05,6,0,0,0
CLM-004279,3,28,254,6.0382831343122244e-05,2,0,5,0
CLM-004280,3,103,178,5.598329788120639e-05,3,0,3,0
CLM-004281,2,43,117,5.76369908004404e-05,1,0,0,0
CLM-004282,3,24,168,6.213088053839491e-05,5,0,1,0
CLM-004283,3,146,202,5.595673060491031e-05,3,0,7,0
CLM-004284,3,133,244,5.8075666662311586e-05,3,0,2,0
CLM-004285,3,40,252,6.361350439003209e-05,4,0,2,0
CLM-004286,3,78,272,6.008364527363472e-05,11,0,4,0
CLM-004287,3,119,83,5.459140711388138e-05,5,0,5,0
CLM-004288,2,28,254,4.0451766138589645e-05,3,0,0,0
CLM-004289,3,82,262,7.011098915364473e-05,1,0,3,0
CLM-004290,3,138,126,6.420756739705685e-05,4,0,3,0
CLM-004291,2,71,210,4.479686786464843e-05,6,0,0,0
CLM-004292,3,133,244,6.640214000576275e-05,0,0,6,0
CLM-004293,3,87,114,5.9855459056656785e-05,3,0,7,0
CLM-004294,2,21,196,4.422002087694771e-05,2,0,0,0
CLM-004295,3,90,201,5.734238368720809e-05,5,0,6,0
CLM-004296,3,78,272,6.310859973951695e-05,2,0,9,0
CLM-004297,3,80,306,5.8179456882685974e-05,1,0,9,0
CLM-004298,3,80,306,6.376758560521185e-05,3,0,4,0
CLM-004299,3,16,208,7.069946583309707e-05,0,0,3,0
CLM-004300,3,6,344,6.316630060554965e-05,2,0,10,0
CLM-004301,2,88,244,4.3645176403466805e-05,2,0,0,0
CLM-004302,2,72,241,5.233526318122736e-05,0,0,0,0
CLM-004303,3,123,185,5.670035520335178e-05,4,0,3,0
CLM-004304,3,67,251,5.2766268355632904e-05,5,0,12,0
CLM-004305,2,136,199,4.108691104767261e-05,9,0,0,0
CLM-004306,3,120,173,6.112331914936937e-05,3,0,1,0
CLM-004307,3,94,78,6.531207573478319e-05,1,0,6,0
CLM-004308,3,84,191,7.220950761357575e-05,0,0,5,0
CLM-004309,3,3,130,6.296677703281637e-05,2,0,8,0
CLM-004310,3,65,160,5.572520079799949e-05,9,0,6,0
CLM-004311,2,50,142,4.1739515003393014e-05,7,0,0,0
CLM-004312,2,70,239,5.763746111503457e-05,0,0,0,0
CLM-004313,2,28,254,4.344515240808617e-05,4,0,0,0
CLM-004314,2,78,272,4.301292169647506e-05,11,0,0,0
CLM-004315,2,123,185,4.133158298094091e-05,5,0,0,0
CLM-004316,3,37,170,5.8595638088620086e-05,6,0,5,0
CLM-004317,2,126,110,5.790405470332757e-05,0,0,0,0
CLM-004318,2,133,244,4.604328902885708e-05,3,0,0,0
CLM-004319,3,1,187,6.440452649498574e-05,2,0,4,0
CLM-004320,3,1,187,6.109007844339028e-05,3,0,8,0
CLM-004321,2,56,91,4.7560520436703646e-05,4,0,0,0
CLM-004322,3,16,208,5.6411655872085855e-05,4,0,8,0
CLM-004323,3,103,178,5.777641416469723e-05,4,0,9,0
CLM-004324,3,3,130,6.12147743836579e-05,3,0,4,0
CLM-004325,2,20,224,4.388071890886087e-05,1,0,0,0
CLM-004326,2,117,108,5.0481402743706704e-05,2,0,0,0
CLM-004327,2,90,201,4.8422319408582074e-05,2,0,0,0
CLM-004328,2,64,151,4.460970923374193e-05,5,0,0,0
CLM-004329,3,80,306,6.506226360180894e-05,0,0,5,0
CLM-004330,2,19,261,4.757196147475496e-05,1,0,0,0
CLM-004331,2,21,196,5.545250293531163e-05,1,0,0,0
CLM-004332,2,139,96,4.537918518251981e-05,3,0,0,0
CLM-004333,2,120,173,6.200568760031595e-05,0,0,0,0
CLM-004334,3,112,172,6.592309856851637e-05,5,0,4,0
CLM-004335,3,138,126,6.324852491024869e-05,2,0,5,0
CLM-004336,3,6,344,5.6300203013130686e-05,9,0,8,0
CLM-004337,2,6,344,4.1256843692710346e-05,9,0,0,0
CLM-004338,2,16,208,4.212110277737082e-05,5,0,0,0
CLM-004339,3,28,254,5.9588928795769684e-05,4,0,5,0
CLM-004340,3,80,306,5.333553870475545e-05,7,0,10,0
CLM-004341,3,99,204,5.454632606614671e-05,7,0,9,0
CLM-004342,3,86,230,5.771964587081249e-05,3,0,3,0
CLM-004343,3,107,161,6.258641319055634e-05,2,0,2,0
CLM-004344,3,57,193,5.706708255882165e-05,7,0,5,0
CLM-004345,2,80,306,4.4385208231668334e-05,3,0,0,0
CLM-004346,2,68,161,4.261635392864755e-05,4,0,0,0
CLM-004347,3,72,241,5.8195106609324546e-05,8,0,6,0
CLM-004348,3,67,251,5.937964486846188e-05,2,0,4,0
CLM-004349,2,65,160,4.128996396072164e-05,8,0,0,0
CLM-004350,3,96,149,6.811644116821375e-05,0,0,6,0
CLM-004351,2,84,191,4.052291641183971e-05,8,0,0,0
CLM-004352,3,17,185,5.95431330067213e-05,1,0,11,0
CLM-004353,2,45,190,4.236807413770689e-05,3,0,0,0
CLM-004354,2,20,224,4.981511550093946e-05,2,0,0,0
CLM-004355,2,2,86,4.1799338843171726e-05,5,0,0,0
CLM-004356,3,19,261,6.513383807867115e-05,0,0,6,0
CLM-004357,2,39,253,4.5147821539264846e-05,2,0,0,0
CLM-004358,2,84,191,5.195950505081417e-05,2,0,0,0
CLM-004359,2,67,251,4.644868585429326e-05,1,0,0,0
CLM-004360,3,6,344,6.549577921214283e-05,1,0,5,0
CLM-004361,2,133,244,4.516126759626551e-05,3,0,0,0
CLM-004362,3,103,178,6.0883360793401665e-05,3,0,5,0
CLM-004363,2,124,145,6.162239598721963e-05,0,0,0,0
CLM-004364,3,128,197,5.4982109955603274e-05,8,0,6,0
CLM-004365,3,77,134,5.502114920976864e-05,4,0,7,0
CLM-004366,2,133,244,4.561657430969278e-05,4,0,0,0
CLM-004367,2,1,187,4.3395549082212105e-05,4,0,0,0
CLM-004368,3,142,134,7.905354904043659e-05,0,0,4,0
CLM-004369,2,102,256,4.167409549723984e-05,8,0,0,0
CLM-004370,3,136,199,5.886632629368495e-05,6,0,5,0
CLM-004371,3,86,230,5.51227663394036e-05,3,0,7,0
CLM-004372,3,25,266,5.7784852110401304e-05,8,0,9,0
CLM-004373,3,39,253,5.630812145562388e-05,3,0,5,0
CLM-004374,2,20,224,3.83670329040119e-05,5,0,0,0
CLM-004375,3,4,171,6.318422022331965e-05,4,0,8,0
CLM-004376,2,107,161,4.716827971835013e-05,3,0,0,0
CLM-004377,3,70,239,5.625703135814075e-05,5,0,7,0
CLM-004378,2,123,185,4.27614561006515e-05,7,0,0,0
CLM-004379,2,150,122,4.3804184299509054e-05,3,0,0,0
CLM-004380,3,16,208,5.724813339519457e-05,3,0,10,0
CLM-004381,3,128,197,6.421267841195949e-05,5,0,3,0
CLM-004382,3,118,113,5.969612735274534e-05,3,0,4,0
CLM-004383,3,6,344,6.27271806820244e-05,1,0,9,0
CLM-004384,3,24,168,5.814006293093148e-05,3,0,12,0
CLM-004385,2,25,266,4.2745036863966406e-05,5,0,0,0
CLM-004386,3,122,299,5.573060487933947e-05,5,0,4,0
CLM-004387,3,6,344,5.2598678359216456e-05,6,0,10,0
CLM-004388,2,70,239,4.0690895303161406e-05,5,0,0,0
CLM-004389,3,43,117,5.575273354075655e-05,4,0,13,0
CLM-004390,3,57,193,5.7892064286981473e-05,5,0,12,0
CLM-004391,3,107,161,6.021493784299242e-05,3,0,5,0
CLM-004392,2,40,252,4.4040414681629955e-05,4,0,0,0
CLM-004393,3,99,204,5.392783910844457e-05,9,0,5,0
CLM-004394,2,40,252,4.2078595485985926e-05,9,0,0,0
CLM-004395,3,39,253,6.119500014119118e-05,4,0,4,0
CLM-004396,3,107,161,5.907411189220469e-05,5,0,5,0
CLM-004397,3,12,118,5.972520296959909e-05,4,0,4,0
CLM-004398,2,33,252,4.173880446591863e-05,5,0,0,0
CLM-004399,2,21,196,4.366305189366202e-05,3,0,0,0
CLM-004400,2,79,85,4.9603587405467474e-05,3,0,0,0
CLM-004401,3,122,299,6.12652855253008e-05,2,0,6,0
CLM-004402,3,122,299,6.195768756832282e-05,5,0,9,0
CLM-004403,3,90,201,5.516943293275999e-05,4,0,7,0
CLM-004404,2,70,239,4.3244518541543635e-05,6,0,0,0
CLM-004405,3,28,254,6.077159997974345e-05,2,0,4,0
CLM-004406,3,20,224,6.24274262634737e-05,8,0,3,0
CLM-004407,2,52,65,4.6036950676700425e-05,2,0,0,0
CLM-004408,2,6,344,4.1623349761345196e-05,4,0,0,0
CLM-004409,3,1,187,5.966100184623007e-05,3,0,5,0
CLM-004410,3,6,344,5.8812168975426904e-05,9,0,12,0
CLM-004411,3,72,241,6.196647279459488e-05,1,0,7,0
CLM-004412,3,107,161,5.661390767451466e-05,6,0,4,0
CLM-004413,3,24,168,5.840416970385568e-05,11,0,4,0
CLM-004414,2,12,118,4.0998318492240234e-05,3,0,0,0
CLM-004415,2,42,157,4.721976827267443e-05,1,0,0,0
CLM-004416,3,3,130,6.152352592920462e-05,4,0,9,0
CLM-004417,2,3,130,4.476678466965098e-05,4,0,0,0
CLM-004418,3,28,254,6.098351690698679e-05,2,0,7,0
CLM-004419,3,111,213,5.413567910745752e-05,7,0,9,0
CLM-004420,3,54,156,6.411325726769332e-05,4,0,3,0
CLM-004421,2,45,190,4.427357277806273e-05,5,0,0,0
CLM-004422,3,28,254,7.023745212863608e-05,0,0,5,0
CLM-004423,2,60,185,4.0209143864106636e-05,8,0,0,0
CLM-004424,2,64,151,4.052095366170078e-05,6,0,0,0
CLM-004425,2,70,239,4.201002469686789e-05,6,0,0,0
CLM-004426,3,128,197,5.4963732665826306e-05,9,0,7,0
CLM-004427,3,135,141,6.104650756683975e-05,3,0,6,0
CLM-004428,3,54,156,5.500887827362043e-05,4,0,7,0
CLM-004429,3,82,262,5.902382055553069e-05,2,0,6,0
CLM-004430,3,17,185,6.441747278462021e-05,0,0,12,0
CLM-004431,3,28,254,5.793043179745473e-05,4,0,6,0
CLM-004432,3,19,261,5.817598147407875e-05,8,0,7,0
CLM-004433,2,28,254,5.794597808275123e-05,0,0,0,0
CLM-004434,3,78,272,5.929624339805868e-05,3,0,12,0
CLM-004435,2,25,266,6.814683826829407e-05,0,0,0,0
CLM-004436,3,17,185,6.496070898819078e-05,2,0,4,0
CLM-004437,3,24,168,5.9706864465263215e-05,6,0,4,0
CLM-004438,2,124,145,4.409719437733463e-05,3,0,0,0
CLM-004439,3,99,204,5.3658390380593615e-05,8,0,11,0
CLM-004440,2,81,211,4.4399485597633345e-05,2,0,0,0
CLM-004441,2,78,272,4.7266380294870726e-05,2,0,0,0
CLM-004442,3,45,190,6.13144947621828e-05,1,0,9,0
CLM-004443,3,88,244,6.290820955656293e-05,3,0,4,0
CLM-004444,3,39,253,6.104482271169877e-05,3,0,4,0
CLM-004445,3,112,172,6.0800611263602994e-05,2,0,5,0
CLM-004446,3,65,160,7.185441105853556e-05,4,0,0,0
CLM-004447,3,110,151,6.742472205809583e-05,4,0,0,0
CLM-004448,3,124,145,6.590345582315553e-05,1,0,2,0
CLM-004449,2,3,130,5.165903584616427e-05,2,0,0,0
CLM-004450,3,87,114,5.630602885050821e-05,9,0,5,0
CLM-004451,3,46,231,5.653567460516551e-05,6,0,16,0
CLM-004452,3,136,199,5.862209040136945e-05,5,0,3,0
CLM-004453,3,128,197,6.758991785749807e-05,1,0,3,0
CLM-004454,2,78,272,4.372012734228998e-05,4,0,0,0
CLM-004455,2,4,171,4.0593072439703354e-05,5,0,0,0
CLM-004456,2,11,82,5.252386433017989e-05,3,0,0,0
CLM-004457,3,16,208,5.646465857421805e-05,9,0,4,0
CLM-004458,3,64,151,6.373512275661347e-05,1,0,4,0
CLM-004459,3,19,261,5.786102598252748e-05,8,0,3,0
CLM-004460,2,80,306,4.274548617896893e-05,3,0,0,0
CLM-004461,3,2,86,6.59837258885294e-05,3,0,3,0
CLM-004462,3,45,190,5.355913596254369e-05,3,0,11,0
CLM-004463,3,119,83,6.476640667493755e-05,5,0,6,0
CLM-004464,2,71,210,4.3617530284643764e-05,5,0,0,0
CLM-004465,2,16,208,5.002337319731956e-05,2,0,0,0
CLM-004466,2,11,82,4.325985523250367e-05,5,0,0,0
CLM-004467,3,24,168,5.728721727026305e-05,2,0,6,0
CLM-004468,2,122,299,4.0252646185972725e-05,10,0,0,0
CLM-004469,2,72,241,4.3356891933587104e-05,2,0,0,0
CLM-004470,3,64,151,7.778710353586905e-05,0,0,5,0
CLM-004471,3,4,171,6.0608154695175736e-05,4,0,4,0
CLM-004472,3,40,252,7.372582707459062e-05,0,0,5,0
CLM-004473,3,71,210,5.996533280881468e-05,3,0,6,0
CLM-004474,2,133,244,4.607858196832514e-05,2,0,0,0
CLM-004475,3,99,204,6.066897674350054e-05,3,0,8,0
CLM-004476,2,45,190,4.0789908720644175e-05,2,0,0,0
CLM-004477,3,23,168,6.002672559452026e-05,6,0,5,0
CLM-004478,2,25,266,4.42047340343401e-05,8,0,0,0
CLM-004479,2,61,56,4.521202776650397e-05,5,0,0,0
CLM-004480,3,135,141,5.796062338046052e-05,3,0,7,0
CLM-004481,3,135,141,5.7155905775944365e-05,6,0,5,0
CLM-004482,3,133,244,5.5134845486774415e-05,9,0,3,0
CLM-004483,3,128,197,6.108776616182869e-05,8,0,5,0
CLM-004484,3,14,186,5.770126164044933e-05,10,0,7,0
CLM-004485,3,88,244,5.585006403158475e-05,2,0,8,0
CLM-004486,3,118,113,5.626667143003158e-05,9,0,4,0
CLM-004487,3,71,210,6.399105957000101e-05,1,0,8,0
CLM-004488,2,75,184,4.369591099553011e-05,4,0,0,0
CLM-004489,3,7,228,5.340951216278018e-05,10,0,7,0
CLM-004490,2,3,130,4.754725123472022e-05,1,0,0,0
CLM-004491,2,110,151,4.517134228815581e-05,3,0,0,0
CLM-004492,3,75,184,6.379035081945786e-05,2,0,7,0
CLM-004493,3,1,187,6.096598750846789e-05,3,0,8,0
CLM-004494,3,111,213,5.572040028134872e-05,7,0,5,0
CLM-004495,3,4,171,5.529318602763154e-05,5,0,6,0
CLM-004496,3,25,266,5.783079218019433e-05,8,0,12,0
CLM-004497,3,42,157,7.066701524675741e-05,0,0,3,0
CLM-004498,3,148,222,5.706098290228144e-05,3,0,8,0
CLM-004499,2,19,261,4.134346818795114e-05,9,0,0,0
CLM-004500,3,1,187,5.536723201798127e-05,3,0,11,0
CLM-004501,3,128,197,8.406820810499614e-05,0,0,4,0
CLM-004502,2,16,208,4.133307122158593e-05,4,0,0,0
CLM-004503,2,80,306,4.102447561165796e-05,9,0,0,0
CLM-004504,3,20,224,5.655433916563404e-05,8,0,3,0
CLM-004505,3,136,199,6.152518780692708e-05,4,0,7,0
CLM-004506,3,97,185,6.468670207207455e-05,3,0,9,0
CLM-004507,3,79,85,6.620629468967961e-05,2,0,3,0
CLM-004508,2,86,230,4.4998025473741e-05,7,0,0,0
CLM-004509,2,97,185,4.173780999746818e-05,2,0,0,0
CLM-004510,3,124,145,5.916784463380251e-05,2,0,9,0
CLM-004511,2,33,252,5.0021308059622544e-05,1,0,0,0
CLM-004512,3,20,224,5.8409098608673116e-05,5,0,3,0
CLM-004513,3,78,272,6.162178802004879e-05,2,0,4,0
CLM-004514,3,25,266,5.965312199791491e-05,8,0,4,0
CLM-004515,2,28,254,4.730511831659301e-05,2,0,0,0
CLM-004516,3,60,185,6.994027740627574e-05,2,0,2,0
CLM-004517,3,86,230,5.643665724009146e-05,3,0,7,0
CLM-004518,3,20,224,6.21832707902687e-05,1,0,8,0
CLM-004519,3,82,262,6.004503150601817e-05,6,0,2,0
CLM-004520,2,107,161,6.30678367670674e-05,0,0,0,0
CLM-004521,3,82,262,5.620919473138904e-05,4,0,9,0
CLM-004522,3,40,252,6.559785658751163e-05,0,0,11,0
CLM-004523,3,133,244,6.473595023805118e-05,4,0,11,0
CLM-004524,3,80,306,6.049600727861818e-05,12,0,6,0
CLM-004525,2,57,193,4.281705680896599e-05,5,0,0,0
CLM-004526,3,123,185,5.9238376282407134e-05,5,0,2,0
CLM-004527,2,119,83,5.1333642532352266e-05,1,0,0,0
CLM-004528,3,136,199,6.20532044291881e-05,2,0,7,0
CLM-004529,2,14,186,4.275840293221915e-05,10,0,0,0
CLM-004530,3,90,201,6.340995362885138e-05,4,0,2,0
CLM-004531,2,70,239,5.030215698698207e-05,1,0,0,0
CLM-004532,2,24,168,4.393505601413019e-05,4,0,0,0
CLM-004533,3,6,344,5.696864088112343e-05,3,0,4,0
CLM-004534,3,6,344,6.6700059591567e-05,2,0,2,0
CLM-004535,2,19,261,4.809490963276408e-05,4,0,0,0
CLM-004536,2,79,85,4.68371205131671e-05,3,0,0,0
CLM-004537,3,72,241,7.412220558129342e-05,1,0,4,0
CLM-004538,2,29,129,4.231170093503665e-05,5,0,0,0
CLM-004539,3,128,197,6.445951721778141e-05,3,0,4,0
CLM-004540,3,82,262,5.9348715608050507e-05,6,0,6,0
CLM-004541,3,111,213,6.16245664481062e-05,1,0,8,0
CLM-004542,3,39,253,6.425448737556311e-05,1,0,4,0
CLM-004543,3,150,122,6.654880263785756e-05,1,0,7,0
CLM-004544,3,25,266,5.656150747652065e-05,8,0,11,0
CLM-004545,2,86,230,4.294566200330129e-05,4,0,0,0
CLM-004546,3,88,244,5.818247011652672e-05,3,0,5,0
CLM-004547,3,46,231,6.138976503834136e-05,3,0,16,0
CLM-004548,3,135,141,6.870874486541724e-05,0,0,8,0
CLM-004549,3,123,185,6.358653559850034e-05,2,0,7,0
CLM-004550,3,124,145,6.0623614188626524e-05,6,0,8,0
CLM-004551,3,2,86,6.272740888130373e-05,3,0,6,0
CLM-004552,2,72,241,6.675271328380093e-05,0,0,0,0
CLM-004553,3,81,211,7.398205738198543e-05,0,0,2,0
CLM-004554,3,75,184,6.229705604389262e-05,3,0,7,0
CLM-004555,2,102,256,4.470501446321785e-05,3,0,0,0
CLM-004556,2,19,261,4.262240945934543e-05,3,0,0,0
CLM-004557,3,17,185,6.208577957372423e-05,2,0,8,0
CLM-004558,3,75,184,5.939724363331911e-05,1,0,8,0
CLM-004559,3,102,256,6.115987208570378e-05,1,0,9,0
CLM-004560,2,68,161,4.9238985828431283e-05,1,0,0,0
CLM-004561,2,56,91,4.618797480469802e-05,1,0,0,0
CLM-004562,3,70,239,6.178815134949415e-05,3,0,6,0
CLM-004563,2,107,161,4.158388329800773e-05,7,0,0,0
CLM-004564,3,65,160,5.6978114957424496e-05,7,0,13,0
CLM-004565,3,42,157,5.90647751913894e-05,9,0,6,0
CLM-004566,2,50,142,4.886603787949102e-05,4,0,0,0
CLM-004567,2,22,165,4.609042750399263e-05,2,0,0,0
CLM-004568,2,81,211,4.525761071188411e-05,2,0,0,0
CLM-004569,3,52,65,5.767453042656118e-05,4,0,5,0
CLM-004570,3,142,134,5.5763818621717066e-05,5,0,6,0
CLM-004571,2,12,118,5.469736371857239e-05,3,0,0,0
CLM-004572,3,54,156,6.851417554942373e-05,1,0,4,0
CLM-004573,3,75,184,6.566113851853787e-05,6,0,5,0
CLM-004574,2,19,261,4.074466257305184e-05,9,0,0,0
CLM-004575,2,148,222,4.098940024417425e-05,3,0,0,0
CLM-004576,3,102,256,6.202440115770901e-05,1,0,7,0
CLM-004577,3,42,157,5.6495060818832054e-05,6,0,6,0
CLM-004578,3,146,202,6.310804373913058e-05,1,0,10,0
CLM-004579,2,37,170,4.5219940486830235e-05,4,0,0,0
CLM-004580,2,17,185,4.128585499682468e-05,7,0,0,0
CLM-004581,3,54,156,7.571729526714948e-05,0,0,6,0
CLM-004582,3,33,252,6.145611286676506e-05,3,0,7,0
CLM-004583,3,29,129,7.15589825272481e-05,0,0,8,0
CLM-004584,3,11,82,6.45892199015303e-05,2,0,6,0
CLM-004585,3,6,344,5.586819867494321e-05,6,0,6,0
CLM-004586,3,6,344,5.6120937308140694e-05,8,0,8,0
CLM-004587,3,136,199,5.8125304980436776e-05,9,0,5,0
CLM-004588,2,111,213,4.01444414574052e-05,10,0,0,0
CLM-004589,3,16,208,6.175732585138698e-05,1,0,2,0
CLM-004590,3,82,262,5.877643314178495e-05,3,0,4,0
CLM-004591,2,123,185,4.764885005082284e-05,2,0,0,0
CLM-004592,2,21,196,4.2927075089929254e-05,7,0,0,0
CLM-004593,3,6,344,5.757044697971628e-05,3,0,9,0
CLM-004594,2,45,190,4.1027237332530506e-05,3,0,0,0
CLM-004595,2,138,126,5.683188057139181e-05,1,0,0,0
CLM-004596,3,123,185,5.543523800922532e-05,4,0,6,0
CLM-004597,2,46,231,5.218081309007288e-05,0,0,0,0
CLM-004598,2,133,244,4.3495514598092846e-05,2,0,0,0
CLM-004599,3,70,239,6.376652893545342e-05,2,0,11,0
CLM-004600,3,80,306,5.560183349747449e-05,9,0,2,0
CLM-004601,3,16,208,5.7776499003158303e-05,10,0,9,0
CLM-004602,2,7,228,4.430372499010021e-05,6,0,0,0
CLM-004603,2,102,256,4.074346366610106e-05,9,0,0,0
CLM-004604,2,123,185,5.4294861597498045e-05,1,0,0,0
CLM-004605,3,146,202,6.161590249751276e-05,2,0,5,0
CLM-004606,3,124,145,7.515992578803788e-05,0,0,5,0
CLM-004607,2,111,213,5.297222387255984e-05,3,0,0,0
CLM-004608,2,138,126,4.309907761371443e-05,3,0,0,0
CLM-004609,3,80,306,5.978873493980392e-05,2,0,7,0
CLM-004610,2,136,199,4.2317314644750414e-05,5,0,0,0
CLM-004611,2,148,222,4.5771795637866585e-05,4,0,0,0
CLM-004612,2,103,178,5.0181617277400086e-05,4,0,0,0
CLM-004613,2,33,252,4.87320716366736e-05,3,0,0,0
CLM-004614,2,97,185,5.925757644446681e-05,0,0,0,0
CLM-004615,3,60,185,5.687740027937461e-05,7,0,5,0
CLM-004616,3,75,184,6.355055649590063e-05,1,0,5,0
CLM-004617,3,88,244,5.538472326869954e-05,5,0,7,0
CLM-004618,3,14,186,5.8911062450687544e-05,5,0,7,0
CLM-004619,2,128,197,4.077851379060795e-05,10,0,0,0
CLM-004620,3,128,197,6.660879888720628e-05,1,0,6,0
CLM-004621,3,60,185,5.618243845865907e-05,3,0,4,0
CLM-004622,3,131,61,6.411170145362893e-05,2,0,4,0
CLM-004623,2,124,145,5.018678473426027e-05,2,0,0,0
CLM-004624,2,29,129,4.799331896528956e-05,5,0,0,0
CLM-004625,3,33,252,6.568213721533892e-05,1,0,8,0
CLM-004626,3,37,170,6.83783907002977e-05,0,0,9,0
CLM-004627,2,102,256,4.548952622327532e-05,4,0,0,0
CLM-004628,3,99,204,5.486389289188832e-05,9,0,5,0
CLM-004629,3,6,344,5.7428662150055536e-05,14,0,4,0
CLM-004630,2,21,196,5.258714438123955e-05,1,0,0,0
CLM-004631,3,4,171,6.205608616397881e-05,1,0,3,0
CLM-004632,3,87,114,6.24797143270781e-05,1,0,4,0
CLM-004633,2,82,262,6.0937563215996156e-05,0,0,0,0
CLM-004634,3,31,151,5.542704090747644e-05,7,0,8,0
CLM-004635,2,120,173,4.719823449019988e-05,1,0,0,0
CLM-004636,3,21,196,5.854099479540962e-05,2,0,11,0
CLM-004637,3,16,208,6.201431862720701e-05,3,0,6,0
CLM-004638,2,57,193,5.271747308843835e-05,1,0,0,0
CLM-004639,2,131,61,4.6031820407237784e-05,2,0,0,0
CLM-004640,3,31,151,5.852846608237608e-05,8,0,3,0
CLM-004641,3,124,145,5.971181045312837e-05,6,0,6,0
CLM-004642,2,81,211,4.1956201582116026e-05,3,0,0,0
CLM-004643,2,79,85,4.9603587405467474e-05,3,0,0,0
CLM-004644,2,5,184,4.201577726663201e-05,8,0,0,0
CLM-004645,3,70,239,6.017518899212681e-05,3,0,8,0
CLM-004646,3,45,190,6.104250491527111e-05,5,0,6,0
CLM-004647,3,150,122,5.870102329139371e-05,6,0,7,0
CLM-004648,3,20,224,6.14441323313547e-05,2,0,8,0
CLM-004649,3,122,299,5.923455715904564e-05,2,0,6,0
CLM-004650,3,60,185,5.786769862378807e-05,1,0,6,0
CLM-004651,2,142,134,4.2017969755940515e-05,4,0,0,0
CLM-004652,3,78,272,6.739561851847107e-05,1,0,4,0
CLM-004653,2,78,272,4.4318126111414787e-05,4,0,0,0
CLM-004654,3,14,186,5.7415476327033445e-05,4,0,9,0
CLM-004655,2,16,208,4.133307122158593e-05,4,0,0,0
CLM-004656,2,118,113,4.37378112597055e-05,2,0,0,0
CLM-004657,2,133,244,4.207155380036204e-05,4,0,0,0
CLM-004658,2,112,172,5.9452884725921694e-05,1,0,0,0
CLM-004659,3,102,256,6.147675951562228e-05,2,0,7,0
CLM-004660,3,45,190,5.910850627718993e-05,2,0,6,0
CLM-004661,2,11,82,4.588564036683366e-05,1,0,0,0
CLM-004662,2,39,253,6.268475386899826e-05,0,0,0,0
CLM-004663,2,84,191,4.378251145811947e-05,8,0,0,0
CLM-004664,3,14,186,5.757431371369396e-05,6,0,1,0
CLM-004665,2,112,172,4.093490051984379e-05,12,0,0,0
CLM-004666,3,139,96,5.911405997032413e-05,3,0,4,0
CLM-004667,3,16,208,5.638223100523222e-05,7,0,7,0
CLM-004668,3,65,160,5.66318211376342e-05,9,0,6,0
CLM-004669,3,78,272,5.886819090314375e-05,9,0,10,0
CLM-004670,3,8,77,5.765426211828434e-05,3,0,9,0
CLM-004671,2,33,252,4.8591366782486866e-05,1,0,0,0
CLM-004672,2,87,114,4.323697132119208e-05,3,0,0,0
CLM-004673,3,128,197,5.5157776831990886e-05,9,0,6,0
CLM-004674,2,77,134,4.070401865296733e-05,4,0,0,0
CLM-004675,2,133,244,4.340507001784264e-05,6,0,0,0
CLM-004676,2,46,231,4.791414126718111e-05,2,0,0,0
CLM-004677,3,88,244,6.166941325562051e-05,2,0,6,0
CLM-004678,3,64,151,5.951580566759247e-05,5,0,9,0
CLM-004679,2,45,190,5.014919624882254e-05,3,0,0,0
CLM-004680,3,79,85,6.453660410969884e-05,2,0,5,0
CLM-004681,2,71,210,4.823627343388718e-05,4,0,0,0
CLM-004682,3,112,172,5.855724739886932e-05,4,0,5,0
CLM-004683,2,33,252,4.9387919144550774e-05,3,0,0,0
CLM-004684,2,136,199,4.360124828358472e-05,2,0,0,0
CLM-004685,3,78,272,7.191013967385098e-05,0,0,6,0
CLM-004686,3,46,231,5.806624676388588e-05,5,0,10,0
CLM-004687,3,146,202,5.625179393669638e-05,5,0,5,0
CLM-004688,2,128,197,4.208799441398287e-05,3,0,0,0
CLM-004689,3,25,266,5.632939677431544e-05,6,0,7,0
CLM-004690,3,57,193,6.515924866972493e-05,0,0,12,0
CLM-004691,3,88,244,6.197753362051409e-05,2,0,4,0
CLM-004692,3,148,222,6.17358747249507e-05,4,0,6,0
CLM-004693,3,67,251,5.5778460142786145e-05,8,0,10,0
CLM-004694,2,71,210,5.7896243322124225e-05,0,0,0,0
CLM-004695,2,146,202,4.8249090979962095e-05,1,0,0,0
CLM-004696,3,146,202,5.844298656711314e-05,1,0,16,0
CLM-004697,3,25,266,5.540253423812581e-05,15,0,5,0
CLM-004698,3,45,190,5.7010985517325467e-05,5,0,8,0
CLM-004699,2,29,129,3.954441997646807e-05,5,0,0,0
CLM-004700,2,128,197,4.5521879339968896e-05,5,0,0,0
CLM-004701,2,123,185,4.451482310028003e-05,4,0,0,0
CLM-004702,3,75,184,5.680135710604627e-05,10,0,12,0
CLM-004703,3,113,112,5.816900924725933e-05,5,0,8,0
CLM-004704,3,56,91,6.380848792573472e-05,2,0,9,0
CLM-004705,2,67,251,4.427673761753417e-05,2,0,0,0
CLM-004706,2,142,134,5.087868733173465e-05,2,0,0,0
CLM-004707,2,118,113,4.3635098440728095e-05,4,0,0,0
CLM-004708,3,82,262,5.891377511542721e-05,1,0,11,0
CLM-004709,3,43,117,7.106935612203645e-05,0,0,4,0
CLM-004710,3,78,272,5.8912014803004194e-05,4,0,6,0
CLM-004711,3,113,112,5.836997778895232e-05,4,0,5,0
CLM-004712,2,120,173,4.744793699316024e-05,2,0,0,0
CLM-004713,3,86,230,5.794967468700581e-05,4,0,6,0
CLM-004714,2,23,168,4.409314552915625e-05,2,0,0,0
CLM-004715,3,7,228,5.495816020478569e-05,7,0,6,0
CLM-004716,2,82,262,4.791230604850737e-05,3,0,0,0
CLM-004717,3,126,110,6.050663734808889e-05,3,0,5,0
CLM-004718,3,77,134,5.4162123556269085e-05,3,0,11,0
CLM-004719,2,29,129,4.305718122423429e-05,5,0,0,0
CLM-004720,3,6,344,7.095620405766885e-05,1,0,2,0
CLM-004721,3,40,252,5.8089788045399856e-05,4,0,7,0
CLM-004722,3,4,171,5.4186303439884696e-05,10,0,7,0
CLM-004723,3,39,253,6.117085643896299e-05,2,0,5,0
CLM-004724,2,146,202,4.7406004054872235e-05,4,0,0,0
CLM-004725,3,19,261,5.750915300424431e-05,3,0,6,0
CLM-004726,3,122,299,5.6468579758537994e-05,4,0,9,0
CLM-004727,2,42,157,4.211658938822705e-05,6,0,0,0
CLM-004728,3,96,149,6.171248259853371e-05,2,0,7,0
CLM-004729,3,148,222,5.799221198101136e-05,2,0,4,0
CLM-004730,3,25,266,6.325842006394398e-05,2,0,9,0
CLM-004731,2,33,252,4.91751168059214e-05,1,0,0,0
CLM-004732,2,4,171,4.686794750357337e-05,2,0,0,0
CLM-004733,2,126,110,5.3875581083685653e-05,1,0,0,0
CLM-004734,3,37,170,5.837190269081407e-05,6,0,10,0
CLM-004735,3,122,299,6.153860732927324e-05,4,0,6,0
CLM-004736,3,11,82,6.0185362264136285e-05,3,0,6,0
CLM-004737,2,72,241,5.89487581045623e-05,1,0,0,0
CLM-004738,2,75,184,4.642929699580941e-05,6,0,0,0
CLM-004739,3,146,202,5.763073598805091e-05,9,0,3,0
CLM-004740,2,7,228,5.634459311060195e-05,0,0,0,0
CLM-004741,2,72,241,4.109449762633415e-05,6,0,0,0
CLM-004742,3,17,185,5.97499961229643e-05,3,0,11,0
CLM-004743,3,77,134,7.259638612483685e-05,0,0,8,0
CLM-004744,2,97,185,5.646540392946809e-05,1,0,0,0
CLM-004745,2,37,170,4.632871167842486e-05,3,0,0,0
CLM-004746,2,20,224,4.1861758227555935e-05,5,0,0,0
CLM-004747,3,122,299,6.566977143315807e-05,4,0,6,0
CLM-004748,3,45,190,5.886897633656812e-05,2,0,9,0
CLM-004749,2,84,191,4.3382582791753515e-05,4,0,0,0
CLM-004750,3,33,252,5.7584455379662116e-05,5,0,7,0
CLM-004751,3,24,168,5.983646003231225e-05,5,0,3,0
CLM-004752,3,99,204,5.989689227252061e-05,2,0,3,0
CLM-004753,2,46,231,4.4378520402686284e-05,2,0,0,0
CLM-004754,3,8,77,5.920769098080793e-05,3,0,5,0
CLM-004755,2,3,130,4.25415949105964e-05,5,0,0,0
CLM-004756,2,11,82,4.70717944349451e-05,2,0,0,0
CLM-004757,3,133,244,5.913955995726159e-05,6,0,10,0
CLM-004758,3,117,108,5.844979268907462e-05,4,0,4,0
CLM-004759,2,146,202,4.257021737466646e-05,5,0,0,0
CLM-004760,3,19,261,5.958204086437757e-05,3,0,4,0
CLM-004761,3,123,185,6.350533503477959e-05,1,0,7,0
CLM-004762,3,131,61,6.180170653409231e-05,2,0,10,0
CLM-004763,3,136,199,6.26393594835022e-05,2,0,9,0
CLM-004764,2,14,186,4.769726848571069e-05,2,0,0,0
CLM-004765,3,2,86,6.39861834927565e-05,1,0,12,0
CLM-004766,2,87,114,4.038612479827807e-05,5,0,0,0
CLM-004767,3,6,344,5.922557183330899e-05,4,0,5,0
CLM-004768,3,33,252,7.112962641643057e-05,1,0,3,0
CLM-004769,2,82,262,6.545178171515017e-05,0,0,0,0
CLM-004770,2,45,190,4.4066226648868816e-05,5,0,0,0
CLM-004771,2,29,129,5.516633416331931e-05,1,0,0,0
CLM-004772,2,64,151,4.892324760250527e-05,2,0,0,0
CLM-004773,2,39,253,5.551119601444627e-05,1,0,0,0
CLM-004774,3,5,184,5.626593364788504e-05,5,0,4,0
CLM-004775,3,72,241,5.7269825534869736e-05,2,0,5,0
CLM-004776,2,57,193,5.1323312624247666e-05,3,0,0,0
CLM-004777,2,42,157,4.0624370211073266e-05,7,0,0,0
CLM-004778,3,96,149,6.415910162825642e-05,2,0,4,0
CLM-004779,2,19,261,4.3495986290148744e-05,8,0,0,0
CLM-004780,3,67,251,5.5953486362536926e-05,6,0,6,0
CLM-004781,2,46,231,4.2907076018395396e-05,6,0,0,0
CLM-004782,3,68,161,5.6981925932826264e-05,8,0,12,0
CLM-004783,3,7,228,5.4331062867449655e-05,4,0,7,0
CLM-004784,2,14,186,4.2643470869648616e-05,6,0,0,0
CLM-004785,3,150,122,6.0831193503850734e-05,4,0,9,0
CLM-004786,2,128,197,4.2974213742768174e-05,5,0,0,0
CLM-004787,2,5,184,4.621282000636647e-05,3,0,0,0
CLM-004788,3,97,185,5.73640174659328e-05,2,0,5,0
CLM-004789,3,102,256,6.438203835379786e-05,3,0,7,0
CLM-004790,3,81,211,6.114788842865955e-05,3,0,12,0
CLM-004791,3,148,222,5.895116326624024e-05,3,0,6,0
CLM-004792,3,40,252,5.4400175523989184e-05,6,0,11,0
CLM-004793,3,107,161,7.014006798836806e-05,4,0,0,0
CLM-004794,2,40,252,4.287353371720249e-05,5,0,0,0
CLM-004795,2,123,185,4.368935665978386e-05,3,0,0,0
CLM-004796,3,6,344,6.703810342150883e-05,2,0,5,0
CLM-004797,2,11,82,4.325985523250367e-05,5,0,0,0
CLM-004798,3,17,185,6.0843072612256926e-05,2,0,5,0
CLM-004799,3,78,272,5.9300716375197394e-05,4,0,6,0
CLM-004800,3,107,161,5.82510248049057e-05,7,0,5,0
CLM-004801,3,64,151,5.9029243006588254e-05,5,0,4,0
CLM-004802,3,56,91,6.213183891070812e-05,1,0,10,0
CLM-004803,2,84,191,4.0493159543552394e-05,5,0,0,0
CLM-004804,3,65,160,6.284850151407474e-05,1,0,4,0
CLM-004805,3,88,244,5.455089242482621e-05,6,0,6,0
CLM-004806,3,103,178,5.821214269554622e-05,8,0,3,0
CLM-004807,3,136,199,5.6097444256210814e-05,9,0,6,0
CLM-004808,3,4,171,5.718929870346603e-05,9,0,7,0
CLM-004809,3,131,61,6.456207552445748e-05,4,0,2,0
CLM-004810,2,103,178,4.095169122093382e-05,8,0,0,0
CLM-004811,2,20,224,5.8118702002036743e-05,0,0,0,0
CLM-004812,3,122,299,6.897746373324133e-05,0,0,6,0
CLM-004813,3,56,91,6.431285452212529e-05,2,0,6,0
CLM-004814,3,28,254,6.348650328344684e-05,3,0,9,0
CLM-004815,2,111,213,4.567042977509914e-05,4,0,0,0
CLM-004816,2,88,244,3.976320312398417e-05,7,0,0,0
CLM-004817,2,25,266,4.127225667525108e-05,6,0,0,0
CLM-004818,3,148,222,5.7764816317082843e-05,2,0,7,0
CLM-004819,3,46,231,5.755721454529012e-05,6,0,4,0
CLM-004820,3,39,253,5.525984595798826e-05,8,0,11,0
CLM-004821,3,90,201,7.486274729854068e-05,0,0,6,0
CLM-004822,3,79,85,5.8350544013764336e-05,6,0,8,0
CLM-004823,3,6,344,5.876811422354534e-05,4,0,5,0
CLM-004824,2,7,228,4.13087258573736e-05,6,0,0,0
CLM-004825,2,40,252,4.414669990972969e-05,6,0,0,0
CLM-004826,3,6,344,6.056173458803123e-05,2,0,6,0
CLM-004827,2,22,165,4.0531274357275914e-05,10,0,0,0
CLM-004828,2,37,170,4.372061566658048e-05,3,0,0,0
CLM-004829,3,86,230,6.342055819547613e-05,6,0,1,0
CLM-004830,2,71,210,4.47544054134211e-05,4,0,0,0
CLM-004831,3,139,96,5.385143093100538e-05,11,0,6,0
CLM-004832,3,120,173,5.677856764346301e-05,7,0,5,0
CLM-004833,2,82,262,4.373334966729483e-05,2,0,0,0
CLM-004834,3,86,230,6.504590161614458e-05,2,0,3,0
CLM-004835,3,112,172,5.648401322081372e-05,5,0,10,0
CLM-004836,3,39,253,5.7187980798821615e-05,8,0,4,0
CLM-004837,2,146,202,4.399840547085368e-05,5,0,0,0
CLM-004838,2,119,83,3.9710467877017326e-05,5,0,0,0
CLM-004839,2,1,187,4.8053895847419754e-05,2,0,0,0
CLM-004840,3,86,230,6.404881707677991e-05,0,0,9,0
CLM-004841,3,39,253,7.167660784593592e-05,1,0,5,0
CLM-004842,3,46,231,6.236378137817352e-05,6,0,6,0
CLM-004843,3,123,185,6.23112053347494e-05,3,0,9,0
CLM-004844,3,111,213,6.0445606290043176e-05,3,0,2,0
CLM-004845,3,148,222,5.7092759539369294e-05,2,0,7,0
CLM-004846,3,78,272,5.8366662765928236e-05,6,0,4,0
CLM-004847,3,7,228,5.498550961113029e-05,6,0,7,0
CLM-004848,2,14,186,4.142863843412101e-05,6,0,0,0
CLM-004849,3,122,299,5.814128336619069e-05,3,0,5,0
CLM-004850,2,86,230,4.364772707238287e-05,4,0,0,0
CLM-004851,3,56,91,5.7824104920247357e-05,3,0,7,0
CLM-004852,2,117,108,4.109644642601508e-05,6,0,0,0
CLM-004853,3,16,208,5.862892025921641e-05,7,0,9,0
CLM-004854,3,52,65,6.354017010956332e-05,2,0,5,0
CLM-004855,2,46,231,4.877463132680679e-05,2,0,0,0
CLM-004856,2,40,252,4.287353371720249e-05,5,0,0,0
CLM-004857,2,16,208,4.7945923561619315e-05,3,0,0,0
CLM-004858,3,87,114,6.28647544861677e-05,3,0,6,0
CLM-004859,2,6,344,4.447447145115592e-05,1,0,0,0
CLM-004860,3,46,231,5.89651531694546e-05,1,0,7,0
CLM-004861,2,72,241,4.145915931957704e-05,4,0,0,0
CLM-004862,3,81,211,6.246730976564106e-05,1,0,8,0
CLM-004863,2,33,252,4.708784941370464e-05,1,0,0,0
CLM-004864,3,82,262,6.250626283211384e-05,3,0,2,0
CLM-004865,3,102,256,5.692454999108857e-05,8,0,6,0
CLM-004866,2,61,56,6.358727445095976e-05,0,0,0,0
CLM-004867,3,16,208,5.677091942912e-05,9,0,2,0
CLM-004868,3,4,171,6.001439145116795e-05,1,0,4,0
CLM-004869,3,146,202,6.33655863611065e-05,2,0,7,0
CLM-004870,2,113,112,4.0098550958476075e-05,5,0,0,0
CLM-004871,3,45,190,8.055163421691229e-05,0,0,5,0
CLM-004872,2,77,134,4.070401865296733e-05,4,0,0,0
CLM-004873,2,142,134,4.0883082678745545e-05,5,0,0,0
CLM-004874,3,81,211,5.812217521947546e-05,4,0,11,0
CLM-004875,2,136,199,4.4471476815259044e-05,3,0,0,0
CLM-004876,2,82,262,4.791230604850737e-05,3,0,0,0
CLM-004877,2,16,208,4.152464421507905e-05,10,0,0,0
CLM-004878,3,146,202,5.762919524091016e-05,8,0,6,0
CLM-004879,3,90,201,5.557379210296989e-05,5,0,5,0
CLM-004880,3,25,266,5.667527070009599e-05,5,0,9,0
CLM-004881,3,102,256,6.107064300795005e-05,4,0,12,0
CLM-004882,3,122,299,6.396176781037598e-05,4,0,4,0
CLM-004883,2,22,165,6.527970155716491e-05,0,0,0,0
CLM-004884,2,72,241,4.8976267328836876e-05,2,0,0,0
CLM-004885,2,3,130,6.850039541347837e-05,0,0,0,0
CLM-004886,3,7,228,6.109080356132711e-05,2,0,6,0
CLM-004887,2,14,186,4.326666938813963e-05,4,0,0,0
CLM-004888,2,37,170,5.7262772007712784e-05,1,0,0,0
CLM-004889,3,77,134,6.404382631192064e-05,3,0,8,0
CLM-004890,2,123,185,4.7729390968808445e-05,2,0,0,0
CLM-004891,2,3,130,5.17161196905609e-05,3,0,0,0
CLM-004892,2,158,7,7.399850799169972e-05,0,0,0,0
CLM-004893,3,111,213,5.767056158658058e-05,10,0,5,0
CLM-004894,3,28,254,5.8896640084091605e-05,5,0,4,0
CLM-004895,3,3,130,6.161775292202569e-05,2,0,2,0
CLM-004896,3,103,178,5.88116657136259e-05,5,0,13,0
CLM-004897,2,43,117,4.43073944267591e-05,5,0,0,0
CLM-004898,2,113,112,6.831494323739642e-05,0,0,0,0
CLM-004899,2,112,172,4.093490051984379e-05,12,0,0,0
CLM-004900,3,118,113,5.659451333506039e-05,4,0,10,0
CLM-004901,3,146,202,5.858833635374965e-05,2,0,4,0
CLM-004902,2,77,134,4.3568967149295106e-05,3,0,0,0
CLM-004903,3,28,254,5.492441589939045e-05,3,0,10,0
CLM-004904,2,138,126,4.126352547348147e-05,3,0,0,0
CLM-004905,3,111,213,6.150099596059848e-05,4,0,4,0
CLM-004906,3,11,82,6.028526244057938e-05,2,0,6,0
CLM-004907,3,142,134,6.180103720875802e-05,2,0,7,0
CLM-004908,2,80,306,4.639234736722905e-05,2,0,0,0
CLM-004909,3,135,141,7.451674437561944e-05,0,0,5,0
CLM-004910,3,1,187,6.115716966960143e-05,4,0,5,0
CLM-004911,3,102,256,5.753257762627531e-05,3,0,7,0
CLM-004912,2,40,252,7.05087226079572e-05,0,0,0,0
CLM-004913,3,82,262,6.542225595845158e-05,3,0,3,0
CLM-004914,2,2,86,4.724522680819923e-05,2,0,0,0
CLM-004915,2,86,230,5.008531693907507e-05,1,0,0,0
CLM-004916,3,40,252,5.694701879865325e-05,6,0,5,0
CLM-004917,2,5,184,5.4820832222782136e-05,1,0,0,0
CLM-004918,3,7,228,5.9048899416099874e-05,3,0,4,0
CLM-004919,2,124,145,5.1416455909990265e-05,1,0,0,0
CLM-004920,2,43,117,4.487476276487964e-05,2,0,0,0
CLM-004921,3,61,56,6.081932336571399e-05,2,0,6,0
CLM-004922,2,148,222,4.390156911402029e-05,6,0,0,0
CLM-004923,3,94,78,6.116842319924375e-05,2,0,5,0
CLM-004924,2,64,151,4.439363349733784e-05,5,0,0,0
CLM-004925,2,21,196,4.2270701878390294e-05,5,0,0,0
CLM-004926,2,22,165,4.024362578965267e-05,6,0,0,0
CLM-004927,2,80,306,4.09365825517029e-05,9,0,0,0
CLM-004928,3,81,211,5.8801682293606306e-05,6,0,12,0
CLM-004929,3,67,251,5.607281721969109e-05,3,0,7,0
CLM-004930,2,146,202,4.4720687119903224e-05,1,0,0,0
CLM-004931,2,21,196,4.498773506820604e-05,5,0,0,0
CLM-004932,2,120,173,4.160430195568756e-05,6,0,0,0
CLM-004933,3,40,252,6.753629819737051e-05,1,0,6,0
CLM-004934,2,46,231,4.651707002086338e-05,3,0,0,0
CLM-004935,2,123,185,4.0382838158985746e-05,4,0,0,0
CLM-004936,3,61,56,5.693850556838927e-05,5,0,8,0
CLM-004937,2,16,208,4.535332820466492e-05,2,0,0,0
CLM-004938,2,45,190,5.60017517319822e-05,1,0,0,0
CLM-004939,2,146,202,5.522385082825282e-05,1,0,0,0
CLM-004940,3,24,168,5.874819013408187e-05,3,0,4,0
CLM-004941,3,78,272,5.638955522868634e-05,11,0,4,0
CLM-004942,3,148,222,6.272899782113526e-05,1,0,7,0
CLM-004943,3,80,306,5.624449592924566e-05,6,0,4,0
CLM-004944,3,117,108,5.687915049463042e-05,5,0,5,0
CLM-004945,3,107,161,6.148059858835686e-05,2,0,4,0
CLM-004946,3,78,272,5.933826094692814e-05,5,0,11,0
CLM-004947,2,107,161,4.4824150340001654e-05,2,0,0,0
CLM-004948,2,6,344,4.26071955816638e-05,5,0,0,0
CLM-004949,3,119,83,7.143633279109188e-05,6,0,1,0
CLM-004950,2,88,244,4.4693590558309625e-05,2,0,0,0
CLM-004951,3,102,256,6.014005708437666e-05,3,0,6,0
CLM-004952,2,6,344,3.975878943020602e-05,14,0,0,0
CLM-004953,2,5,184,5.171211158275341e-05,2,0,0,0
CLM-004954,3,14,186,5.919770088328996e-05,4,0,7,0
CLM-004955,3,110,151,5.606915613223448e-05,11,0,5,0
CLM-004956,3,17,185,5.897209196166947e-05,7,0,6,0
CLM-004957,2,99,204,4.570347272067573e-05,4,0,0,0
CLM-004958,2,84,191,4.0493159543552394e-05,5,0,0,0
CLM-004959,2,57,193,4.4872487094751374e-05,5,0,0,0
CLM-004960,3,22,165,6.677493061785508e-05,1,0,6,0
CLM-004961,3,124,145,6.935520845170813e-05,0,0,8,0
CLM-004962,2,148,222,4.2085482318885136e-05,3,0,0,0
CLM-004963,2,80,306,5.240887291285866e-05,2,0,0,0
CLM-004964,2,122,299,4.356084097442101e-05,4,0,0,0
CLM-004965,3,128,197,5.973617832122178e-05,6,0,6,0
CLM-004966,3,79,85,5.773304208049757e-05,6,0,9,0
CLM-004967,2,136,199,5.091011746086869e-05,1,0,0,0
CLM-004968,2,6,344,3.915556865235671e-05,14,0,0,0
CLM-004969,2,20,224,4.312615488552077e-05,6,0,0,0
CLM-004970,2,12,118,4.954298349734686e-05,1,0,0,0
CLM-004971,2,14,186,4.457767885733158e-05,3,0,0,0
CLM-004972,3,120,173,5.716062023825581e-05,5,0,5,0
CLM-004973,3,124,145,6.428060863173621e-05,1,0,4,0
CLM-004974,3,86,230,5.881119298151053e-05,4,0,8,0
CLM-004975,2,46,231,4.168280831155734e-05,5,0,0,0
CLM-004976,2,22,165,5.6244428797331415e-05,0,0,0,0
CLM-004977,3,42,157,5.940485881377645e-05,3,0,6,0
CLM-004978,3,46,231,5.9569313649563656e-05,2,0,7,0
CLM-004979,3,71,210,5.946492298195672e-05,3,0,5,0
CLM-004980,2,136,199,4.198152859275326e-05,9,0,0,0
CLM-004981,3,68,161,5.968677026167858e-05,10,0,5,0
CLM-004982,2,43,117,4.476174028284606e-05,4,0,0,0
CLM-004983,3,117,108,5.656917247013197e-05,4,0,9,0
CLM-004984,3,111,213,5.745330845182779e-05,3,0,6,0
CLM-004985,2,142,134,4.8360911032033265e-05,3,0,0,0
CLM-004986,3,65,160,5.656858184384669e-05,9,0,5,0
CLM-004987,2,57,193,4.368330867549472e-05,2,0,0,0
CLM-004988,3,60,185,7.13433976101692e-05,0,0,4,0
CLM-004989,2,110,151,4.2318772331355876e-05,5,0,0,0
CLM-004990,3,8,77,6.47137806075011e-05,3,0,8,0
CLM-004991,3,133,244,6.202675697519544e-05,2,0,6,0
CLM-004992,2,72,241,5.1710560984279874e-05,1,0,0,0
CLM-004993,2,111,213,4.966355957075782e-05,1,0,0,0
CLM-004994,3,52,65,5.6042328798580806e-05,9,0,5,0
CLM-004995,2,123,185,5.31468164972828e-05,2,0,0,0
CLM-004996,2,122,299,4.2017986374179154e-05,5,0,0,0
CLM-004997,2,75,184,4.214999204146115e-05,5,0,0,0
CLM-004998,3,45,190,5.3755404085176415e-05,3,0,5,0
CLM-004999,2,40,252,4.1796324960853376e-05,5,0,0,0
CLM-005000,2,54,156,5.722608974281309e-05,0,0,0,0
CLM-005001,2,39,253,4.2963043794260165e-05,3,0,0,0
CLM-005002,2,3,130,4.018236631847918e-05,4,0,0,0
CLM-005003,3,5,184,5.8550365901953126e-05,3,0,5,0
CLM-005004,2,96,149,4.20851183329382e-05,4,0,0,0
CLM-005005,2,5,184,3.9830373763155113e-05,10,0,0,0
CLM-005006,2,99,204,3.967134118982673e-05,7,0,0,0
CLM-005007,3,67,251,5.5549617659647915e-05,4,0,6,0
CLM-005008,3,43,117,6.175228935001143e-05,2,0,4,0
CLM-005009,3,24,168,5.790122921739889e-05,8,0,5,0
CLM-005010,3,139,96,5.673935182513869e-05,2,0,6,0
CLM-005011,3,103,178,6.194571022450387e-05,4,0,5,0
CLM-005012,2,5,184,5.502194104622103e-05,0,0,0,0
CLM-005013,3,31,151,5.798239467809201e-05,7,0,8,0
CLM-005014,3,3,130,5.5034564083648344e-05,4,0,9,0
CLM-005015,2,43,117,4.6192326958080565e-05,4,0,0,0
CLM-005016,3,45,190,5.960259267606765e-05,5,0,6,0
CLM-005017,3,126,110,6.028995861296818e-05,3,0,4,0
CLM-005018,2,4,171,4.169363699529946e-05,10,0,0,0
CLM-005019,3,6,344,5.2726471317699654e-05,6,0,6,0
CLM-005020,3,113,112,6.037329535377505e-05,2,0,6,0
CLM-005021,3,46,231,5.8734770416055235e-05,3,0,4,0
CLM-005022,2,138,126,4.571263340976853e-05,4,0,0,0
CLM-005023,3,126,110,5.872132785262831e-05,3,0,8,0
CLM-005024,2,2,86,4.7693230850980414e-05,1,0,0,0
CLM-005025,2,118,113,5.26776379886503e-05,2,0,0,0
CLM-005026,3,65,160,5.502366734888883e-05,8,0,6,0
CLM-005027,3,19,261,5.8710378969362726e-05,3,0,6,0
CLM-005028,3,86,230,5.8635987684098405e-05,5,0,11,0
CLM-005029,2,68,161,5.632278007729975e-05,0,0,0,0
CLM-005030,3,102,256,5.8265853567156015e-05,8,0,5,0
CLM-005031,2,124,145,6.0971647304040273e-05,0,0,0,0
CLM-005032,3,120,173,5.682714307255028e-05,6,0,7,0
CLM-005033,2,146,202,4.504850199531313e-05,6,0,0,0
CLM-005034,3,99,204,5.506875733664915e-05,8,0,5,0
CLM-005035,2,23,168,4.409314552915625e-05,2,0,0,0
CLM-005036,3,78,272,5.638936064955095e-05,7,0,7,0
CLM-005037,3,45,190,7.332653072259205e-05,1,0,4,0
CLM-005038,3,2,86,6.441377693236603e-05,1,0,5,0
CLM-005039,2,81,211,4.291818991132886e-05,8,0,0,0
CLM-005040,3,88,244,5.6195897962996976e-05,9,0,4,0
CLM-005041,2,14,186,5.287047023189096e-05,1,0,0,0
CLM-005042,2,28,254,4.340345142319889e-05,8,0,0,0
CLM-005043,3,24,168,5.617295744605225e-05,3,0,5,0
CLM-005044,3,8,77,7.235075158067866e-05,0,0,4,0
CLM-005045,3,5,184,6.809675946626502e-05,1,0,8,0
CLM-005046,2,133,244,4.2260484735172376e-05,8,0,0,0
CLM-005047,2,3,130,4.1383521412144675e-05,5,0,0,0
CLM-005048,3,150,122,5.6294031439365495e-05,4,0,6,0
CLM-005049,3,52,65,6.467146668756127e-05,0,0,5,0
CLM-005050,3,17,185,6.381321121778233e-05,1,0,8,0
CLM-005051,3,22,165,6.739373776590152e-05,1,0,6,0
CLM-005052,3,88,244,6.14787026320649e-05,5,0,6,0
CLM-005053,3,57,193,6.366477312827709e-05,3,0,3,0
CLM-005054,2,75,184,5.100298781838761e-05,2,0,0,0
CLM-005055,3,42,157,5.948644580845151e-05,3,0,4,0
CLM-005056,2,142,134,4.50905336322652e-05,8,0,0,0
CLM-005057,2,71,210,4.263940809803603e-05,3,0,0,0
CLM-005058,3,3,130,5.601433291732445e-05,8,0,9,0
CLM-005059,2,80,306,4.439126142256315e-05,2,0,0,0
CLM-005060,2,110,151,4.520101978857605e-05,6,0,0,0
CLM-005061,3,31,151,6.195146891432325e-05,1,0,3,0
CLM-005062,2,90,201,4.131048255819445e-05,6,0,0,0
CLM-005063,2,7,228,4.310316906061576e-05,2,0,0,0
CLM-005064,2,135,141,4.4805488406353875e-05,2,0,0,0
CLM-005065,3,33,252,6.472690403048616e-05,1,0,2,0
CLM-005066,3,65,160,6.0139873327700563e-05,3,0,4,0
CLM-005067,2,17,185,5.229501252368643e-05,1,0,0,0
CLM-005068,3,29,129,6.467175218164819e-05,2,0,6,0
CLM-005069,2,7,228,4.1985145582313686e-05,6,0,0,0
CLM-005070,3,75,184,5.809127049400304e-05,4,0,10,0
CLM-005071,3,80,306,5.716869140732725e-05,3,0,9,0
CLM-005072,3,78,272,6.730457698186676e-05,2,0,2,0
CLM-005073,2,90,201,4.755839968491973e-05,7,0,0,0
CLM-005074,2,90,201,4.44807347292201e-05,5,0,0,0
CLM-005075,2,99,204,4.3334166136273435e-05,4,0,0,0
CLM-005076,2,136,199,3.9775590862881766e-05,7,0,0,0
CLM-005077,3,103,178,5.7731878090368456e-05,8,0,6,0
CLM-005078,2,43,117,5.283864734637364e-05,2,0,0,0
CLM-005079,3,80,306,6.038583292871391e-05,1,0,5,0
CLM-005080,3,65,160,5.748603974571575e-05,9,0,6,0
CLM-005081,2,81,211,4.4168960213819265e-05,1,0,0,0
CLM-005082,3,23,168,6.754939135040231e-05,1,0,1,0
CLM-005083,3,135,141,5.9350838218151836e-05,3,0,8,0
CLM-005084,3,16,208,5.6410239739326885e-05,5,0,4,0
CLM-005085,3,88,244,5.9881621888105504e-05,1,0,6,0
CLM-005086,2,133,244,4.125058449062854e-05,3,0,0,0
CLM-005087,3,28,254,6.309361190436091e-05,2,0,7,0
CLM-005088,3,148,222,5.762048843035276e-05,2,0,8,0
CLM-005089,3,90,201,7.27635683653767e-05,3,0,4,0
CLM-005090,3,120,173,6.0738872488626926e-05,1,0,11,0
CLM-005091,2,33,252,5.3343241811053996e-05,1,0,0,0
CLM-005092,2,3,130,5.1835742785322434e-05,3,0,0,0
CLM-005093,3,146,202,7.086219300772791e-05,1,0,10,0
CLM-005094,2,111,213,4.2594088876303214e-05,4,0,0,0
CLM-005095,2,139,96,4.246013905882752e-05,2,0,0,0
CLM-005096,3,25,266,5.824117146705564e-05,15,0,4,0
CLM-005097,2,2,86,5.130935559387125e-05,2,0,0,0
CLM-005098,3,82,262,6.668945856554655e-05,1,0,6,0
CLM-005099,3,118,113,5.847222114683218e-05,3,0,4,0
CLM-005100,2,23,168,4.510532376628238e-05,3,0,0,0
CLM-005101,2,33,252,4.9387919144550774e-05,3,0,0,0
CLM-005102,3,80,306,7.484652467476642e-05,0,0,6,0
CLM-005103,2,64,151,4.6234913381178896e-05,3,0,0,0
CLM-005104,3,133,244,7.299700649314778e-05,0,0,9,0
CLM-005105,3,46,231,6.003125287923339e-05,3,0,7,0
CLM-005106,3,5,184,5.8701410189666676e-05,2,0,6,0
CLM-005107,3,23,168,5.937738300159054e-05,4,0,8,0
CLM-005108,2,57,193,4.239710469082642e-05,4,0,0,0
CLM-005109,3,28,254,5.6459007326156286e-05,2,0,7,0
CLM-005110,3,40,252,6.083583117513665e-05,4,0,6,0
CLM-005111,2,19,261,5.5887751218796033e-05,0,0,0,0
CLM-005112,3,7,228,5.8510283285903735e-05,3,0,4,0
CLM-005113,3,40,252,6.832920574849989e-05,1,0,2,0
CLM-005114,3,40,252,7.28416080734967e-05,0,0,10,0
CLM-005115,3,60,185,6.018964256235913e-05,7,0,9,0
CLM-005116,2,88,244,3.9949611610333884e-05,5,0,0,0
CLM-005117,3,60,185,5.78289275631268e-05,4,0,7,0
CLM-005118,3,39,253,5.851921768143376e-05,4,0,4,0
CLM-005119,2,133,244,4.570100001133704e-05,4,0,0,0
CLM-005120,3,46,231,6.235628162981887e-05,1,0,3,0
CLM-005121,3,70,239,5.793467934683864e-05,5,0,7,0
CLM-005122,2,50,142,4.660996969556664e-05,5,0,0,0
CLM-005123,3,25,266,5.840962048389583e-05,7,0,2,0
CLM-005124,2,87,114,4.1688731631465614e-05,5,0,0,0
CLM-005125,3,7,228,6.207199321914987e-05,3,0,2,0
CLM-005126,3,82,262,6.78607977790857e-05,0,0,4,0
CLM-005127,2,37,170,4.8850321859847295e-05,2,0,0,0
CLM-005128,3,71,210,6.161561888743701e-05,1,0,7,0
CLM-005129,2,70,239,5.175730897533965e-05,1,0,0,0
CLM-005130,3,150,122,5.619552136653981e-05,6,0,6,0
CLM-005131,3,40,252,7.08263779415911e-05,1,0,9,0
CLM-005132,2,12,118,6.238593642573327e-05,0,0,0,0
CLM-005133,3,70,239,5.9812913412446336e-05,3,0,2,0
CLM-005134,2,67,251,4.3799148588723545e-05,3,0,0,0
CLM-005135,3,54,156,6.02501628855463e-05,3,0,7,0
CLM-005136,2,136,199,4.3013546249292133e-05,3,0,0,0
CLM-005137,2,29,129,4.0247773313748516e-05,5,0,0,0
CLM-005138,3,136,199,5.884512093388121e-05,4,0,4,0
CLM-005139,3,135,141,6.378612227195493e-05,2,0,8,0
CLM-005140,3,81,211,5.799389056563555e-05,2,0,6,0
CLM-005141,2,25,266,4.056535231318164e-05,7,0,0,0
CLM-005142,3,50,142,5.713605320257886e-05,5,0,9,0
CLM-005143,3,22,165,5.9076520137525154e-05,5,0,7,0
CLM-005144,3,96,149,5.7657000998964577e-05,4,0,6,0
CLM-005145,3,120,173,5.854595032859929e-05,2,0,3,0
CLM-005146,3,122,299,6.745631678972957e-05,1,0,6,0
CLM-005147,3,90,201,5.436670896980668e-05,5,0,9,0
CLM-005148,2,117,108,4.0962911636437365e-05,5,0,0,0
CLM-005149,3,17,185,5.487229937587583e-05,7,0,7,0
CLM-005150,3,22,165,5.8058001922687614e-05,2,0,5,0
CLM-005151,3,24,168,6.24041482571999e-05,1,0,4,0
CLM-005152,3,97,185,5.8239007410303446e-05,7,0,6,0
CLM-005153,3,6,344,6.276260215568944e-05,1,0,2,0
CLM-005154,3,21,196,7.267407239759057e-05,0,0,5,0
CLM-005155,2,119,83,4.8183548982051546e-05,4,0,0,0
CLM-005156,2,133,244,5.85618775519444e-05,0,0,0,0
CLM-005157,2,45,190,4.746491013783186e-05,1,0,0,0
CLM-005158,3,7,228,5.5189581340427955e-05,8,0,9,0
CLM-005159,3,33,252,7.109846816186406e-05,1,0,3,0
CLM-005160,3,22,165,5.7307998429795836e-05,2,0,5,0
CLM-005161,3,65,160,5.805394063579847e-05,7,0,4,0
CLM-005162,2,78,272,4.3699790265252654e-05,2,0,0,0
CLM-005163,3,120,173,6.218933059060923e-05,5,0,3,0
CLM-005164,3,82,262,6.35778876236568e-05,1,0,4,0
CLM-005165,3,119,83,6.72277637127665e-05,1,0,4,0
CLM-005166,3,25,266,6.229939047615698e-05,1,0,9,0
CLM-005167,2,24,168,4.422814398062989e-05,6,0,0,0
CLM-005168,3,33,252,6.236077038890089e-05,1,0,9,0
CLM-005169,3,56,91,6.578714998805214e-05,2,0,2,0
CLM-005170,3,6,344,6.614487816378554e-05,1,0,5,0
CLM-005171,3,6,344,6.442367240855055e-05,1,0,4,0
CLM-005172,3,33,252,6.033387005217018e-05,4,0,5,0
CLM-005173,3,50,142,5.694140024249754e-05,3,0,9,0
CLM-005174,3,133,244,5.8949148311099364e-05,3,0,6,0
CLM-005175,2,124,145,4.9386091785932754e-05,3,0,0,0
CLM-005176,3,25,266,6.355488334778073e-05,2,0,2,0
CLM-005177,2,28,254,4.5519647495933615e-05,2,0,0,0
CLM-005178,2,8,77,4.5850403226855785e-05,3,0,0,0
CLM-005179,2,39,253,5.2839152496567315e-05,0,0,0,0
CLM-005180,3,128,197,5.815444229663581e-05,6,0,6,0
CLM-005181,2,57,193,4.276492817876344e-05,5,0,0,0
CLM-005182,3,42,157,6.241805113474578e-05,4,0,3,0
CLM-005183,2,78,272,4.145566508877664e-05,6,0,0,0
CLM-005184,2,25,266,4.2555686625610097e-05,5,0,0,0
CLM-005185,3,21,196,5.803409880735673e-05,7,0,6,0
CLM-005186,2,142,134,4.0883082678745545e-05,5,0,0,0
CLM-005187,2,79,85,4.8812216744407076e-05,2,0,0,0
CLM-005188,2,11,82,4.831270214181706e-05,2,0,0,0
CLM-005189,2,113,112,4.357633544566883e-05,5,0,0,0
CLM-005190,2,102,256,4.085480462058601e-05,8,0,0,0
CLM-005191,2,57,193,4.291040078998675e-05,6,0,0,0
CLM-005192,3,24,168,5.7810055588200706e-05,5,0,9,0
CLM-005193,2,142,134,6.747475377490364e-05,0,0,0,0
CLM-005194,2,4,171,4.21150189958047e-05,5,0,0,0
CLM-005195,2,17,185,5.428087538446323e-05,1,0,0,0
CLM-005196,3,12,118,6.034200979727609e-05,5,0,3,0
CLM-005197,2,45,190,5.178458763605693e-05,0,0,0,0
CLM-005198,3,72,241,5.91335982764991e-05,2,0,7,0
CLM-005199,3,84,191,5.9213078654655424e-05,7,0,5,0
CLM-005200,3,65,160,5.8402510566909e-05,4,0,6,0
CLM-005201,2,136,199,4.0079580701983055e-05,5,0,0,0
CLM-005202,3,6,344,5.706778584031733e-05,14,0,5,0
CLM-005203,3,133,244,5.820940546821879e-05,4,0,10,0
CLM-005204,3,25,266,6.12035862597886e-05,1,0,3,0
CLM-005205,3,12,118,6.329182902167877e-05,1,0,6,0
CLM-005206,3,111,213,5.962795026158902e-05,3,0,3,0
CLM-005207,3,135,141,6.252407765565223e-05,3,0,8,0
CLM-005208,3,39,253,6.361487687744224e-05,4,0,4,0
CLM-005209,3,28,254,6.936692735925258e-05,0,0,13,0
CLM-005210,3,78,272,5.597747744739791e-05,6,0,9,0
CLM-005211,2,72,241,4.108512479530032e-05,6,0,0,0
CLM-005212,3,56,91,6.55189416606087e-05,1,0,4,0
CLM-005213,3,96,149,7.16723547652447e-05,0,0,4,0
CLM-005214,3,88,244,5.919546482244843e-05,2,0,9,0
CLM-005215,3,54,156,6.528248796219547e-05,2,0,9,0
CLM-005216,2,136,199,5.5646074052946794e-05,1,0,0,0
CLM-005217,2,20,224,4.75470882502791e-05,2,0,0,0
CLM-005218,2,87,114,4.026674410863098e-05,8,0,0,0
CLM-005219,2,133,244,4.673227224879748e-05,1,0,0,0
CLM-005220,3,102,256,5.6961746330750435e-05,3,0,8,0
CLM-005221,3,68,161,5.7745470948896787e-05,8,0,5,0
CLM-005222,2,122,299,4.015921750091518e-05,5,0,0,0
CLM-005223,3,68,161,6.141866874025034e-05,3,0,5,0
CLM-005224,3,103,178,5.8730250036127716e-05,4,0,6,0
CLM-005225,2,71,210,5.5177946095757324e-05,3,0,0,0
CLM-005226,3,96,149,5.888415349884118e-05,4,0,4,0
CLM-005227,2,29,129,5.6096902359376354e-05,1,0,0,0
CLM-005228,2,52,65,6.398362959083326e-05,0,0,0,0
CLM-005229,3,97,185,6.317393478432047e-05,3,0,7,0
CLM-005230,3,17,185,6.007153806215763e-05,1,0,5,0
CLM-005231,3,119,83,6.101736613170329e-05,3,0,6,0
CLM-005232,3,42,157,5.910624927084447e-05,2,0,5,0
CLM-005233,3,136,199,5.7788574036456284e-05,2,0,5,0
CLM-005234,2,112,172,4.6216589884984506e-05,3,0,0,0
CLM-005235,3,82,262,5.9321172300497834e-05,4,0,10,0
CLM-005236,3,139,96,6.0515731351391664e-05,1,0,6,0
CLM-005237,3,118,113,5.799659618910723e-05,4,0,6,0
CLM-005238,2,146,202,4.128440585564752e-05,5,0,0,0
CLM-005239,3,50,142,6.263097945550665e-05,5,0,4,0
CLM-005240,2,56,91,4.893742188431641e-05,6,0,0,0
CLM-005241,2,22,165,4.0873286487693675e-05,5,0,0,0
CLM-005242,2,70,239,4.526852604116928e-05,2,0,0,0
CLM-005243,3,67,251,5.44875444901277e-05,6,0,6,0
CLM-005244,2,3,130,4.3849801262098304e-05,4,0,0,0
CLM-005245,2,12,118,4.6373656791141694e-05,2,0,0,0
CLM-005246,3,17,185,6.335331234877221e-05,2,0,5,0
CLM-005247,3,87,114,5.507914631396129e-05,8,0,7,0
CLM-005248,3,82,262,6.621843452542193e-05,1,0,5,0
CLM-005249,3,3,130,5.483855232893376e-05,8,0,9,0
CLM-005250,3,86,230,5.825407290383604e-05,7,0,6,0
CLM-005251,2,67,251,4.410783748677034e-05,6,0,0,0
CLM-005252,3,5,184,5.5678863218176584e-05,6,0,5,0
CLM-005253,2,148,222,4.059118075874163e-05,5,0,0,0
CLM-005254,2,103,178,6.0068622446095475e-05,1,0,0,0
CLM-005255,2,80,306,4.495592254184426e-05,4,0,0,0
CLM-005256,3,39,253,5.841098558433319e-05,7,0,5,0
CLM-005257,2,1,187,4.124830119927781e-05,8,0,0,0
CLM-005258,2,3,130,5.089890290333506e-05,1,0,0,0
CLM-005259,3,120,173,6.0729898068296847e-05,5,0,3,0
CLM-005260,2,87,114,4.3358575313619695e-05,9,0,0,0
CLM-005261,2,31,151,4.367328614589447e-05,8,0,0,0
CLM-005262,3,22,165,5.964166843644266e-05,3,0,4,0
CLM-005263,2,40,252,4.145121472617945e-05,4,0,0,0
CLM-005264,3,1,187,5.996952955649515e-05,4,0,2,0
CLM-005265,3,80,306,9.93031279505078e-05,0,0,0,0
CLM-005266,3,80,306,5.699139109674432e-05,7,0,5,0
CLM-005267,2,68,161,4.315301423229862e-05,4,0,0,0
CLM-005268,3,11,82,5.853047634591764e-05,4,0,5,0
CLM-005269,3,80,306,5.77549756248132e-05,3,0,5,0
CLM-005270,2,86,230,4.3332756125235684e-05,5,0,0,0
CLM-005271,3,23,168,6.399317036168191e-05,4,0,1,0
CLM-005272,2,67,251,4.953002218115017e-05,4,0,0,0
CLM-005273,2,133,244,4.165240714434559e-05,4,0,0,0
CLM-005274,2,19,261,4.038067679795158e-05,7,0,0,0
CLM-005275,3,86,230,5.6889389591660206e-05,4,0,12,0
CLM-005276,3,150,122,6.913760215609366e-05,1,0,3,0
CLM-005277,2,17,185,4.273806587203774e-05,4,0,0,0
CLM-005278,3,102,256,6.513224033863761e-05,0,0,11,0
CLM-005279,3,72,241,5.6131224310377e-05,3,0,6,0
CLM-005280,3,111,213,5.472055463802062e-05,7,0,8,0
CLM-005281,3,61,56,5.653091021802751e-05,5,0,9,0
CLM-005282,3,33,252,5.770324306007042e-05,5,0,3,0
CLM-005283,3,28,254,5.664234281135805e-05,5,0,7,0
CLM-005284,2,72,241,4.2656771515799794e-05,8,0,0,0
CLM-005285,3,72,241,5.69716424645024e-05,4,0,5,0
CLM-005286,3,120,173,5.768323455132665e-05,6,0,11,0
CLM-005287,3,20,224,5.407412983943834e-05,5,0,5,0
CLM-005288,3,33,252,6.312252963027919e-05,1,0,3,0
CLM-005289,3,148,222,6.175336763558563e-05,1,0,5,0
CLM-005290,2,119,83,5.588730524038035e-05,1,0,0,0
CLM-005291,2,64,151,4.357814977163927e-05,4,0,0,0
CLM-005292,3,90,201,5.648501496857101e-05,4,0,9,0
CLM-005293,3,72,241,5.86254761824455e-05,4,0,9,0
CLM-005294,2,122,299,4.8951403263620426e-05,4,0,0,0
CLM-005295,3,86,230,6.147766373528298e-05,2,0,3,0
CLM-005296,3,70,239,6.0814720041177755e-05,2,0,2,0
CLM-005297,3,25,266,5.6005974881027125e-05,15,0,7,0
CLM-005298,3,42,157,5.691377724097606e-05,6,0,8,0
CLM-005299,2,126,110,4.973348126442366e-05,2,0,0,0
CLM-005300,3,46,231,7.008491727217089e-05,1,0,5,0
CLM-005301,3,39,253,5.5723694006315234e-05,4,0,6,0
CLM-005302,3,77,134,5.4682181133087536e-05,5,0,7,0
CLM-005303,2,14,186,5.341304524246114e-05,4,0,0,0
CLM-005304,3,7,228,6.951065260594669e-05,1,0,9,0
CLM-005305,2,16,208,4.509943349997822e-05,3,0,0,0
CLM-005306,3,90,201,5.5806183053792455e-05,4,0,7,0
CLM-005307,3,102,256,5.893608318485371e-05,4,0,5,0
CLM-005308,2,17,185,3.91752912271444e-05,5,0,0,0
CLM-005309,2,133,244,4.673227224879748e-05,1,0,0,0
CLM-005310,2,31,151,4.723886735816363e-05,4,0,0,0
CLM-005311,3,70,239,6.487528026558326e-05,1,0,5,0
CLM-005312,3,102,256,6.096887324081815e-05,2,0,2,0
CLM-005313,3,110,151,6.086624154846808e-05,6,0,6,0
CLM-005314,3,84,191,5.6436010894925044e-05,8,0,3,0
CLM-005315,3,20,224,6.180247252574747e-05,1,0,5,0
CLM-005316,2,7,228,4.1678499687564536e-05,4,0,0,0
CLM-005317,3,28,254,6.101079603552676e-05,3,0,7,0
CLM-005318,3,77,134,5.460074004551439e-05,3,0,5,0
CLM-005319,3,87,114,5.9199256596900724e-05,8,0,6,0
CLM-005320,2,33,252,4.695281244612818e-05,5,0,0,0
CLM-005321,3,19,261,6.328449731032163e-05,2,0,12,0
CLM-005322,3,133,244,5.5912352973838454e-05,10,0,9,0
CLM-005323,2,5,184,4.4433011034995095e-05,1,0,0,0
CLM-005324,3,135,141,5.641983235932285e-05,4,0,6,0
CLM-005325,3,70,239,6.041023682002674e-05,7,0,7,0
CLM-005326,3,40,252,6.0042717137964984e-05,1,0,6,0
CLM-005327,3,88,244,5.679956326631143e-05,9,0,10,0
CLM-005328,3,50,142,6.0742461118459574e-05,2,0,3,0
CLM-005329,3,25,266,5.7252708884478394e-05,9,0,3,0
CLM-005330,2,135,141,4.4805488406353875e-05,2,0,0,0
CLM-005331,2,71,210,4.4614369754856104e-05,4,0,0,0
CLM-005332,3,6,344,6.099070976368746e-05,1,0,4,0
CLM-005333,3,2,86,6.527569572481783e-05,1,0,5,0
CLM-005334,2,88,244,4.951490679420554e-05,2,0,0,0
CLM-005335,2,133,244,4.426822090043387e-05,10,0,0,0
CLM-005336,2,40,252,4.414669990972969e-05,6,0,0,0
CLM-005337,2,136,199,4.5288712768935004e-05,4,0,0,0
CLM-005338,3,150,122,5.935447271849067e-05,3,0,9,0
CLM-005339,3,88,244,5.794950092833282e-05,4,0,7,0
CLM-005340,3,122,299,7.596795941723609e-05,0,0,4,0
CLM-005341,3,21,196,5.854984809218679e-05,5,0,6,0
CLM-005342,2,71,210,5.0335710169531456e-05,1,0,0,0
CLM-005343,2,139,96,4.6273278420212906e-05,3,0,0,0
CLM-005344,3,60,185,5.510439472524483e-05,5,0,7,0
CLM-005345,2,31,151,4.7136746210723526e-05,1,0,0,0
CLM-005346,2,135,141,5.1221891694168166e-05,3,0,0,0
CLM-005347,3,21,196,6.832299781162055e-05,2,0,7,0
CLM-005348,3,122,299,5.722390314882239e-05,10,0,3,0
CLM-005349,3,122,299,7.013137248768612e-05,1,0,6,0
CLM-005350,2,71,210,4.2205614936947215e-05,6,0,0,0
CLM-005351,3,80,306,5.9374938652411756e-05,7,0,3,0
CLM-005352,3,46,231,5.6907919135323e-05,6,0,8,0
CLM-005353,3,80,306,5.765414048672651e-05,7,0,5,0
CLM-005354,2,77,134,4.070401865296733e-05,4,0,0,0
CLM-005355,2,33,252,4.219337784805016e-05,5,0,0,0
CLM-005356,2,72,241,4.1507900445305586e-05,3,0,0,0
CLM-005357,3,25,266,5.8706581836380044e-05,5,0,2,0
CLM-005358,3,6,344,6.236810662968293e-05,1,0,2,0
CLM-005359,2,43,117,4.6066566639874476e-05,5,0,0,0
CLM-005360,2,103,178,4.46499574704445e-05,5,0,0,0
CLM-005361,2,33,252,4.26244266606076e-05,7,0,0,0
CLM-005362,2,3,130,4.6756116506122794e-05,2,0,0,0
CLM-005363,3,60,185,5.757635190721824e-05,4,0,8,0
CLM-005364,3,87,114,5.5160912469994854e-05,8,0,7,0
CLM-005365,3,133,244,5.64516098077516e-05,8,0,6,0
CLM-005366,3,128,197,5.7585391428265064e-05,11,0,10,0
CLM-005367,2,65,160,4.8943289085306666e-05,2,0,0,0
CLM-005368,3,82,262,6.311209397393303e-05,1,0,5,0
CLM-005369,3,112,172,5.91672620645716e-05,5,0,3,0
CLM-005370,2,102,256,5.207655691526175e-05,1,0,0,0
CLM-005371,2,46,231,6.537386347355462e-05,0,0,0,0
CLM-005372,2,162,5,7.834125474411441e-05,0,0,0,0
CLM-005373,2,107,161,4.545324677693328e-05,3,0,0,0
CLM-005374,3,122,299,5.604310850938538e-05,4,0,8,0
CLM-005375,3,39,253,6.103777509061694e-05,3,0,3,0
CLM-005376,3,39,253,5.900590432981647e-05,3,0,5,0
CLM-005377,2,78,272,4.6111109945798884e-05,3,0,0,0
CLM-005378,2,14,186,4.2643470869648616e-05,6,0,0,0
CLM-005379,2,21,196,4.559877354902359e-05,5,0,0,0
CLM-005380,2,84,191,4.4412015504170025e-05,2,0,0,0
CLM-005381,2,80,306,4.639234736722905e-05,2,0,0,0
CLM-005382,3,6,344,5.258095002986569e-05,6,0,9,0
CLM-005383,3,68,161,5.741687940870075e-05,8,0,5,0
CLM-005384,2,72,241,6.557759280430384e-05,0,0,0,0
CLM-005385,3,4,171,6.172278880242854e-05,4,0,2,0
CLM-005386,3,14,186,5.4601255004931696e-05,6,0,5,0
CLM-005387,2,67,251,4.953002218115017e-05,4,0,0,0
CLM-005388,2,17,185,4.575284698083013e-05,3,0,0,0
CLM-005389,3,45,190,5.407089213972944e-05,3,0,12,0
CLM-005390,3,139,96,5.788282193862624e-05,3,0,7,0
CLM-005391,2,97,185,4.518765402861342e-05,4,0,0,0
CLM-005392,2,12,118,4.262434029167843e-05,4,0,0,0
CLM-005393,2,22,165,4.253919705517967e-05,2,0,0,0
CLM-005394,3,19,261,6.46400956940012e-05,2,0,6,0
CLM-005395,2,23,168,4.352503750866016e-05,3,0,0,0
CLM-005396,3,67,251,5.994441786695255e-05,2,0,4,0
CLM-005397,2,37,170,4.673232824705728e-05,5,0,0,0
CLM-005398,3,90,201,5.6177802850068735e-05,2,0,8,0
CLM-005399,3,124,145,5.6645525336744345e-05,4,0,4,0
CLM-005400,3,12,118,5.596858395319438e-05,3,0,8,0
CLM-005401,3,42,157,5.7487748369224535e-05,9,0,3,0
CLM-005402,2,113,112,4.6505313966755104e-05,1,0,0,0
CLM-005403,3,57,193,6.130717117089833e-05,1,0,10,0
CLM-005404,3,1,187,5.5428008680356996e-05,6,0,12,0
CLM-005405,3,70,239,6.451603575476791e-05,6,0,2,0
CLM-005406,3,150,122,6.273429492679443e-05,1,0,6,0
CLM-005407,2,150,122,4.158042689558479e-05,6,0,0,0
CLM-005408,2,97,185,4.889690333124013e-05,4,0,0,0
CLM-005409,2,112,172,4.302718962028016e-05,3,0,0,0
CLM-005410,3,43,117,5.8410969166453266e-05,2,0,7,0
CLM-005411,2,112,172,4.279029742171713e-05,5,0,0,0
CLM-005412,3,118,113,5.9297506971244104e-05,3,0,3,0
CLM-005413,2,45,190,5.5540170489662075e-05,2,0,0,0
CLM-005414,2,19,261,4.444688654797005e-05,3,0,0,0
CLM-005415,2,61,56,4.551673964419381e-05,2,0,0,0
CLM-005416,2,65,160,5.78956053157668e-05,0,0,0,0
CLM-005417,2,136,199,4.198152859275326e-05,9,0,0,0
CLM-005418,3,6,344,5.694198359901374e-05,6,0,9,0
CLM-005419,3,54,156,5.674672317039349e-05,4,0,10,0
CLM-005420,2,90,201,4.157891853472047e-05,4,0,0,0
CLM-005421,2,12,118,5.522380477266602e-05,1,0,0,0
CLM-005422,3,102,256,5.5777831775155335e-05,4,0,6,0
CLM-005423,3,7,228,5.5975467360421975e-05,4,0,6,0
CLM-005424,2,21,196,4.519796782466174e-05,2,0,0,0
CLM-005425,3,84,191,6.36785788533693e-05,5,0,5,0
CLM-005426,3,28,254,5.726007492099406e-05,5,0,4,0
CLM-005427,2,150,122,4.158042689558479e-05,6,0,0,0
CLM-005428,3,17,185,5.5204922969449893e-05,5,0,8,0
CLM-005429,3,65,160,5.928349356869775e-05,4,0,6,0
CLM-005430,3,146,202,5.6251186004880315e-05,5,0,6,0
CLM-005431,2,57,193,5.1323312624247666e-05,3,0,0,0
CLM-005432,3,88,244,5.5198314782349826e-05,7,0,7,0
CLM-005433,3,37,170,6.448602761621231e-05,2,0,7,0
CLM-005434,2,70,239,4.1172075416809494e-05,3,0,0,0
CLM-005435,2,138,126,4.9731206275874896e-05,2,0,0,0
CLM-005436,3,43,117,7.131764253907015e-05,0,0,10,0
CLM-005437,2,79,85,4.7981394989707825e-05,2,0,0,0
CLM-005438,3,60,185,5.866470524734574e-05,3,0,7,0
CLM-005439,3,70,239,5.707764355604116e-05,4,0,7,0
CLM-005440,2,133,244,5.5658521795956474e-05,0,0,0,0
CLM-005441,2,80,306,4.667659861945954e-05,3,0,0,0
CLM-005442,3,86,230,6.439232661787931e-05,5,0,2,0
CLM-005443,3,45,190,7.420194165343324e-05,0,0,9,0
CLM-005444,2,46,231,4.0628292177780435e-05,4,0,0,0
CLM-005445,3,96,149,7.056483298952924e-05,1,0,7,0
CLM-005446,3,71,210,6.33639366604212e-05,4,0,4,0
CLM-005447,3,72,241,7.233051054173631e-05,0,0,7,0
CLM-005448,3,135,141,5.689555888269078e-05,6,0,6,0
CLM-005449,3,107,161,5.505157097533679e-05,15,0,6,0
CLM-005450,2,97,185,5.155072255139666e-05,3,0,0,0
CLM-005451,3,72,241,5.968509554430643e-05,3,0,6,0
CLM-005452,2,119,83,5.588730524038035e-05,1,0,0,0
CLM-005453,3,103,178,5.571054642141878e-05,10,0,5,0
CLM-005454,2,33,252,4.565812816769723e-05,5,0,0,0
CLM-005455,2,20,224,4.149258337270864e-05,3,0,0,0
CLM-005456,3,25,266,6.742599073678149e-05,2,0,8,0
CLM-005457,2,84,191,4.389581415152579e-05,7,0,0,0
CLM-005458,3,22,165,6.0980772572085694e-05,1,0,4,0
CLM-005459,3,80,306,6.021560038952755e-05,4,0,7,0
CLM-005460,2,139,96,4.250756906836627e-05,4,0,0,0
CLM-005461,2,70,239,4.6181465002941436e-05,4,0,0,0
CLM-005462,3,133,244,6.570769538498966e-05,0,0,9,0
CLM-005463,3,70,239,5.673800389901016e-05,3,0,7,0
CLM-005464,3,25,266,5.911963950465799e-05,3,0,2,0
CLM-005465,3,86,230,6.524234602776721e-05,3,0,2,0
CLM-005466,3,88,244,6.520593339633734e-05,1,0,4,0
CLM-005467,3,14,186,5.599514376832909e-05,10,0,7,0
CLM-005468,3,25,266,5.6282789883789284e-05,6,0,6,0
CLM-005469,3,22,165,5.696274370187466e-05,2,0,9,0
CLM-005470,3,142,134,5.6410302841045085e-05,8,0,5,0
CLM-005471,3,148,222,6.262483020448304e-05,5,0,5,0
CLM-005472,3,70,239,6.113435994689163e-05,2,0,7,0
CLM-005473,3,4,171,5.433510161403884e-05,9,0,7,0
CLM-005474,2,135,141,4.177496717278542e-05,6,0,0,0
CLM-005475,3,19,261,5.9915293383485296e-05,4,0,2,0
CLM-005476,3,120,173,5.783602849850969e-05,2,0,4,0
CLM-005477,2,128,197,5.043088793601159e-05,1,0,0,0
CLM-005478,3,23,168,6.217074709269767e-05,4,0,3,0
CLM-005479,3,6,344,5.402172137300197e-05,8,0,7,0
CLM-005480,3,16,208,5.833849091296041e-05,3,0,6,0
CLM-005481,3,102,256,5.6239627763072124e-05,8,0,9,0
CLM-005482,3,45,190,5.65948866025112e-05,3,0,8,0
CLM-005483,3,146,202,5.4942423849159665e-05,8,0,7,0
CLM-005484,3,54,156,6.59811942480516e-05,1,0,8,0
CLM-005485,2,4,171,4.6089902219257093e-05,3,0,0,0
CLM-005486,2,12,118,4.721257995166341e-05,3,0,0,0
CLM-005487,2,72,241,4.3356891933587104e-05,2,0,0,0
CLM-005488,3,6,344,5.929521085143587e-05,5,0,4,0
CLM-005489,3,148,222,5.59890398338726e-05,3,0,8,0
CLM-005490,3,3,130,6.40200946535919e-05,2,0,6,0
CLM-005491,2,14,186,4.556183978779557e-05,3,0,0,0
CLM-005492,2,126,110,4.8007953735373354e-05,2,0,0,0
CLM-005493,3,112,172,5.854687743392557e-05,2,0,9,0
CLM-005494,3,136,199,6.571044007380161e-05,1,0,3,0
CLM-005495,2,17,185,4.743820539626291e-05,3,0,0,0
CLM-005496,3,19,261,5.725821526422287e-05,3,0,5,0
CLM-005497,2,96,149,5.306527909147731e-05,1,0,0,0
CLM-005498,3,7,228,5.565614664607284e-05,6,0,8,0
CLM-005499,3,111,213,6.334751553920879e-05,1,0,6,0
CLM-005500,2,78,272,3.9529423887265356e-05,11,0,0,0
CLM-005501,3,77,134,5.8896208899427155e-05,2,0,8,0
CLM-005502,3,110,151,5.676906678386234e-05,4,0,4,0
CLM-005503,3,70,239,6.158673261317198e-05,6,0,5,0
CLM-005504,3,45,190,5.674128995634077e-05,5,0,12,0
CLM-005505,3,135,141,6.523294481487963e-05,1,0,8,0
CLM-005506,2,126,110,5.4903080228168096e-05,3,0,0,0
CLM-005507,2,86,230,4.417316797004008e-05,1,0,0,0
CLM-005508,3,6,344,6.775227738589423e-05,1,0,4,0
CLM-005509,3,82,262,5.671845466934501e-05,7,0,3,0
CLM-005510,3,86,230,6.508594827400543e-05,6,0,3,0
CLM-005511,3,123,185,6.0180044860172065e-05,4,0,6,0
CLM-005512,2,102,256,4.629736752203735e-05,1,0,0,0
CLM-005513,3,81,211,7.6369539277076e-05,0,0,4,0
CLM-005514,2,57,193,4.187565315306116e-05,5,0,0,0
CLM-005515,3,80,306,5.834346546050022e-05,5,0,5,0
CLM-005516,2,7,228,4.487664372295151e-05,10,0,0,0
CLM-005517,3,111,213,6.448272824819516e-05,3,0,7,0
CLM-005518,2,25,266,4.228721183780384e-05,15,0,0,0
CLM-005519,2,146,202,4.1230464407496756e-05,4,0,0,0
CLM-005520,3,60,185,5.7997891801288836e-05,3,0,7,0
CLM-005521,3,61,56,5.756137789246685e-05,6,0,7,0
CLM-005522,3,120,173,6.302460741903605e-05,1,0,5,0
CLM-005523,2,11,82,4.6439971123659787e-05,4,0,0,0
CLM-005524,2,111,213,5.822941512681427e-05,0,0,0,0
CLM-005525,2,21,196,4.422002087694771e-05,2,0,0,0
CLM-005526,3,90,201,5.717910042012651e-05,3,0,8,0
CLM-005527,3,17,185,5.945802918205923e-05,7,0,7,0
CLM-005528,2,94,78,6.939967372305546e-05,0,0,0,0
CLM-005529,2,122,299,4.0154168406214465e-05,11,0,0,0
CLM-005530,2,135,141,4.5323489705928694e-05,3,0,0,0
CLM-005531,2,33,252,4.583056841639937e-05,3,0,0,0
CLM-005532,3,29,129,5.6141894494162744e-05,5,0,4,0
CLM-005533,3,81,211,5.904962935752893e-05,1,0,8,0
CLM-005534,3,97,185,5.8028836383899226e-05,4,0,7,0
CLM-005535,2,6,344,4.2873293617511416e-05,4,0,0,0
CLM-005536,3,16,208,6.505165140955344e-05,3,0,2,0
CLM-005537,3,71,210,5.99037332729735e-05,4,0,5,0
CLM-005538,3,135,141,6.791644684432106e-05,1,0,3,0
CLM-005539,2,122,299,4.7029134614891106e-05,8,0,0,0
CLM-005540,3,80,306,5.8786341500000935e-05,3,0,4,0
CLM-005541,2,45,190,3.997387177324921e-05,5,0,0,0
CLM-005542,2,31,151,4.7136746210723526e-05,1,0,0,0
CLM-005543,2,71,210,4.464684062307556e-05,4,0,0,0
CLM-005544,3,80,306,6.033019402688394e-05,4,0,2,0
CLM-005545,2,6,344,4.1342807598629496e-05,6,0,0,0
CLM-005546,3,113,112,6.1029351340114826e-05,4,0,3,0
CLM-005547,3,146,202,6.340368912971735e-05,2,0,6,0
CLM-005548,2,45,190,4.543169781062947e-05,5,0,0,0
CLM-005549,2,45,190,4.23446597259837e-05,4,0,0,0
CLM-005550,3,12,118,6.13095465668381e-05,2,0,8,0
CLM-005551,3,78,272,6.025838645785932e-05,1,0,6,0
CLM-005552,3,1,187,6.066145532895108e-05,5,0,4,0
CLM-005553,3,16,208,5.6060399018872836e-05,4,0,11,0
CLM-005554,2,110,151,4.570780858136657e-05,4,0,0,0
CLM-005555,2,1,187,4.450930451776447e-05,5,0,0,0
CLM-005556,2,68,161,4.1489970961033366e-05,8,0,0,0
CLM-005557,3,81,211,5.652527007411201e-05,2,0,13,0
CLM-005558,3,110,151,5.91737628460895e-05,2,0,7,0
CLM-005559,2,78,272,5.123683874753974e-05,1,0,0,0
CLM-005560,2,102,256,5.133271450569078e-05,1,0,0,0
CLM-005561,3,20,224,5.407630136705906e-05,5,0,6,0
CLM-005562,3,81,211,5.821942738565799e-05,4,0,6,0
CLM-005563,2,103,178,4.46499574704445e-05,5,0,0,0
CLM-005564,3,90,201,5.963088269252923e-05,12,0,2,0
CLM-005565,3,136,199,6.001204295085532e-05,1,0,4,0
CLM-005566,2,46,231,4.499107387950583e-05,2,0,0,0
CLM-005567,3,20,224,7.280870420895447e-05,0,0,7,0
CLM-005568,2,77,134,4.3166246885438064e-05,5,0,0,0
CLM-005569,3,46,231,5.6887490035737824e-05,5,0,6,0
CLM-005570,3,82,262,6.127122633711889e-05,4,0,3,0
CLM-005571,3,29,129,6.111779211354724e-05,2,0,8,0
CLM-005572,3,1,187,6.033371481463291e-05,2,0,10,0
CLM-005573,3,102,256,5.6018429211132874e-05,5,0,7,0
CLM-005574,2,81,211,5.01132110150364e-05,1,0,0,0
CLM-005575,3,6,344,5.90135288297548e-05,9,0,6,0
CLM-005576,2,54,156,4.146315522683804e-05,5,0,0,0
CLM-005577,2,31,151,4.518015819783493e-05,1,0,0,0
CLM-005578,2,122,299,4.909402953038697e-05,4,0,0,0
CLM-005579,3,82,262,5.5182789251843556e-05,6,0,6,0
CLM-005580,2,20,224,4.5579554944811775e-05,2,0,0,0
CLM-005581,3,4,171,5.605730071416592e-05,6,0,4,0
CLM-005582,3,124,145,5.764533252168298e-05,6,0,8,0
CLM-005583,3,28,254,6.710127574139878e-05,1,0,6,0
CLM-005584,2,50,142,4.377834160723074e-05,5,0,0,0
CLM-005585,3,90,201,5.952274108342466e-05,5,0,6,0
CLM-005586,3,57,193,6.717203815639113e-05,3,0,7,0
CLM-005587,3,70,239,6.323003212551811e-05,1,0,5,0
CLM-005588,3,90,201,5.604790691759179e-05,2,0,7,0
CLM-005589,3,7,228,6.0122599047192024e-05,6,0,2,0
CLM-005590,2,84,191,4.389581415152579e-05,7,0,0,0
CLM-005591,3,25,266,5.782581020026486e-05,4,0,4,0
CLM-005592,3,29,129,5.760990891108496e-05,10,0,8,0
CLM-005593,2,39,253,5.946812778420065e-05,0,0,0,0
CLM-005594,3,118,113,5.942857558558276e-05,3,0,8,0
CLM-005595,2,81,211,5.194680543856584e-05,1,0,0,0
CLM-005596,3,138,126,6.417727346884607e-05,1,0,3,0
CLM-005597,3,20,224,5.93536944531789e-05,2,0,5,0
CLM-005598,3,21,196,6.292347899382512e-05,5,0,1,0
CLM-005599,2,11,82,4.9568714972549823e-05,3,0,0,0
CLM-005600,2,67,251,4.410648636615317e-05,2,0,0,0
CLM-005601,3,120,173,5.7601976012259416e-05,2,0,11,0
CLM-005602,3,39,253,6.186078602074383e-05,1,0,5,0
CLM-005603,2,75,184,5.100298781838761e-05,2,0,0,0
CLM-005604,3,81,211,5.5802357438248046e-05,6,0,7,0
CLM-005605,2,57,193,4.301281251466322e-05,6,0,0,0
CLM-005606,2,148,222,4.8590547558585164e-05,4,0,0,0
CLM-005607,3,78,272,6.205875599670642e-05,2,0,3,0
CLM-005608,3,67,251,5.764342996572142e-05,3,0,7,0
CLM-005609,3,148,222,5.6164293278938915e-05,2,0,6,0
CLM-005610,2,39,253,3.9223415650917785e-05,7,0,0,0
CLM-005611,3,112,172,5.92623846771835e-05,2,0,5,0
CLM-005612,2,16,208,4.229843127641684e-05,3,0,0,0
CLM-005613,3,46,231,6.476169551460499e-05,2,0,3,0
CLM-005614,3,6,344,5.87226936787232e-05,2,0,9,0
CLM-005615,3,52,65,6.48766934116089e-05,0,0,5,0
CLM-005616,3,81,211,5.6278086713527105e-05,6,0,8,0
CLM-005617,2,22,165,4.1801087130523216e-05,4,0,0,0
CLM-005618,3,37,170,6.573034542511947e-05,2,0,10,0
CLM-005619,2,64,151,4.258109269223432e-05,5,0,0,0
CLM-005620,3,88,244,5.61224957339991e-05,9,0,6,0
CLM-005621,3,80,306,6.061737972892685e-05,3,0,7,0
CLM-005622,3,133,244,6.298958784481531e-05,3,0,3,0
CLM-005623,3,22,165,6.0711020053573584e-05,3,0,10,0
CLM-005624,2,16,208,6.818479628727441e-05,0,0,0,0
CLM-005625,3,72,241,7.187738713205519e-05,0,0,5,0
CLM-005626,3,67,251,6.311581574945316e-05,2,0,10,0
CLM-005627,3,20,224,5.593312824628445e-05,4,0,5,0
CLM-005628,2,31,151,4.2651489805195964e-05,8,0,0,0
CLM-005629,3,45,190,5.666873783218222e-05,4,0,6,0
CLM-005630,2,6,344,4.5400902668247114e-05,9,0,0,0
CLM-005631,3,46,231,5.719650494077502e-05,8,0,5,0
CLM-005632,3,75,184,5.706771087421348e-05,9,0,3,0
CLM-005633,3,72,241,5.7722624474355345e-05,6,0,9,0
CLM-005634,3,42,157,5.7276838465351666e-05,11,0,8,0
CLM-005635,2,33,252,4.695281244612818e-05,5,0,0,0
CLM-005636,3,97,185,6.148101683398175e-05,5,0,4,0
CLM-005637,3,138,126,6.70523604990237e-05,4,0,2,0
CLM-005638,2,78,272,4.700954251978015e-05,1,0,0,0
CLM-005639,3,120,173,5.8482636721290256e-05,2,0,5,0
CLM-005640,3,133,244,6.523838955724208e-05,0,0,10,0
CLM-005641,2,42,157,4.97462451140669e-05,1,0,0,0
CLM-005642,3,61,56,5.6724650622818094e-05,9,0,3,0
CLM-005643,3,14,186,6.305077539541022e-05,3,0,7,0
CLM-005644,2,19,261,4.134346818795114e-05,9,0,0,0
CLM-005645,3,110,151,6.399070246450019e-05,3,0,2,0
CLM-005646,3,81,211,5.886947564368107e-05,2,0,4,0
CLM-005647,2,45,190,4.212383939016239e-05,5,0,0,0
CLM-005648,3,65,160,6.0859786160598156e-05,2,0,3,0
CLM-005649,3,31,151,5.739300714307193e-05,11,0,3,0
CLM-005650,2,102,256,4.5956446798967085e-05,1,0,0,0
CLM-005651,3,25,266,5.8288139066270606e-05,5,0,8,0
CLM-005652,3,46,231,6.1002184769610734e-05,2,0,5,0
CLM-005653,2,37,170,4.165054180670298e-05,10,0,0,0
CLM-005654,2,133,244,4.1833243834484705e-05,8,0,0,0
CLM-005655,2,86,230,5.71174969375775e-05,2,0,0,0
CLM-005656,3,22,165,6.536601357091083e-05,1,0,6,0
CLM-005657,3,111,213,7.957768694884232e-05,0,0,10,0
CLM-005658,3,113,112,6.246939305383922e-05,1,0,6,0
CLM-005659,2,80,306,4.210088982395534e-05,7,0,0,0
CLM-005660,2,79,85,6.191998986476917e-05,0,0,0,0
CLM-005661,3,7,228,5.502401326579884e-05,7,0,7,0
CLM-005662,3,64,151,5.628952222721291e-05,3,0,5,0
CLM-005663,3,128,197,6.292238278390279e-05,5,0,5,0
CLM-005664,2,12,118,4.262434029167843e-05,4,0,0,0
CLM-005665,3,33,252,5.8645097288045775e-05,7,0,4,0
CLM-005666,3,16,208,5.897019270422763e-05,2,0,4,0
CLM-005667,2,82,262,5.161605516635641e-05,1,0,0,0
CLM-005668,2,31,151,4.1010777503665354e-05,7,0,0,0
CLM-005669,2,77,134,4.280837254450933e-05,7,0,0,0
CLM-005670,3,22,165,7.537017057796948e-05,0,0,3,0
CLM-005671,2,111,213,4.01444414574052e-05,10,0,0,0
CLM-005672,3,97,185,6.075588273903691e-05,4,0,8,0
CLM-005673,2,14,186,4.3461708788644506e-05,5,0,0,0
CLM-005674,2,14,186,3.8958830296878996e-05,6,0,0,0
CLM-005675,2,28,254,5.5703958583271616e-05,0,0,0,0
CLM-005676,2,110,151,4.520101978857605e-05,6,0,0,0
CLM-005677,3,60,185,6.305162052655706e-05,5,0,3,0
CLM-005678,3,6,344,5.9065818146588825e-05,3,0,5,0
CLM-005679,2,133,244,4.2800430826635276e-05,4,0,0,0
CLM-005680,3,23,168,5.9185866664376525e-05,3,0,8,0
CLM-005681,2,33,252,4.987070060161548e-05,1,0,0,0
CLM-005682,3,6,344,5.7007433447870734e-05,5,0,6,0
CLM-005683,3,99,204,5.9001660545478815e-05,4,0,6,0
CLM-005684,3,71,210,6.209597420852323e-05,4,0,8,0
CLM-005685,2,136,199,4.339995160552253e-05,9,0,0,0
CLM-005686,3,33,252,5.984646229290038e-05,4,0,6,0
CLM-005687,2,61,56,4.521202776650397e-05,5,0,0,0
CLM-005688,3,24,168,5.713145180304901e-05,11,0,8,0
CLM-005689,2,103,178,4.649317374451561e-05,5,0,0,0
CLM-005690,2,79,85,4.338027855281019e-05,6,0,0,0
CLM-005691,3,72,241,5.486720182231511e-05,9,0,7,0
CLM-005692,3,96,149,6.038814976392866e-05,2,0,8,0
CLM-005693,2,29,129,5.615775361605415e-05,1,0,0,0
CLM-005694,2,50,142,4.251022860431367e-05,4,0,0,0
CLM-005695,2,71,210,4.9013415317879236e-05,3,0,0,0
CLM-005696,3,57,193,5.879666604694192e-05,5,0,3,0
CLM-005697,3,28,254,5.97750453048382e-05,2,0,4,0
CLM-005698,3,146,202,5.7447301380814816e-05,5,0,6,0
CLM-005699,3,142,134,5.704119469149955e-05,5,0,5,0
CLM-005700,3,84,191,5.506903549690619e-05,5,0,8,0
CLM-005701,2,61,56,5.059302530483126e-05,5,0,0,0
CLM-005702,2,81,211,4.302818896210029e-05,4,0,0,0
CLM-005703,3,14,186,6.123546847296946e-05,2,0,6,0
CLM-005704,2,68,161,5.172489670527654e-05,1,0,0,0
CLM-005705,3,117,108,6.030965926678821e-05,4,0,5,0
CLM-005706,2,39,253,4.417005164187853e-05,4,0,0,0
CLM-005707,3,52,65,6.193833098687841e-05,1,0,7,0
CLM-005708,2,75,184,4.449906687157993e-05,6,0,0,0
CLM-005709,2,20,224,5.9814993570641004e-05,0,0,0,0
CLM-005710,3,94,78,5.787482466905088e-05,4,0,8,0
CLM-005711,2,45,190,4.543169781062947e-05,5,0,0,0
CLM-005712,3,111,213,6.37416062607231e-05,1,0,6,0
CLM-005713,2,122,299,4.3785374911175525e-05,11,0,0,0
CLM-005714,3,29,129,5.4426901912788435e-05,5,0,8,0
CLM-005715,3,25,266,6.217148324205138e-05,1,0,6,0
CLM-005716,2,96,149,4.229993107654921e-05,3,0,0,0
CLM-005717,2,6,344,4.5478975700434666e-05,5,0,0,0
CLM-005718,2,1,187,4.660884664987001e-05,2,0,0,0
CLM-005719,2,99,204,4.7143947770313524e-05,2,0,0,0
CLM-005720,2,150,122,4.5365416695156445e-05,2,0,0,0
CLM-005721,3,133,244,5.965025542453501e-05,8,0,1,0
CLM-005722,2,163,6,6.231403261615587e-05,1,0,0,0
CLM-005723,2,133,244,4.628948974668523e-05,1,0,0,0
CLM-005724,2,37,170,4.673232824705728e-05,5,0,0,0
CLM-005725,2,138,126,4.4256183876049794e-05,3,0,0,0
CLM-005726,2,122,299,5.657596353453517e-05,1,0,0,0
CLM-005727,3,81,211,6.323862214897177e-05,1,0,4,0
CLM-005728,3,23,168,5.699480480604956e-05,4,0,8,0
CLM-005729,3,99,204,6.078350684661306e-05,3,0,7,0
CLM-005730,3,146,202,6.258526475126106e-05,1,0,8,0
CLM-005731,2,16,208,4.212110277737082e-05,5,0,0,0
CLM-005732,2,78,272,4.309273724634063e-05,2,0,0,0
CLM-005733,2,77,134,4.332191077734782e-05,2,0,0,0
CLM-005734,2,102,256,5.8604832388721606e-05,0,0,0,0
CLM-005735,3,78,272,5.825673191039654e-05,1,0,10,0
CLM-005736,2,67,251,4.535289139800562e-05,4,0,0,0
CLM-005737,2,103,178,5.173741120312403e-05,1,0,0,0
CLM-005738,2,77,134,4.398652505242107e-05,1,0,0,0
CLM-005739,2,131,61,4.5843143726039115e-05,2,0,0,0
CLM-005740,3,82,262,5.933409708078916e-05,4,0,13,0
CLM-005741,3,138,126,5.9925445136719585e-05,3,0,3,0
CLM-005742,2,57,193,4.4195593446869065e-05,5,0,0,0
CLM-005743,3,70,239,6.186476761982387e-05,1,0,8,0
CLM-005744,3,133,244,6.159891364114687e-05,3,0,7,0
CLM-005745,2,96,149,4.222690480510901e-05,6,0,0,0
CLM-005746,3,14,186,6.034409842974187e-05,3,0,5,0
CLM-005747,3,3,130,6.575110066850423e-05,1,0,9,0
CLM-005748,3,97,185,6.873177427200787e-05,0,0,11,0
CLM-005749,3,39,253,5.8997080216102015e-05,7,0,2,0
CLM-005750,2,150,122,4.5799543300872634e-05,5,0,0,0
CLM-005751,3,64,151,5.938136692933004e-05,5,0,7,0
CLM-005752,3,39,253,6.796183489348147e-05,3,0,4,0
CLM-005753,3,28,254,6.084549016651665e-05,3,0,6,0
CLM-005754,2,19,261,4.343308784559182e-05,3,0,0,0
CLM-005755,2,146,202,5.986032453830609e-05,0,0,0,0
CLM-005756,2,42,157,4.985218808766328e-05,2,0,0,0
CLM-005757,3,122,299,5.834952369470593e-05,6,0,4,0
CLM-005758,2,103,178,4.298333693141294e-05,4,0,0,0
CLM-005759,3,16,208,7.550765177520113e-05,0,0,6,0
CLM-005760,3,20,224,6.139274874992294e-05,1,0,6,0
CLM-005761,3,39,253,5.6826341601891564e-05,10,0,6,0
CLM-005762,3,94,78,6.499462255272837e-05,1,0,6,0
CLM-005763,3,22,165,5.730650712455161e-05,2,0,9,0
CLM-005764,3,136,199,7.31268569038054e-05,0,0,4,0
CLM-005765,2,136,199,4.654491704239188e-05,3,0,0,0
CLM-005766,3,64,151,6.985141857892599e-05,0,0,4,0
CLM-005767,3,65,160,7.471255665489657e-05,0,0,3,0
CLM-005768,3,94,78,5.878968741768478e-05,4,0,8,0
CLM-005769,3,7,228,6.26666564066578e-05,1,0,4,0
CLM-005770,3,28,254,5.9987638519233296e-05,3,0,9,0
CLM-005771,3,4,171,8.351477213973719e-05,3,0,0,0
CLM-005772,2,122,299,5.358759344643113e-05,2,0,0,0
CLM-005773,2,43,117,4.683195676359434e-05,2,0,0,0
CLM-005774,3,68,161,6.376066894225109e-05,1,0,5,0
CLM-005775,2,84,191,4.97086474763224e-05,2,0,0,0
CLM-005776,3,82,262,5.798854688514077e-05,4,0,4,0
CLM-005777,3,122,299,5.5288079273291256e-05,10,0,5,0
CLM-005778,3,64,151,6.636583313292699e-05,1,0,6,0
CLM-005779,2,128,197,4.3648574970995646e-05,2,0,0,0
CLM-005780,3,60,185,5.905342596153483e-05,3,0,5,0
CLM-005781,2,8,77,4.292343962047431e-05,3,0,0,0
CLM-005782,3,4,171,5.8142184770569254e-05,4,0,3,0
CLM-005783,2,117,108,4.1121171154152884e-05,4,0,0,0
CLM-005784,2,60,185,4.337724911979105e-05,5,0,0,0
CLM-005785,3,90,201,5.909205464341885e-05,5,0,6,0
CLM-005786,3,86,230,6.251997935114421e-05,4,0,6,0
CLM-005787,3,24,168,5.678483787765324e-05,4,0,5,0
CLM-005788,2,133,244,4.2800430826635276e-05,4,0,0,0
CLM-005789,3,133,244,6.09014143974145e-05,3,0,6,0
CLM-005790,3,87,114,5.7656207848109334e-05,2,0,9,0
CLM-005791,3,68,161,6.486453027879697e-05,1,0,7,0
CLM-005792,3,123,185,6.37801904917574e-05,1,0,7,0
CLM-005793,2,113,112,4.4710014221861634e-05,5,0,0,0
CLM-005794,2,136,199,4.596379747896998e-05,2,0,0,0
CLM-005795,3,67,251,5.746019531654449e-05,4,0,2,0
CLM-005796,2,61,56,4.502845461390755e-05,2,0,0,0
CLM-005797,2,72,241,6.916925090739718e-05,0,0,0,0
CLM-005798,3,148,222,6.335441229667486e-05,1,0,4,0
CLM-005799,3,57,193,5.79808772423349e-05,4,0,4,0
CLM-005800,2,50,142,4.087868344493213e-05,3,0,0,0
CLM-005801,2,20,224,4.3810314356794375e-05,2,0,0,0
CLM-005802,3,110,151,5.65906352478425e-05,5,0,13,0
CLM-005803,3,99,204,5.597133149102317e-05,8,0,4,0
CLM-005804,3,103,178,6.64255969516879e-05,2,0,3,0
CLM-005805,3,99,204,5.4486370218187e-05,9,0,5,0
CLM-005806,3,24,168,6.0711290991651614e-05,2,0,5,0
CLM-005807,2,65,160,4.035834736274991e-05,9,0,0,0
CLM-005808,3,119,83,5.824433589683263e-05,9,0,4,0
CLM-005809,3,124,145,5.974648469564291e-05,4,0,2,0
CLM-005810,2,24,168,4.0234731707411236e-05,8,0,0,0
CLM-005811,2,20,224,4.109502443670041e-05,4,0,0,0
CLM-005812,3,99,204,6.901809759020119e-05,0,0,5,0
CLM-005813,3,70,239,6.697629056518699e-05,1,0,4,0
CLM-005814,3,16,208,5.872966822817668e-05,10,0,9,0
CLM-005815,3,6,344,6.048694228002917e-05,4,0,4,0
CLM-005816,2,99,204,4.476608167168466e-05,3,0,0,0
CLM-005817,2,88,244,6.574837134633744e-05,0,0,0,0
CLM-005818,2,43,117,4.5301713570214776e-05,4,0,0,0
CLM-005819,2,135,141,5.324001984286659e-05,1,0,0,0
CLM-005820,3,82,262,5.391832999302833e-05,7,0,10,0
CLM-005821,2,70,239,4.5071933853668625e-05,5,0,0,0
CLM-005822,3,111,213,6.333368812589101e-05,3,0,11,0
CLM-005823,3,71,210,5.9320386785902766e-05,5,0,9,0
CLM-005824,2,111,213,4.9478717270458526e-05,4,0,0,0
CLM-005825,2,78,272,4.156585524064432e-05,7,0,0,0
CLM-005826,3,133,244,5.947834371533572e-05,1,0,8,0
CLM-005827,3,133,244,5.9807646967772173e-05,1,0,9,0
CLM-005828,2,123,185,4.451482310028003e-05,4,0,0,0
CLM-005829,2,11,82,5.252386433017989e-05,3,0,0,0
CLM-005830,3,60,185,6.273639587268568e-05,1,0,8,0
CLM-005831,3,24,168,5.6356185193035956e-05,4,0,9,0
CLM-005832,3,96,149,6.567663849056012e-05,1,0,5,0
CLM-005833,3,123,185,5.5278345166080466e-05,5,0,10,0
CLM-005834,2,3,130,4.6607673259912674e-05,4,0,0,0
CLM-005835,3,50,142,5.792450162331026e-05,5,0,10,0
CLM-005836,3,65,160,5.8515760964100975e-05,2,0,8,0
CLM-005837,3,99,204,6.55015148383015e-05,2,0,6,0
CLM-005838,3,21,196,5.53518833164428e-05,4,0,6,0
CLM-005839,3,120,173,5.7834216362654723e-05,3,0,8,0
CLM-005840,3,72,241,6.0905690769983023e-05,8,0,5,0
CLM-005841,2,75,184,4.3488390341312395e-05,6,0,0,0
CLM-005842,3,29,129,6.1214850832096e-05,2,0,8,0
CLM-005843,3,139,96,6.245751960623769e-05,4,0,8,0
CLM-005844,3,24,168,5.829177472228578e-05,3,0,5,0
CLM-005845,2,135,141,4.177496717278542e-05,6,0,0,0
CLM-005846,3,65,160,7.05293039375128e-05,0,0,10,0
CLM-005847,2,119,83,4.5350441895592246e-05,3,0,0,0
CLM-005848,2,31,151,5.387833805733882e-05,2,0,0,0
CLM-005849,2,97,185,4.414644993131598e-05,3,0,0,0
CLM-005850,3,72,241,5.8406276026277636e-05,2,0,6,0
CLM-005851,3,133,244,5.7924861648929754e-05,3,0,7,0
CLM-005852,2,22,165,4.580036761752476e-05,2,0,0,0
CLM-005853,2,31,151,4.1010777503665354e-05,7,0,0,0
CLM-005854,2,124,145,4.720988505457656e-05,1,0,0,0
CLM-005855,2,133,244,4.561657430969278e-05,4,0,0,0
CLM-005856,2,45,190,4.23446597259837e-05,4,0,0,0
CLM-005857,2,20,224,5.8118702002036743e-05,0,0,0,0
CLM-005858,2,16,208,5.113488760719736e-05,2,0,0,0
CLM-005859,2,37,170,4.165054180670298e-05,10,0,0,0
CLM-005860,2,128,197,4.208799441398287e-05,3,0,0,0
CLM-005861,3,88,244,5.724908379676763e-05,9,0,4,0
CLM-005862,2,33,252,4.504920416964039e-05,1,0,0,0
CLM-005863,2,16,208,4.3310877152563396e-05,6,0,0,0
CLM-005864,2,107,161,4.716827971835013e-05,3,0,0,0
CLM-005865,2,103,178,4.112689745659399e-05,8,0,0,0
CLM-005866,2,45,190,3.9407306876724116e-05,4,0,0,0
CLM-005867,2,102,256,5.1038590601397596e-05,2,0,0,0
CLM-005868,2,25,266,5.140328292517946e-05,1,0,0,0
CLM-005869,2,60,185,5.038169605381154e-05,5,0,0,0
CLM-005870,3,6,344,6.652615895368753e-05,1,0,10,0
CLM-005871,3,4,171,5.573839542146978e-05,9,0,4,0
CLM-005872,2,128,197,4.208799441398287e-05,3,0,0,0
CLM-005873,2,54,156,5.153232862147496e-05,2,0,0,0
CLM-005874,2,111,213,5.021151694355885e-05,1,0,0,0
CLM-005875,3,25,266,5.662701529830625e-05,15,0,8,0
CLM-005876,3,14,186,6.067190056881727e-05,3,0,7,0
CLM-005877,3,78,272,6.1033667200845946e-05,2,0,9,0
CLM-005878,2,19,261,4.8525091127919515e-05,3,0,0,0
CLM-005879,3,146,202,6.592556852394173e-05,1,0,10,0
CLM-005880,2,90,201,4.246614594759162e-05,6,0,0,0
CLM-005881,2,42,157,4.3616580090156564e-05,9,0,0,0
CLM-005882,2,148,222,4.011224229386258e-05,6,0,0,0
CLM-005883,3,22,165,5.754824059943081e-05,2,0,6,0
CLM-005884,3,75,184,6.353376120780629e-05,2,0,7,0
CLM-005885,3,33,252,5.744601786255296e-05,5,0,7,0
CLM-005886,3,72,241,6.489244848063613e-05,1,0,5,0
CLM-005887,3,67,251,5.8080822734643454e-05,2,0,10,0
CLM-005888,2,103,178,4.302624361961429e-05,3,0,0,0
CLM-005889,3,12,118,6.52696018389526e-05,3,0,5,0
CLM-005890,2,19,261,4.444688654797005e-05,3,0,0,0
CLM-005891,3,133,244,5.6098835940718194e-05,9,0,4,0
CLM-005892,3,8,77,6.300627599498845e-05,2,0,5,0
CLM-005893,3,72,241,5.63050882980546e-05,3,0,8,0
CLM-005894,3,142,134,6.005411470377877e-05,2,0,5,0
CLM-005895,2,118,113,4.185555789637821e-05,9,0,0,0
CLM-005896,3,146,202,5.602259553732837e-05,3,0,13,0
CLM-005897,3,99,204,5.8817039032570954e-05,4,0,8,0
CLM-005898,2,42,157,4.114723701817763e-05,10,0,0,0
CLM-005899,3,1,187,5.6948930762057486e-05,3,0,11,0
CLM-005900,3,57,193,6.0304478735259284e-05,6,0,3,0
CLM-005901,2,67,251,4.210602190776559e-05,3,0,0,0
CLM-005902,3,12,118,6.171506124897565e-05,5,0,7,0
CLM-005903,3,110,151,5.6418670515898326e-05,4,0,7,0
CLM-005904,2,16,208,4.375800053396856e-05,3,0,0,0
CLM-005905,3,111,213,5.906045915124417e-05,4,0,3,0
CLM-005906,2,136,199,5.268899652105346e-05,1,0,0,0
CLM-005907,3,25,266,5.6528876481137734e-05,9,0,5,0
CLM-005908,3,12,118,6.082986652516363e-05,4,0,4,0
CLM-005909,3,77,134,5.517269838114388e-05,4,0,4,0
CLM-005910,2,71,210,4.464684062307556e-05,4,0,0,0
CLM-005911,3,131,61,5.947288682523129e-05,3,0,2,0
CLM-005912,3,19,261,5.918326681906289e-05,3,0,7,0
CLM-005913,3,122,299,5.855448304564775e-05,5,0,9,0
CLM-005914,3,65,160,5.516464329950325e-05,6,0,10,0
CLM-005915,3,21,196,5.7258986085815486e-05,10,0,4,0
CLM-005916,2,80,306,4.9855438179330225e-05,1,0,0,0
CLM-005917,3,6,344,5.5178451181683356e-05,14,0,8,0
CLM-005918,3,117,108,5.784670472470872e-05,4,0,9,0
CLM-005919,3,68,161,5.7667843137785814e-05,4,0,6,0
CLM-005920,3,118,113,5.957180330597824e-05,1,0,5,0
CLM-005921,2,122,299,5.170177649136713e-05,1,0,0,0
CLM-005922,3,40,252,5.7566980447595376e-05,5,0,4,0
CLM-005923,2,84,191,4.15411392403179e-05,5,0,0,0
CLM-005924,3,42,157,6.491754556469664e-05,1,0,4,0
CLM-005925,3,5,184,7.284373839418676e-05,1,0,5,0
CLM-005926,2,88,244,4.591855521780181e-05,4,0,0,0
CLM-005927,2,6,344,4.1342807598629496e-05,6,0,0,0
CLM-005928,3,81,211,6.090952925735366e-05,1,0,8,0
CLM-005929,2,65,160,4.3317279906918734e-05,2,0,0,0
CLM-005930,2,88,244,4.337324047782946e-05,7,0,0,0
CLM-005931,2,139,96,4.598498258944581e-05,1,0,0,0
CLM-005932,3,136,199,5.676428984700544e-05,6,0,7,0
CLM-005933,2,107,161,4.062878761882746e-05,6,0,0,0
CLM-005934,2,5,184,4.036775768621686e-05,5,0,0,0
CLM-005935,3,96,149,5.9131560646583914e-05,4,0,4,0
CLM-005936,3,102,256,6.0104118869575064e-05,9,0,6,0
CLM-005937,2,78,272,5.5352958171896767e-05,1,0,0,0
CLM-005938,3,88,244,7.204496482621007e-05,0,0,6,0
CLM-005939,3,14,186,5.720837642596652e-05,3,0,4,0
CLM-005940,3,40,252,5.935215471492636e-05,10,0,10,0
CLM-005941,2,111,213,3.939515511235254e-05,7,0,0,0
CLM-005942,3,61,56,5.8188303406466725e-05,11,0,2,0
CLM-005943,2,78,272,4.583665502439519e-05,3,0,0,0
CLM-005944,3,17,185,5.831835796007421e-05,7,0,3,0
CLM-005945,3,6,344,7.162578652392713e-05,0,0,7,0
CLM-005946,2,82,262,4.482562852677606e-05,4,0,0,0
CLM-005947,3,122,299,6.817973364971018e-05,0,0,3,0
CLM-005948,3,22,165,7.112981421402216e-05,1,0,2,0
CLM-005949,2,146,202,4.667973630777799e-05,6,0,0,0
CLM-005950,2,19,261,4.468559809793711e-05,3,0,0,0
CLM-005951,3,117,108,6.116645070881042e-05,3,0,3,0
CLM-005952,2,5,184,4.4298381964790006e-05,5,0,0,0
CLM-005953,2,133,244,4.102656241318939e-05,8,0,0,0
CLM-005954,3,113,112,6.220339851225508e-05,5,0,9,0
CLM-005955,3,6,344,5.658074121116605e-05,3,0,6,0
CLM-005956,2,25,266,4.464181161664902e-05,2,0,0,0
CLM-005957,3,142,134,5.696197055906695e-05,7,0,6,0
CLM-005958,2,80,306,5.381246628654959e-05,0,0,0,0
CLM-005959,3,8,77,5.898432762990032e-05,3,0,6,0
CLM-005960,3,72,241,5.7285823491746064e-05,4,0,6,0
CLM-005961,2,146,202,4.6040473938309e-05,3,0,0,0
CLM-005962,2,20,224,6.242370298883203e-05,1,0,0,0
CLM-005963,2,16,208,4.474865664821099e-05,3,0,0,0
CLM-005964,3,102,256,5.561041295020326e-05,5,0,7,0
CLM-005965,3,102,256,6.058190651651145e-05,8,0,1,0
CLM-005966,3,1,187,5.785957390953963e-05,4,0,6,0
CLM-005967,2,124,145,5.018678473426027e-05,2,0,0,0
CLM-005968,2,46,231,4.826235762513291e-05,2,0,0,0
CLM-005969,2,19,261,4.757196147475496e-05,1,0,0,0
CLM-005970,2,28,254,5.924245490554088e-05,0,0,0,0
CLM-005971,3,97,185,6.0616267713126065e-05,3,0,5,0
CLM-005972,2,29,129,4.231170093503665e-05,5,0,0,0
CLM-005973,2,118,113,4.3278404518011876e-05,3,0,0,0
CLM-005974,3,67,251,5.598992747141215e-05,7,0,3,0
CLM-005975,2,87,114,4.7944076365110043e-05,3,0,0,0
CLM-005976,2,87,114,4.323697132119208e-05,3,0,0,0
CLM-005977,3,39,253,6.426426358768577e-05,0,0,7,0
CLM-005978,2,135,141,4.609733018533053e-05,2,0,0,0
CLM-005979,3,7,228,6.206158725568953e-05,1,0,6,0
CLM-005980,3,118,113,5.628701481300472e-05,4,0,4,0
CLM-005981,3,86,230,5.675122613829051e-05,5,0,11,0
CLM-005982,3,97,185,5.68163946479681e-05,2,0,8,0
CLM-005983,2,70,239,4.342718457265007e-05,3,0,0,0
CLM-005984,3,12,118,6.0166623082570334e-05,3,0,6,0
CLM-005985,3,39,253,5.855795773867858e-05,8,0,5,0
CLM-005986,3,133,244,6.123357308621328e-05,1,0,5,0
CLM-005987,3,99,204,5.7449884014769635e-05,3,0,11,0
CLM-005988,2,31,151,4.1010777503665354e-05,7,0,0,0
CLM-005989,2,37,170,4.7751176488336746e-05,2,0,0,0
CLM-005990,2,148,222,4.098092475134894e-05,5,0,0,0
CLM-005991,2,60,185,4.428875709264139e-05,2,0,0,0
CLM-005992,2,122,299,4.3652044457917445e-05,6,0,0,0
CLM-005993,3,19,261,5.79530001180542e-05,2,0,5,0
CLM-005994,3,139,96,6.565126073187233e-05,5,0,6,0
CLM-005995,2,78,272,4.220959777686509e-05,5,0,0,0
CLM-005996,2,84,191,4.333878522268235e-05,4,0,0,0
CLM-005997,3,12,118,6.73999346965692e-05,1,0,8,0
CLM-005998,3,6,344,5.83254681262396e-05,3,0,3,0
CLM-005999,2,131,61,4.6031820407237784e-05,2,0,0,0
CLM-006000,3,7,228,6.103647385214891e-05,5,0,3,0
CLM-006001,2,20,224,4.2930597112532884e-05,3,0,0,0
CLM-006002,2,86,230,4.852989501745905e-05,1,0,0,0
CLM-006003,3,60,185,5.673952252281613e-05,7,0,6,0
CLM-006004,3,31,151,5.937055895764069e-05,3,0,7,0
CLM-006005,3,113,112,5.978446795758784e-05,1,0,5,0
CLM-006006,3,19,261,7.671196082669549e-05,0,0,5,0
CLM-006007,3,21,196,5.9566878570519516e-05,3,0,5,0
CLM-006008,2,135,141,4.748676494829678e-05,3,0,0,0
CLM-006009,2,136,199,4.0079580701983055e-05,5,0,0,0
CLM-006010,3,20,224,6.538045187580509e-05,2,0,3,0
CLM-006011,3,77,134,5.8625672818970455e-05,5,0,6,0
CLM-006012,3,80,306,5.801391906518826e-05,10,0,8,0
CLM-006013,3,111,213,7.319973011028316e-05,0,0,10,0
CLM-006014,3,5,184,5.445069141969232e-05,10,0,8,0
CLM-006015,2,122,299,4.6411723176310875e-05,3,0,0,0
CLM-006016,3,50,142,5.568167948124415e-05,7,0,10,0
CLM-006017,3,88,244,5.769937412996063e-05,4,0,5,0
CLM-006018,3,67,251,6.578314007989695e-05,1,0,8,0
CLM-006019,3,7,228,5.3994150019160755e-05,10,0,9,0
CLM-006020,2,113,112,4.5110696157321974e-05,2,0,0,0
CLM-006021,3,97,185,6.457048293574778e-05,2,0,6,0
CLM-006022,3,33,252,6.846024760162969e-05,2,0,3,0
CLM-006023,3,29,129,5.993035598571635e-05,6,0,9,0
CLM-006024,2,82,262,5.2021363985463584e-05,2,0,0,0
CLM-006025,3,65,160,5.899445639318144e-05,2,0,5,0
CLM-006026,3,70,239,6.227643694136769e-05,1,0,8,0
CLM-006027,3,23,168,5.955038514633078e-05,4,0,9,0
CLM-006028,2,120,173,4.166790759161748e-05,5,0,0,0
CLM-006029,3,122,299,6.190197875732869e-05,3,0,5,0
CLM-006030,3,79,85,6.174189487767467e-05,2,0,7,0
CLM-006031,3,60,185,5.8386937704787556e-05,3,0,5,0
CLM-006032,2,4,171,4.673546064122351e-05,6,0,0,0
CLM-006033,2,103,178,4.095169122093382e-05,8,0,0,0
CLM-006034,3,112,172,5.5263887037038544e-05,4,0,4,0
CLM-006035,2,99,204,3.918201007743058e-05,8,0,0,0
CLM-006036,3,37,170,6.348220260733264e-05,3,0,5,0
CLM-006037,3,40,252,7.170588155050912e-05,1,0,5,0
CLM-006038,2,6,344,4.1342807598629496e-05,6,0,0,0
CLM-006039,3,81,211,5.746150919646981e-05,4,0,12,0
CLM-006040,2,86,230,5.0414544957854066e-05,1,0,0,0
CLM-006041,3,80,306,6.171732214184325e-05,2,0,8,0
CLM-006042,3,136,199,6.870164933785405e-05,0,0,5,0
CLM-006043,3,122,299,5.853512787536702e-05,7,0,3,0
CLM-006044,2,107,161,5.312499057840639e-05,1,0,0,0
CLM-006045,3,102,256,6.219347776224344e-05,2,0,2,0
CLM-006046,2,75,184,4.449906687157993e-05,6,0,0,0
CLM-006047,3,37,170,6.153864295553284e-05,3,0,3,0
CLM-006048,3,2,86,6.268846444309074e-05,2,0,6,0
CLM-006049,3,19,261,6.125881278450026e-05,2,0,3,0
CLM-006050,3,56,91,5.792240231239158e-05,3,0,10,0
CLM-006051,2,6,344,3.915556865235671e-05,14,0,0,0
CLM-006052,2,67,251,6.177194951342027e-05,1,0,0,0
CLM-006053,2,148,222,5.029416777736154e-05,3,0,0,0
CLM-006054,2,79,85,4.536395800950247e-05,3,0,0,0
CLM-006055,2,23,168,4.766241105479055e-05,3,0,0,0
CLM-006056,3,87,114,5.7462999890609424e-05,2,0,7,0
CLM-006057,2,75,184,4.443311967544321e-05,2,0,0,0
CLM-006058,2,88,244,4.53557022803975e-05,3,0,0,0
CLM-006059,3,102,256,5.8036014870316e-05,5,0,6,0
CLM-006060,3,16,208,6.300980919423677e-05,2,0,9,0
CLM-006061,3,22,165,5.69250769495956e-05,5,0,6,0
CLM-006062,2,128,197,4.208799441398287e-05,3,0,0,0
CLM-006063,3,40,252,5.696035535825295e-05,5,0,6,0
CLM-006064,3,81,211,7.271422012194977e-05,0,0,12,0
CLM-006065,2,142,134,5.7599822147127384e-05,0,0,0,0
CLM-006066,2,90,201,4.229615981345353e-05,5,0,0,0
CLM-006067,2,3,130,4.6607673259912674e-05,4,0,0,0
CLM-006068,3,86,230,6.634592731779711e-05,1,0,9,0
CLM-006069,2,123,185,4.4740809762172757e-05,7,0,0,0
CLM-006070,2,7,228,3.945544335521875e-05,7,0,0,0
CLM-006071,3,20,224,5.84172792743175e-05,4,0,5,0
CLM-006072,2,25,266,4.0215254577992076e-05,15,0,0,0
CLM-006073,3,99,204,5.6106813710818684e-05,4,0,3,0
CLM-006074,3,21,196,5.8012360576093065e-05,5,0,5,0
CLM-006075,3,82,262,6.0570021512550196e-05,2,0,6,0
CLM-006076,3,17,185,5.569536833988295e-05,3,0,5,0
CLM-006077,3,31,151,6.599807163578435e-05,1,0,4,0
CLM-006078,3,75,184,6.857892029074969e-05,0,0,6,0
CLM-006079,3,33,252,5.921831241464462e-05,4,0,4,0
CLM-006080,3,118,113,5.73495629031704e-05,9,0,4,0
CLM-006081,2,14,186,5.5228722106292886e-05,0,0,0,0
CLM-006082,3,28,254,6.0712995934197394e-05,4,0,3,0
CLM-006083,3,57,193,5.982806529223251e-05,5,0,10,0
CLM-006084,3,7,228,5.4956123946200146e-05,4,0,6,0
CLM-006085,2,135,141,4.334698584376516e-05,4,0,0,0
CLM-006086,3,86,230,5.8214947807052544e-05,5,0,8,0
CLM-006087,2,164,5,7.834125474411441e-05,0,0,0,0
CLM-006088,3,126,110,5.838611140407987e-05,3,0,8,0
CLM-006089,3,19,261,6.420928692903448e-05,1,0,3,0
CLM-006090,2,112,172,5.0459359366563355e-05,1,0,0,0
CLM-006091,2,86,230,4.3367078377940545e-05,4,0,0,0
CLM-006092,3,80,306,5.880763578370791e-05,5,0,11,0
CLM-006093,2,112,172,4.121144238838213e-05,12,0,0,0
CLM-006094,2,78,272,4.997386316885455e-05,4,0,0,0
CLM-006095,3,124,145,6.591499432594308e-05,3,0,4,0
CLM-006096,2,131,61,4.9852254227734076e-05,2,0,0,0
CLM-006097,3,122,299,5.9282995449772755e-05,5,0,6,0
CLM-006098,3,28,254,5.9811215515764726e-05,2,0,3,0
CLM-006099,3,5,184,5.4069627270300894e-05,6,0,6,0
CLM-006100,2,99,204,4.228957579622769e-05,9,0,0,0
CLM-006101,2,4,171,4.376814907783167e-05,4,0,0,0
CLM-006102,3,128,197,6.206106600510469e-05,6,0,2,0
CLM-006103,2,124,145,5.992934501409603e-05,0,0,0,0
CLM-006104,3,65,160,5.940172554034567e-05,4,0,5,0
CLM-006105,3,112,172,5.868381012726323e-05,3,0,3,0
CLM-006106,2,82,262,4.645870467174484e-05,2,0,0,0
CLM-006107,2,122,299,4.9187692373736417e-05,4,0,0,0
CLM-006108,2,25,266,4.464181161664902e-05,2,0,0,0
CLM-006109,3,75,184,6.373093535792728e-05,2,0,8,0
CLM-006110,3,31,151,5.9086782457132815e-05,3,0,3,0
CLM-006111,2,139,96,5.2971544809743026e-05,2,0,0,0
CLM-006112,2,118,113,4.632932083635941e-05,1,0,0,0
CLM-006113,3,70,239,5.977692136010165e-05,5,0,5,0
CLM-006114,3,40,252,5.540504732189353e-05,3,0,8,0
CLM-006115,2,146,202,4.794049444582191e-05,2,0,0,0
CLM-006116,2,71,210,4.487244316586635e-05,3,0,0,0
CLM-006117,3,113,112,5.484307287396043e-05,5,0,10,0
CLM-006118,3,25,266,5.70657738375315e-05,3,0,6,0
CLM-006119,3,28,254,5.4847125637062574e-05,3,0,10,0
CLM-006120,2,20,224,4.991037171409728e-05,1,0,0,0
CLM-006121,3,7,228,5.8609622449586076e-05,4,0,7,0
CLM-006122,3,78,272,6.527342158960185e-05,1,0,3,0
CLM-006123,3,5,184,5.587947662952089e-05,10,0,4,0
CLM-006124,2,123,185,4.575699325394295e-05,3,0,0,0
CLM-006125,3,68,161,6.095980223360415e-05,3,0,6,0
CLM-006126,2,39,253,4.2963043794260165e-05,3,0,0,0
CLM-006127,2,79,85,4.9415454626840894e-05,1,0,0,0
CLM-006128,2,57,193,4.088212950217551e-05,5,0,0,0
CLM-006129,2,107,161,5.5781740321107586e-05,1,0,0,0
CLM-006130,3,88,244,6.0697439702762256e-05,2,0,3,0
CLM-006131,3,135,141,6.422398334149642e-05,2,0,3,0
CLM-006132,3,110,151,5.824586305072143e-05,6,0,12,0
CLM-006133,2,124,145,4.5138270742896175e-05,2,0,0,0
CLM-006134,3,87,114,5.8416127795662986e-05,4,0,8,0
CLM-006135,3,82,262,6.656036320366776e-05,1,0,4,0
CLM-006136,3,146,202,5.9377385773428675e-05,1,0,9,0
CLM-006137,3,67,251,5.8770036954912866e-05,3,0,8,0
CLM-006138,3,68,161,6.81698105133102e-05,1,0,6,0
CLM-006139,2,60,185,6.808598578264555e-05,0,0,0,0
CLM-006140,2,117,108,4.322978525274953e-05,3,0,0,0
CLM-006141,2,28,254,4.500601713384404e-05,6,0,0,0
CLM-006142,2,20,224,4.3810314356794375e-05,2,0,0,0
CLM-006143,3,60,185,5.8383691682867544e-05,1,0,6,0
CLM-006144,2,96,149,4.505816318629511e-05,2,0,0,0
CLM-006145,3,46,231,5.7888068358469044e-05,6,0,4,0
CLM-006146,3,54,156,5.9098614994206055e-05,4,0,4,0
CLM-006147,2,148,222,4.352775244617804e-05,4,0,0,0
CLM-006148,2,40,252,4.287353371720249e-05,5,0,0,0
CLM-006149,3,119,83,6.315002106730006e-05,2,0,2,0
CLM-006150,2,5,184,4.13895106396093e-05,3,0,0,0
CLM-006151,2,7,228,4.310316906061576e-05,2,0,0,0
CLM-006152,2,6,344,3.975878943020602e-05,14,0,0,0
CLM-006153,3,6,344,6.153013663640552e-05,3,0,5,0
CLM-006154,2,88,244,4.556708180067132e-05,2,0,0,0
CLM-006155,2,17,185,4.23118888571938e-05,7,0,0,0
CLM-006156,2,16,208,4.2052326159323965e-05,10,0,0,0
CLM-006157,3,136,199,5.640234921496985e-05,8,0,4,0
CLM-006158,2,88,244,4.738943022864484e-05,2,0,0,0
CLM-006159,2,21,196,4.514812495343179e-05,3,0,0,0
CLM-006160,3,135,141,6.999741912816388e-05,0,0,8,0
CLM-006161,3,5,184,8.071712843109456e-05,0,0,4,0
CLM-006162,3,81,211,6.60156964956004e-05,2,0,5,0
CLM-006163,2,88,244,4.2120661379402427e-05,9,0,0,0
CLM-006164,3,150,122,5.497064965090389e-05,4,0,10,0
CLM-006165,2,6,344,4.341357086563854e-05,3,0,0,0
CLM-006166,2,133,244,4.49447294108149e-05,5,0,0,0
CLM-006167,2,75,184,4.3366057840858443e-05,4,0,0,0
CLM-006168,3,77,134,6.021251031307298e-05,3,0,6,0
CLM-006169,3,23,168,6.032945876892461e-05,4,0,3,0
CLM-006170,3,111,213,6.544568068681225e-05,2,0,1,0
CLM-006171,2,96,149,5.306527909147731e-05,1,0,0,0
CLM-006172,3,122,299,6.23451459793422e-05,4,0,8,0
CLM-006173,3,107,161,6.416825419181698e-05,1,0,8,0
CLM-006174,3,90,201,5.9472830341632606e-05,5,0,8,0
CLM-006175,3,28,254,5.717079639655865e-05,4,0,3,0
CLM-006176,3,31,151,6.389594597991819e-05,1,0,3,0
CLM-006177,2,1,187,4.6890862608011645e-05,4,0,0,0
CLM-006178,3,82,262,6.03676356151222e-05,4,0,6,0
CLM-006179,3,112,172,6.976380328247681e-05,1,0,2,0
CLM-006180,3,50,142,5.868567080681129e-05,7,0,4,0
CLM-006181,2,7,228,4.313762356210983e-05,6,0,0,0
CLM-006182,3,5,184,5.664536053050508e-05,3,0,7,0
CLM-006183,3,67,251,6.138490012378552e-05,2,0,2,0
CLM-006184,3,50,142,5.785575332746739e-05,10,0,2,0
CLM-006185,2,67,251,4.286920629197331e-05,6,0,0,0
CLM-006186,3,22,165,5.8204418815071694e-05,2,0,6,0
CLM-006187,3,84,191,6.339967375053782e-05,8,0,3,0
CLM-006188,2,40,252,4.376832946792989e-05,4,0,0,0
CLM-006189,3,148,222,6.155868142736619e-05,5,0,2,0
CLM-006190,3,68,161,5.819659450324055e-05,4,0,5,0
CLM-006191,3,5,184,5.822001912493995e-05,6,0,8,0
CLM-006192,2,25,266,4.581487234951005e-05,1,0,0,0
CLM-006193,3,124,145,6.058978192996845e-05,3,0,9,0
CLM-006194,2,23,168,4.4209709084589897e-05,3,0,0,0
CLM-006195,3,112,172,5.820887791283785e-05,9,0,5,0
CLM-006196,3,70,239,8.01104241577693e-05,0,0,2,0
CLM-006197,3,90,201,5.5686296909784006e-05,7,0,4,0
CLM-006198,2,87,114,4.11030922992656e-05,8,0,0,0
CLM-006199,2,45,190,4.601312466928346e-05,1,0,0,0
CLM-006200,3,71,210,5.963595525857695e-05,6,0,2,0
CLM-006201,3,77,134,7.871166326810754e-05,0,0,9,0
CLM-006202,3,22,165,5.7188953172642156e-05,5,0,4,0
CLM-006203,2,65,160,4.324957085132832e-05,3,0,0,0
CLM-006204,2,65,160,5.397810451686723e-05,0,0,0,0
CLM-006205,3,40,252,5.717113495104512e-05,8,0,10,0
CLM-006206,2,43,117,4.5420787971621046e-05,4,0,0,0
CLM-006207,3,29,129,6.214169386422295e-05,2,0,5,0
CLM-006208,3,22,165,5.879866439936017e-05,2,0,8,0
CLM-006209,2,21,196,4.519796782466174e-05,2,0,0,0
CLM-006210,2,120,173,4.494132098985736e-05,2,0,0,0
CLM-006211,3,80,306,5.8843841897431285e-05,2,0,3,0
CLM-006212,2,64,151,4.67634964135574e-05,4,0,0,0
CLM-006213,3,17,185,5.3573117291687725e-05,5,0,7,0
CLM-006214,2,78,272,4.405343346119826e-05,5,0,0,0
CLM-006215,2,107,161,5.29538137343968e-05,2,0,0,0
CLM-006216,3,12,118,6.11929125932358e-05,4,0,3,0
CLM-006217,3,148,222,6.080948750855253e-05,2,0,7,0
CLM-006218,2,133,244,4.570100001133704e-05,4,0,0,0
CLM-006219,3,122,299,6.039212228250243e-05,2,0,8,0
CLM-006220,2,128,197,3.958747195951681e-05,11,0,0,0
CLM-006221,2,81,211,3.937225827529814e-05,9,0,0,0
CLM-006222,3,20,224,6.027335309448867e-05,12,0,7,0
CLM-006223,2,122,299,4.400674281362874e-05,3,0,0,0
CLM-006224,3,97,185,6.245532088714427e-05,2,0,5,0
CLM-006225,2,6,344,4.875901257646602e-05,9,0,0,0
CLM-006226,2,4,171,4.182001822262075e-05,9,0,0,0
CLM-006227,2,80,306,4.502114281574304e-05,2,0,0,0
CLM-006228,2,72,241,4.363117707422195e-05,4,0,0,0
CLM-006229,3,37,170,7.877373206229677e-05,0,0,10,0
CLM-006230,2,64,151,4.44451067598387e-05,3,0,0,0
CLM-006231,3,81,211,5.4960474616543924e-05,9,0,9,0
CLM-006232,2,86,230,4.439875439877741e-05,3,0,0,0
CLM-006233,3,81,211,5.756400988090256e-05,2,0,8,0
CLM-006234,2,103,178,5.287165005398126e-05,2,0,0,0
CLM-006235,2,102,256,4.1978307358698995e-05,3,0,0,0
CLM-006236,3,119,83,5.6459876716669934e-05,6,0,6,0
CLM-006237,2,146,202,4.8711649346809235e-05,5,0,0,0
CLM-006238,3,22,165,5.466061083011346e-05,6,0,11,0
CLM-006239,3,110,151,6.368433616669312e-05,3,0,1,0
CLM-006240,2,12,118,4.519807063770898e-05,2,0,0,0
CLM-006241,3,19,261,5.812930982126788e-05,9,0,4,0
CLM-006242,2,122,299,4.6411723176310875e-05,3,0,0,0
CLM-006243,3,22,165,5.729066805173318e-05,5,0,5,0
CLM-006244,3,84,191,5.647589378570634e-05,4,0,6,0
CLM-006245,2,112,172,4.093490051984379e-05,12,0,0,0
CLM-006246,3,19,261,5.851425947908999e-05,3,0,4,0
CLM-006247,3,64,151,5.8828778848694156e-05,4,0,6,0
CLM-006248,3,40,252,5.7095518444700895e-05,3,0,6,0
CLM-006249,2,84,191,5.7235143343962226e-05,0,0,0,0
CLM-006250,2,67,251,4.295133154617505e-05,6,0,0,0
CLM-006251,3,133,244,5.9814708448045596e-05,3,0,9,0
CLM-006252,2,25,266,4.89538978743798e-05,8,0,0,0
CLM-006253,3,75,184,6.063731372063381e-05,4,0,2,0
CLM-006254,3,29,129,5.8624626776003975e-05,4,0,5,0
CLM-006255,2,111,213,5.297222387255984e-05,3,0,0,0
CLM-006256,2,52,65,4.770879065889667e-05,2,0,0,0
CLM-006257,3,128,197,6.118126238842283e-05,5,0,4,0
CLM-006258,2,102,256,4.0620955693892114e-05,5,0,0,0
CLM-006259,3,29,129,5.580638241661247e-05,5,0,6,0
CLM-006260,2,126,110,5.7199561690515015e-05,1,0,0,0
CLM-006261,3,99,204,5.5974483168567537e-05,3,0,5,0
CLM-006262,3,31,151,5.868148827247812e-05,2,0,6,0
CLM-006263,3,117,108,6.255372314220018e-05,2,0,7,0
CLM-006264,3,65,160,6.675812380280035e-05,3,0,9,0
CLM-006265,3,113,112,5.6740923238867655e-05,4,0,9,0
CLM-006266,2,52,65,4.740390326356506e-05,2,0,0,0
CLM-006267,2,7,228,4.5238705118452494e-05,6,0,0,0
CLM-006268,3,46,231,5.700125951246703e-05,4,0,10,0
CLM-006269,3,67,251,6.658524678932693e-05,0,0,6,0
CLM-006270,3,65,160,5.707536237871373e-05,9,0,6,0
CLM-006271,3,46,231,5.993950847862614e-05,2,0,3,0
CLM-006272,3,67,251,6.172624762066361e-05,4,0,12,0
CLM-006273,2,21,196,3.905402960689403e-05,15,0,0,0
CLM-006274,2,112,172,4.349736288542699e-05,4,0,0,0
CLM-006275,3,135,141,5.751240676089161e-05,3,0,5,0
CLM-006276,3,19,261,5.83906723983333e-05,3,0,6,0
CLM-006277,3,86,230,5.817860900827457e-05,10,0,9,0
CLM-006278,2,102,256,4.341854921708248e-05,3,0,0,0
CLM-006279,3,112,172,6.402669394568877e-05,1,0,5,0
CLM-006280,3,33,252,7.018465841724056e-05,5,0,3,0
CLM-006281,3,50,142,5.7717259462941803e-05,7,0,6,0
CLM-006282,2,21,196,3.81009983141327e-05,15,0,0,0
CLM-006283,2,157,6,6.231403261615587e-05,1,0,0,0
CLM-006284,3,67,251,6.661098938551854e-05,1,0,3,0
CLM-006285,3,136,199,6.288941586840467e-05,2,0,5,0
CLM-006286,2,70,239,4.155962248956657e-05,6,0,0,0
CLM-006287,2,29,129,4.6353102139339306e-05,1,0,0,0
CLM-006288,3,150,122,6.849691756704279e-05,1,0,2,0
CLM-006289,2,67,251,4.295133154617505e-05,6,0,0,0
CLM-006290,2,103,178,6.104117756098645e-05,1,0,0,0
CLM-006291,3,42,157,5.9529891045728256e-05,7,0,9,0
CLM-006292,2,72,241,4.1707825302460906e-05,4,0,0,0
CLM-006293,3,39,253,5.790410298721685e-05,8,0,3,0
CLM-006294,2,39,253,4.4739574290735294e-05,1,0,0,0
CLM-006295,2,79,85,4.3539024056385055e-05,2,0,0,0
CLM-006296,3,82,262,5.763358996700427e-05,4,0,6,0
CLM-006297,3,54,156,6.184589836212886e-05,2,0,3,0
CLM-006298,3,2,86,6.4034247132794e-05,3,0,5,0
CLM-006299,2,75,184,4.807017681825185e-05,1,0,0,0
CLM-006300,3,6,344,5.742461153058717e-05,4,0,6,0
CLM-006301,2,3,130,4.476894422138873e-05,3,0,0,0
CLM-006302,3,6,344,5.733803087675386e-05,4,0,5,0
CLM-006303,3,122,299,7.065467501254519e-05,2,0,3,0
CLM-006304,2,57,193,5.346854601829033e-05,2,0,0,0
CLM-006305,2,113,112,4.8195539187747526e-05,2,0,0,0
CLM-006306,2,40,252,5.548345104044585e-05,1,0,0,0
CLM-006307,3,22,165,6.0332804464837957e-05,2,0,8,0
CLM-006308,3,86,230,6.0898347458808164e-05,7,0,4,0
CLM-006309,3,102,256,6.199778369455872e-05,2,0,4,0
CLM-006310,3,20,224,6.29163687311244e-05,2,0,7,0
CLM-006311,3,68,161,5.922499734979113e-05,4,0,5,0
CLM-006312,2,133,244,4.501943907387129e-05,3,0,0,0
CLM-006313,3,28,254,5.731220206520172e-05,5,0,6,0
CLM-006314,3,110,151,5.6401872617946764e-05,4,0,5,0
CLM-006315,3,119,83,5.979560424500601e-05,3,0,8,0
CLM-006316,2,46,231,4.983241558183426e-05,1,0,0,0
CLM-006317,3,97,185,5.987574985372216e-05,3,0,8,0
CLM-006318,2,128,197,4.575210303660264e-05,2,0,0,0
CLM-006319,3,88,244,5.5814642480214285e-05,5,0,5,0
CLM-006320,3,31,151,5.693799036285432e-05,6,0,5,0
CLM-006321,3,25,266,6.205138853910159e-05,1,0,10,0
CLM-006322,3,16,208,6.010344057303332e-05,1,0,5,0
CLM-006323,3,28,254,6.085336407801387e-05,2,0,5,0
CLM-006324,3,21,196,6.70911751866462e-05,1,0,5,0
CLM-006325,2,42,157,4.06199329042617e-05,9,0,0,0
CLM-006326,3,14,186,6.395800012642098e-05,1,0,10,0
CLM-006327,2,22,165,5.292062198827615e-05,1,0,0,0
CLM-006328,3,112,172,5.754614545323251e-05,12,0,4,0
CLM-006329,2,86,230,4.5631410907250666e-05,5,0,0,0
CLM-006330,3,84,191,6.56714758828864e-05,1,0,8,0
CLM-006331,3,68,161,6.021769727704179e-05,2,0,9,0
CLM-006332,3,80,306,5.666690031971066e-05,9,0,5,0
CLM-006333,3,88,244,5.554585329783224e-05,8,0,5,0
CLM-006334,3,120,173,5.809885175437452e-05,3,0,4,0
CLM-006335,3,82,262,5.9275912714854735e-05,6,0,9,0
CLM-006336,2,28,254,4.4561548791746505e-05,3,0,0,0
CLM-006337,3,139,96,6.349815425094271e-05,7,0,6,0
CLM-006338,2,40,252,6.684757853459122e-05,0,0,0,0
CLM-006339,3,78,272,6.955254970484298e-05,0,0,7,0
CLM-006340,3,135,141,5.693165263612502e-05,3,0,8,0
CLM-006341,2,25,266,4.1823072934926825e-05,5,0,0,0
CLM-006342,2,61,56,5.220772178036861e-05,1,0,0,0
CLM-006343,3,7,228,5.7438845337556534e-05,8,0,7,0
CLM-006344,3,25,266,6.181104931196333e-05,1,0,4,0
CLM-006345,2,75,184,4.955544994671755e-05,2,0,0,0
CLM-006346,2,117,108,4.322978525274953e-05,3,0,0,0
CLM-006347,3,80,306,6.318988188052121e-05,2,0,3,0
CLM-006348,2,110,151,5.435993537000533e-05,0,0,0,0
CLM-006349,2,88,244,4.591855521780181e-05,4,0,0,0
CLM-006350,2,128,197,4.301009944888707e-05,6,0,0,0
CLM-006351,3,118,113,5.846460484583909e-05,2,0,9,0
CLM-006352,3,20,224,5.843560250121346e-05,2,0,6,0
CLM-006353,2,99,204,4.3334166136273435e-05,4,0,0,0
CLM-006354,3,67,251,5.485754405906397e-05,4,0,7,0
CLM-006355,3,28,254,5.7494592201369135e-05,2,0,3,0
CLM-006356,2,57,193,4.281705680896599e-05,5,0,0,0
CLM-006357,3,56,91,6.561786844220619e-05,2,0,3,0
CLM-006358,3,110,151,6.359564569019598e-05,1,0,5,0
CLM-006359,2,122,299,6.805752513928812e-05,0,0,0,0
CLM-006360,3,99,204,5.914318906605903e-05,3,0,6,0
CLM-006361,3,97,185,5.646460358360177e-05,2,0,9,0
CLM-006362,3,84,191,6.0614283224064955e-05,1,0,9,0
CLM-006363,2,14,186,3.8958830296878996e-05,6,0,0,0
CLM-006364,2,6,344,4.2998520834888866e-05,2,0,0,0
CLM-006365,2,75,184,4.3590392381379905e-05,6,0,0,0
CLM-006366,2,60,185,4.411624009607765e-05,4,0,0,0
CLM-006367,3,72,241,6.675691785214436e-05,4,0,7,0
CLM-006368,2,82,262,6.495426019624263e-05,0,0,0,0
CLM-006369,3,84,191,5.906880507381785e-05,3,0,6,0
CLM-006370,3,84,191,6.704944325462132e-05,1,0,5,0
CLM-006371,2,6,344,4.1256843692710346e-05,9,0,0,0
CLM-006372,3,68,161,5.795510095007251e-05,4,0,11,0
CLM-006373,3,102,256,5.980297850500013e-05,3,0,5,0
CLM-006374,3,80,306,6.025935036119172e-05,4,0,5,0
CLM-006375,2,124,145,4.5854251947455586e-05,3,0,0,0
CLM-006376,3,22,165,5.789761187895008e-05,4,0,8,0
CLM-006377,2,42,157,3.986131616703642e-05,7,0,0,0
CLM-006378,3,111,213,6.502702248481902e-05,4,0,5,0
CLM-006379,2,120,173,4.238709884697479e-05,10,0,0,0
CLM-006380,3,70,239,6.278962432952269e-05,5,0,2,0
CLM-006381,2,72,241,4.8976267328836876e-05,2,0,0,0
CLM-006382,3,112,172,5.560733484778693e-05,9,0,9,0
CLM-006383,3,25,266,6.35971990501531e-05,2,0,11,0
CLM-006384,3,103,178,5.4643915817723725e-05,5,0,6,0
CLM-006385,3,19,261,6.943367247515928e-05,4,0,4,0
CLM-006386,3,20,224,6.115440225606467e-05,9,0,4,0
CLM-006387,2,17,185,4.273806587203774e-05,4,0,0,0
CLM-006388,2,23,168,4.3133974594135004e-05,4,0,0,0
CLM-006389,3,135,141,6.027249235944494e-05,1,0,6,0
CLM-006390,3,139,96,5.757657478163075e-05,3,0,6,0
CLM-006391,3,17,185,5.9682645683495435e-05,3,0,5,0
CLM-006392,2,135,141,4.788028534629696e-05,2,0,0,0
CLM-006393,2,71,210,5.105448469802513e-05,1,0,0,0
CLM-006394,2,1,187,4.008956812185838e-05,5,0,0,0
CLM-006395,2,90,201,4.194508353035715e-05,5,0,0,0
CLM-006396,3,43,117,6.017399187163146e-05,4,0,9,0
CLM-006397,2,96,149,4.3561911101106065e-05,2,0,0,0
CLM-006398,2,21,196,4.196770057942568e-05,7,0,0,0
CLM-006399,3,21,196,5.967434812782478e-05,2,0,11,0
CLM-006400,3,78,272,5.7880471860380475e-05,7,0,5,0
CLM-006401,2,4,171,3.937287551860513e-05,10,0,0,0
CLM-006402,3,57,193,7.313524377989748e-05,0,0,7,0
CLM-006403,2,150,122,4.421083565388781e-05,2,0,0,0
CLM-006404,2,138,126,4.833698739775195e-05,1,0,0,0
CLM-006405,3,84,191,7.176929216255554e-05,1,0,1,0
CLM-006406,2,31,151,4.269048419860886e-05,3,0,0,0
CLM-006407,3,142,134,7.444888284477225e-05,1,0,4,0
CLM-006408,2,24,168,4.615566873803952e-05,2,0,0,0
CLM-006409,2,136,199,4.705727020409808e-05,2,0,0,0
CLM-006410,3,142,134,5.721816563812334e-05,3,0,6,0
CLM-006411,2,6,344,4.2873293617511416e-05,4,0,0,0
CLM-006412,2,1,187,4.3395549082212105e-05,4,0,0,0
CLM-006413,3,67,251,5.302948693316419e-05,5,0,8,0
CLM-006414,3,90,201,5.6939630751688095e-05,5,0,11,0
CLM-006415,3,6,344,5.885804021952012e-05,4,0,6,0
CLM-006416,2,87,114,4.102639382024074e-05,9,0,0,0
CLM-006417,3,28,254,6.072881540699743e-05,3,0,4,0
CLM-006418,3,70,239,5.6981922303988996e-05,4,0,6,0
CLM-006419,3,136,199,6.269802020719376e-05,2,0,6,0
CLM-006420,3,25,266,5.788216423660813e-05,6,0,8,0
CLM-006421,3,128,197,6.0789452265525666e-05,2,0,8,0
CLM-006422,3,1,187,6.241409371750595e-05,4,0,7,0
CLM-006423,3,57,193,7.244244139954674e-05,0,0,12,0
CLM-006424,2,102,256,4.488246730490614e-05,3,0,0,0
CLM-006425,3,19,261,5.835862908889825e-05,5,0,5,0
CLM-006426,3,72,241,5.700477380858608e-05,4,0,5,0
CLM-006427,3,31,151,6.29110408439343e-05,1,0,6,0
CLM-006428,2,111,213,4.447812682392708e-05,2,0,0,0
CLM-006429,2,1,187,4.222160296477058e-05,3,0,0,0
CLM-006430,2,29,129,5.087959179100828e-05,1,0,0,0
CLM-006431,2,78,272,4.61976353711708e-05,4,0,0,0
CLM-006432,3,107,161,5.91617834334236e-05,4,0,7,0
CLM-006433,3,70,239,6.376078556328223e-05,1,0,4,0
CLM-006434,3,81,211,6.225692402384033e-05,1,0,6,0
CLM-006435,3,60,185,5.749719044333536e-05,5,0,6,0
CLM-006436,2,124,145,4.5854251947455586e-05,3,0,0,0
CLM-006437,3,87,114,5.7087007827274504e-05,5,0,5,0
CLM-006438,2,126,110,4.685212211640624e-05,4,0,0,0
CLM-006439,2,112,172,5.806316639207134e-05,0,0,0,0
CLM-006440,2,29,129,4.435770284599412e-05,6,0,0,0
CLM-006441,3,65,160,5.6362819886411665e-05,8,0,8,0
CLM-006442,2,54,156,5.0251519124667255e-05,1,0,0,0
CLM-006443,2,111,213,5.085883158208172e-05,2,0,0,0
CLM-006444,3,37,170,6.0636799362459316e-05,3,0,4,0
CLM-006445,2,78,272,5.7696162061804695e-05,0,0,0,0
CLM-006446,3,17,185,6.546484545157926e-05,2,0,7,0
CLM-006447,2,111,213,4.62991669224381e-05,1,0,0,0
CLM-006448,3,122,299,6.199756923189773e-05,1,0,3,0
CLM-006449,3,1,187,6.54841060596149e-05,3,0,3,0
CLM-006450,2,136,199,4.360124828358472e-05,2,0,0,0
CLM-006451,3,124,145,6.0310875861921656e-05,9,0,8,0
CLM-006452,2,71,210,4.476851707013175e-05,3,0,0,0
CLM-006453,3,20,224,5.875106719857339e-05,6,0,3,0
CLM-006454,2,17,185,4.200390485187575e-05,7,0,0,0
CLM-006455,2,79,85,5.085910057631383e-05,1,0,0,0
CLM-006456,3,99,204,5.988896824990706e-05,2,0,6,0
CLM-006457,2,81,211,4.8016897507464584e-05,4,0,0,0
CLM-006458,3,107,161,5.629414947208328e-05,5,0,7,0
CLM-006459,3,120,173,6.461804320205598e-05,2,0,8,0
CLM-006460,3,75,184,6.390859976974414e-05,2,0,4,0
CLM-006461,3,39,253,5.63329881913088e-05,8,0,7,0
CLM-006462,3,7,228,7.951702864509254e-05,0,0,5,0
CLM-006463,3,20,224,6.020883240264568e-05,1,0,3,0
CLM-006464,2,17,185,4.34639105641954e-05,7,0,0,0
CLM-006465,3,82,262,5.543656093447542e-05,7,0,7,0
CLM-006466,2,40,252,4.990323829556539e-05,3,0,0,0
CLM-006467,2,57,193,4.9501765833822905e-05,2,0,0,0
CLM-006468,2,7,228,5.300754342395576e-05,1,0,0,0
CLM-006469,2,75,184,4.3366057840858443e-05,4,0,0,0
CLM-006470,3,16,208,6.160419195234443e-05,4,0,6,0
CLM-006471,3,25,266,5.7984460650673835e-05,3,0,4,0
CLM-006472,2,148,222,4.242369990475304e-05,2,0,0,0
CLM-006473,2,81,211,4.6207271286629554e-05,2,0,0,0
CLM-006474,2,133,244,4.207155380036204e-05,4,0,0,0
CLM-006475,2,5,184,5.171211158275341e-05,2,0,0,0
CLM-006476,2,165,5,7.834125474411441e-05,0,0,0,0
CLM-006477,2,46,231,4.04434766915817e-05,5,0,0,0
CLM-006478,2,39,253,4.146140029124297e-05,4,0,0,0
CLM-006479,3,86,230,5.432014442981706e-05,7,0,11,0
CLM-006480,3,20,224,7.103091383805583e-05,0,0,9,0
CLM-006481,3,16,208,5.903085180686832e-05,3,0,9,0
CLM-006482,3,64,151,5.803626359486294e-05,10,0,4,0
CLM-006483,3,102,256,5.688828682650012e-05,4,0,6,0
CLM-006484,3,75,184,6.15633934158916e-05,1,0,5,0
CLM-006485,2,133,244,4.2934045753189234e-05,3,0,0,0
CLM-006486,2,90,201,4.152759026916033e-05,2,0,0,0
CLM-006487,3,135,141,5.753690628894996e-05,3,0,6,0
CLM-006488,2,68,161,4.038112029025528e-05,7,0,0,0
CLM-006489,3,39,253,5.6333715165210524e-05,4,0,6,0
CLM-006490,2,84,191,4.5171678454568884e-05,1,0,0,0
CLM-006491,3,117,108,5.8198674484801236e-05,5,0,3,0
CLM-006492,2,103,178,4.5870351700355735e-05,2,0,0,0
CLM-006493,3,17,185,5.477517948240563e-05,5,0,6,0
CLM-006494,3,81,211,6.0810148167471675e-05,1,0,11,0
CLM-006495,3,75,184,6.298819350853369e-05,2,0,5,0
CLM-006496,2,28,254,4.155528396258408e-05,2,0,0,0
CLM-006497,2,80,306,5.627392607793489e-05,0,0,0,0
CLM-006498,3,29,129,6.503591206223295e-05,4,0,3,0
CLM-006499,2,138,126,4.593041258535461e-05,2,0,0,0
CLM-006500,3,64,151,5.987791299556242e-05,5,0,6,0
CLM-006501,2,122,299,4.5890849297730636e-05,5,0,0,0
CLM-006502,3,87,114,5.519852700360838e-05,5,0,7,0
CLM-006503,3,97,185,6.512195094173057e-05,0,0,3,0
CLM-006504,3,72,241,6.129916755736117e-05,2,0,4,0
CLM-006505,3,21,196,5.397226984988974e-05,15,0,8,0
CLM-006506,2,2,86,4.2826940933826066e-05,3,0,0,0
CLM-006507,3,122,299,5.603113073629698e-05,4,0,10,0
CLM-006508,3,86,230,6.238118946596524e-05,4,0,2,0
CLM-006509,3,118,113,6.951293035806637e-05,1,0,9,0
CLM-006510,3,122,299,5.649948076551063e-05,4,0,6,0
CLM-006511,3,122,299,6.139319779855126e-05,1,0,5,0
CLM-006512,3,90,201,6.495750400700189e-05,2,0,7,0
CLM-006513,3,80,306,5.803189080256969e-05,3,0,5,0
CLM-006514,3,118,113,5.54215009166616e-05,7,0,9,0
CLM-006515,3,117,108,5.811217876327779e-05,4,0,2,0
CLM-006516,3,68,161,6.731409161240409e-05,0,0,5,0
CLM-006517,2,4,171,4.6449430410479835e-05,4,0,0,0
CLM-006518,2,50,142,4.346011039026782e-05,4,0,0,0
CLM-006519,3,88,244,5.808465188430095e-05,7,0,5,0
CLM-006520,3,14,186,5.6420734046533517e-05,6,0,8,0
CLM-006521,3,110,151,6.762544779878184e-05,0,0,7,0
CLM-006522,3,96,149,6.065439300987171e-05,1,0,8,0
CLM-006523,2,39,253,4.115491085267337e-05,6,0,0,0
CLM-006524,3,16,208,6.309112958785417e-05,0,0,6,0
CLM-006525,3,126,110,6.373876412552192e-05,6,0,1,0
CLM-006526,3,80,306,5.6617480318314944e-05,4,0,4,0
CLM-006527,3,136,199,5.555655720315191e-05,5,0,6,0
CLM-006528,3,70,239,5.728425344046337e-05,3,0,4,0
CLM-006529,2,50,142,5.023644050035734e-05,2,0,0,0
CLM-006530,3,81,211,6.014973293915748e-05,6,0,4,0
CLM-006531,3,84,191,5.6073277181960534e-05,4,0,7,0
CLM-006532,3,138,126,6.22694212117788e-05,4,0,3,0
CLM-006533,3,131,61,6.0598210066900044e-05,3,0,4,0
CLM-006534,3,6,344,5.7792244404784515e-05,3,0,8,0
CLM-006535,2,42,157,4.326656596856591e-05,2,0,0,0
CLM-006536,2,25,266,4.8047854466751257e-05,2,0,0,0
CLM-006537,2,75,184,5.721913210580483e-05,0,0,0,0
CLM-006538,3,64,151,5.899150154852311e-05,4,0,7,0
CLM-006539,3,111,213,5.490432354495726e-05,7,0,5,0
CLM-006540,2,64,151,4.400068565278259e-05,4,0,0,0
CLM-006541,3,72,241,5.934379024802188e-05,3,0,6,0
CLM-006542,3,67,251,5.9438692206808666e-05,3,0,3,0
CLM-006543,3,84,191,5.939186646778644e-05,5,0,3,0
CLM-006544,2,112,172,4.276878030684658e-05,4,0,0,0
CLM-006545,3,75,184,6.571666158862384e-05,4,0,3,0
CLM-006546,3,70,239,6.054640013029545e-05,2,0,9,0
CLM-006547,2,67,251,4.793791891608158e-05,2,0,0,0
CLM-006548,3,77,134,5.9862056417611194e-05,1,0,10,0
CLM-006549,3,25,266,5.5408670963502934e-05,15,0,7,0
CLM-006550,2,123,185,4.368935665978386e-05,3,0,0,0
CLM-006551,3,146,202,6.293778207600224e-05,3,0,6,0
CLM-006552,3,31,151,5.665443983457293e-05,8,0,8,0
CLM-006553,3,65,160,5.7265310113655914e-05,9,0,6,0
CLM-006554,3,119,83,5.4272464110054605e-05,5,0,10,0
CLM-006555,3,6,344,6.706277651150899e-05,0,0,6,0
CLM-006556,3,7,228,5.5007605087540976e-05,6,0,7,0
CLM-006557,3,7,228,5.624592995135022e-05,6,0,5,0
CLM-006558,3,99,204,5.531449916434127e-05,8,0,6,0
CLM-006559,2,6,344,4.141314460106383e-05,3,0,0,0
CLM-006560,3,7,228,6.265911330298013e-05,1,0,5,0
CLM-006561,3,86,230,5.944984023264587e-05,4,0,4,0
CLM-006562,2,81,211,4.2464887087295566e-05,4,0,0,0
CLM-006563,2,60,185,4.1540549650258995e-05,5,0,0,0
CLM-006564,3,37,170,5.9344722665951826e-05,2,0,6,0
CLM-006565,3,1,187,6.730220162677142e-05,0,0,4,0
CLM-006566,3,22,165,5.538563034373883e-05,6,0,5,0
CLM-006567,3,67,251,6.000980911541711e-05,3,0,8,0
CLM-006568,3,14,186,5.6525435510296546e-05,10,0,6,0
CLM-006569,3,75,184,5.951170432594312e-05,2,0,8,0
CLM-006570,3,82,262,6.390112884018097e-05,3,0,3,0
CLM-006571,3,5,184,6.558565472403392e-05,1,0,5,0
CLM-006572,3,90,201,6.46814481234418e-05,1,0,2,0
CLM-006573,3,97,185,5.601191769277829e-05,9,0,5,0
CLM-006574,2,82,262,4.504031271445661e-05,4,0,0,0
CLM-006575,2,124,145,5.7787440630286945e-05,0,0,0,0
CLM-006576,3,112,172,5.814040360444244e-05,2,0,6,0
CLM-006577,3,1,187,5.5139666426600314e-05,8,0,7,0
CLM-006578,3,102,256,5.350609089812764e-05,7,0,8,0
CLM-006579,2,72,241,4.414337724218099e-05,2,0,0,0
CLM-006580,2,71,210,4.487244316586635e-05,3,0,0,0
CLM-006581,2,16,208,4.3984747210379383e-05,2,0,0,0
CLM-006582,2,22,165,4.4670558609587336e-05,6,0,0,0
CLM-006583,3,25,266,6.226676406330533e-05,1,0,6,0
CLM-006584,2,28,254,4.688653503307888e-05,2,0,0,0
CLM-006585,3,42,157,5.630208804755782e-05,9,0,3,0
CLM-006586,3,14,186,5.982784908143476e-05,4,0,7,0
CLM-006587,3,142,134,6.24770641478487e-05,1,0,6,0
CLM-006588,3,81,211,6.743876041035874e-05,1,0,12,0
CLM-006589,3,82,262,5.805016442134108e-05,4,0,5,0
CLM-006590,2,54,156,4.2035980349934377e-05,9,0,0,0
CLM-006591,3,23,168,5.9441097320091414e-05,2,0,4,0
CLM-006592,3,146,202,5.790478252351231e-05,3,0,9,0
CLM-006593,3,88,244,6.724441743312222e-05,7,0,4,0
CLM-006594,3,133,244,5.7545312220902255e-05,8,0,11,0
CLM-006595,3,68,161,6.120572628980508e-05,4,0,6,0
CLM-006596,3,90,201,6.0427620569183276e-05,4,0,9,0
CLM-006597,2,80,306,4.495592254184426e-05,4,0,0,0
CLM-006598,3,128,197,7.021106978402302e-05,0,0,5,0
CLM-006599,3,37,170,6.247248806610838e-05,3,0,5,0
CLM-006600,2,50,142,5.299228124952195e-05,1,0,0,0
CLM-006601,3,102,256,6.603984845463485e-05,1,0,7,0
CLM-006602,3,21,196,6.971708869820894e-05,1,0,2,0
CLM-006603,2,148,222,5.853532174936276e-05,0,0,0,0
CLM-006604,3,118,113,6.143116025329428e-05,3,0,4,0
CLM-006605,2,20,224,5.339612259240598e-05,1,0,0,0
CLM-006606,2,72,241,4.546699405153779e-05,4,0,0,0
CLM-006607,2,20,224,5.375184997860221e-05,1,0,0,0
CLM-006608,3,29,129,5.770845900110427e-05,5,0,10,0
CLM-006609,3,17,185,6.094987677807032e-05,3,0,6,0
CLM-006610,2,97,185,4.598550310533418e-05,2,0,0,0
CLM-006611,3,80,306,5.8231122918348696e-05,4,0,9,0
CLM-006612,3,40,252,6.982210665323088e-05,0,0,10,0
CLM-006613,3,146,202,6.538073590063024e-05,1,0,3,0
CLM-006614,3,2,86,6.270410314993441e-05,2,0,6,0
CLM-006615,2,128,197,4.717380206059209e-05,5,0,0,0
CLM-006616,3,21,196,6.594845145711191e-05,5,0,6,0
CLM-006617,3,65,160,5.746120001497876e-05,7,0,6,0
CLM-006618,3,40,252,6.023475634008943e-05,1,0,6,0
CLM-006619,2,142,134,5.7599822147127384e-05,0,0,0,0
CLM-006620,3,99,204,5.5943674439872544e-05,9,0,4,0
CLM-006621,2,22,165,5.184795821770258e-05,2,0,0,0
CLM-006622,3,31,151,5.970149331660244e-05,1,0,6,0
CLM-006623,2,56,91,4.695806359604727e-05,2,0,0,0
CLM-006624,2,31,151,4.359403561864928e-05,2,0,0,0
CLM-006625,3,87,114,5.521817550266876e-05,8,0,9,0
CLM-006626,3,20,224,6.66360091579919e-05,1,0,7,0
CLM-006627,2,19,261,4.411735146472522e-05,2,0,0,0
CLM-006628,2,99,204,3.966044881530706e-05,3,0,0,0
CLM-006629,3,1,187,5.6159473142492425e-05,8,0,7,0
CLM-006630,2,138,126,6.623135723408416e-05,0,0,0,0
CLM-006631,3,23,168,5.842583642416181e-05,2,0,8,0
CLM-006632,3,133,244,6.716576520578534e-05,4,0,6,0
CLM-006633,3,4,171,6.555222878585812e-05,2,0,4,0
CLM-006634,3,40,252,6.681132779109541e-05,1,0,7,0
CLM-006635,2,94,78,5.09144296843971e-05,1,0,0,0
CLM-006636,2,111,213,4.9096376489125234e-05,3,0,0,0
CLM-006637,3,46,231,5.7837682621524094e-05,2,0,6,0
CLM-006638,3,33,252,5.886472015089921e-05,5,0,7,0
CLM-006639,2,17,185,4.362320862781825e-05,2,0,0,0
CLM-006640,2,54,156,6.0264048233664876e-05,0,0,0,0
CLM-006641,3,5,184,5.6496580324458094e-05,8,0,6,0
CLM-006642,2,1,187,4.357019221376673e-05,3,0,0,0
CLM-006643,3,46,231,6.7596979559145e-05,1,0,5,0
CLM-006644,2,72,241,4.1858495476425125e-05,5,0,0,0
CLM-006645,3,139,96,6.588537013743306e-05,1,0,3,0
CLM-006646,2,37,170,5.736116509393246e-05,0,0,0,0
CLM-006647,3,88,244,6.0599904499738915e-05,3,0,4,0
CLM-006648,2,107,161,4.0830280061030106e-05,5,0,0,0
CLM-006649,3,99,204,5.709848854817721e-05,2,0,8,0
CLM-006650,3,133,244,5.884106806658533e-05,1,0,6,0
CLM-006651,3,120,173,6.40805967505511e-05,2,0,9,0
CLM-006652,2,128,197,4.3611320387809104e-05,3,0,0,0
CLM-006653,2,82,262,4.4669894523627854e-05,4,0,0,0
CLM-006654,2,102,256,4.842493918672489e-05,2,0,0,0
CLM-006655,3,5,184,6.082027373873322e-05,1,0,4,0
CLM-006656,2,70,239,4.155962248956657e-05,6,0,0,0
CLM-006657,3,146,202,6.1200791051034e-05,6,0,4,0
CLM-006658,2,71,210,4.47544054134211e-05,4,0,0,0
CLM-006659,2,72,241,5.2136942212733314e-05,8,0,0,0
CLM-006660,3,96,149,6.301865612207865e-05,1,0,6,0
CLM-006661,3,14,186,5.624311349434416e-05,6,0,3,0
CLM-006662,3,5,184,5.617545338856485e-05,5,0,8,0
CLM-006663,3,7,228,7.661182152785757e-05,0,0,4,0
CLM-006664,3,148,222,6.249622566306562e-05,2,0,3,0
CLM-006665,2,68,161,5.063028097665234e-05,2,0,0,0
CLM-006666,3,19,261,5.961045403051507e-05,1,0,6,0
CLM-006667,2,21,196,5.532865396020904e-05,1,0,0,0
CLM-006668,2,1,187,4.2745382920715615e-05,8,0,0,0
CLM-006669,2,65,160,4.102855114920433e-05,3,0,0,0
CLM-006670,3,102,256,6.207128714417166e-05,1,0,3,0
CLM-006671,2,84,191,4.6568703775249306e-05,1,0,0,0
CLM-006672,3,102,256,5.389689712969231e-05,7,0,4,0
CLM-006673,3,25,266,5.8649440457931975e-05,5,0,3,0
CLM-006674,3,72,241,5.7749519674448357e-05,4,0,5,0
CLM-006675,3,136,199,5.5607736527188344e-05,7,0,5,0
CLM-006676,2,25,266,4.8047854466751257e-05,2,0,0,0
CLM-006677,3,84,191,5.988854311550477e-05,2,0,9,0
CLM-006678,3,80,306,6.0767046155856395e-05,7,0,2,0
CLM-006679,3,112,172,6.0575164888605694e-05,1,0,9,0
CLM-006680,3,37,170,5.7141713524757874e-05,6,0,11,0
CLM-006681,3,128,197,6.0451362107071644e-05,5,0,9,0
CLM-006682,3,24,168,6.392684546094047e-05,6,0,4,0
CLM-006683,3,150,122,7.305465412616516e-05,2,0,3,0
CLM-006684,3,64,151,5.799455770846207e-05,5,0,4,0
CLM-006685,2,67,251,4.710879705448522e-05,4,0,0,0
CLM-006686,3,77,134,5.682447987478985e-05,3,0,8,0
CLM-006687,2,84,191,4.374314613679359e-05,7,0,0,0
CLM-006688,2,43,117,6.23891291952889e-05,0,0,0,0
CLM-006689,3,72,241,5.786188077292937e-05,2,0,11,0
CLM-006690,2,82,262,6.50216928843229e-05,0,0,0,0
CLM-006691,3,54,156,6.186445979555893e-05,1,0,3,0
CLM-006692,3,7,228,6.326564608226123e-05,1,0,7,0
CLM-006693,2,122,299,4.361598928281142e-05,4,0,0,0
CLM-006694,2,102,256,4.4323148373329935e-05,3,0,0,0
CLM-006695,3,102,256,5.619449950190077e-05,8,0,9,0
CLM-006696,3,86,230,5.7762886157649336e-05,5,0,5,0
CLM-006697,3,45,190,5.8812373750791694e-05,2,0,7,0
CLM-006698,3,72,241,5.782988842959652e-05,6,0,2,0
CLM-006699,3,50,142,6.100362111276458e-05,2,0,3,0
CLM-006700,3,88,244,5.9507908433418724e-05,5,0,8,0
CLM-006701,3,64,151,5.873003942812128e-05,5,0,9,0
CLM-006702,3,148,222,5.3740092429872584e-05,12,0,7,0
CLM-006703,2,112,172,4.5133971459619565e-05,12,0,0,0
CLM-006704,2,90,201,4.194508353035715e-05,5,0,0,0
CLM-006705,3,122,299,5.948715821450512e-05,4,0,8,0
CLM-006706,3,45,190,6.028954003800331e-05,3,0,4,0
CLM-006707,3,6,344,5.3269239104891134e-05,14,0,7,0
CLM-006708,2,5,184,4.062295734188911e-05,5,0,0,0
CLM-006709,3,25,266,6.249287929860646e-05,1,0,4,0
CLM-006710,3,107,161,5.7000086907015773e-05,7,0,6,0
CLM-006711,2,139,96,4.835637865025365e-05,2,0,0,0
CLM-006712,3,25,266,5.567220862568575e-05,5,0,4,0
CLM-006713,3,5,184,5.659310105449642e-05,3,0,6,0
CLM-006714,2,33,252,4.26244266606076e-05,7,0,0,0
CLM-006715,3,102,256,5.878370886645297e-05,3,0,6,0
CLM-006716,3,4,171,5.663302244788534e-05,5,0,13,0
CLM-006717,2,75,184,4.488679139919651e-05,2,0,0,0
CLM-006718,3,28,254,5.6951848525121596e-05,5,0,5,0
CLM-006719,3,80,306,5.910471550099825e-05,2,0,7,0
CLM-006720,3,45,190,5.998558276738982e-05,2,0,4,0
CLM-006721,3,122,299,5.6221035980439523e-05,5,0,4,0
CLM-006722,3,42,157,7.205429677192039e-05,0,0,3,0
CLM-006723,2,128,197,4.031326643156836e-05,9,0,0,0
CLM-006724,2,50,142,4.773799209355471e-05,5,0,0,0
CLM-006725,2,102,256,4.587236212001178e-05,4,0,0,0
CLM-006726,3,23,168,5.726517597555179e-05,4,0,8,0
CLM-006727,3,5,184,5.487690384565134e-05,5,0,6,0
CLM-006728,3,146,202,6.205729882559566e-05,2,0,5,0
CLM-006729,3,70,239,6.107568683902754e-05,2,0,6,0
CLM-006730,3,25,266,5.512403688174431e-05,15,0,7,0
CLM-006731,3,33,252,5.8337097198487554e-05,2,0,6,0
CLM-006732,3,72,241,5.6658714947942725e-05,3,0,6,0
CLM-006733,2,4,171,4.0593072439703354e-05,5,0,0,0
CLM-006734,3,117,108,5.5151681746441616e-05,3,0,10,0
CLM-006735,3,17,185,5.3664026991296906e-05,5,0,11,0
CLM-006736,2,78,272,4.207902174334113e-05,4,0,0,0
CLM-006737,3,71,210,6.204055395896981e-05,2,0,2,0
CLM-006738,3,7,228,5.77228791948354e-05,4,0,7,0
CLM-006739,3,81,211,7.746714003571932e-05,0,0,6,0
CLM-006740,2,84,191,4.3316341156867245e-05,4,0,0,0
CLM-006741,3,5,184,7.218242585532305e-05,1,0,10,0
CLM-006742,3,87,114,5.8125303855107366e-05,3,0,9,0
CLM-006743,2,86,230,4.3332756125235684e-05,5,0,0,0
CLM-006744,3,28,254,5.878240653480762e-05,1,0,4,0
CLM-006745,3,8,77,6.166801379665241e-05,3,0,5,0
CLM-006746,2,70,239,5.089165738471504e-05,2,0,0,0
CLM-006747,3,7,228,5.4759211640830284e-05,4,0,9,0
CLM-006748,3,67,251,6.166204821617986e-05,1,0,6,0
CLM-006749,3,122,299,5.7287964967257876e-05,4,0,5,0
CLM-006750,3,50,142,5.816706818819421e-05,7,0,2,0
CLM-006751,3,97,185,6.345681386013994e-05,4,0,2,0
CLM-006752,2,131,61,5.706866916459484e-05,1,0,0,0
CLM-006753,3,23,168,5.945649962897441e-05,10,0,3,0
CLM-006754,3,75,184,5.5597841015754586e-05,9,0,5,0
CLM-006755,2,57,193,4.212622052371567e-05,4,0,0,0
CLM-006756,3,136,199,5.612381099937133e-05,5,0,4,0
CLM-006757,3,142,134,6.16627706018387e-05,4,0,4,0
CLM-006758,2,19,261,4.314666897072788e-05,8,0,0,0
CLM-006759,2,67,251,5.490821865565387e-05,0,0,0,0
CLM-006760,3,72,241,7.09812847255154e-05,0,0,8,0
CLM-006761,3,97,185,5.8268641821832814e-05,4,0,8,0
CLM-006762,3,103,178,6.936533189293746e-05,0,0,3,0
CLM-006763,3,136,199,5.491962033764053e-05,7,0,6,0
CLM-006764,3,86,230,5.9882428614884565e-05,4,0,6,0
CLM-006765,3,68,161,5.760161108247304e-05,4,0,8,0
CLM-006766,3,136,199,6.361668845804091e-05,3,0,4,0
CLM-006767,2,4,171,3.952167369275928e-05,9,0,0,0
CLM-006768,3,138,126,5.9441920759676975e-05,2,0,5,0
CLM-006769,3,60,185,6.829538846733391e-05,1,0,2,0
CLM-006770,2,117,108,5.217633965803246e-05,2,0,0,0
CLM-006771,3,82,262,6.0818602912436894e-05,4,0,3,0
CLM-006772,3,107,161,7.135525392768625e-05,10,0,0,0
CLM-006773,3,33,252,5.5295893735391987e-05,5,0,8,0
CLM-006774,3,142,134,5.754875694879041e-05,2,0,7,0
CLM-006775,2,23,168,5.190864798806022e-05,1,0,0,0
CLM-006776,2,3,130,4.6255805429566185e-05,3,0,0,0
CLM-006777,3,21,196,5.6634659775191105e-05,3,0,6,0
CLM-006778,2,33,252,4.583056841639937e-05,3,0,0,0
CLM-006779,2,12,118,4.486424376271425e-05,4,0,0,0
CLM-006780,3,25,266,5.8894276803151156e-05,2,0,9,0
CLM-006781,3,24,168,5.953357159114133e-05,1,0,4,0
CLM-006782,3,136,199,5.451624635475807e-05,7,0,11,0
CLM-006783,3,37,170,6.565963319826124e-05,1,0,8,0
CLM-006784,2,82,262,3.981818294000674e-05,6,0,0,0
CLM-006785,3,99,204,7.691157405130472e-05,0,0,3,0
CLM-006786,3,97,185,6.956656379913854e-05,3,0,1,0
CLM-006787,3,82,262,5.812193115200222e-05,4,0,4,0
CLM-006788,2,112,172,4.243889804430327e-05,7,0,0,0
CLM-006789,3,99,204,6.304212373198172e-05,2,0,4,0
CLM-006790,3,29,129,6.166036571400352e-05,2,0,4,0
CLM-006791,2,122,299,4.65548757500462e-05,3,0,0,0
CLM-006792,2,118,113,4.365309753119231e-05,2,0,0,0
CLM-006793,3,142,134,5.797036100940049e-05,2,0,5,0
CLM-006794,3,96,149,6.544292217899453e-05,6,0,6,0
CLM-006795,3,46,231,6.496594240846223e-05,2,0,3,0
CLM-006796,2,22,165,4.276805023226774e-05,15,0,0,0
CLM-006797,3,22,165,5.777501912179155e-05,2,0,3,0
CLM-006798,3,50,142,5.6464481439553785e-05,3,0,10,0
CLM-006799,2,82,262,4.472285721852376e-05,4,0,0,0
CLM-006800,3,96,149,5.671830148268454e-05,8,0,11,0
CLM-006801,2,133,244,5.372268865685479e-05,0,0,0,0
CLM-006802,2,97,185,4.547204488954788e-05,2,0,0,0
CLM-006803,3,84,191,5.7805474891958914e-05,3,0,11,0
CLM-006804,3,61,56,6.294996053045656e-05,2,0,2,0
CLM-006805,2,28,254,4.7713765017797986e-05,1,0,0,0
CLM-006806,3,86,230,6.28291220998628e-05,4,0,3,0
CLM-006807,3,46,231,5.9574495467602157e-05,4,0,16,0
CLM-006808,3,24,168,6.324898935539604e-05,1,0,4,0
CLM-006809,2,82,262,4.723154158779038e-05,1,0,0,0
CLM-006810,3,40,252,6.120598062963107e-05,4,0,8,0
CLM-006811,3,139,96,5.869987451262705e-05,4,0,7,0
CLM-006812,2,138,126,4.833698739775195e-05,1,0,0,0
CLM-006813,2,22,165,4.376135169200473e-05,2,0,0,0
CLM-006814,2,75,184,4.780723830701671e-05,2,0,0,0
CLM-006815,2,90,201,4.582204153295966e-05,4,0,0,0
CLM-006816,3,102,256,5.8080775116319273e-05,4,0,5,0
CLM-006817,3,20,224,6.812358244610992e-05,0,0,5,0
CLM-006818,3,19,261,6.718827433706537e-05,0,0,12,0
CLM-006819,3,86,230,5.935086942257204e-05,1,0,11,0
CLM-006820,2,46,231,4.193258759385312e-05,6,0,0,0
CLM-006821,3,64,151,5.709586602275e-05,6,0,7,0
CLM-006822,3,82,262,5.8252324246426045e-05,4,0,6,0
CLM-006823,3,72,241,5.765189548042061e-05,6,0,4,0
CLM-006824,3,122,299,6.680544182299138e-05,5,0,1,0
CLM-006825,3,14,186,6.395219927807027e-05,2,0,6,0
CLM-006826,3,124,145,6.407144386440862e-05,4,0,5,0
CLM-006827,3,86,230,6.411847812658947e-05,2,0,4,0
CLM-006828,3,82,262,5.7401502850570924e-05,4,0,5,0
CLM-006829,3,119,83,5.709075953156727e-05,6,0,6,0
CLM-006830,3,88,244,7.476798505516444e-05,2,0,0,0
CLM-006831,2,110,151,4.2349707996732385e-05,3,0,0,0
CLM-006832,2,107,161,3.986993310164287e-05,5,0,0,0
CLM-006833,2,117,108,4.308394713699927e-05,5,0,0,0
CLM-006834,3,11,82,5.574348014853271e-05,4,0,7,0
CLM-006835,3,148,222,5.3329762225974026e-05,12,0,7,0
CLM-006836,3,31,151,6.289273229839555e-05,1,0,3,0
CLM-006837,2,28,254,4.9848391398754845e-05,1,0,0,0
CLM-006838,3,23,168,6.78989951686731e-05,0,0,4,0
CLM-006839,3,120,173,6.48691973045107e-05,2,0,4,0
CLM-006840,3,6,344,6.509486588426023e-05,0,0,8,0
CLM-006841,3,150,122,5.854691407352848e-05,2,0,5,0
CLM-006842,3,6,344,5.7273962967919535e-05,3,0,4,0
CLM-006843,3,8,77,5.9614660623433916e-05,2,0,5,0
CLM-006844,2,4,171,5.1929429174230575e-05,3,0,0,0
CLM-006845,2,5,184,4.164202106384565e-05,5,0,0,0
CLM-006846,3,21,196,7.121949324431322e-05,1,0,5,0
CLM-006847,3,43,117,6.451455179677239e-05,4,0,1,0
CLM-006848,2,75,184,5.957457068987114e-05,0,0,0,0
CLM-006849,3,84,191,5.579935394390756e-05,9,0,5,0
CLM-006850,3,77,134,5.5899820003665645e-05,3,0,4,0
CLM-006851,2,37,170,4.250482845615674e-05,6,0,0,0
CLM-006852,2,25,266,4.375425595250668e-05,2,0,0,0
CLM-006853,2,77,134,4.280837254450933e-05,7,0,0,0
CLM-006854,3,97,185,6.917904034208999e-05,0,0,6,0
CLM-006855,3,14,186,6.0955160837271176e-05,6,0,1,0
CLM-006856,3,6,344,5.95314888306734e-05,1,0,8,0
CLM-006857,3,42,157,5.622499523328608e-05,6,0,6,0
CLM-006858,2,12,118,5.497597538896536e-05,1,0,0,0
CLM-006859,2,122,299,4.637077195431508e-05,1,0,0,0
CLM-006860,3,103,178,5.5986198148392235e-05,10,0,4,0
CLM-006861,2,21,196,5.1362569052549664e-05,1,0,0,0
CLM-006862,2,16,208,4.257143606655838e-05,2,0,0,0
CLM-006863,2,142,134,4.8360911032033265e-05,3,0,0,0
CLM-006864,3,24,168,5.822579241432051e-05,2,0,6,0
CLM-006865,2,22,165,4.744528184407473e-05,2,0,0,0
CLM-006866,3,148,222,5.441935496580921e-05,5,0,7,0
CLM-006867,3,6,344,5.534093915637084e-05,3,0,13,0
CLM-006868,3,102,256,5.68160169835955e-05,3,0,6,0
CLM-006869,2,37,170,5.01077758797581e-05,1,0,0,0
CLM-006870,3,86,230,5.8381346714169184e-05,2,0,9,0
CLM-006871,2,111,213,4.1177656457465503e-05,10,0,0,0
CLM-006872,3,40,252,6.235671610531998e-05,4,0,4,0
CLM-006873,2,86,230,4.307566927463512e-05,6,0,0,0
CLM-006874,2,81,211,4.291818991132886e-05,8,0,0,0
CLM-006875,3,96,149,5.796761132596759e-05,3,0,4,0
CLM-006876,3,6,344,5.9492081372729104e-05,1,0,3,0
CLM-006877,2,136,199,4.2317314644750414e-05,5,0,0,0
CLM-006878,2,72,241,4.546699405153779e-05,4,0,0,0
CLM-006879,3,111,213,5.783391355981786e-05,3,0,6,0
CLM-006880,3,135,141,6.296615638947241e-05,3,0,2,0
CLM-006881,2,43,117,4.610615713763732e-05,2,0,0,0
CLM-006882,2,163,6,6.231403261615587e-05,1,0,0,0
CLM-006883,3,4,171,5.514677366848832e-05,5,0,3,0
CLM-006884,2,78,272,4.1545915350868605e-05,9,0,0,0
CLM-006885,3,24,168,5.985523881111182e-05,2,0,6,0
CLM-006886,3,28,254,5.7286715968009706e-05,6,0,7,0
CLM-006887,3,87,114,5.671997284663998e-05,8,0,4,0
CLM-006888,2,46,231,5.024414515660886e-05,2,0,0,0
CLM-006889,3,97,185,5.7625509209510635e-05,2,0,10,0
CLM-006890,3,81,211,7.060970192348668e-05,0,0,8,0
CLM-006891,3,57,193,5.65204716816506e-05,5,0,10,0
CLM-006892,3,97,185,6.132014311552411e-05,4,0,6,0
CLM-006893,2,28,254,4.183736230596666e-05,6,0,0,0
CLM-006894,2,22,165,4.619926357281088e-05,3,0,0,0
CLM-006895,3,43,117,5.925346052934201e-05,2,0,6,0
CLM-006896,2,7,228,5.300754342395576e-05,1,0,0,0
CLM-006897,2,81,211,4.680038495822452e-05,1,0,0,0
CLM-006898,2,57,193,4.172552364425277e-05,7,0,0,0
CLM-006899,2,133,244,4.3748510578783044e-05,4,0,0,0
CLM-006900,3,67,251,6.139289768543038e-05,3,0,8,0
CLM-006901,3,138,126,6.613848996356642e-05,1,0,5,0
CLM-006902,2,133,244,4.5626326732476144e-05,6,0,0,0
CLM-006903,3,120,173,6.154069336406599e-05,1,0,7,0
CLM-006904,2,102,256,4.074346366610106e-05,9,0,0,0
CLM-006905,3,33,252,7.109094676608666e-05,3,0,0,0
CLM-006906,3,78,272,6.358099691460688e-05,2,0,5,0
CLM-006907,3,46,231,6.701341804710501e-05,0,0,6,0
CLM-006908,2,54,156,4.441637681343268e-05,5,0,0,0
CLM-006909,2,122,299,4.633159021450874e-05,2,0,0,0
CLM-006910,3,113,112,6.476063394004645e-05,1,0,9,0
CLM-006911,3,148,222,5.692239059442865e-05,5,0,8,0
CLM-006912,3,78,272,6.049781073885224e-05,4,0,3,0
CLM-006913,3,19,261,6.681397522739237e-05,0,0,5,0
CLM-006914,3,123,185,6.04946113787941e-05,7,0,6,0
CLM-006915,3,77,134,5.699333739037901e-05,7,0,10,0
CLM-006916,3,148,222,5.3866708177816657e-05,5,0,6,0
CLM-006917,2,54,156,4.397653245230381e-05,9,0,0,0
CLM-006918,2,8,77,4.672202463465482e-05,2,0,0,0
CLM-006919,3,20,224,6.511102868500147e-05,1,0,8,0
CLM-006920,2,136,199,4.272254990600143e-05,6,0,0,0
CLM-006921,2,86,230,4.210858857567515e-05,4,0,0,0
CLM-006922,3,16,208,5.743271356414781e-05,7,0,4,0
CLM-006923,2,72,241,4.410542684055882e-05,2,0,0,0
CLM-006924,3,20,224,7.138570096885652e-05,2,0,3,0
CLM-006925,2,80,306,4.226608429087307e-05,3,0,0,0
CLM-006926,2,67,251,5.089033687560957e-05,2,0,0,0
CLM-006927,3,16,208,5.882385777964519e-05,10,0,2,0
CLM-006928,2,96,149,4.4304449334163865e-05,2,0,0,0
CLM-006929,3,97,185,5.977297271532557e-05,3,0,3,0
CLM-006930,3,75,184,5.731804948642219e-05,5,0,6,0
CLM-006931,3,77,134,5.668518748069561e-05,3,0,6,0
CLM-006932,3,131,61,6.405876059355107e-05,1,0,6,0
CLM-006933,3,33,252,6.657674922548627e-05,0,0,7,0
CLM-006934,3,86,230,5.9461764803720956e-05,6,0,4,0
CLM-006935,2,72,241,4.467504926345201e-05,4,0,0,0
CLM-006936,2,84,191,4.378251145811947e-05,8,0,0,0
CLM-006937,2,4,171,4.6449430410479835e-05,4,0,0,0
CLM-006938,3,99,204,5.903774228914229e-05,3,0,3,0
CLM-006939,2,87,114,5.711822873424716e-05,0,0,0,0
CLM-006940,2,46,231,4.450708067989254e-05,8,0,0,0
CLM-006941,2,25,266,4.1823072934926825e-05,5,0,0,0
CLM-006942,3,4,171,6.191747227759421e-05,2,0,6,0
CLM-006943,3,111,213,5.436450003306407e-05,7,0,8,0
CLM-006944,3,112,172,6.928844575856822e-05,1,0,2,0
CLM-006945,3,14,186,5.9478238088149695e-05,3,0,12,0
CLM-006946,2,42,157,4.97462451140669e-05,1,0,0,0
CLM-006947,2,4,171,4.21150189958047e-05,5,0,0,0
CLM-006948,3,40,252,5.8657800147532796e-05,4,0,6,0
CLM-006949,3,123,185,6.41042303668392e-05,1,0,6,0
CLM-006950,2,7,228,4.9523261790826254e-05,3,0,0,0
CLM-006951,3,12,118,6.069090793488327e-05,4,0,6,0
CLM-006952,3,97,185,7.82958009072176e-05,0,0,9,0
CLM-006953,2,102,256,5.2763917471361636e-05,1,0,0,0
CLM-006954,2,88,244,4.1029677139456916e-05,9,0,0,0
CLM-006955,2,46,231,4.403175493963118e-05,3,0,0,0
CLM-006956,3,84,191,5.807771887542924e-05,5,0,8,0
CLM-006957,2,146,202,4.245288282198695e-05,3,0,0,0
CLM-006958,3,77,134,5.447045870632524e-05,4,0,9,0
CLM-006959,2,71,210,5.5177946095757324e-05,3,0,0,0
CLM-006960,3,42,157,6.059165387826905e-05,3,0,3,0
CLM-006961,2,31,151,4.069470733052802e-05,7,0,0,0
CLM-006962,3,103,178,5.9574632477098204e-05,2,0,8,0
CLM-006963,2,45,190,4.414984986583044e-05,2,0,0,0
CLM-006964,3,124,145,5.9224795338059085e-05,4,0,8,0
CLM-006965,2,6,344,4.141314460106383e-05,3,0,0,0
CLM-006966,3,123,185,5.4949845048698814e-05,5,0,9,0
CLM-006967,2,80,306,4.3876185839829167e-05,4,0,0,0
CLM-006968,3,50,142,7.212141984355957e-05,0,0,8,0
CLM-006969,2,45,190,4.0691102875940074e-05,5,0,0,0
CLM-006970,2,77,134,4.423822004924864e-05,3,0,0,0
CLM-006971,2,88,244,4.97253928685393e-05,3,0,0,0
CLM-006972,3,65,160,7.128124258302834e-05,1,0,6,0
CLM-006973,3,123,185,6.349384131883121e-05,1,0,7,0
CLM-006974,2,82,262,5.223247424533934e-05,6,0,0,0
CLM-006975,3,120,173,5.6241446903171444e-05,6,0,7,0
CLM-006976,3,24,168,5.4744024004255394e-05,11,0,5,0
CLM-006977,3,67,251,5.850491204833832e-05,6,0,7,0
CLM-006978,2,96,149,4.4714818588858996e-05,3,0,0,0
CLM-006979,2,139,96,4.7774273559943016e-05,2,0,0,0
CLM-006980,3,133,244,5.945072162190989e-05,3,0,6,0
CLM-006981,2,107,161,5.6761713403731855e-05,0,0,0,0
CLM-006982,2,139,96,4.195179044347591e-05,3,0,0,0
CLM-006983,2,24,168,4.579638919059596e-05,2,0,0,0
CLM-006984,3,39,253,6.270096173734697e-05,3,0,7,0
CLM-006985,3,71,210,5.9626683714837785e-05,4,0,9,0
CLM-006986,3,146,202,5.804279825005633e-05,4,0,2,0
CLM-006987,3,124,145,6.121096768758205e-05,6,0,4,0
CLM-006988,3,5,184,5.651567906233291e-05,8,0,6,0
CLM-006989,3,1,187,5.852912638554974e-05,4,0,9,0
CLM-006990,2,118,113,4.3278404518011876e-05,3,0,0,0
CLM-006991,2,46,231,4.296887524799484e-05,6,0,0,0
CLM-006992,3,111,213,6.242019215405003e-05,2,0,8,0
CLM-006993,3,2,86,6.508668716765246e-05,1,0,5,0
CLM-006994,2,88,244,4.53490209599549e-05,8,0,0,0
CLM-006995,3,25,266,5.694263295515067e-05,15,0,6,0
CLM-006996,3,146,202,6.305453428549203e-05,1,0,8,0
CLM-006997,3,71,210,6.225968628282137e-05,3,0,8,0
CLM-006998,2,67,251,4.210602190776559e-05,3,0,0,0
CLM-006999,2,79,85,4.8623179301920674e-05,4,0,0,0
CLM-007000,3,138,126,5.782031327549173e-05,3,0,3,0
CLM-007001,3,90,201,5.5679559734191925e-05,4,0,13,0
CLM-007002,3,90,201,6.137868027192989e-05,4,0,13,0
CLM-007003,3,90,201,6.390349269176404e-05,4,0,13,0
CLM-007004,3,90,201,5.697397092684505e-05,4,0,13,0
CLM-007005,3,90,201,5.66169693434358e-05,4,0,13,0
CLM-007006,3,33,252,5.823401123620057e-05,1,0,9,0
CLM-007007,3,128,197,6.234345581438717e-05,2,0,9,0
CLM-007008,3,78,272,6.340422963966956e-05,3,0,9,0
CLM-007009,3,28,254,5.715940073941202e-05,6,0,9,0
CLM-007010,3,148,222,5.956561195154729e-05,1,0,6,0
CLM-007011,3,96,149,6.0774143212513786e-05,1,0,6,0
CLM-007012,3,5,184,6.509436745365486e-05,0,0,7,0
CLM-007013,3,12,118,5.916385638473716e-05,3,0,4,0
CLM-007014,3,78,272,5.710380044560035e-05,11,0,7,0
CLM-007015,3,112,172,6.470361136353458e-05,0,0,6,0
CLM-007016,3,99,204,5.5253663644729375e-05,7,0,8,0
CLM-007017,3,99,204,5.688570656385089e-05,7,0,8,0
CLM-007018,3,99,204,5.419306010124863e-05,7,0,8,0
CLM-007019,3,99,204,5.500070416787981e-05,7,0,8,0
CLM-007020,3,84,191,5.542895911760708e-05,5,0,7,0
CLM-007021,3,84,191,5.670480147665351e-05,5,0,7,0
CLM-007022,3,84,191,6.136274736161396e-05,5,0,7,0
CLM-007023,3,122,299,6.436466596572177e-05,4,0,4,0
CLM-007024,3,122,299,6.0528044068997163e-05,1,0,4,0
CLM-007025,3,45,190,7.396987320922079e-05,0,0,4,0
CLM-007026,3,71,210,6.406865772770636e-05,4,0,4,0
CLM-007027,3,82,262,6.549714199496524e-05,2,0,4,0
CLM-007028,3,25,266,5.90280476353472e-05,4,0,9,0
CLM-007029,3,17,185,5.703130236344415e-05,3,0,9,0
CLM-007030,3,82,262,6.520394805278307e-05,0,0,9,0
CLM-007031,3,57,193,5.9867203545237104e-05,4,0,12,0
CLM-007032,3,57,193,5.838002279801843e-05,4,0,12,0
CLM-007033,3,57,193,5.882873351904737e-05,4,0,12,0
CLM-007034,3,57,193,5.7251994846905306e-05,4,0,12,0
CLM-007035,3,57,193,6.52141959382607e-05,4,0,12,0
CLM-007036,3,57,193,5.864340993865675e-05,4,0,12,0
CLM-007037,3,57,193,5.923551390114886e-05,4,0,12,0
CLM-007038,3,57,193,5.763685124861533e-05,4,0,12,0
CLM-007039,3,57,193,6.52141959382607e-05,4,0,12,0
CLM-007040,3,102,256,7.038951778516404e-05,0,0,16,0
CLM-007041,3,12,118,5.9590677445382916e-05,3,0,16,0
CLM-007042,3,46,231,6.500308251230187e-05,7,0,16,0
CLM-007043,3,128,197,6.015227139580861e-05,5,0,16,0
CLM-007044,3,46,231,6.18932201679901e-05,0,0,16,0
CLM-007045,3,22,165,6.257509717655e-05,1,0,16,0
CLM-007046,3,110,151,6.854786972546059e-05,0,0,8,0
CLM-007047,3,110,151,5.795010325705083e-05,7,0,8,0
CLM-007048,3,110,151,7.280555221710235e-05,0,0,4,0
CLM-007049,3,50,142,6.352327076260454e-05,1,0,2,0
CLM-007050,3,31,151,6.39829422032318e-05,2,0,4,0
CLM-007051,3,128,197,5.502345376705622e-05,11,0,13,0
CLM-007052,3,128,197,5.468760162433604e-05,11,0,13,0
CLM-007053,3,128,197,5.464532178375486e-05,11,0,13,0
CLM-007054,3,128,197,5.7265920354312084e-05,11,0,13,0
CLM-007055,3,128,197,5.352008123599423e-05,11,0,13,0
CLM-007056,3,128,197,5.440573725911944e-05,11,0,13,0
CLM-007057,3,88,244,6.080824923331578e-05,5,0,7,0
CLM-007058,3,88,244,6.0433481089709454e-05,5,0,7,0
CLM-007059,3,88,244,6.302700255479549e-05,5,0,7,0
CLM-007060,3,88,244,5.8588444904600705e-05,5,0,7,0
CLM-007061,3,88,244,5.919696235895696e-05,5,0,7,0
CLM-007062,3,46,231,7.574585161646592e-05,0,0,6,0
CLM-007063,3,75,184,6.736514822331893e-05,0,0,6,0
CLM-007064,3,79,85,7.00349748467259e-05,0,0,6,0
CLM-007065,3,146,202,6.0163413341673666e-05,5,0,6,0
CLM-007066,3,70,239,5.6340806327683936e-05,7,0,6,0
CLM-007067,3,146,202,5.9096581191199576e-05,5,0,3,0
CLM-007068,3,112,172,6.59926490722901e-05,3,0,2,0
CLM-007069,3,40,252,6.050169226336123e-05,1,0,6,0
CLM-007070,3,112,172,7.271642052052195e-05,0,0,4,0
CLM-007071,3,33,252,5.4536685413002153e-05,8,0,8,0
CLM-007072,3,33,252,5.564212363505694e-05,8,0,8,0
CLM-007073,3,33,252,5.433877360884596e-05,8,0,8,0
CLM-007074,3,33,252,5.479669782368667e-05,8,0,8,0
CLM-007075,3,1,187,5.7847281934298366e-05,3,0,7,0
CLM-007076,3,1,187,5.8827430080593105e-05,3,0,7,0
CLM-007077,3,1,187,6.121051772545487e-05,3,0,7,0
CLM-007078,3,45,190,6.673352427263977e-05,0,0,9,0
CLM-007079,3,45,190,6.620239047857393e-05,0,0,9,0
CLM-007080,3,45,190,6.558871341714212e-05,0,0,9,0
CLM-007081,3,45,190,5.8548170622845804e-05,5,0,9,0
CLM-007082,3,111,213,6.021688318505374e-05,3,0,9,0
CLM-007083,3,94,78,6.661210204982594e-05,1,0,7,0
CLM-007084,3,19,261,6.16394956910154e-05,2,0,6,0
CLM-007085,3,94,78,5.9137818706310624e-05,2,0,6,0
CLM-007086,3,23,168,5.5706093663954636e-05,6,0,9,0
CLM-007087,3,23,168,5.439663129896391e-05,6,0,9,0
CLM-007088,3,23,168,5.590006643181401e-05,6,0,9,0
CLM-007089,3,23,168,5.857620486663656e-05,6,0,9,0
CLM-007090,3,23,168,5.595674059268681e-05,6,0,9,0
CLM-DEMO-001,3,110,151,6.54427934623169e-05,5,0,8,0
CLM-007091,3,110,151,5.933685173954078e-05,5,0,8,0
CLM-007092,3,110,151,6.024716494265514e-05,5,0,8,0
CLM-007093,3,110,151,6.0340402237820934e-05,5,0,8,0
