source,target,edge_type
CLM-000001,CUS-000144,FILED_BY
CLM-000001,DEV-001627,USES_DEVICE
CLM-000002,CUS-001851,FILED_BY
CLM-000002,DEV-002452,USES_DEVICE
CLM-000003,CUS-002133,FILED_BY
CLM-000003,DEV-002993,USES_DEVICE
CLM-000003,REP-000350,REPAIRED_BY
CLM-000004,CUS-001258,FILED_BY
CLM-000004,DEV-002023,USES_DEVICE
CLM-000005,CUS-000032,FILED_BY
CLM-000005,DEV-000992,USES_DEVICE
CLM-000006,CUS-002856,FILED_BY
CLM-000006,DEV-002096,USES_DEVICE
CLM-000006,REP-000626,REPAIRED_BY
CLM-000007,CUS-002615,FILED_BY
CLM-000007,DEV-002405,USES_DEVICE
CLM-000007,REP-000380,REPAIRED_BY
CLM-000008,CUS-001400,FILED_BY
CLM-000008,DEV-000089,USES_DEVICE
CLM-000009,CUS-001258,FILED_BY
CLM-000009,DEV-002023,USES_DEVICE
CLM-000010,CUS-001990,FILED_BY
CLM-000010,DEV-001373,USES_DEVICE
CLM-000011,CUS-000902,FILED_BY
CLM-000011,DEV-002096,USES_DEVICE
CLM-000012,CUS-000784,FILED_BY
CLM-000012,DEV-000126,USES_DEVICE
CLM-000013,CUS-001804,FILED_BY
CLM-000013,DEV-002019,USES_DEVICE
CLM-000013,REP-000595,REPAIRED_BY
CLM-000014,CUS-000387,FILED_BY
CLM-000014,DEV-000525,USES_DEVICE
CLM-000015,CUS-002522,FILED_BY
CLM-000015,DEV-001587,USES_DEVICE
CLM-000016,CUS-002976,FILED_BY
CLM-000016,DEV-001562,USES_DEVICE
CLM-000016,REP-000092,REPAIRED_BY
CLM-000017,CUS-002171,FILED_BY
CLM-000017,DEV-000168,USES_DEVICE
CLM-000018,CUS-000596,FILED_BY
CLM-000018,DEV-002679,USES_DEVICE
CLM-000018,REP-000615,REPAIRED_BY
CLM-000019,CUS-002911,FILED_BY
CLM-000019,DEV-002433,USES_DEVICE
CLM-000020,CUS-002760,FILED_BY
CLM-000020,DEV-001227,USES_DEVICE
CLM-000021,CUS-002804,FILED_BY
CLM-000021,DEV-002711,USES_DEVICE
CLM-000021,REP-000220,REPAIRED_BY
CLM-000022,CUS-002028,FILED_BY
CLM-000022,DEV-000175,USES_DEVICE
CLM-000022,REP-000334,REPAIRED_BY
CLM-000023,CUS-002382,FILED_BY
CLM-000023,DEV-001258,USES_DEVICE
CLM-000023,REP-000333,REPAIRED_BY
CLM-000024,CUS-001262,FILED_BY
CLM-000024,DEV-002418,USES_DEVICE
CLM-000024,REP-000467,REPAIRED_BY
CLM-000025,CUS-000337,FILED_BY
CLM-000025,DEV-002974,USES_DEVICE
CLM-000026,CUS-002187,FILED_BY
CLM-000026,DEV-002969,USES_DEVICE
CLM-000026,REP-000323,REPAIRED_BY
CLM-000027,CUS-000466,FILED_BY
CLM-000027,DEV-000350,USES_DEVICE
CLM-000027,REP-000012,REPAIRED_BY
CLM-000028,CUS-002615,FILED_BY
CLM-000028,DEV-002405,USES_DEVICE
CLM-000029,CUS-002614,FILED_BY
CLM-000029,DEV-002366,USES_DEVICE
CLM-000030,CUS-002239,FILED_BY
CLM-000030,DEV-001462,USES_DEVICE
CLM-000030,REP-000367,REPAIRED_BY
CLM-000031,CUS-001106,FILED_BY
CLM-000031,DEV-000363,USES_DEVICE
CLM-000031,REP-000670,REPAIRED_BY
CLM-000032,CUS-002844,FILED_BY
CLM-000032,DEV-002146,USES_DEVICE
CLM-000032,REP-000104,REPAIRED_BY
CLM-000033,CUS-001639,FILED_BY
CLM-000033,DEV-001562,USES_DEVICE
CLM-000033,REP-000624,REPAIRED_BY
CLM-000034,CUS-002409,FILED_BY
CLM-000034,DEV-001354,USES_DEVICE
CLM-000034,REP-000460,REPAIRED_BY
CLM-000035,CUS-002551,FILED_BY
CLM-000035,DEV-001868,USES_DEVICE
CLM-000036,CUS-000330,FILED_BY
CLM-000036,DEV-000300,USES_DEVICE
CLM-000037,CUS-001318,FILED_BY
CLM-000037,DEV-000447,USES_DEVICE
CLM-000038,CUS-002662,FILED_BY
CLM-000038,DEV-002482,USES_DEVICE
CLM-000038,REP-000331,REPAIRED_BY
CLM-000039,CUS-002774,FILED_BY
CLM-000039,DEV-000739,USES_DEVICE
CLM-000039,REP-000682,REPAIRED_BY
CLM-000040,CUS-002949,FILED_BY
CLM-000040,DEV-001472,USES_DEVICE
CLM-000041,CUS-001143,FILED_BY
CLM-000041,DEV-000970,USES_DEVICE
CLM-000041,REP-000105,REPAIRED_BY
CLM-000042,CUS-002649,FILED_BY
CLM-000042,DEV-000541,USES_DEVICE
CLM-000042,REP-000110,REPAIRED_BY
CLM-000043,CUS-000331,FILED_BY
CLM-000043,DEV-000226,USES_DEVICE
CLM-000043,REP-000111,REPAIRED_BY
CLM-000044,CUS-002677,FILED_BY
CLM-000044,DEV-002803,USES_DEVICE
CLM-000044,REP-000298,REPAIRED_BY
CLM-000045,CUS-001000,FILED_BY
CLM-000045,DEV-000816,USES_DEVICE
CLM-000045,REP-000346,REPAIRED_BY
CLM-000046,CUS-001912,FILED_BY
CLM-000046,DEV-001559,USES_DEVICE
CLM-000047,CUS-000688,FILED_BY
CLM-000047,DEV-000061,USES_DEVICE
CLM-000047,REP-000090,REPAIRED_BY
CLM-000048,CUS-002171,FILED_BY
CLM-000048,DEV-002470,USES_DEVICE
CLM-000049,CUS-001581,FILED_BY
CLM-000049,DEV-000482,USES_DEVICE
CLM-000049,REP-000664,REPAIRED_BY
CLM-000050,CUS-001384,FILED_BY
CLM-000050,DEV-000367,USES_DEVICE
CLM-000051,CUS-000368,FILED_BY
CLM-000051,DEV-002076,USES_DEVICE
CLM-000052,CUS-002349,FILED_BY
CLM-000052,DEV-001180,USES_DEVICE
CLM-000053,CUS-001894,FILED_BY
CLM-000053,DEV-000073,USES_DEVICE
CLM-000053,REP-000500,REPAIRED_BY
CLM-000054,CUS-000463,FILED_BY
CLM-000054,DEV-001839,USES_DEVICE
CLM-000055,CUS-001495,FILED_BY
CLM-000055,DEV-001949,USES_DEVICE
CLM-000056,CUS-000676,FILED_BY
CLM-000056,DEV-000812,USES_DEVICE
CLM-000057,CUS-002911,FILED_BY
CLM-000057,DEV-000103,USES_DEVICE
CLM-000057,REP-000419,REPAIRED_BY
CLM-000058,CUS-000729,FILED_BY
CLM-000058,DEV-002580,USES_DEVICE
CLM-000058,REP-000679,REPAIRED_BY
CLM-000059,CUS-002560,FILED_BY
CLM-000059,DEV-000123,USES_DEVICE
CLM-000060,CUS-001572,FILED_BY
CLM-000060,DEV-001124,USES_DEVICE
CLM-000060,REP-000496,REPAIRED_BY
CLM-000061,CUS-001380,FILED_BY
CLM-000061,DEV-000695,USES_DEVICE
CLM-000062,CUS-002929,FILED_BY
CLM-000062,DEV-002600,USES_DEVICE
CLM-000063,CUS-002239,FILED_BY
CLM-000063,DEV-000084,USES_DEVICE
CLM-000064,CUS-002284,FILED_BY
CLM-000064,DEV-002053,USES_DEVICE
CLM-000065,CUS-002673,FILED_BY
CLM-000065,DEV-002300,USES_DEVICE
CLM-000065,REP-000625,REPAIRED_BY
CLM-000066,CUS-002684,FILED_BY
CLM-000066,DEV-000028,USES_DEVICE
CLM-000066,REP-000099,REPAIRED_BY
CLM-000067,CUS-000550,FILED_BY
CLM-000067,DEV-000937,USES_DEVICE
CLM-000067,REP-000219,REPAIRED_BY
CLM-000068,CUS-001631,FILED_BY
CLM-000068,DEV-001649,USES_DEVICE
CLM-000069,CUS-002767,FILED_BY
CLM-000069,DEV-002386,USES_DEVICE
CLM-000070,CUS-002130,FILED_BY
CLM-000070,DEV-000498,USES_DEVICE
CLM-000070,REP-000273,REPAIRED_BY
CLM-000071,CUS-002473,FILED_BY
CLM-000071,DEV-000584,USES_DEVICE
CLM-000071,REP-000329,REPAIRED_BY
CLM-000072,CUS-000638,FILED_BY
CLM-000072,DEV-001957,USES_DEVICE
CLM-000073,CUS-000099,FILED_BY
CLM-000073,DEV-001256,USES_DEVICE
CLM-000074,CUS-002774,FILED_BY
CLM-000074,DEV-000147,USES_DEVICE
CLM-000074,REP-000369,REPAIRED_BY
CLM-000075,CUS-001918,FILED_BY
CLM-000075,DEV-001669,USES_DEVICE
CLM-000075,REP-000330,REPAIRED_BY
CLM-000076,CUS-001551,FILED_BY
CLM-000076,DEV-000210,USES_DEVICE
CLM-000076,REP-000296,REPAIRED_BY
CLM-000077,CUS-001328,FILED_BY
CLM-000077,DEV-002899,USES_DEVICE
CLM-000078,CUS-000616,FILED_BY
CLM-000078,DEV-000647,USES_DEVICE
CLM-000078,REP-000197,REPAIRED_BY
CLM-000079,CUS-002092,FILED_BY
CLM-000079,DEV-000251,USES_DEVICE
CLM-000079,REP-000579,REPAIRED_BY
CLM-000080,CUS-001786,FILED_BY
CLM-000080,DEV-000119,USES_DEVICE
CLM-000081,CUS-000489,FILED_BY
CLM-000081,DEV-002854,USES_DEVICE
CLM-000082,CUS-000965,FILED_BY
CLM-000082,DEV-000229,USES_DEVICE
CLM-000082,REP-000045,REPAIRED_BY
CLM-000083,CUS-000433,FILED_BY
CLM-000083,DEV-002875,USES_DEVICE
CLM-000083,REP-000223,REPAIRED_BY
CLM-000084,CUS-001502,FILED_BY
CLM-000084,DEV-001952,USES_DEVICE
CLM-000084,REP-000457,REPAIRED_BY
CLM-000085,CUS-002796,FILED_BY
CLM-000085,DEV-000380,USES_DEVICE
CLM-000086,CUS-000094,FILED_BY
CLM-000086,DEV-001922,USES_DEVICE
CLM-000086,REP-000316,REPAIRED_BY
CLM-000087,CUS-000073,FILED_BY
CLM-000087,DEV-001399,USES_DEVICE
CLM-000087,REP-000254,REPAIRED_BY
CLM-000088,CUS-000462,FILED_BY
CLM-000088,DEV-001811,USES_DEVICE
CLM-000089,CUS-002410,FILED_BY
CLM-000089,DEV-002762,USES_DEVICE
CLM-000089,REP-000638,REPAIRED_BY
CLM-000090,CUS-000836,FILED_BY
CLM-000090,DEV-001950,USES_DEVICE
CLM-000090,REP-000688,REPAIRED_BY
CLM-000091,CUS-000868,FILED_BY
CLM-000091,DEV-000438,USES_DEVICE
CLM-000091,REP-000570,REPAIRED_BY
CLM-000092,CUS-000601,FILED_BY
CLM-000092,DEV-000485,USES_DEVICE
CLM-000092,REP-000492,REPAIRED_BY
CLM-000093,CUS-001871,FILED_BY
CLM-000093,DEV-000237,USES_DEVICE
CLM-000093,REP-000024,REPAIRED_BY
CLM-000094,CUS-002168,FILED_BY
CLM-000094,DEV-002107,USES_DEVICE
CLM-000094,REP-000191,REPAIRED_BY
CLM-000095,CUS-002364,FILED_BY
CLM-000095,DEV-000145,USES_DEVICE
CLM-000096,CUS-001229,FILED_BY
CLM-000096,DEV-002907,USES_DEVICE
CLM-000096,REP-000697,REPAIRED_BY
CLM-000097,CUS-000731,FILED_BY
CLM-000097,DEV-000486,USES_DEVICE
CLM-000097,REP-000380,REPAIRED_BY
CLM-000098,CUS-000510,FILED_BY
CLM-000098,DEV-000650,USES_DEVICE
CLM-000099,CUS-002209,FILED_BY
CLM-000099,DEV-000998,USES_DEVICE
CLM-000099,REP-000577,REPAIRED_BY
CLM-000100,CUS-002660,FILED_BY
CLM-000100,DEV-001578,USES_DEVICE
CLM-000101,CUS-002469,FILED_BY
CLM-000101,DEV-002059,USES_DEVICE
CLM-000102,CUS-002665,FILED_BY
CLM-000102,DEV-000523,USES_DEVICE
CLM-000102,REP-000012,REPAIRED_BY
CLM-000103,CUS-002176,FILED_BY
CLM-000103,DEV-000411,USES_DEVICE
CLM-000104,CUS-002823,FILED_BY
CLM-000104,DEV-001046,USES_DEVICE
CLM-000105,CUS-000073,FILED_BY
CLM-000105,DEV-001399,USES_DEVICE
CLM-000105,REP-000643,REPAIRED_BY
CLM-000106,CUS-002454,FILED_BY
CLM-000106,DEV-002846,USES_DEVICE
CLM-000107,CUS-000313,FILED_BY
CLM-000107,DEV-001274,USES_DEVICE
CLM-000107,REP-000124,REPAIRED_BY
CLM-000108,CUS-000007,FILED_BY
CLM-000108,DEV-001529,USES_DEVICE
CLM-000108,REP-000414,REPAIRED_BY
CLM-000109,CUS-001342,FILED_BY
CLM-000109,DEV-000320,USES_DEVICE
CLM-000109,REP-000134,REPAIRED_BY
CLM-000110,CUS-000467,FILED_BY
CLM-000110,DEV-000364,USES_DEVICE
CLM-000111,CUS-000015,FILED_BY
CLM-000111,DEV-000084,USES_DEVICE
CLM-000112,CUS-000883,FILED_BY
CLM-000112,DEV-002014,USES_DEVICE
CLM-000112,REP-000070,REPAIRED_BY
CLM-000113,CUS-001123,FILED_BY
CLM-000113,DEV-002423,USES_DEVICE
CLM-000113,REP-000628,REPAIRED_BY
CLM-000114,CUS-001138,FILED_BY
CLM-000114,DEV-001146,USES_DEVICE
CLM-000115,CUS-002660,FILED_BY
CLM-000115,DEV-001578,USES_DEVICE
CLM-000115,REP-000198,REPAIRED_BY
CLM-000116,CUS-000122,FILED_BY
CLM-000116,DEV-000102,USES_DEVICE
CLM-000117,CUS-001018,FILED_BY
CLM-000117,DEV-001514,USES_DEVICE
CLM-000118,CUS-001081,FILED_BY
CLM-000118,DEV-002815,USES_DEVICE
CLM-000118,REP-000043,REPAIRED_BY
CLM-000119,CUS-002788,FILED_BY
CLM-000119,DEV-000598,USES_DEVICE
CLM-000119,REP-000571,REPAIRED_BY
CLM-000120,CUS-000833,FILED_BY
CLM-000120,DEV-002817,USES_DEVICE
CLM-000120,REP-000176,REPAIRED_BY
CLM-000121,CUS-000625,FILED_BY
CLM-000121,DEV-000483,USES_DEVICE
CLM-000121,REP-000257,REPAIRED_BY
CLM-000122,CUS-000759,FILED_BY
CLM-000122,DEV-002293,USES_DEVICE
CLM-000122,REP-000501,REPAIRED_BY
CLM-000123,CUS-000615,FILED_BY
CLM-000123,DEV-001532,USES_DEVICE
CLM-000123,REP-000081,REPAIRED_BY
CLM-000124,CUS-002476,FILED_BY
CLM-000124,DEV-002513,USES_DEVICE
CLM-000124,REP-000148,REPAIRED_BY
CLM-000125,CUS-002307,FILED_BY
CLM-000125,DEV-000303,USES_DEVICE
CLM-000125,REP-000662,REPAIRED_BY
CLM-000126,CUS-002766,FILED_BY
CLM-000126,DEV-001277,USES_DEVICE
CLM-000126,REP-000150,REPAIRED_BY
CLM-000127,CUS-001080,FILED_BY
CLM-000127,DEV-001715,USES_DEVICE
CLM-000127,REP-000268,REPAIRED_BY
CLM-000128,CUS-001438,FILED_BY
CLM-000128,DEV-002804,USES_DEVICE
CLM-000128,REP-000197,REPAIRED_BY
CLM-000129,CUS-000392,FILED_BY
CLM-000129,DEV-002868,USES_DEVICE
CLM-000129,REP-000492,REPAIRED_BY
CLM-000130,CUS-002469,FILED_BY
CLM-000130,DEV-002059,USES_DEVICE
CLM-000131,CUS-000293,FILED_BY
CLM-000131,DEV-001548,USES_DEVICE
CLM-000131,REP-000590,REPAIRED_BY
CLM-000132,CUS-002735,FILED_BY
CLM-000132,DEV-000959,USES_DEVICE
CLM-000132,REP-000419,REPAIRED_BY
CLM-000133,CUS-000826,FILED_BY
CLM-000133,DEV-001753,USES_DEVICE
CLM-000133,REP-000386,REPAIRED_BY
CLM-000134,CUS-002282,FILED_BY
CLM-000134,DEV-001393,USES_DEVICE
CLM-000134,REP-000027,REPAIRED_BY
CLM-000135,CUS-002688,FILED_BY
CLM-000135,DEV-002754,USES_DEVICE
CLM-000136,CUS-000436,FILED_BY
CLM-000136,DEV-000045,USES_DEVICE
CLM-000136,REP-000682,REPAIRED_BY
CLM-000137,CUS-002105,FILED_BY
CLM-000137,DEV-001954,USES_DEVICE
CLM-000137,REP-000578,REPAIRED_BY
CLM-000138,CUS-000032,FILED_BY
CLM-000138,DEV-001449,USES_DEVICE
CLM-000139,CUS-001556,FILED_BY
CLM-000139,DEV-002728,USES_DEVICE
CLM-000139,REP-000675,REPAIRED_BY
CLM-000140,CUS-000764,FILED_BY
CLM-000140,DEV-000748,USES_DEVICE
CLM-000140,REP-000036,REPAIRED_BY
CLM-000141,CUS-001275,FILED_BY
CLM-000141,DEV-002949,USES_DEVICE
CLM-000142,CUS-002174,FILED_BY
CLM-000142,DEV-001342,USES_DEVICE
CLM-000142,REP-000366,REPAIRED_BY
CLM-000143,CUS-000292,FILED_BY
CLM-000143,DEV-002949,USES_DEVICE
CLM-000144,CUS-001360,FILED_BY
CLM-000144,DEV-000282,USES_DEVICE
CLM-000144,REP-000588,REPAIRED_BY
CLM-000145,CUS-002303,FILED_BY
CLM-000145,DEV-000012,USES_DEVICE
CLM-000146,CUS-000038,FILED_BY
CLM-000146,DEV-000680,USES_DEVICE
CLM-000146,REP-000649,REPAIRED_BY
CLM-000147,CUS-000898,FILED_BY
CLM-000147,DEV-002852,USES_DEVICE
CLM-000147,REP-000163,REPAIRED_BY
CLM-000148,CUS-000327,FILED_BY
CLM-000148,DEV-002869,USES_DEVICE
CLM-000148,REP-000235,REPAIRED_BY
CLM-000149,CUS-000982,FILED_BY
CLM-000149,DEV-000337,USES_DEVICE
CLM-000150,CUS-001191,FILED_BY
CLM-000150,DEV-000610,USES_DEVICE
CLM-000151,CUS-001572,FILED_BY
CLM-000151,DEV-001124,USES_DEVICE
CLM-000151,REP-000157,REPAIRED_BY
CLM-000152,CUS-000710,FILED_BY
CLM-000152,DEV-000574,USES_DEVICE
CLM-000153,CUS-000087,FILED_BY
CLM-000153,DEV-000345,USES_DEVICE
CLM-000154,CUS-002243,FILED_BY
CLM-000154,DEV-001304,USES_DEVICE
CLM-000155,CUS-002647,FILED_BY
CLM-000155,DEV-001743,USES_DEVICE
CLM-000155,REP-000548,REPAIRED_BY
CLM-000156,CUS-002573,FILED_BY
CLM-000156,DEV-002112,USES_DEVICE
CLM-000156,REP-000398,REPAIRED_BY
CLM-000157,CUS-002155,FILED_BY
CLM-000157,DEV-000379,USES_DEVICE
CLM-000157,REP-000393,REPAIRED_BY
CLM-000158,CUS-001520,FILED_BY
CLM-000158,DEV-000427,USES_DEVICE
CLM-000159,CUS-001002,FILED_BY
CLM-000159,DEV-001677,USES_DEVICE
CLM-000159,REP-000609,REPAIRED_BY
CLM-000160,CUS-001493,FILED_BY
CLM-000160,DEV-002874,USES_DEVICE
CLM-000160,REP-000035,REPAIRED_BY
CLM-000161,CUS-002740,FILED_BY
CLM-000161,DEV-000602,USES_DEVICE
CLM-000161,REP-000262,REPAIRED_BY
CLM-000162,CUS-002185,FILED_BY
CLM-000162,DEV-001480,USES_DEVICE
CLM-000163,CUS-001684,FILED_BY
CLM-000163,DEV-000866,USES_DEVICE
CLM-000163,REP-000305,REPAIRED_BY
CLM-000164,CUS-000076,FILED_BY
CLM-000164,DEV-002391,USES_DEVICE
CLM-000164,REP-000522,REPAIRED_BY
CLM-000165,CUS-000490,FILED_BY
CLM-000165,DEV-000153,USES_DEVICE
CLM-000165,REP-000475,REPAIRED_BY
CLM-000166,CUS-000506,FILED_BY
CLM-000166,DEV-001469,USES_DEVICE
CLM-000166,REP-000661,REPAIRED_BY
CLM-000167,CUS-001834,FILED_BY
CLM-000167,DEV-001927,USES_DEVICE
CLM-000167,REP-000421,REPAIRED_BY
CLM-000168,CUS-001789,FILED_BY
CLM-000168,DEV-002686,USES_DEVICE
CLM-000168,REP-000417,REPAIRED_BY
CLM-000169,CUS-000122,FILED_BY
CLM-000169,DEV-000100,USES_DEVICE
CLM-000170,CUS-002453,FILED_BY
CLM-000170,DEV-002091,USES_DEVICE
CLM-000171,CUS-002539,FILED_BY
CLM-000171,DEV-002835,USES_DEVICE
CLM-000171,REP-000540,REPAIRED_BY
CLM-000172,CUS-000990,FILED_BY
CLM-000172,DEV-000485,USES_DEVICE
CLM-000172,REP-000064,REPAIRED_BY
CLM-000173,CUS-001513,FILED_BY
CLM-000173,DEV-000845,USES_DEVICE
CLM-000174,CUS-000235,FILED_BY
CLM-000174,DEV-000076,USES_DEVICE
CLM-000174,REP-000488,REPAIRED_BY
CLM-000175,CUS-002951,FILED_BY
CLM-000175,DEV-001689,USES_DEVICE
CLM-000176,CUS-002865,FILED_BY
CLM-000176,DEV-000430,USES_DEVICE
CLM-000176,REP-000155,REPAIRED_BY
CLM-000177,CUS-000655,FILED_BY
CLM-000177,DEV-000521,USES_DEVICE
CLM-000177,REP-000372,REPAIRED_BY
CLM-000178,CUS-002890,FILED_BY
CLM-000178,DEV-000731,USES_DEVICE
CLM-000178,REP-000631,REPAIRED_BY
CLM-000179,CUS-002254,FILED_BY
CLM-000179,DEV-002310,USES_DEVICE
CLM-000180,CUS-000166,FILED_BY
CLM-000180,DEV-000971,USES_DEVICE
CLM-000181,CUS-000180,FILED_BY
CLM-000181,DEV-000822,USES_DEVICE
CLM-000181,REP-000089,REPAIRED_BY
CLM-000182,CUS-000982,FILED_BY
CLM-000182,DEV-000337,USES_DEVICE
CLM-000182,REP-000608,REPAIRED_BY
CLM-000183,CUS-000056,FILED_BY
CLM-000183,DEV-000890,USES_DEVICE
CLM-000183,REP-000485,REPAIRED_BY
CLM-000184,CUS-001890,FILED_BY
CLM-000184,DEV-001462,USES_DEVICE
CLM-000184,REP-000567,REPAIRED_BY
CLM-000185,CUS-002033,FILED_BY
CLM-000185,DEV-002410,USES_DEVICE
CLM-000186,CUS-001331,FILED_BY
CLM-000186,DEV-000166,USES_DEVICE
CLM-000186,REP-000590,REPAIRED_BY
CLM-000187,CUS-001927,FILED_BY
CLM-000187,DEV-001153,USES_DEVICE
CLM-000187,REP-000284,REPAIRED_BY
CLM-000188,CUS-001424,FILED_BY
CLM-000188,DEV-002837,USES_DEVICE
CLM-000188,REP-000415,REPAIRED_BY
CLM-000189,CUS-002964,FILED_BY
CLM-000189,DEV-002831,USES_DEVICE
CLM-000190,CUS-001129,FILED_BY
CLM-000190,DEV-000884,USES_DEVICE
CLM-000191,CUS-000218,FILED_BY
CLM-000191,DEV-001981,USES_DEVICE
CLM-000191,REP-000301,REPAIRED_BY
CLM-000192,CUS-001610,FILED_BY
CLM-000192,DEV-001749,USES_DEVICE
CLM-000193,CUS-001294,FILED_BY
CLM-000193,DEV-001058,USES_DEVICE
CLM-000193,REP-000665,REPAIRED_BY
CLM-000194,CUS-001973,FILED_BY
CLM-000194,DEV-002060,USES_DEVICE
CLM-000195,CUS-000577,FILED_BY
CLM-000195,DEV-002576,USES_DEVICE
CLM-000195,REP-000232,REPAIRED_BY
CLM-000196,CUS-000944,FILED_BY
CLM-000196,DEV-001570,USES_DEVICE
CLM-000197,CUS-001741,FILED_BY
CLM-000197,DEV-000623,USES_DEVICE
CLM-000197,REP-000535,REPAIRED_BY
CLM-000198,CUS-002639,FILED_BY
CLM-000198,DEV-002950,USES_DEVICE
CLM-000198,REP-000670,REPAIRED_BY
CLM-000199,CUS-000192,FILED_BY
CLM-000199,DEV-002260,USES_DEVICE
CLM-000199,REP-000634,REPAIRED_BY
CLM-000200,CUS-000017,FILED_BY
CLM-000200,DEV-000233,USES_DEVICE
CLM-000200,REP-000642,REPAIRED_BY
CLM-000201,CUS-002809,FILED_BY
CLM-000201,DEV-000269,USES_DEVICE
CLM-000202,CUS-000165,FILED_BY
CLM-000202,DEV-000268,USES_DEVICE
CLM-000202,REP-000181,REPAIRED_BY
CLM-000203,CUS-000744,FILED_BY
CLM-000203,DEV-000920,USES_DEVICE
CLM-000204,CUS-001363,FILED_BY
CLM-000204,DEV-002722,USES_DEVICE
CLM-000205,CUS-002614,FILED_BY
CLM-000205,DEV-001719,USES_DEVICE
CLM-000205,REP-000086,REPAIRED_BY
CLM-000206,CUS-000550,FILED_BY
CLM-000206,DEV-000937,USES_DEVICE
CLM-000206,REP-000380,REPAIRED_BY
CLM-000207,CUS-000205,FILED_BY
CLM-000207,DEV-001307,USES_DEVICE
CLM-000207,REP-000227,REPAIRED_BY
CLM-000208,CUS-000682,FILED_BY
CLM-000208,DEV-000072,USES_DEVICE
CLM-000208,REP-000086,REPAIRED_BY
CLM-000209,CUS-001805,FILED_BY
CLM-000209,DEV-001504,USES_DEVICE
CLM-000210,CUS-000248,FILED_BY
CLM-000210,DEV-000182,USES_DEVICE
CLM-000211,CUS-002211,FILED_BY
CLM-000211,DEV-002921,USES_DEVICE
CLM-000211,REP-000452,REPAIRED_BY
CLM-000212,CUS-002166,FILED_BY
CLM-000212,DEV-000969,USES_DEVICE
CLM-000212,REP-000642,REPAIRED_BY
CLM-000213,CUS-000815,FILED_BY
CLM-000213,DEV-000343,USES_DEVICE
CLM-000213,REP-000550,REPAIRED_BY
CLM-000214,CUS-000311,FILED_BY
CLM-000214,DEV-000392,USES_DEVICE
CLM-000215,CUS-001819,FILED_BY
CLM-000215,DEV-002977,USES_DEVICE
CLM-000215,REP-000087,REPAIRED_BY
CLM-000216,CUS-002662,FILED_BY
CLM-000216,DEV-002482,USES_DEVICE
CLM-000217,CUS-000067,FILED_BY
CLM-000217,DEV-001971,USES_DEVICE
CLM-000218,CUS-002172,FILED_BY
CLM-000218,DEV-001556,USES_DEVICE
CLM-000218,REP-000243,REPAIRED_BY
CLM-000219,CUS-002066,FILED_BY
CLM-000219,DEV-000330,USES_DEVICE
CLM-000220,CUS-000958,FILED_BY
CLM-000220,DEV-002573,USES_DEVICE
CLM-000220,REP-000601,REPAIRED_BY
CLM-000221,CUS-002751,FILED_BY
CLM-000221,DEV-002553,USES_DEVICE
CLM-000221,REP-000016,REPAIRED_BY
CLM-000222,CUS-000349,FILED_BY
CLM-000222,DEV-000281,USES_DEVICE
CLM-000222,REP-000075,REPAIRED_BY
CLM-000223,CUS-000319,FILED_BY
CLM-000223,DEV-000549,USES_DEVICE
CLM-000223,REP-000050,REPAIRED_BY
CLM-000224,CUS-001262,FILED_BY
CLM-000224,DEV-002418,USES_DEVICE
CLM-000224,REP-000497,REPAIRED_BY
CLM-000225,CUS-002389,FILED_BY
CLM-000225,DEV-000469,USES_DEVICE
CLM-000225,REP-000180,REPAIRED_BY
CLM-000226,CUS-002244,FILED_BY
CLM-000226,DEV-000137,USES_DEVICE
CLM-000227,CUS-001146,FILED_BY
CLM-000227,DEV-000858,USES_DEVICE
CLM-000228,CUS-002421,FILED_BY
CLM-000228,DEV-001084,USES_DEVICE
CLM-000228,REP-000134,REPAIRED_BY
CLM-000229,CUS-000919,FILED_BY
CLM-000229,DEV-002934,USES_DEVICE
CLM-000229,REP-000284,REPAIRED_BY
CLM-000230,CUS-000111,FILED_BY
CLM-000230,DEV-002545,USES_DEVICE
CLM-000231,CUS-001819,FILED_BY
CLM-000231,DEV-000306,USES_DEVICE
CLM-000231,REP-000599,REPAIRED_BY
CLM-000232,CUS-001380,FILED_BY
CLM-000232,DEV-000695,USES_DEVICE
CLM-000233,CUS-000648,FILED_BY
CLM-000233,DEV-000379,USES_DEVICE
CLM-000234,CUS-001697,FILED_BY
CLM-000234,DEV-002238,USES_DEVICE
CLM-000235,CUS-002675,FILED_BY
CLM-000235,DEV-002581,USES_DEVICE
CLM-000235,REP-000109,REPAIRED_BY
CLM-000236,CUS-001018,FILED_BY
CLM-000236,DEV-001514,USES_DEVICE
CLM-000236,REP-000407,REPAIRED_BY
CLM-000237,CUS-002101,FILED_BY
CLM-000237,DEV-002627,USES_DEVICE
CLM-000238,CUS-000030,FILED_BY
CLM-000238,DEV-002941,USES_DEVICE
CLM-000239,CUS-000226,FILED_BY
CLM-000239,DEV-000424,USES_DEVICE
CLM-000240,CUS-002907,FILED_BY
CLM-000240,DEV-000620,USES_DEVICE
CLM-000241,CUS-002510,FILED_BY
CLM-000241,DEV-000481,USES_DEVICE
CLM-000242,CUS-002645,FILED_BY
CLM-000242,DEV-002062,USES_DEVICE
CLM-000242,REP-000451,REPAIRED_BY
CLM-000243,CUS-002963,FILED_BY
CLM-000243,DEV-002944,USES_DEVICE
CLM-000244,CUS-001062,FILED_BY
CLM-000244,DEV-001692,USES_DEVICE
CLM-000244,REP-000456,REPAIRED_BY
CLM-000245,CUS-000640,FILED_BY
CLM-000245,DEV-002674,USES_DEVICE
CLM-000245,REP-000015,REPAIRED_BY
CLM-000246,CUS-000158,FILED_BY
CLM-000246,DEV-002733,USES_DEVICE
CLM-000246,REP-000515,REPAIRED_BY
CLM-000247,CUS-001418,FILED_BY
CLM-000247,DEV-001224,USES_DEVICE
CLM-000248,CUS-002074,FILED_BY
CLM-000248,DEV-001533,USES_DEVICE
CLM-000249,CUS-001544,FILED_BY
CLM-000249,DEV-001016,USES_DEVICE
CLM-000249,REP-000676,REPAIRED_BY
CLM-000250,CUS-000127,FILED_BY
CLM-000250,DEV-001551,USES_DEVICE
CLM-000251,CUS-001427,FILED_BY
CLM-000251,DEV-002443,USES_DEVICE
CLM-000252,CUS-001149,FILED_BY
CLM-000252,DEV-002673,USES_DEVICE
CLM-000253,CUS-000218,FILED_BY
CLM-000253,DEV-001981,USES_DEVICE
CLM-000253,REP-000499,REPAIRED_BY
CLM-000254,CUS-000392,FILED_BY
CLM-000254,DEV-001647,USES_DEVICE
CLM-000255,CUS-002845,FILED_BY
CLM-000255,DEV-001279,USES_DEVICE
CLM-000256,CUS-002733,FILED_BY
CLM-000256,DEV-001286,USES_DEVICE
CLM-000257,CUS-000719,FILED_BY
CLM-000257,DEV-002445,USES_DEVICE
CLM-000258,CUS-002320,FILED_BY
CLM-000258,DEV-001162,USES_DEVICE
CLM-000258,REP-000633,REPAIRED_BY
CLM-000259,CUS-002958,FILED_BY
CLM-000259,DEV-000563,USES_DEVICE
CLM-000259,REP-000681,REPAIRED_BY
CLM-000260,CUS-002571,FILED_BY
CLM-000260,DEV-000334,USES_DEVICE
CLM-000260,REP-000598,REPAIRED_BY
CLM-000261,CUS-000450,FILED_BY
CLM-000261,DEV-000337,USES_DEVICE
CLM-000261,REP-000510,REPAIRED_BY
CLM-000262,CUS-003000,FILED_BY
CLM-000262,DEV-002967,USES_DEVICE
CLM-000263,CUS-001231,FILED_BY
CLM-000263,DEV-000700,USES_DEVICE
CLM-000264,CUS-000313,FILED_BY
CLM-000264,DEV-001274,USES_DEVICE
CLM-000264,REP-000526,REPAIRED_BY
CLM-000265,CUS-002080,FILED_BY
CLM-000265,DEV-002844,USES_DEVICE
CLM-000265,REP-000398,REPAIRED_BY
CLM-000266,CUS-002018,FILED_BY
CLM-000266,DEV-001393,USES_DEVICE
CLM-000266,REP-000560,REPAIRED_BY
CLM-000267,CUS-002196,FILED_BY
CLM-000267,DEV-001125,USES_DEVICE
CLM-000268,CUS-001549,FILED_BY
CLM-000268,DEV-000653,USES_DEVICE
CLM-000268,REP-000628,REPAIRED_BY
CLM-000269,CUS-000779,FILED_BY
CLM-000269,DEV-001060,USES_DEVICE
CLM-000270,CUS-001947,FILED_BY
CLM-000270,DEV-000945,USES_DEVICE
CLM-000271,CUS-002912,FILED_BY
CLM-000271,DEV-002971,USES_DEVICE
CLM-000272,CUS-000787,FILED_BY
CLM-000272,DEV-001540,USES_DEVICE
CLM-000272,REP-000329,REPAIRED_BY
CLM-000273,CUS-001334,FILED_BY
CLM-000273,DEV-000226,USES_DEVICE
CLM-000274,CUS-002906,FILED_BY
CLM-000274,DEV-000654,USES_DEVICE
CLM-000274,REP-000664,REPAIRED_BY
CLM-000275,CUS-000990,FILED_BY
CLM-000275,DEV-000485,USES_DEVICE
CLM-000275,REP-000299,REPAIRED_BY
CLM-000276,CUS-002171,FILED_BY
CLM-000276,DEV-002121,USES_DEVICE
CLM-000277,CUS-001105,FILED_BY
CLM-000277,DEV-000012,USES_DEVICE
CLM-000278,CUS-000457,FILED_BY
CLM-000278,DEV-002558,USES_DEVICE
CLM-000278,REP-000698,REPAIRED_BY
CLM-000279,CUS-000421,FILED_BY
CLM-000279,DEV-000959,USES_DEVICE
CLM-000279,REP-000659,REPAIRED_BY
CLM-000280,CUS-001894,FILED_BY
CLM-000280,DEV-002205,USES_DEVICE
CLM-000280,REP-000555,REPAIRED_BY
CLM-000281,CUS-002856,FILED_BY
CLM-000281,DEV-002989,USES_DEVICE
CLM-000281,REP-000469,REPAIRED_BY
CLM-000282,CUS-001262,FILED_BY
CLM-000282,DEV-002418,USES_DEVICE
CLM-000282,REP-000142,REPAIRED_BY
CLM-000283,CUS-002133,FILED_BY
CLM-000283,DEV-002993,USES_DEVICE
CLM-000284,CUS-001427,FILED_BY
CLM-000284,DEV-002443,USES_DEVICE
CLM-000285,CUS-002745,FILED_BY
CLM-000285,DEV-001429,USES_DEVICE
CLM-000286,CUS-000420,FILED_BY
CLM-000286,DEV-002486,USES_DEVICE
CLM-000286,REP-000249,REPAIRED_BY
CLM-000287,CUS-001530,FILED_BY
CLM-000287,DEV-002466,USES_DEVICE
CLM-000287,REP-000483,REPAIRED_BY
CLM-000288,CUS-000408,FILED_BY
CLM-000288,DEV-000119,USES_DEVICE
CLM-000288,REP-000027,REPAIRED_BY
CLM-000289,CUS-000291,FILED_BY
CLM-000289,DEV-002990,USES_DEVICE
CLM-000289,REP-000548,REPAIRED_BY
CLM-000290,CUS-002538,FILED_BY
CLM-000290,DEV-000791,USES_DEVICE
CLM-000290,REP-000111,REPAIRED_BY
CLM-000291,CUS-000190,FILED_BY
CLM-000291,DEV-001986,USES_DEVICE
CLM-000291,REP-000187,REPAIRED_BY
CLM-000292,CUS-001815,FILED_BY
CLM-000292,DEV-002696,USES_DEVICE
CLM-000292,REP-000476,REPAIRED_BY
CLM-000293,CUS-001162,FILED_BY
CLM-000293,DEV-002822,USES_DEVICE
CLM-000294,CUS-002745,FILED_BY
CLM-000294,DEV-001429,USES_DEVICE
CLM-000295,CUS-001712,FILED_BY
CLM-000295,DEV-001524,USES_DEVICE
CLM-000295,REP-000573,REPAIRED_BY
CLM-000296,CUS-002818,FILED_BY
CLM-000296,DEV-001358,USES_DEVICE
CLM-000297,CUS-002987,FILED_BY
CLM-000297,DEV-000867,USES_DEVICE
CLM-000297,REP-000205,REPAIRED_BY
CLM-000298,CUS-001002,FILED_BY
CLM-000298,DEV-001694,USES_DEVICE
CLM-000298,REP-000007,REPAIRED_BY
CLM-000299,CUS-001921,FILED_BY
CLM-000299,DEV-000324,USES_DEVICE
CLM-000300,CUS-002686,FILED_BY
CLM-000300,DEV-001416,USES_DEVICE
CLM-000301,CUS-002513,FILED_BY
CLM-000301,DEV-000565,USES_DEVICE
CLM-000301,REP-000120,REPAIRED_BY
CLM-000302,CUS-000249,FILED_BY
CLM-000302,DEV-002508,USES_DEVICE
CLM-000302,REP-000569,REPAIRED_BY
CLM-000303,CUS-000555,FILED_BY
CLM-000303,DEV-000257,USES_DEVICE
CLM-000303,REP-000055,REPAIRED_BY
CLM-000304,CUS-002795,FILED_BY
CLM-000304,DEV-002058,USES_DEVICE
CLM-000304,REP-000309,REPAIRED_BY
CLM-000305,CUS-000111,FILED_BY
CLM-000305,DEV-002194,USES_DEVICE
CLM-000305,REP-000008,REPAIRED_BY
CLM-000306,CUS-001354,FILED_BY
CLM-000306,DEV-000892,USES_DEVICE
CLM-000307,CUS-002432,FILED_BY
CLM-000307,DEV-000284,USES_DEVICE
CLM-000307,REP-000368,REPAIRED_BY
CLM-000308,CUS-001161,FILED_BY
CLM-000308,DEV-000876,USES_DEVICE
CLM-000308,REP-000109,REPAIRED_BY
CLM-000309,CUS-001268,FILED_BY
CLM-000309,DEV-001485,USES_DEVICE
CLM-000310,CUS-000774,FILED_BY
CLM-000310,DEV-000214,USES_DEVICE
CLM-000311,CUS-001501,FILED_BY
CLM-000311,DEV-002416,USES_DEVICE
CLM-000311,REP-000562,REPAIRED_BY
CLM-000312,CUS-001420,FILED_BY
CLM-000312,DEV-001597,USES_DEVICE
CLM-000312,REP-000175,REPAIRED_BY
CLM-000313,CUS-000642,FILED_BY
CLM-000313,DEV-001196,USES_DEVICE
CLM-000313,REP-000252,REPAIRED_BY
CLM-000314,CUS-001978,FILED_BY
CLM-000314,DEV-002035,USES_DEVICE
CLM-000315,CUS-000687,FILED_BY
CLM-000315,DEV-000266,USES_DEVICE
CLM-000315,REP-000025,REPAIRED_BY
CLM-000316,CUS-001920,FILED_BY
CLM-000316,DEV-000749,USES_DEVICE
CLM-000316,REP-000686,REPAIRED_BY
CLM-000317,CUS-002845,FILED_BY
CLM-000317,DEV-001279,USES_DEVICE
CLM-000317,REP-000062,REPAIRED_BY
CLM-000318,CUS-002810,FILED_BY
CLM-000318,DEV-000092,USES_DEVICE
CLM-000319,CUS-001806,FILED_BY
CLM-000319,DEV-000133,USES_DEVICE
CLM-000320,CUS-002459,FILED_BY
CLM-000320,DEV-001826,USES_DEVICE
CLM-000320,REP-000198,REPAIRED_BY
CLM-000321,CUS-000502,FILED_BY
CLM-000321,DEV-001571,USES_DEVICE
CLM-000322,CUS-002863,FILED_BY
CLM-000322,DEV-001579,USES_DEVICE
CLM-000322,REP-000295,REPAIRED_BY
CLM-000323,CUS-001433,FILED_BY
CLM-000323,DEV-000552,USES_DEVICE
CLM-000324,CUS-001536,FILED_BY
CLM-000324,DEV-002712,USES_DEVICE
CLM-000325,CUS-000912,FILED_BY
CLM-000325,DEV-001251,USES_DEVICE
CLM-000325,REP-000011,REPAIRED_BY
CLM-000326,CUS-000110,FILED_BY
CLM-000326,DEV-000962,USES_DEVICE
CLM-000327,CUS-000632,FILED_BY
CLM-000327,DEV-002996,USES_DEVICE
CLM-000327,REP-000335,REPAIRED_BY
CLM-000328,CUS-000643,FILED_BY
CLM-000328,DEV-001104,USES_DEVICE
CLM-000328,REP-000213,REPAIRED_BY
CLM-000329,CUS-002115,FILED_BY
CLM-000329,DEV-001789,USES_DEVICE
CLM-000329,REP-000622,REPAIRED_BY
CLM-000330,CUS-001232,FILED_BY
CLM-000330,DEV-000425,USES_DEVICE
CLM-000330,REP-000011,REPAIRED_BY
CLM-000331,CUS-001460,FILED_BY
CLM-000331,DEV-002609,USES_DEVICE
CLM-000331,REP-000239,REPAIRED_BY
CLM-000332,CUS-001103,FILED_BY
CLM-000332,DEV-000060,USES_DEVICE
CLM-000333,CUS-002753,FILED_BY
CLM-000333,DEV-001669,USES_DEVICE
CLM-000334,CUS-001057,FILED_BY
CLM-000334,DEV-002917,USES_DEVICE
CLM-000334,REP-000399,REPAIRED_BY
CLM-000335,CUS-001231,FILED_BY
CLM-000335,DEV-001015,USES_DEVICE
CLM-000336,CUS-002965,FILED_BY
CLM-000336,DEV-001546,USES_DEVICE
CLM-000336,REP-000684,REPAIRED_BY
CLM-000337,CUS-000710,FILED_BY
CLM-000337,DEV-000073,USES_DEVICE
CLM-000338,CUS-001886,FILED_BY
CLM-000338,DEV-000851,USES_DEVICE
CLM-000338,REP-000252,REPAIRED_BY
CLM-000339,CUS-002897,FILED_BY
CLM-000339,DEV-001631,USES_DEVICE
CLM-000340,CUS-002347,FILED_BY
CLM-000340,DEV-002192,USES_DEVICE
CLM-000341,CUS-002177,FILED_BY
CLM-000341,DEV-002816,USES_DEVICE
CLM-000342,CUS-001527,FILED_BY
CLM-000342,DEV-000398,USES_DEVICE
CLM-000343,CUS-002963,FILED_BY
CLM-000343,DEV-002944,USES_DEVICE
CLM-000343,REP-000131,REPAIRED_BY
CLM-000344,CUS-002491,FILED_BY
CLM-000344,DEV-002363,USES_DEVICE
CLM-000344,REP-000077,REPAIRED_BY
CLM-000345,CUS-002633,FILED_BY
CLM-000345,DEV-000219,USES_DEVICE
CLM-000345,REP-000145,REPAIRED_BY
CLM-000346,CUS-002904,FILED_BY
CLM-000346,DEV-000313,USES_DEVICE
CLM-000347,CUS-002079,FILED_BY
CLM-000347,DEV-000481,USES_DEVICE
CLM-000348,CUS-001392,FILED_BY
CLM-000348,DEV-002342,USES_DEVICE
CLM-000348,REP-000513,REPAIRED_BY
CLM-000349,CUS-001960,FILED_BY
CLM-000349,DEV-000203,USES_DEVICE
CLM-000349,REP-000215,REPAIRED_BY
CLM-000350,CUS-002131,FILED_BY
CLM-000350,DEV-002870,USES_DEVICE
CLM-000350,REP-000559,REPAIRED_BY
CLM-000351,CUS-001678,FILED_BY
CLM-000351,DEV-002418,USES_DEVICE
CLM-000351,REP-000407,REPAIRED_BY
CLM-000352,CUS-001942,FILED_BY
CLM-000352,DEV-002874,USES_DEVICE
CLM-000353,CUS-002766,FILED_BY
CLM-000353,DEV-001736,USES_DEVICE
CLM-000354,CUS-000912,FILED_BY
CLM-000354,DEV-001251,USES_DEVICE
CLM-000355,CUS-002813,FILED_BY
CLM-000355,DEV-000886,USES_DEVICE
CLM-000356,CUS-000959,FILED_BY
CLM-000356,DEV-002023,USES_DEVICE
CLM-000356,REP-000010,REPAIRED_BY
CLM-000357,CUS-001261,FILED_BY
CLM-000357,DEV-002661,USES_DEVICE
CLM-000358,CUS-000978,FILED_BY
CLM-000358,DEV-001593,USES_DEVICE
CLM-000358,REP-000147,REPAIRED_BY
CLM-000359,CUS-001936,FILED_BY
CLM-000359,DEV-001632,USES_DEVICE
CLM-000360,CUS-001009,FILED_BY
CLM-000360,DEV-000626,USES_DEVICE
CLM-000360,REP-000013,REPAIRED_BY
CLM-000361,CUS-002890,FILED_BY
CLM-000361,DEV-002554,USES_DEVICE
CLM-000361,REP-000193,REPAIRED_BY
CLM-000362,CUS-000895,FILED_BY
CLM-000362,DEV-000814,USES_DEVICE
CLM-000363,CUS-002668,FILED_BY
CLM-000363,DEV-001948,USES_DEVICE
CLM-000363,REP-000217,REPAIRED_BY
CLM-000364,CUS-002660,FILED_BY
CLM-000364,DEV-001578,USES_DEVICE
CLM-000364,REP-000609,REPAIRED_BY
CLM-000365,CUS-002042,FILED_BY
CLM-000365,DEV-001964,USES_DEVICE
CLM-000365,REP-000426,REPAIRED_BY
CLM-000366,CUS-002803,FILED_BY
CLM-000366,DEV-002415,USES_DEVICE
CLM-000367,CUS-002108,FILED_BY
CLM-000367,DEV-002331,USES_DEVICE
CLM-000367,REP-000371,REPAIRED_BY
CLM-000368,CUS-002219,FILED_BY
CLM-000368,DEV-001718,USES_DEVICE
CLM-000368,REP-000420,REPAIRED_BY
CLM-000369,CUS-001395,FILED_BY
CLM-000369,DEV-002642,USES_DEVICE
CLM-000370,CUS-002174,FILED_BY
CLM-000370,DEV-001590,USES_DEVICE
CLM-000371,CUS-001615,FILED_BY
CLM-000371,DEV-001617,USES_DEVICE
CLM-000371,REP-000403,REPAIRED_BY
CLM-000372,CUS-000741,FILED_BY
CLM-000372,DEV-001283,USES_DEVICE
CLM-000372,REP-000051,REPAIRED_BY
CLM-000373,CUS-002127,FILED_BY
CLM-000373,DEV-000346,USES_DEVICE
CLM-000373,REP-000379,REPAIRED_BY
CLM-000374,CUS-002262,FILED_BY
CLM-000374,DEV-000707,USES_DEVICE
CLM-000375,CUS-000293,FILED_BY
CLM-000375,DEV-000642,USES_DEVICE
CLM-000375,REP-000683,REPAIRED_BY
CLM-000376,CUS-000470,FILED_BY
CLM-000376,DEV-000838,USES_DEVICE
CLM-000376,REP-000300,REPAIRED_BY
CLM-000377,CUS-001277,FILED_BY
CLM-000377,DEV-002949,USES_DEVICE
CLM-000377,REP-000534,REPAIRED_BY
CLM-000378,CUS-002697,FILED_BY
CLM-000378,DEV-002729,USES_DEVICE
CLM-000378,REP-000360,REPAIRED_BY
CLM-000379,CUS-002380,FILED_BY
CLM-000379,DEV-001056,USES_DEVICE
CLM-000380,CUS-000546,FILED_BY
CLM-000380,DEV-001788,USES_DEVICE
CLM-000381,CUS-001690,FILED_BY
CLM-000381,DEV-000088,USES_DEVICE
CLM-000381,REP-000309,REPAIRED_BY
CLM-000382,CUS-001138,FILED_BY
CLM-000382,DEV-001146,USES_DEVICE
CLM-000382,REP-000236,REPAIRED_BY
CLM-000383,CUS-000486,FILED_BY
CLM-000383,DEV-001823,USES_DEVICE
CLM-000383,REP-000480,REPAIRED_BY
CLM-000384,CUS-001559,FILED_BY
CLM-000384,DEV-000312,USES_DEVICE
CLM-000385,CUS-002166,FILED_BY
CLM-000385,DEV-000969,USES_DEVICE
CLM-000385,REP-000215,REPAIRED_BY
CLM-000386,CUS-000221,FILED_BY
CLM-000386,DEV-002954,USES_DEVICE
CLM-000387,CUS-001030,FILED_BY
CLM-000387,DEV-000533,USES_DEVICE
CLM-000388,CUS-000154,FILED_BY
CLM-000388,DEV-000470,USES_DEVICE
CLM-000389,CUS-000190,FILED_BY
CLM-000389,DEV-002556,USES_DEVICE
CLM-000390,CUS-002033,FILED_BY
CLM-000390,DEV-000904,USES_DEVICE
CLM-000390,REP-000151,REPAIRED_BY
CLM-000391,CUS-000041,FILED_BY
CLM-000391,DEV-002246,USES_DEVICE
CLM-000392,CUS-002789,FILED_BY
CLM-000392,DEV-001047,USES_DEVICE
CLM-000393,CUS-001392,FILED_BY
CLM-000393,DEV-002342,USES_DEVICE
CLM-000393,REP-000509,REPAIRED_BY
CLM-000394,CUS-000021,FILED_BY
CLM-000394,DEV-001265,USES_DEVICE
CLM-000394,REP-000553,REPAIRED_BY
CLM-000395,CUS-002243,FILED_BY
CLM-000395,DEV-001304,USES_DEVICE
CLM-000396,CUS-002623,FILED_BY
CLM-000396,DEV-001916,USES_DEVICE
CLM-000396,REP-000336,REPAIRED_BY
CLM-000397,CUS-002666,FILED_BY
CLM-000397,DEV-000458,USES_DEVICE
CLM-000397,REP-000135,REPAIRED_BY
CLM-000398,CUS-002868,FILED_BY
CLM-000398,DEV-002911,USES_DEVICE
CLM-000399,CUS-002089,FILED_BY
CLM-000399,DEV-001896,USES_DEVICE
CLM-000399,REP-000280,REPAIRED_BY
CLM-000400,CUS-001457,FILED_BY
CLM-000400,DEV-001514,USES_DEVICE
CLM-000400,REP-000048,REPAIRED_BY
CLM-000401,CUS-001186,FILED_BY
CLM-000401,DEV-001446,USES_DEVICE
CLM-000402,CUS-000717,FILED_BY
CLM-000402,DEV-001559,USES_DEVICE
CLM-000402,REP-000069,REPAIRED_BY
CLM-000403,CUS-000030,FILED_BY
CLM-000403,DEV-002941,USES_DEVICE
CLM-000404,CUS-000205,FILED_BY
CLM-000404,DEV-001260,USES_DEVICE
CLM-000404,REP-000077,REPAIRED_BY
CLM-000405,CUS-002574,FILED_BY
CLM-000405,DEV-000129,USES_DEVICE
CLM-000406,CUS-002801,FILED_BY
CLM-000406,DEV-000055,USES_DEVICE
CLM-000406,REP-000146,REPAIRED_BY
CLM-000407,CUS-002335,FILED_BY
CLM-000407,DEV-002476,USES_DEVICE
CLM-000408,CUS-000096,FILED_BY
CLM-000408,DEV-002315,USES_DEVICE
CLM-000408,REP-000039,REPAIRED_BY
CLM-000409,CUS-000833,FILED_BY
CLM-000409,DEV-001011,USES_DEVICE
CLM-000409,REP-000676,REPAIRED_BY
CLM-000410,CUS-000248,FILED_BY
CLM-000410,DEV-001490,USES_DEVICE
CLM-000410,REP-000061,REPAIRED_BY
CLM-000411,CUS-002554,FILED_BY
CLM-000411,DEV-001337,USES_DEVICE
CLM-000411,REP-000571,REPAIRED_BY
CLM-000412,CUS-002162,FILED_BY
CLM-000412,DEV-000082,USES_DEVICE
CLM-000412,REP-000279,REPAIRED_BY
CLM-000413,CUS-001760,FILED_BY
CLM-000413,DEV-000578,USES_DEVICE
CLM-000414,CUS-001420,FILED_BY
CLM-000414,DEV-000882,USES_DEVICE
CLM-000414,REP-000556,REPAIRED_BY
CLM-000415,CUS-002196,FILED_BY
CLM-000415,DEV-001986,USES_DEVICE
CLM-000415,REP-000671,REPAIRED_BY
CLM-000416,CUS-000321,FILED_BY
CLM-000416,DEV-002037,USES_DEVICE
CLM-000417,CUS-001450,FILED_BY
CLM-000417,DEV-002801,USES_DEVICE
CLM-000418,CUS-002662,FILED_BY
CLM-000418,DEV-001524,USES_DEVICE
CLM-000418,REP-000161,REPAIRED_BY
CLM-000419,CUS-000621,FILED_BY
CLM-000419,DEV-000922,USES_DEVICE
CLM-000420,CUS-001933,FILED_BY
CLM-000420,DEV-001206,USES_DEVICE
CLM-000421,CUS-002041,FILED_BY
CLM-000421,DEV-000291,USES_DEVICE
CLM-000422,CUS-002456,FILED_BY
CLM-000422,DEV-000913,USES_DEVICE
CLM-000422,REP-000299,REPAIRED_BY
CLM-000423,CUS-000774,FILED_BY
CLM-000423,DEV-001003,USES_DEVICE
CLM-000423,REP-000468,REPAIRED_BY
CLM-000424,CUS-000637,FILED_BY
CLM-000424,DEV-002163,USES_DEVICE
CLM-000425,CUS-000992,FILED_BY
CLM-000425,DEV-001186,USES_DEVICE
CLM-000425,REP-000527,REPAIRED_BY
CLM-000426,CUS-001281,FILED_BY
CLM-000426,DEV-001892,USES_DEVICE
CLM-000426,REP-000433,REPAIRED_BY
CLM-000427,CUS-000767,FILED_BY
CLM-000427,DEV-001643,USES_DEVICE
CLM-000427,REP-000183,REPAIRED_BY
CLM-000428,CUS-002225,FILED_BY
CLM-000428,DEV-002544,USES_DEVICE
CLM-000428,REP-000559,REPAIRED_BY
CLM-000429,CUS-001677,FILED_BY
CLM-000429,DEV-002265,USES_DEVICE
CLM-000429,REP-000614,REPAIRED_BY
CLM-000430,CUS-000752,FILED_BY
CLM-000430,DEV-002890,USES_DEVICE
CLM-000431,CUS-000331,FILED_BY
CLM-000431,DEV-000226,USES_DEVICE
CLM-000432,CUS-000395,FILED_BY
CLM-000432,DEV-000362,USES_DEVICE
CLM-000432,REP-000319,REPAIRED_BY
CLM-000433,CUS-000088,FILED_BY
CLM-000433,DEV-001602,USES_DEVICE
CLM-000433,REP-000659,REPAIRED_BY
CLM-000434,CUS-001282,FILED_BY
CLM-000434,DEV-002620,USES_DEVICE
CLM-000434,REP-000377,REPAIRED_BY
CLM-000435,CUS-002479,FILED_BY
CLM-000435,DEV-000989,USES_DEVICE
CLM-000435,REP-000215,REPAIRED_BY
CLM-000436,CUS-002648,FILED_BY
CLM-000436,DEV-000252,USES_DEVICE
CLM-000436,REP-000477,REPAIRED_BY
CLM-000437,CUS-002706,FILED_BY
CLM-000437,DEV-001031,USES_DEVICE
CLM-000437,REP-000259,REPAIRED_BY
CLM-000438,CUS-001456,FILED_BY
CLM-000438,DEV-002516,USES_DEVICE
CLM-000439,CUS-002185,FILED_BY
CLM-000439,DEV-001480,USES_DEVICE
CLM-000439,REP-000684,REPAIRED_BY
CLM-000440,CUS-001190,FILED_BY
CLM-000440,DEV-000604,USES_DEVICE
CLM-000440,REP-000337,REPAIRED_BY
CLM-000441,CUS-001460,FILED_BY
CLM-000441,DEV-002609,USES_DEVICE
CLM-000441,REP-000193,REPAIRED_BY
CLM-000442,CUS-001834,FILED_BY
CLM-000442,DEV-001927,USES_DEVICE
CLM-000442,REP-000088,REPAIRED_BY
CLM-000443,CUS-002933,FILED_BY
CLM-000443,DEV-001939,USES_DEVICE
CLM-000443,REP-000654,REPAIRED_BY
CLM-000444,CUS-001468,FILED_BY
CLM-000444,DEV-001229,USES_DEVICE
CLM-000445,CUS-000035,FILED_BY
CLM-000445,DEV-001797,USES_DEVICE
CLM-000446,CUS-001750,FILED_BY
CLM-000446,DEV-001692,USES_DEVICE
CLM-000446,REP-000594,REPAIRED_BY
CLM-000447,CUS-000996,FILED_BY
CLM-000447,DEV-002998,USES_DEVICE
CLM-000447,REP-000019,REPAIRED_BY
CLM-000448,CUS-002073,FILED_BY
CLM-000448,DEV-000143,USES_DEVICE
CLM-000449,CUS-001972,FILED_BY
CLM-000449,DEV-001945,USES_DEVICE
CLM-000450,CUS-002125,FILED_BY
CLM-000450,DEV-002941,USES_DEVICE
CLM-000451,CUS-000370,FILED_BY
CLM-000451,DEV-002642,USES_DEVICE
CLM-000451,REP-000572,REPAIRED_BY
CLM-000452,CUS-000178,FILED_BY
CLM-000452,DEV-001046,USES_DEVICE
CLM-000452,REP-000166,REPAIRED_BY
CLM-000453,CUS-001406,FILED_BY
CLM-000453,DEV-002415,USES_DEVICE
CLM-000453,REP-000161,REPAIRED_BY
CLM-000454,CUS-000447,FILED_BY
CLM-000454,DEV-000667,USES_DEVICE
CLM-000455,CUS-001605,FILED_BY
CLM-000455,DEV-000755,USES_DEVICE
CLM-000456,CUS-002797,FILED_BY
CLM-000456,DEV-002185,USES_DEVICE
CLM-000456,REP-000700,REPAIRED_BY
CLM-000457,CUS-001221,FILED_BY
CLM-000457,DEV-002369,USES_DEVICE
CLM-000457,REP-000588,REPAIRED_BY
CLM-000458,CUS-002596,FILED_BY
CLM-000458,DEV-001371,USES_DEVICE
CLM-000458,REP-000516,REPAIRED_BY
CLM-000459,CUS-002726,FILED_BY
CLM-000459,DEV-001601,USES_DEVICE
CLM-000460,CUS-001998,FILED_BY
CLM-000460,DEV-000560,USES_DEVICE
CLM-000461,CUS-001195,FILED_BY
CLM-000461,DEV-000459,USES_DEVICE
CLM-000461,REP-000053,REPAIRED_BY
CLM-000462,CUS-000501,FILED_BY
CLM-000462,DEV-000337,USES_DEVICE
CLM-000462,REP-000608,REPAIRED_BY
CLM-000463,CUS-002533,FILED_BY
CLM-000463,DEV-002713,USES_DEVICE
CLM-000463,REP-000209,REPAIRED_BY
CLM-000464,CUS-001085,FILED_BY
CLM-000464,DEV-001610,USES_DEVICE
CLM-000464,REP-000326,REPAIRED_BY
CLM-000465,CUS-002469,FILED_BY
CLM-000465,DEV-002247,USES_DEVICE
CLM-000466,CUS-002878,FILED_BY
CLM-000466,DEV-002696,USES_DEVICE
CLM-000467,CUS-001459,FILED_BY
CLM-000467,DEV-001724,USES_DEVICE
CLM-000467,REP-000624,REPAIRED_BY
CLM-000468,CUS-001670,FILED_BY
CLM-000468,DEV-001442,USES_DEVICE
CLM-000468,REP-000196,REPAIRED_BY
CLM-000469,CUS-002965,FILED_BY
CLM-000469,DEV-001546,USES_DEVICE
CLM-000469,REP-000484,REPAIRED_BY
CLM-000470,CUS-001725,FILED_BY
CLM-000470,DEV-000876,USES_DEVICE
CLM-000470,REP-000147,REPAIRED_BY
CLM-000471,CUS-002891,FILED_BY
CLM-000471,DEV-000764,USES_DEVICE
CLM-000471,REP-000186,REPAIRED_BY
CLM-000472,CUS-002155,FILED_BY
CLM-000472,DEV-000379,USES_DEVICE
CLM-000473,CUS-001321,FILED_BY
CLM-000473,DEV-002166,USES_DEVICE
CLM-000473,REP-000342,REPAIRED_BY
CLM-000474,CUS-001961,FILED_BY
CLM-000474,DEV-000936,USES_DEVICE
CLM-000474,REP-000245,REPAIRED_BY
CLM-000475,CUS-002535,FILED_BY
CLM-000475,DEV-000726,USES_DEVICE
CLM-000475,REP-000604,REPAIRED_BY
CLM-000476,CUS-002178,FILED_BY
CLM-000476,DEV-001423,USES_DEVICE
CLM-000476,REP-000093,REPAIRED_BY
CLM-000477,CUS-000277,FILED_BY
CLM-000477,DEV-001398,USES_DEVICE
CLM-000477,REP-000374,REPAIRED_BY
CLM-000478,CUS-000720,FILED_BY
CLM-000478,DEV-001390,USES_DEVICE
CLM-000478,REP-000189,REPAIRED_BY
CLM-000479,CUS-002952,FILED_BY
CLM-000479,DEV-000651,USES_DEVICE
CLM-000479,REP-000507,REPAIRED_BY
CLM-000480,CUS-000392,FILED_BY
CLM-000480,DEV-000352,USES_DEVICE
CLM-000480,REP-000248,REPAIRED_BY
CLM-000481,CUS-002933,FILED_BY
CLM-000481,DEV-001500,USES_DEVICE
CLM-000481,REP-000350,REPAIRED_BY
CLM-000482,CUS-002839,FILED_BY
CLM-000482,DEV-002543,USES_DEVICE
CLM-000483,CUS-000457,FILED_BY
CLM-000483,DEV-002227,USES_DEVICE
CLM-000483,REP-000061,REPAIRED_BY
CLM-000484,CUS-002811,FILED_BY
CLM-000484,DEV-002266,USES_DEVICE
CLM-000484,REP-000106,REPAIRED_BY
CLM-000485,CUS-000506,FILED_BY
CLM-000485,DEV-001469,USES_DEVICE
CLM-000485,REP-000683,REPAIRED_BY
CLM-000486,CUS-000369,FILED_BY
CLM-000486,DEV-001779,USES_DEVICE
CLM-000486,REP-000106,REPAIRED_BY
CLM-000487,CUS-000769,FILED_BY
CLM-000487,DEV-001135,USES_DEVICE
CLM-000488,CUS-001905,FILED_BY
CLM-000488,DEV-002223,USES_DEVICE
CLM-000489,CUS-000165,FILED_BY
CLM-000489,DEV-000858,USES_DEVICE
CLM-000490,CUS-002468,FILED_BY
CLM-000490,DEV-001570,USES_DEVICE
CLM-000490,REP-000020,REPAIRED_BY
CLM-000491,CUS-002118,FILED_BY
CLM-000491,DEV-001011,USES_DEVICE
CLM-000491,REP-000357,REPAIRED_BY
CLM-000492,CUS-000398,FILED_BY
CLM-000492,DEV-001311,USES_DEVICE
CLM-000493,CUS-001819,FILED_BY
CLM-000493,DEV-002977,USES_DEVICE
CLM-000494,CUS-000325,FILED_BY
CLM-000494,DEV-001789,USES_DEVICE
CLM-000495,CUS-001723,FILED_BY
CLM-000495,DEV-002446,USES_DEVICE
CLM-000495,REP-000464,REPAIRED_BY
CLM-000496,CUS-000095,FILED_BY
CLM-000496,DEV-001109,USES_DEVICE
CLM-000497,CUS-001462,FILED_BY
CLM-000497,DEV-000781,USES_DEVICE
CLM-000497,REP-000386,REPAIRED_BY
CLM-000498,CUS-000647,FILED_BY
CLM-000498,DEV-000274,USES_DEVICE
CLM-000498,REP-000228,REPAIRED_BY
CLM-000499,CUS-001935,FILED_BY
CLM-000499,DEV-002925,USES_DEVICE
CLM-000499,REP-000074,REPAIRED_BY
CLM-000500,CUS-002833,FILED_BY
CLM-000500,DEV-002094,USES_DEVICE
CLM-000501,CUS-002897,FILED_BY
CLM-000501,DEV-000164,USES_DEVICE
CLM-000502,CUS-001018,FILED_BY
CLM-000502,DEV-002404,USES_DEVICE
CLM-000502,REP-000104,REPAIRED_BY
CLM-000503,CUS-002612,FILED_BY
CLM-000503,DEV-001791,USES_DEVICE
CLM-000503,REP-000045,REPAIRED_BY
CLM-000504,CUS-000991,FILED_BY
CLM-000504,DEV-000412,USES_DEVICE
CLM-000504,REP-000084,REPAIRED_BY
CLM-000505,CUS-002655,FILED_BY
CLM-000505,DEV-000612,USES_DEVICE
CLM-000505,REP-000140,REPAIRED_BY
CLM-000506,CUS-002953,FILED_BY
CLM-000506,DEV-001619,USES_DEVICE
CLM-000506,REP-000416,REPAIRED_BY
CLM-000507,CUS-002780,FILED_BY
CLM-000507,DEV-001881,USES_DEVICE
CLM-000508,CUS-000963,FILED_BY
CLM-000508,DEV-001969,USES_DEVICE
CLM-000509,CUS-002636,FILED_BY
CLM-000509,DEV-001823,USES_DEVICE
CLM-000509,REP-000321,REPAIRED_BY
CLM-000510,CUS-001989,FILED_BY
CLM-000510,DEV-000459,USES_DEVICE
CLM-000511,CUS-001251,FILED_BY
CLM-000511,DEV-002179,USES_DEVICE
CLM-000512,CUS-002819,FILED_BY
CLM-000512,DEV-000860,USES_DEVICE
CLM-000513,CUS-001599,FILED_BY
CLM-000513,DEV-000568,USES_DEVICE
CLM-000513,REP-000057,REPAIRED_BY
CLM-000514,CUS-001712,FILED_BY
CLM-000514,DEV-000371,USES_DEVICE
CLM-000514,REP-000683,REPAIRED_BY
CLM-000515,CUS-002831,FILED_BY
CLM-000515,DEV-000176,USES_DEVICE
CLM-000516,CUS-001780,FILED_BY
CLM-000516,DEV-000894,USES_DEVICE
CLM-000516,REP-000378,REPAIRED_BY
CLM-000517,CUS-002454,FILED_BY
CLM-000517,DEV-002846,USES_DEVICE
CLM-000517,REP-000088,REPAIRED_BY
CLM-000518,CUS-001000,FILED_BY
CLM-000518,DEV-000816,USES_DEVICE
CLM-000519,CUS-000621,FILED_BY
CLM-000519,DEV-000922,USES_DEVICE
CLM-000520,CUS-002333,FILED_BY
CLM-000520,DEV-000598,USES_DEVICE
CLM-000520,REP-000656,REPAIRED_BY
CLM-000521,CUS-000710,FILED_BY
CLM-000521,DEV-001523,USES_DEVICE
CLM-000521,REP-000220,REPAIRED_BY
CLM-000522,CUS-001356,FILED_BY
CLM-000522,DEV-002253,USES_DEVICE
CLM-000522,REP-000475,REPAIRED_BY
CLM-000523,CUS-002069,FILED_BY
CLM-000523,DEV-000049,USES_DEVICE
CLM-000523,REP-000383,REPAIRED_BY
CLM-000524,CUS-002631,FILED_BY
CLM-000524,DEV-000624,USES_DEVICE
CLM-000525,CUS-002060,FILED_BY
CLM-000525,DEV-002828,USES_DEVICE
CLM-000526,CUS-002606,FILED_BY
CLM-000526,DEV-000549,USES_DEVICE
CLM-000526,REP-000432,REPAIRED_BY
CLM-000527,CUS-002355,FILED_BY
CLM-000527,DEV-000567,USES_DEVICE
CLM-000527,REP-000175,REPAIRED_BY
CLM-000528,CUS-000505,FILED_BY
CLM-000528,DEV-000215,USES_DEVICE
CLM-000528,REP-000337,REPAIRED_BY
CLM-000529,CUS-001525,FILED_BY
CLM-000529,DEV-000025,USES_DEVICE
CLM-000529,REP-000036,REPAIRED_BY
CLM-000530,CUS-000826,FILED_BY
CLM-000530,DEV-001805,USES_DEVICE
CLM-000530,REP-000052,REPAIRED_BY
CLM-000531,CUS-001616,FILED_BY
CLM-000531,DEV-002660,USES_DEVICE
CLM-000532,CUS-001937,FILED_BY
CLM-000532,DEV-001546,USES_DEVICE
CLM-000532,REP-000319,REPAIRED_BY
CLM-000533,CUS-000981,FILED_BY
CLM-000533,DEV-000663,USES_DEVICE
CLM-000534,CUS-002665,FILED_BY
CLM-000534,DEV-000523,USES_DEVICE
CLM-000535,CUS-002988,FILED_BY
CLM-000535,DEV-001186,USES_DEVICE
CLM-000535,REP-000686,REPAIRED_BY
CLM-000536,CUS-002845,FILED_BY
CLM-000536,DEV-001279,USES_DEVICE
CLM-000536,REP-000412,REPAIRED_BY
CLM-000537,CUS-001412,FILED_BY
CLM-000537,DEV-000620,USES_DEVICE
CLM-000538,CUS-001931,FILED_BY
CLM-000538,DEV-001310,USES_DEVICE
CLM-000538,REP-000235,REPAIRED_BY
CLM-000539,CUS-002248,FILED_BY
CLM-000539,DEV-002391,USES_DEVICE
CLM-000539,REP-000131,REPAIRED_BY
CLM-000540,CUS-000222,FILED_BY
CLM-000540,DEV-002507,USES_DEVICE
CLM-000541,CUS-002438,FILED_BY
CLM-000541,DEV-001849,USES_DEVICE
CLM-000541,REP-000620,REPAIRED_BY
CLM-000542,CUS-002632,FILED_BY
CLM-000542,DEV-001721,USES_DEVICE
CLM-000542,REP-000495,REPAIRED_BY
CLM-000543,CUS-002128,FILED_BY
CLM-000543,DEV-000558,USES_DEVICE
CLM-000543,REP-000642,REPAIRED_BY
CLM-000544,CUS-000357,FILED_BY
CLM-000544,DEV-001127,USES_DEVICE
CLM-000545,CUS-001424,FILED_BY
CLM-000545,DEV-002400,USES_DEVICE
CLM-000545,REP-000507,REPAIRED_BY
CLM-000546,CUS-001734,FILED_BY
CLM-000546,DEV-000136,USES_DEVICE
CLM-000546,REP-000151,REPAIRED_BY
CLM-000547,CUS-000127,FILED_BY
CLM-000547,DEV-002170,USES_DEVICE
CLM-000548,CUS-000013,FILED_BY
CLM-000548,DEV-001704,USES_DEVICE
CLM-000549,CUS-000738,FILED_BY
CLM-000549,DEV-001677,USES_DEVICE
CLM-000550,CUS-001880,FILED_BY
CLM-000550,DEV-000511,USES_DEVICE
CLM-000551,CUS-000180,FILED_BY
CLM-000551,DEV-000822,USES_DEVICE
CLM-000552,CUS-002497,FILED_BY
CLM-000552,DEV-001994,USES_DEVICE
CLM-000553,CUS-002230,FILED_BY
CLM-000553,DEV-002145,USES_DEVICE
CLM-000553,REP-000189,REPAIRED_BY
CLM-000554,CUS-001243,FILED_BY
CLM-000554,DEV-002231,USES_DEVICE
CLM-000555,CUS-001457,FILED_BY
CLM-000555,DEV-000243,USES_DEVICE
CLM-000556,CUS-000333,FILED_BY
CLM-000556,DEV-001677,USES_DEVICE
CLM-000557,CUS-000615,FILED_BY
CLM-000557,DEV-002335,USES_DEVICE
CLM-000557,REP-000185,REPAIRED_BY
CLM-000558,CUS-001902,FILED_BY
CLM-000558,DEV-001528,USES_DEVICE
CLM-000558,REP-000479,REPAIRED_BY
CLM-000559,CUS-000690,FILED_BY
CLM-000559,DEV-002936,USES_DEVICE
CLM-000559,REP-000299,REPAIRED_BY
CLM-000560,CUS-002872,FILED_BY
CLM-000560,DEV-001009,USES_DEVICE
CLM-000561,CUS-000227,FILED_BY
CLM-000561,DEV-002707,USES_DEVICE
CLM-000561,REP-000584,REPAIRED_BY
CLM-000562,CUS-002958,FILED_BY
CLM-000562,DEV-000894,USES_DEVICE
CLM-000563,CUS-002526,FILED_BY
CLM-000563,DEV-000940,USES_DEVICE
CLM-000563,REP-000288,REPAIRED_BY
CLM-000564,CUS-001151,FILED_BY
CLM-000564,DEV-002614,USES_DEVICE
CLM-000565,CUS-002781,FILED_BY
CLM-000565,DEV-001227,USES_DEVICE
CLM-000565,REP-000023,REPAIRED_BY
CLM-000566,CUS-001820,FILED_BY
CLM-000566,DEV-000365,USES_DEVICE
CLM-000566,REP-000265,REPAIRED_BY
CLM-000567,CUS-001170,FILED_BY
CLM-000567,DEV-000905,USES_DEVICE
CLM-000568,CUS-000865,FILED_BY
CLM-000568,DEV-001851,USES_DEVICE
CLM-000568,REP-000536,REPAIRED_BY
CLM-000569,CUS-002136,FILED_BY
CLM-000569,DEV-000256,USES_DEVICE
CLM-000569,REP-000397,REPAIRED_BY
CLM-000570,CUS-000595,FILED_BY
CLM-000570,DEV-001170,USES_DEVICE
CLM-000571,CUS-002313,FILED_BY
CLM-000571,DEV-002749,USES_DEVICE
CLM-000571,REP-000163,REPAIRED_BY
CLM-000572,CUS-000132,FILED_BY
CLM-000572,DEV-001632,USES_DEVICE
CLM-000573,CUS-002616,FILED_BY
CLM-000573,DEV-002065,USES_DEVICE
CLM-000574,CUS-001554,FILED_BY
CLM-000574,DEV-001892,USES_DEVICE
CLM-000575,CUS-000087,FILED_BY
CLM-000575,DEV-002837,USES_DEVICE
CLM-000575,REP-000163,REPAIRED_BY
CLM-000576,CUS-001523,FILED_BY
CLM-000576,DEV-001320,USES_DEVICE
CLM-000576,REP-000568,REPAIRED_BY
CLM-000577,CUS-002287,FILED_BY
CLM-000577,DEV-001990,USES_DEVICE
CLM-000578,CUS-000162,FILED_BY
CLM-000578,DEV-001792,USES_DEVICE
CLM-000578,REP-000012,REPAIRED_BY
CLM-000579,CUS-002783,FILED_BY
CLM-000579,DEV-001835,USES_DEVICE
CLM-000579,REP-000317,REPAIRED_BY
CLM-000580,CUS-001830,FILED_BY
CLM-000580,DEV-000476,USES_DEVICE
CLM-000581,CUS-001066,FILED_BY
CLM-000581,DEV-000422,USES_DEVICE
CLM-000581,REP-000503,REPAIRED_BY
CLM-000582,CUS-001189,FILED_BY
CLM-000582,DEV-000392,USES_DEVICE
CLM-000582,REP-000183,REPAIRED_BY
CLM-000583,CUS-001133,FILED_BY
CLM-000583,DEV-000317,USES_DEVICE
CLM-000583,REP-000417,REPAIRED_BY
CLM-000584,CUS-001675,FILED_BY
CLM-000584,DEV-000733,USES_DEVICE
CLM-000584,REP-000418,REPAIRED_BY
CLM-000585,CUS-000321,FILED_BY
CLM-000585,DEV-001876,USES_DEVICE
CLM-000585,REP-000408,REPAIRED_BY
CLM-000586,CUS-001581,FILED_BY
CLM-000586,DEV-001253,USES_DEVICE
CLM-000587,CUS-001157,FILED_BY
CLM-000587,DEV-000798,USES_DEVICE
CLM-000587,REP-000271,REPAIRED_BY
CLM-000588,CUS-002648,FILED_BY
CLM-000588,DEV-000252,USES_DEVICE
CLM-000588,REP-000579,REPAIRED_BY
CLM-000589,CUS-002850,FILED_BY
CLM-000589,DEV-000461,USES_DEVICE
CLM-000589,REP-000687,REPAIRED_BY
CLM-000590,CUS-000783,FILED_BY
CLM-000590,DEV-002293,USES_DEVICE
CLM-000591,CUS-001576,FILED_BY
CLM-000591,DEV-002391,USES_DEVICE
CLM-000592,CUS-000573,FILED_BY
CLM-000592,DEV-002878,USES_DEVICE
CLM-000593,CUS-000248,FILED_BY
CLM-000593,DEV-000182,USES_DEVICE
CLM-000593,REP-000127,REPAIRED_BY
CLM-000594,CUS-002587,FILED_BY
CLM-000594,DEV-000622,USES_DEVICE
CLM-000594,REP-000366,REPAIRED_BY
CLM-000595,CUS-000978,FILED_BY
CLM-000595,DEV-000053,USES_DEVICE
CLM-000595,REP-000262,REPAIRED_BY
CLM-000596,CUS-001410,FILED_BY
CLM-000596,DEV-000894,USES_DEVICE
CLM-000596,REP-000548,REPAIRED_BY
CLM-000597,CUS-000220,FILED_BY
CLM-000597,DEV-000752,USES_DEVICE
CLM-000597,REP-000571,REPAIRED_BY
CLM-000598,CUS-002753,FILED_BY
CLM-000598,DEV-001137,USES_DEVICE
CLM-000599,CUS-000750,FILED_BY
CLM-000599,DEV-002558,USES_DEVICE
CLM-000600,CUS-001400,FILED_BY
CLM-000600,DEV-002107,USES_DEVICE
CLM-000600,REP-000158,REPAIRED_BY
CLM-000601,CUS-000349,FILED_BY
CLM-000601,DEV-000281,USES_DEVICE
CLM-000602,CUS-000591,FILED_BY
CLM-000602,DEV-001504,USES_DEVICE
CLM-000602,REP-000441,REPAIRED_BY
CLM-000603,CUS-002299,FILED_BY
CLM-000603,DEV-000793,USES_DEVICE
CLM-000603,REP-000180,REPAIRED_BY
CLM-000604,CUS-001513,FILED_BY
CLM-000604,DEV-000788,USES_DEVICE
CLM-000604,REP-000013,REPAIRED_BY
CLM-000605,CUS-000070,FILED_BY
CLM-000605,DEV-001506,USES_DEVICE
CLM-000606,CUS-000731,FILED_BY
CLM-000606,DEV-000025,USES_DEVICE
CLM-000606,REP-000395,REPAIRED_BY
CLM-000607,CUS-002901,FILED_BY
CLM-000607,DEV-001994,USES_DEVICE
CLM-000607,REP-000091,REPAIRED_BY
CLM-000608,CUS-002875,FILED_BY
CLM-000608,DEV-002607,USES_DEVICE
CLM-000609,CUS-002030,FILED_BY
CLM-000609,DEV-001488,USES_DEVICE
CLM-000609,REP-000380,REPAIRED_BY
CLM-000610,CUS-002561,FILED_BY
CLM-000610,DEV-002689,USES_DEVICE
CLM-000610,REP-000435,REPAIRED_BY
CLM-000611,CUS-002567,FILED_BY
CLM-000611,DEV-000848,USES_DEVICE
CLM-000611,REP-000433,REPAIRED_BY
CLM-000612,CUS-000517,FILED_BY
CLM-000612,DEV-002171,USES_DEVICE
CLM-000612,REP-000414,REPAIRED_BY
CLM-000613,CUS-001538,FILED_BY
CLM-000613,DEV-001350,USES_DEVICE
CLM-000613,REP-000194,REPAIRED_BY
CLM-000614,CUS-001105,FILED_BY
CLM-000614,DEV-000012,USES_DEVICE
CLM-000615,CUS-001943,FILED_BY
CLM-000615,DEV-001157,USES_DEVICE
CLM-000615,REP-000211,REPAIRED_BY
CLM-000616,CUS-002546,FILED_BY
CLM-000616,DEV-001305,USES_DEVICE
CLM-000617,CUS-002355,FILED_BY
CLM-000617,DEV-000220,USES_DEVICE
CLM-000618,CUS-001043,FILED_BY
CLM-000618,DEV-001018,USES_DEVICE
CLM-000619,CUS-000349,FILED_BY
CLM-000619,DEV-000281,USES_DEVICE
CLM-000620,CUS-000974,FILED_BY
CLM-000620,DEV-000888,USES_DEVICE
CLM-000621,CUS-002455,FILED_BY
CLM-000621,DEV-001917,USES_DEVICE
CLM-000622,CUS-002910,FILED_BY
CLM-000622,DEV-000183,USES_DEVICE
CLM-000623,CUS-002133,FILED_BY
CLM-000623,DEV-002921,USES_DEVICE
CLM-000624,CUS-002914,FILED_BY
CLM-000624,DEV-001877,USES_DEVICE
CLM-000625,CUS-001731,FILED_BY
CLM-000625,DEV-001913,USES_DEVICE
CLM-000626,CUS-001829,FILED_BY
CLM-000626,DEV-001482,USES_DEVICE
CLM-000626,REP-000318,REPAIRED_BY
CLM-000627,CUS-001141,FILED_BY
CLM-000627,DEV-002443,USES_DEVICE
CLM-000628,CUS-000518,FILED_BY
CLM-000628,DEV-001710,USES_DEVICE
CLM-000628,REP-000417,REPAIRED_BY
CLM-000629,CUS-000214,FILED_BY
CLM-000629,DEV-000512,USES_DEVICE
CLM-000630,CUS-000768,FILED_BY
CLM-000630,DEV-002925,USES_DEVICE
CLM-000631,CUS-001002,FILED_BY
CLM-000631,DEV-000681,USES_DEVICE
CLM-000632,CUS-000978,FILED_BY
CLM-000632,DEV-000053,USES_DEVICE
CLM-000633,CUS-000071,FILED_BY
CLM-000633,DEV-001800,USES_DEVICE
CLM-000633,REP-000538,REPAIRED_BY
CLM-000634,CUS-002389,FILED_BY
CLM-000634,DEV-000469,USES_DEVICE
CLM-000635,CUS-000736,FILED_BY
CLM-000635,DEV-001668,USES_DEVICE
CLM-000635,REP-000634,REPAIRED_BY
CLM-000636,CUS-001057,FILED_BY
CLM-000636,DEV-000876,USES_DEVICE
CLM-000636,REP-000167,REPAIRED_BY
CLM-000637,CUS-000521,FILED_BY
CLM-000637,DEV-001971,USES_DEVICE
CLM-000637,REP-000326,REPAIRED_BY
CLM-000638,CUS-000910,FILED_BY
CLM-000638,DEV-001451,USES_DEVICE
CLM-000639,CUS-002491,FILED_BY
CLM-000639,DEV-002363,USES_DEVICE
CLM-000640,CUS-000731,FILED_BY
CLM-000640,DEV-000025,USES_DEVICE
CLM-000640,REP-000590,REPAIRED_BY
CLM-000641,CUS-002496,FILED_BY
CLM-000641,DEV-002275,USES_DEVICE
CLM-000642,CUS-002612,FILED_BY
CLM-000642,DEV-001791,USES_DEVICE
CLM-000642,REP-000609,REPAIRED_BY
CLM-000643,CUS-000860,FILED_BY
CLM-000643,DEV-002492,USES_DEVICE
CLM-000643,REP-000302,REPAIRED_BY
CLM-000644,CUS-000228,FILED_BY
CLM-000644,DEV-001443,USES_DEVICE
CLM-000644,REP-000615,REPAIRED_BY
CLM-000645,CUS-001596,FILED_BY
CLM-000645,DEV-002363,USES_DEVICE
CLM-000645,REP-000428,REPAIRED_BY
CLM-000646,CUS-001312,FILED_BY
CLM-000646,DEV-000682,USES_DEVICE
CLM-000646,REP-000173,REPAIRED_BY
CLM-000647,CUS-000325,FILED_BY
CLM-000647,DEV-001491,USES_DEVICE
CLM-000647,REP-000472,REPAIRED_BY
CLM-000648,CUS-000349,FILED_BY
CLM-000648,DEV-000281,USES_DEVICE
CLM-000648,REP-000536,REPAIRED_BY
CLM-000649,CUS-000463,FILED_BY
CLM-000649,DEV-000623,USES_DEVICE
CLM-000649,REP-000638,REPAIRED_BY
CLM-000650,CUS-001944,FILED_BY
CLM-000650,DEV-000612,USES_DEVICE
CLM-000650,REP-000076,REPAIRED_BY
CLM-000651,CUS-002500,FILED_BY
CLM-000651,DEV-001169,USES_DEVICE
CLM-000651,REP-000689,REPAIRED_BY
CLM-000652,CUS-000215,FILED_BY
CLM-000652,DEV-000968,USES_DEVICE
CLM-000652,REP-000319,REPAIRED_BY
CLM-000653,CUS-001842,FILED_BY
CLM-000653,DEV-002703,USES_DEVICE
CLM-000653,REP-000089,REPAIRED_BY
CLM-000654,CUS-001403,FILED_BY
CLM-000654,DEV-001166,USES_DEVICE
CLM-000654,REP-000523,REPAIRED_BY
CLM-000655,CUS-002673,FILED_BY
CLM-000655,DEV-002300,USES_DEVICE
CLM-000655,REP-000221,REPAIRED_BY
CLM-000656,CUS-002115,FILED_BY
CLM-000656,DEV-001789,USES_DEVICE
CLM-000657,CUS-002074,FILED_BY
CLM-000657,DEV-000141,USES_DEVICE
CLM-000657,REP-000463,REPAIRED_BY
CLM-000658,CUS-002165,FILED_BY
CLM-000658,DEV-002222,USES_DEVICE
CLM-000658,REP-000539,REPAIRED_BY
CLM-000659,CUS-000448,FILED_BY
CLM-000659,DEV-001446,USES_DEVICE
CLM-000660,CUS-001785,FILED_BY
CLM-000660,DEV-000239,USES_DEVICE
CLM-000660,REP-000588,REPAIRED_BY
CLM-000661,CUS-002394,FILED_BY
CLM-000661,DEV-002115,USES_DEVICE
CLM-000662,CUS-002153,FILED_BY
CLM-000662,DEV-001911,USES_DEVICE
CLM-000663,CUS-000518,FILED_BY
CLM-000663,DEV-002045,USES_DEVICE
CLM-000663,REP-000439,REPAIRED_BY
CLM-000664,CUS-000273,FILED_BY
CLM-000664,DEV-002969,USES_DEVICE
CLM-000665,CUS-002076,FILED_BY
CLM-000665,DEV-002987,USES_DEVICE
CLM-000666,CUS-002014,FILED_BY
CLM-000666,DEV-002210,USES_DEVICE
CLM-000667,CUS-000436,FILED_BY
CLM-000667,DEV-000045,USES_DEVICE
CLM-000668,CUS-001898,FILED_BY
CLM-000668,DEV-002687,USES_DEVICE
CLM-000668,REP-000576,REPAIRED_BY
CLM-000669,CUS-001562,FILED_BY
CLM-000669,DEV-000212,USES_DEVICE
CLM-000669,REP-000257,REPAIRED_BY
CLM-000670,CUS-002133,FILED_BY
CLM-000670,DEV-000610,USES_DEVICE
CLM-000671,CUS-001331,FILED_BY
CLM-000671,DEV-000166,USES_DEVICE
CLM-000671,REP-000078,REPAIRED_BY
CLM-000672,CUS-002944,FILED_BY
CLM-000672,DEV-000748,USES_DEVICE
CLM-000673,CUS-002106,FILED_BY
CLM-000673,DEV-000959,USES_DEVICE
CLM-000674,CUS-001563,FILED_BY
CLM-000674,DEV-002723,USES_DEVICE
CLM-000674,REP-000264,REPAIRED_BY
CLM-000675,CUS-001733,FILED_BY
CLM-000675,DEV-000526,USES_DEVICE
CLM-000675,REP-000198,REPAIRED_BY
CLM-000676,CUS-001205,FILED_BY
CLM-000676,DEV-000529,USES_DEVICE
CLM-000677,CUS-001374,FILED_BY
CLM-000677,DEV-000911,USES_DEVICE
CLM-000678,CUS-000550,FILED_BY
CLM-000678,DEV-000937,USES_DEVICE
CLM-000679,CUS-002677,FILED_BY
CLM-000679,DEV-000501,USES_DEVICE
CLM-000679,REP-000146,REPAIRED_BY
CLM-000680,CUS-000338,FILED_BY
CLM-000680,DEV-002249,USES_DEVICE
CLM-000681,CUS-001785,FILED_BY
CLM-000681,DEV-001455,USES_DEVICE
CLM-000681,REP-000349,REPAIRED_BY
CLM-000682,CUS-002516,FILED_BY
CLM-000682,DEV-002123,USES_DEVICE
CLM-000682,REP-000475,REPAIRED_BY
CLM-000683,CUS-000752,FILED_BY
CLM-000683,DEV-002890,USES_DEVICE
CLM-000683,REP-000499,REPAIRED_BY
CLM-000684,CUS-002583,FILED_BY
CLM-000684,DEV-001488,USES_DEVICE
CLM-000685,CUS-001991,FILED_BY
CLM-000685,DEV-001637,USES_DEVICE
CLM-000685,REP-000289,REPAIRED_BY
CLM-000686,CUS-000248,FILED_BY
CLM-000686,DEV-001490,USES_DEVICE
CLM-000686,REP-000008,REPAIRED_BY
CLM-000687,CUS-002736,FILED_BY
CLM-000687,DEV-000131,USES_DEVICE
CLM-000687,REP-000228,REPAIRED_BY
CLM-000688,CUS-001434,FILED_BY
CLM-000688,DEV-001768,USES_DEVICE
CLM-000688,REP-000410,REPAIRED_BY
CLM-000689,CUS-002335,FILED_BY
CLM-000689,DEV-002476,USES_DEVICE
CLM-000689,REP-000190,REPAIRED_BY
CLM-000690,CUS-002227,FILED_BY
CLM-000690,DEV-000767,USES_DEVICE
CLM-000691,CUS-002793,FILED_BY
CLM-000691,DEV-002273,USES_DEVICE
CLM-000691,REP-000272,REPAIRED_BY
CLM-000692,CUS-001308,FILED_BY
CLM-000692,DEV-001764,USES_DEVICE
CLM-000692,REP-000686,REPAIRED_BY
CLM-000693,CUS-002576,FILED_BY
CLM-000693,DEV-002311,USES_DEVICE
CLM-000693,REP-000137,REPAIRED_BY
CLM-000694,CUS-002702,FILED_BY
CLM-000694,DEV-000998,USES_DEVICE
CLM-000694,REP-000447,REPAIRED_BY
CLM-000695,CUS-001067,FILED_BY
CLM-000695,DEV-001455,USES_DEVICE
CLM-000695,REP-000662,REPAIRED_BY
CLM-000696,CUS-002833,FILED_BY
CLM-000696,DEV-002094,USES_DEVICE
CLM-000696,REP-000257,REPAIRED_BY
CLM-000697,CUS-000945,FILED_BY
CLM-000697,DEV-001627,USES_DEVICE
CLM-000697,REP-000553,REPAIRED_BY
CLM-000698,CUS-001098,FILED_BY
CLM-000698,DEV-000567,USES_DEVICE
CLM-000698,REP-000537,REPAIRED_BY
CLM-000699,CUS-002996,FILED_BY
CLM-000699,DEV-001784,USES_DEVICE
CLM-000699,REP-000271,REPAIRED_BY
CLM-000700,CUS-002630,FILED_BY
CLM-000700,DEV-002564,USES_DEVICE
CLM-000700,REP-000246,REPAIRED_BY
CLM-000701,CUS-002057,FILED_BY
CLM-000701,DEV-002405,USES_DEVICE
CLM-000701,REP-000652,REPAIRED_BY
CLM-000702,CUS-001976,FILED_BY
CLM-000702,DEV-002958,USES_DEVICE
CLM-000702,REP-000081,REPAIRED_BY
CLM-000703,CUS-000948,FILED_BY
CLM-000703,DEV-002309,USES_DEVICE
CLM-000704,CUS-002464,FILED_BY
CLM-000704,DEV-000826,USES_DEVICE
CLM-000705,CUS-002697,FILED_BY
CLM-000705,DEV-002686,USES_DEVICE
CLM-000705,REP-000385,REPAIRED_BY
CLM-000706,CUS-000616,FILED_BY
CLM-000706,DEV-000041,USES_DEVICE
CLM-000707,CUS-002961,FILED_BY
CLM-000707,DEV-000224,USES_DEVICE
CLM-000707,REP-000684,REPAIRED_BY
CLM-000708,CUS-001734,FILED_BY
CLM-000708,DEV-000136,USES_DEVICE
CLM-000708,REP-000125,REPAIRED_BY
CLM-000709,CUS-002690,FILED_BY
CLM-000709,DEV-002961,USES_DEVICE
CLM-000709,REP-000183,REPAIRED_BY
CLM-000710,CUS-002817,FILED_BY
CLM-000710,DEV-000464,USES_DEVICE
CLM-000710,REP-000303,REPAIRED_BY
CLM-000711,CUS-001213,FILED_BY
CLM-000711,DEV-001830,USES_DEVICE
CLM-000712,CUS-001349,FILED_BY
CLM-000712,DEV-001427,USES_DEVICE
CLM-000712,REP-000487,REPAIRED_BY
CLM-000713,CUS-002733,FILED_BY
CLM-000713,DEV-000171,USES_DEVICE
CLM-000714,CUS-000742,FILED_BY
CLM-000714,DEV-002358,USES_DEVICE
CLM-000714,REP-000341,REPAIRED_BY
CLM-000715,CUS-001000,FILED_BY
CLM-000715,DEV-000816,USES_DEVICE
CLM-000715,REP-000383,REPAIRED_BY
CLM-000716,CUS-000637,FILED_BY
CLM-000716,DEV-002163,USES_DEVICE
CLM-000716,REP-000642,REPAIRED_BY
CLM-000717,CUS-001842,FILED_BY
CLM-000717,DEV-000420,USES_DEVICE
CLM-000717,REP-000298,REPAIRED_BY
CLM-000718,CUS-000773,FILED_BY
CLM-000718,DEV-000722,USES_DEVICE
CLM-000718,REP-000642,REPAIRED_BY
CLM-000719,CUS-001704,FILED_BY
CLM-000719,DEV-001805,USES_DEVICE
CLM-000719,REP-000627,REPAIRED_BY
CLM-000720,CUS-001086,FILED_BY
CLM-000720,DEV-000572,USES_DEVICE
CLM-000720,REP-000189,REPAIRED_BY
CLM-000721,CUS-000143,FILED_BY
CLM-000721,DEV-000148,USES_DEVICE
CLM-000722,CUS-000329,FILED_BY
CLM-000722,DEV-001037,USES_DEVICE
CLM-000722,REP-000581,REPAIRED_BY
CLM-000723,CUS-002889,FILED_BY
CLM-000723,DEV-002296,USES_DEVICE
CLM-000724,CUS-000134,FILED_BY
CLM-000724,DEV-002897,USES_DEVICE
CLM-000724,REP-000386,REPAIRED_BY
CLM-000725,CUS-000221,FILED_BY
CLM-000725,DEV-002971,USES_DEVICE
CLM-000725,REP-000586,REPAIRED_BY
CLM-000726,CUS-001464,FILED_BY
CLM-000726,DEV-001377,USES_DEVICE
CLM-000727,CUS-002950,FILED_BY
CLM-000727,DEV-000079,USES_DEVICE
CLM-000727,REP-000699,REPAIRED_BY
CLM-000728,CUS-002428,FILED_BY
CLM-000728,DEV-002589,USES_DEVICE
CLM-000729,CUS-000638,FILED_BY
CLM-000729,DEV-001957,USES_DEVICE
CLM-000730,CUS-000366,FILED_BY
CLM-000730,DEV-002046,USES_DEVICE
CLM-000730,REP-000051,REPAIRED_BY
CLM-000731,CUS-000833,FILED_BY
CLM-000731,DEV-001011,USES_DEVICE
CLM-000731,REP-000331,REPAIRED_BY
CLM-000732,CUS-000591,FILED_BY
CLM-000732,DEV-001634,USES_DEVICE
CLM-000732,REP-000062,REPAIRED_BY
CLM-000733,CUS-001917,FILED_BY
CLM-000733,DEV-001214,USES_DEVICE
CLM-000733,REP-000010,REPAIRED_BY
CLM-000734,CUS-001793,FILED_BY
CLM-000734,DEV-002318,USES_DEVICE
CLM-000734,REP-000692,REPAIRED_BY
CLM-000735,CUS-001741,FILED_BY
CLM-000735,DEV-000623,USES_DEVICE
CLM-000735,REP-000651,REPAIRED_BY
CLM-000736,CUS-001618,FILED_BY
CLM-000736,DEV-002422,USES_DEVICE
CLM-000737,CUS-000386,FILED_BY
CLM-000737,DEV-001955,USES_DEVICE
CLM-000737,REP-000393,REPAIRED_BY
CLM-000738,CUS-000952,FILED_BY
CLM-000738,DEV-001487,USES_DEVICE
CLM-000739,CUS-000069,FILED_BY
CLM-000739,DEV-001707,USES_DEVICE
CLM-000739,REP-000043,REPAIRED_BY
CLM-000740,CUS-001789,FILED_BY
CLM-000740,DEV-002052,USES_DEVICE
CLM-000740,REP-000349,REPAIRED_BY
CLM-000741,CUS-000696,FILED_BY
CLM-000741,DEV-000779,USES_DEVICE
CLM-000741,REP-000474,REPAIRED_BY
CLM-000742,CUS-000465,FILED_BY
CLM-000742,DEV-000828,USES_DEVICE
CLM-000742,REP-000114,REPAIRED_BY
CLM-000743,CUS-002180,FILED_BY
CLM-000743,DEV-002021,USES_DEVICE
CLM-000743,REP-000022,REPAIRED_BY
CLM-000744,CUS-001881,FILED_BY
CLM-000744,DEV-002108,USES_DEVICE
CLM-000745,CUS-002844,FILED_BY
CLM-000745,DEV-001316,USES_DEVICE
CLM-000745,REP-000583,REPAIRED_BY
CLM-000746,CUS-000764,FILED_BY
CLM-000746,DEV-000935,USES_DEVICE
CLM-000747,CUS-000052,FILED_BY
CLM-000747,DEV-002597,USES_DEVICE
CLM-000748,CUS-001187,FILED_BY
CLM-000748,DEV-002198,USES_DEVICE
CLM-000749,CUS-002172,FILED_BY
CLM-000749,DEV-002169,USES_DEVICE
CLM-000750,CUS-001501,FILED_BY
CLM-000750,DEV-002416,USES_DEVICE
CLM-000751,CUS-002472,FILED_BY
CLM-000751,DEV-000010,USES_DEVICE
CLM-000752,CUS-002528,FILED_BY
CLM-000752,DEV-000319,USES_DEVICE
CLM-000753,CUS-000584,FILED_BY
CLM-000753,DEV-001683,USES_DEVICE
CLM-000754,CUS-002617,FILED_BY
CLM-000754,DEV-002656,USES_DEVICE
CLM-000754,REP-000306,REPAIRED_BY
CLM-000755,CUS-000679,FILED_BY
CLM-000755,DEV-000338,USES_DEVICE
CLM-000756,CUS-001797,FILED_BY
CLM-000756,DEV-002890,USES_DEVICE
CLM-000756,REP-000268,REPAIRED_BY
CLM-000757,CUS-000233,FILED_BY
CLM-000757,DEV-000790,USES_DEVICE
CLM-000757,REP-000029,REPAIRED_BY
CLM-000758,CUS-001920,FILED_BY
CLM-000758,DEV-001146,USES_DEVICE
CLM-000758,REP-000197,REPAIRED_BY
CLM-000759,CUS-000688,FILED_BY
CLM-000759,DEV-000061,USES_DEVICE
CLM-000760,CUS-000411,FILED_BY
CLM-000760,DEV-000096,USES_DEVICE
CLM-000760,REP-000252,REPAIRED_BY
CLM-000761,CUS-000049,FILED_BY
CLM-000761,DEV-002522,USES_DEVICE
CLM-000762,CUS-001920,FILED_BY
CLM-000762,DEV-001146,USES_DEVICE
CLM-000762,REP-000585,REPAIRED_BY
CLM-000763,CUS-002647,FILED_BY
CLM-000763,DEV-001743,USES_DEVICE
CLM-000764,CUS-002801,FILED_BY
CLM-000764,DEV-001238,USES_DEVICE
CLM-000764,REP-000264,REPAIRED_BY
CLM-000765,CUS-002300,FILED_BY
CLM-000765,DEV-002022,USES_DEVICE
CLM-000766,CUS-000833,FILED_BY
CLM-000766,DEV-001011,USES_DEVICE
CLM-000767,CUS-001295,FILED_BY
CLM-000767,DEV-001125,USES_DEVICE
CLM-000768,CUS-002319,FILED_BY
CLM-000768,DEV-001990,USES_DEVICE
CLM-000769,CUS-002008,FILED_BY
CLM-000769,DEV-001894,USES_DEVICE
CLM-000770,CUS-002991,FILED_BY
CLM-000770,DEV-002077,USES_DEVICE
CLM-000770,REP-000391,REPAIRED_BY
CLM-000771,CUS-002407,FILED_BY
CLM-000771,DEV-002031,USES_DEVICE
CLM-000772,CUS-001562,FILED_BY
CLM-000772,DEV-001736,USES_DEVICE
CLM-000772,REP-000580,REPAIRED_BY
CLM-000773,CUS-002691,FILED_BY
CLM-000773,DEV-001322,USES_DEVICE
CLM-000773,REP-000028,REPAIRED_BY
CLM-000774,CUS-000234,FILED_BY
CLM-000774,DEV-002687,USES_DEVICE
CLM-000774,REP-000554,REPAIRED_BY
CLM-000775,CUS-000078,FILED_BY
CLM-000775,DEV-000502,USES_DEVICE
CLM-000776,CUS-002929,FILED_BY
CLM-000776,DEV-002933,USES_DEVICE
CLM-000776,REP-000360,REPAIRED_BY
CLM-000777,CUS-002060,FILED_BY
CLM-000777,DEV-002454,USES_DEVICE
CLM-000777,REP-000410,REPAIRED_BY
CLM-000778,CUS-001200,FILED_BY
CLM-000778,DEV-000108,USES_DEVICE
CLM-000779,CUS-001113,FILED_BY
CLM-000779,DEV-002031,USES_DEVICE
CLM-000779,REP-000290,REPAIRED_BY
CLM-000780,CUS-002645,FILED_BY
CLM-000780,DEV-002716,USES_DEVICE
CLM-000780,REP-000577,REPAIRED_BY
CLM-000781,CUS-002443,FILED_BY
CLM-000781,DEV-002107,USES_DEVICE
CLM-000782,CUS-002889,FILED_BY
CLM-000782,DEV-002296,USES_DEVICE
CLM-000782,REP-000062,REPAIRED_BY
CLM-000783,CUS-002614,FILED_BY
CLM-000783,DEV-001719,USES_DEVICE
CLM-000783,REP-000554,REPAIRED_BY
CLM-000784,CUS-000099,FILED_BY
CLM-000784,DEV-001256,USES_DEVICE
CLM-000784,REP-000457,REPAIRED_BY
CLM-000785,CUS-001789,FILED_BY
CLM-000785,DEV-002052,USES_DEVICE
CLM-000785,REP-000198,REPAIRED_BY
CLM-000786,CUS-001660,FILED_BY
CLM-000786,DEV-002752,USES_DEVICE
CLM-000786,REP-000506,REPAIRED_BY
CLM-000787,CUS-002055,FILED_BY
CLM-000787,DEV-000420,USES_DEVICE
CLM-000788,CUS-002090,FILED_BY
CLM-000788,DEV-002238,USES_DEVICE
CLM-000789,CUS-001399,FILED_BY
CLM-000789,DEV-000061,USES_DEVICE
CLM-000790,CUS-001681,FILED_BY
CLM-000790,DEV-002533,USES_DEVICE
CLM-000790,REP-000008,REPAIRED_BY
CLM-000791,CUS-002709,FILED_BY
CLM-000791,DEV-001702,USES_DEVICE
CLM-000792,CUS-000476,FILED_BY
CLM-000792,DEV-000694,USES_DEVICE
CLM-000792,REP-000154,REPAIRED_BY
CLM-000793,CUS-001997,FILED_BY
CLM-000793,DEV-001437,USES_DEVICE
CLM-000794,CUS-000505,FILED_BY
CLM-000794,DEV-000215,USES_DEVICE
CLM-000794,REP-000250,REPAIRED_BY
CLM-000795,CUS-002443,FILED_BY
CLM-000795,DEV-002107,USES_DEVICE
CLM-000795,REP-000090,REPAIRED_BY
CLM-000796,CUS-000256,FILED_BY
CLM-000796,DEV-000541,USES_DEVICE
CLM-000796,REP-000685,REPAIRED_BY
CLM-000797,CUS-000469,FILED_BY
CLM-000797,DEV-001110,USES_DEVICE
CLM-000797,REP-000298,REPAIRED_BY
CLM-000798,CUS-002815,FILED_BY
CLM-000798,DEV-001961,USES_DEVICE
CLM-000798,REP-000287,REPAIRED_BY
CLM-000799,CUS-002780,FILED_BY
CLM-000799,DEV-002921,USES_DEVICE
CLM-000799,REP-000054,REPAIRED_BY
CLM-000800,CUS-002544,FILED_BY
CLM-000800,DEV-000098,USES_DEVICE
CLM-000800,REP-000666,REPAIRED_BY
CLM-000801,CUS-001697,FILED_BY
CLM-000801,DEV-001029,USES_DEVICE
CLM-000801,REP-000143,REPAIRED_BY
CLM-000802,CUS-002314,FILED_BY
CLM-000802,DEV-000704,USES_DEVICE
CLM-000802,REP-000651,REPAIRED_BY
CLM-000803,CUS-001743,FILED_BY
CLM-000803,DEV-001089,USES_DEVICE
CLM-000803,REP-000137,REPAIRED_BY
CLM-000804,CUS-002254,FILED_BY
CLM-000804,DEV-001027,USES_DEVICE
CLM-000805,CUS-001019,FILED_BY
CLM-000805,DEV-002863,USES_DEVICE
CLM-000805,REP-000619,REPAIRED_BY
CLM-000806,CUS-001578,FILED_BY
CLM-000806,DEV-001287,USES_DEVICE
CLM-000806,REP-000403,REPAIRED_BY
CLM-000807,CUS-002210,FILED_BY
CLM-000807,DEV-001200,USES_DEVICE
CLM-000807,REP-000671,REPAIRED_BY
CLM-000808,CUS-000865,FILED_BY
CLM-000808,DEV-001851,USES_DEVICE
CLM-000808,REP-000026,REPAIRED_BY
CLM-000809,CUS-000984,FILED_BY
CLM-000809,DEV-001168,USES_DEVICE
CLM-000809,REP-000107,REPAIRED_BY
CLM-000810,CUS-002131,FILED_BY
CLM-000810,DEV-000651,USES_DEVICE
CLM-000811,CUS-002502,FILED_BY
CLM-000811,DEV-002332,USES_DEVICE
CLM-000812,CUS-000876,FILED_BY
CLM-000812,DEV-001817,USES_DEVICE
CLM-000812,REP-000083,REPAIRED_BY
CLM-000813,CUS-001580,FILED_BY
CLM-000813,DEV-001218,USES_DEVICE
CLM-000813,REP-000580,REPAIRED_BY
CLM-000814,CUS-000608,FILED_BY
CLM-000814,DEV-001519,USES_DEVICE
CLM-000815,CUS-000462,FILED_BY
CLM-000815,DEV-002736,USES_DEVICE
CLM-000815,REP-000572,REPAIRED_BY
CLM-000816,CUS-001427,FILED_BY
CLM-000816,DEV-002443,USES_DEVICE
CLM-000816,REP-000093,REPAIRED_BY
CLM-000817,CUS-000403,FILED_BY
CLM-000817,DEV-002825,USES_DEVICE
CLM-000818,CUS-002421,FILED_BY
CLM-000818,DEV-001954,USES_DEVICE
CLM-000818,REP-000481,REPAIRED_BY
CLM-000819,CUS-000892,FILED_BY
CLM-000819,DEV-001913,USES_DEVICE
CLM-000819,REP-000050,REPAIRED_BY
CLM-000820,CUS-001225,FILED_BY
CLM-000820,DEV-000074,USES_DEVICE
CLM-000820,REP-000234,REPAIRED_BY
CLM-000821,CUS-002691,FILED_BY
CLM-000821,DEV-000586,USES_DEVICE
CLM-000821,REP-000230,REPAIRED_BY
CLM-000822,CUS-000295,FILED_BY
CLM-000822,DEV-002499,USES_DEVICE
CLM-000822,REP-000257,REPAIRED_BY
CLM-000823,CUS-002902,FILED_BY
CLM-000823,DEV-001219,USES_DEVICE
CLM-000824,CUS-000233,FILED_BY
CLM-000824,DEV-000789,USES_DEVICE
CLM-000825,CUS-001218,FILED_BY
CLM-000825,DEV-002431,USES_DEVICE
CLM-000825,REP-000025,REPAIRED_BY
CLM-000826,CUS-001089,FILED_BY
CLM-000826,DEV-001345,USES_DEVICE
CLM-000826,REP-000183,REPAIRED_BY
CLM-000827,CUS-000907,FILED_BY
CLM-000827,DEV-000912,USES_DEVICE
CLM-000828,CUS-000344,FILED_BY
CLM-000828,DEV-000037,USES_DEVICE
CLM-000829,CUS-000838,FILED_BY
CLM-000829,DEV-001090,USES_DEVICE
CLM-000830,CUS-001455,FILED_BY
CLM-000830,DEV-001576,USES_DEVICE
CLM-000830,REP-000447,REPAIRED_BY
CLM-000831,CUS-002865,FILED_BY
CLM-000831,DEV-000682,USES_DEVICE
CLM-000832,CUS-000960,FILED_BY
CLM-000832,DEV-002722,USES_DEVICE
CLM-000832,REP-000431,REPAIRED_BY
CLM-000833,CUS-002410,FILED_BY
CLM-000833,DEV-002762,USES_DEVICE
CLM-000833,REP-000653,REPAIRED_BY
CLM-000834,CUS-000190,FILED_BY
CLM-000834,DEV-000037,USES_DEVICE
CLM-000834,REP-000538,REPAIRED_BY
CLM-000835,CUS-000272,FILED_BY
CLM-000835,DEV-000882,USES_DEVICE
CLM-000835,REP-000320,REPAIRED_BY
CLM-000836,CUS-002802,FILED_BY
CLM-000836,DEV-001395,USES_DEVICE
CLM-000836,REP-000670,REPAIRED_BY
CLM-000837,CUS-002574,FILED_BY
CLM-000837,DEV-000319,USES_DEVICE
CLM-000838,CUS-000264,FILED_BY
CLM-000838,DEV-002817,USES_DEVICE
CLM-000839,CUS-002156,FILED_BY
CLM-000839,DEV-000190,USES_DEVICE
CLM-000839,REP-000169,REPAIRED_BY
CLM-000840,CUS-001377,FILED_BY
CLM-000840,DEV-002629,USES_DEVICE
CLM-000841,CUS-001218,FILED_BY
CLM-000841,DEV-002967,USES_DEVICE
CLM-000841,REP-000321,REPAIRED_BY
CLM-000842,CUS-000407,FILED_BY
CLM-000842,DEV-001606,USES_DEVICE
CLM-000843,CUS-002798,FILED_BY
CLM-000843,DEV-002397,USES_DEVICE
CLM-000843,REP-000295,REPAIRED_BY
CLM-000844,CUS-001158,FILED_BY
CLM-000844,DEV-000046,USES_DEVICE
CLM-000844,REP-000222,REPAIRED_BY
CLM-000845,CUS-002816,FILED_BY
CLM-000845,DEV-000921,USES_DEVICE
CLM-000845,REP-000348,REPAIRED_BY
CLM-000846,CUS-000941,FILED_BY
CLM-000846,DEV-001901,USES_DEVICE
CLM-000846,REP-000398,REPAIRED_BY
CLM-000847,CUS-001487,FILED_BY
CLM-000847,DEV-001179,USES_DEVICE
CLM-000847,REP-000427,REPAIRED_BY
CLM-000848,CUS-001143,FILED_BY
CLM-000848,DEV-001598,USES_DEVICE
CLM-000849,CUS-000428,FILED_BY
CLM-000849,DEV-000972,USES_DEVICE
CLM-000849,REP-000160,REPAIRED_BY
CLM-000850,CUS-000952,FILED_BY
CLM-000850,DEV-001487,USES_DEVICE
CLM-000850,REP-000601,REPAIRED_BY
CLM-000851,CUS-002255,FILED_BY
CLM-000851,DEV-000815,USES_DEVICE
CLM-000852,CUS-001886,FILED_BY
CLM-000852,DEV-000851,USES_DEVICE
CLM-000853,CUS-002066,FILED_BY
CLM-000853,DEV-000330,USES_DEVICE
CLM-000853,REP-000238,REPAIRED_BY
CLM-000854,CUS-001959,FILED_BY
CLM-000854,DEV-002756,USES_DEVICE
CLM-000854,REP-000260,REPAIRED_BY
CLM-000855,CUS-000957,FILED_BY
CLM-000855,DEV-001848,USES_DEVICE
CLM-000855,REP-000200,REPAIRED_BY
CLM-000856,CUS-002428,FILED_BY
CLM-000856,DEV-002589,USES_DEVICE
CLM-000856,REP-000263,REPAIRED_BY
CLM-000857,CUS-002954,FILED_BY
CLM-000857,DEV-000383,USES_DEVICE
CLM-000857,REP-000607,REPAIRED_BY
CLM-000858,CUS-001474,FILED_BY
CLM-000858,DEV-001747,USES_DEVICE
CLM-000858,REP-000443,REPAIRED_BY
CLM-000859,CUS-001961,FILED_BY
CLM-000859,DEV-000936,USES_DEVICE
CLM-000860,CUS-001946,FILED_BY
CLM-000860,DEV-001400,USES_DEVICE
CLM-000861,CUS-002991,FILED_BY
CLM-000861,DEV-002621,USES_DEVICE
CLM-000861,REP-000405,REPAIRED_BY
CLM-000862,CUS-000044,FILED_BY
CLM-000862,DEV-000979,USES_DEVICE
CLM-000862,REP-000361,REPAIRED_BY
CLM-000863,CUS-001048,FILED_BY
CLM-000863,DEV-002250,USES_DEVICE
CLM-000864,CUS-002086,FILED_BY
CLM-000864,DEV-001411,USES_DEVICE
CLM-000865,CUS-001588,FILED_BY
CLM-000865,DEV-001314,USES_DEVICE
CLM-000865,REP-000135,REPAIRED_BY
CLM-000866,CUS-001456,FILED_BY
CLM-000866,DEV-002467,USES_DEVICE
CLM-000866,REP-000629,REPAIRED_BY
CLM-000867,CUS-002876,FILED_BY
CLM-000867,DEV-000024,USES_DEVICE
CLM-000868,CUS-001094,FILED_BY
CLM-000868,DEV-002823,USES_DEVICE
CLM-000868,REP-000393,REPAIRED_BY
CLM-000869,CUS-002589,FILED_BY
CLM-000869,DEV-001857,USES_DEVICE
CLM-000870,CUS-001263,FILED_BY
CLM-000870,DEV-001210,USES_DEVICE
CLM-000870,REP-000100,REPAIRED_BY
CLM-000871,CUS-000481,FILED_BY
CLM-000871,DEV-001961,USES_DEVICE
CLM-000872,CUS-002845,FILED_BY
CLM-000872,DEV-001858,USES_DEVICE
CLM-000872,REP-000172,REPAIRED_BY
CLM-000873,CUS-002765,FILED_BY
CLM-000873,DEV-001645,USES_DEVICE
CLM-000873,REP-000268,REPAIRED_BY
CLM-000874,CUS-000218,FILED_BY
CLM-000874,DEV-001583,USES_DEVICE
CLM-000875,CUS-001503,FILED_BY
CLM-000875,DEV-002809,USES_DEVICE
CLM-000875,REP-000283,REPAIRED_BY
CLM-000876,CUS-002737,FILED_BY
CLM-000876,DEV-001444,USES_DEVICE
CLM-000876,REP-000057,REPAIRED_BY
CLM-000877,CUS-002980,FILED_BY
CLM-000877,DEV-000706,USES_DEVICE
CLM-000878,CUS-002306,FILED_BY
CLM-000878,DEV-000622,USES_DEVICE
CLM-000878,REP-000088,REPAIRED_BY
CLM-000879,CUS-001871,FILED_BY
CLM-000879,DEV-000453,USES_DEVICE
CLM-000880,CUS-000429,FILED_BY
CLM-000880,DEV-002082,USES_DEVICE
CLM-000880,REP-000086,REPAIRED_BY
CLM-000881,CUS-001093,FILED_BY
CLM-000881,DEV-000091,USES_DEVICE
CLM-000881,REP-000205,REPAIRED_BY
CLM-000882,CUS-002658,FILED_BY
CLM-000882,DEV-000518,USES_DEVICE
CLM-000882,REP-000268,REPAIRED_BY
CLM-000883,CUS-000071,FILED_BY
CLM-000883,DEV-002300,USES_DEVICE
CLM-000884,CUS-001675,FILED_BY
CLM-000884,DEV-000733,USES_DEVICE
CLM-000884,REP-000282,REPAIRED_BY
CLM-000885,CUS-000718,FILED_BY
CLM-000885,DEV-001222,USES_DEVICE
CLM-000886,CUS-001364,FILED_BY
CLM-000886,DEV-001052,USES_DEVICE
CLM-000886,REP-000560,REPAIRED_BY
CLM-000887,CUS-000406,FILED_BY
CLM-000887,DEV-000387,USES_DEVICE
CLM-000887,REP-000684,REPAIRED_BY
CLM-000888,CUS-000358,FILED_BY
CLM-000888,DEV-001440,USES_DEVICE
CLM-000888,REP-000079,REPAIRED_BY
CLM-000889,CUS-002227,FILED_BY
CLM-000889,DEV-002268,USES_DEVICE
CLM-000889,REP-000475,REPAIRED_BY
CLM-000890,CUS-000363,FILED_BY
CLM-000890,DEV-000001,USES_DEVICE
CLM-000891,CUS-000125,FILED_BY
CLM-000891,DEV-001294,USES_DEVICE
CLM-000892,CUS-001272,FILED_BY
CLM-000892,DEV-001671,USES_DEVICE
CLM-000893,CUS-001395,FILED_BY
CLM-000893,DEV-002642,USES_DEVICE
CLM-000893,REP-000681,REPAIRED_BY
CLM-000894,CUS-000559,FILED_BY
CLM-000894,DEV-000015,USES_DEVICE
CLM-000894,REP-000025,REPAIRED_BY
CLM-000895,CUS-002157,FILED_BY
CLM-000895,DEV-002242,USES_DEVICE
CLM-000895,REP-000695,REPAIRED_BY
CLM-000896,CUS-002791,FILED_BY
CLM-000896,DEV-002095,USES_DEVICE
CLM-000896,REP-000410,REPAIRED_BY
CLM-000897,CUS-000344,FILED_BY
CLM-000897,DEV-001846,USES_DEVICE
CLM-000897,REP-000554,REPAIRED_BY
CLM-000898,CUS-002466,FILED_BY
CLM-000898,DEV-002617,USES_DEVICE
CLM-000898,REP-000523,REPAIRED_BY
CLM-000899,CUS-000136,FILED_BY
CLM-000899,DEV-001427,USES_DEVICE
CLM-000900,CUS-000643,FILED_BY
CLM-000900,DEV-001104,USES_DEVICE
CLM-000900,REP-000231,REPAIRED_BY
CLM-000901,CUS-002029,FILED_BY
CLM-000901,DEV-002401,USES_DEVICE
CLM-000902,CUS-002461,FILED_BY
CLM-000902,DEV-002161,USES_DEVICE
CLM-000902,REP-000686,REPAIRED_BY
CLM-000903,CUS-000660,FILED_BY
CLM-000903,DEV-000631,USES_DEVICE
CLM-000903,REP-000127,REPAIRED_BY
CLM-000904,CUS-001279,FILED_BY
CLM-000904,DEV-000945,USES_DEVICE
CLM-000904,REP-000134,REPAIRED_BY
CLM-000905,CUS-002812,FILED_BY
CLM-000905,DEV-001781,USES_DEVICE
CLM-000905,REP-000652,REPAIRED_BY
CLM-000906,CUS-000586,FILED_BY
CLM-000906,DEV-000399,USES_DEVICE
CLM-000906,REP-000173,REPAIRED_BY
CLM-000907,CUS-000643,FILED_BY
CLM-000907,DEV-001188,USES_DEVICE
CLM-000907,REP-000366,REPAIRED_BY
CLM-000908,CUS-001138,FILED_BY
CLM-000908,DEV-000986,USES_DEVICE
CLM-000908,REP-000487,REPAIRED_BY
CLM-000909,CUS-001325,FILED_BY
CLM-000909,DEV-001995,USES_DEVICE
CLM-000909,REP-000409,REPAIRED_BY
CLM-000910,CUS-001414,FILED_BY
CLM-000910,DEV-000136,USES_DEVICE
CLM-000910,REP-000300,REPAIRED_BY
CLM-000911,CUS-002902,FILED_BY
CLM-000911,DEV-001698,USES_DEVICE
CLM-000912,CUS-001664,FILED_BY
CLM-000912,DEV-002453,USES_DEVICE
CLM-000912,REP-000023,REPAIRED_BY
CLM-000913,CUS-002333,FILED_BY
CLM-000913,DEV-000598,USES_DEVICE
CLM-000914,CUS-002579,FILED_BY
CLM-000914,DEV-000811,USES_DEVICE
CLM-000914,REP-000616,REPAIRED_BY
CLM-000915,CUS-000821,FILED_BY
CLM-000915,DEV-001089,USES_DEVICE
CLM-000916,CUS-001477,FILED_BY
CLM-000916,DEV-002159,USES_DEVICE
CLM-000916,REP-000458,REPAIRED_BY
CLM-000917,CUS-001019,FILED_BY
CLM-000917,DEV-002550,USES_DEVICE
CLM-000918,CUS-002235,FILED_BY
CLM-000918,DEV-000365,USES_DEVICE
CLM-000918,REP-000155,REPAIRED_BY
CLM-000919,CUS-001865,FILED_BY
CLM-000919,DEV-002340,USES_DEVICE
CLM-000919,REP-000168,REPAIRED_BY
CLM-000920,CUS-000127,FILED_BY
CLM-000920,DEV-000191,USES_DEVICE
CLM-000920,REP-000287,REPAIRED_BY
CLM-000921,CUS-001419,FILED_BY
CLM-000921,DEV-001178,USES_DEVICE
CLM-000921,REP-000684,REPAIRED_BY
CLM-000922,CUS-001626,FILED_BY
CLM-000922,DEV-000074,USES_DEVICE
CLM-000923,CUS-002381,FILED_BY
CLM-000923,DEV-001963,USES_DEVICE
CLM-000923,REP-000632,REPAIRED_BY
CLM-000924,CUS-001994,FILED_BY
CLM-000924,DEV-000203,USES_DEVICE
CLM-000924,REP-000235,REPAIRED_BY
CLM-000925,CUS-002493,FILED_BY
CLM-000925,DEV-000132,USES_DEVICE
CLM-000926,CUS-002346,FILED_BY
CLM-000926,DEV-000968,USES_DEVICE
CLM-000926,REP-000121,REPAIRED_BY
CLM-000927,CUS-001461,FILED_BY
CLM-000927,DEV-002629,USES_DEVICE
CLM-000927,REP-000348,REPAIRED_BY
CLM-000928,CUS-000270,FILED_BY
CLM-000928,DEV-000381,USES_DEVICE
CLM-000929,CUS-002816,FILED_BY
CLM-000929,DEV-002152,USES_DEVICE
CLM-000930,CUS-002443,FILED_BY
CLM-000930,DEV-000202,USES_DEVICE
CLM-000930,REP-000033,REPAIRED_BY
CLM-000931,CUS-002051,FILED_BY
CLM-000931,DEV-002789,USES_DEVICE
CLM-000931,REP-000074,REPAIRED_BY
CLM-000932,CUS-001318,FILED_BY
CLM-000932,DEV-000447,USES_DEVICE
CLM-000933,CUS-001154,FILED_BY
CLM-000933,DEV-001869,USES_DEVICE
CLM-000934,CUS-000631,FILED_BY
CLM-000934,DEV-000502,USES_DEVICE
CLM-000935,CUS-002059,FILED_BY
CLM-000935,DEV-002925,USES_DEVICE
CLM-000936,CUS-002156,FILED_BY
CLM-000936,DEV-000190,USES_DEVICE
CLM-000936,REP-000608,REPAIRED_BY
CLM-000937,CUS-001060,FILED_BY
CLM-000937,DEV-002825,USES_DEVICE
CLM-000937,REP-000265,REPAIRED_BY
CLM-000938,CUS-002612,FILED_BY
CLM-000938,DEV-001791,USES_DEVICE
CLM-000938,REP-000556,REPAIRED_BY
CLM-000939,CUS-000943,FILED_BY
CLM-000939,DEV-001236,USES_DEVICE
CLM-000939,REP-000598,REPAIRED_BY
CLM-000940,CUS-002729,FILED_BY
CLM-000940,DEV-001583,USES_DEVICE
CLM-000940,REP-000324,REPAIRED_BY
CLM-000941,CUS-001217,FILED_BY
CLM-000941,DEV-000217,USES_DEVICE
CLM-000942,CUS-002202,FILED_BY
CLM-000942,DEV-000861,USES_DEVICE
CLM-000943,CUS-001652,FILED_BY
CLM-000943,DEV-001933,USES_DEVICE
CLM-000943,REP-000414,REPAIRED_BY
CLM-000944,CUS-002679,FILED_BY
CLM-000944,DEV-000867,USES_DEVICE
CLM-000944,REP-000100,REPAIRED_BY
CLM-000945,CUS-002907,FILED_BY
CLM-000945,DEV-000930,USES_DEVICE
CLM-000946,CUS-002077,FILED_BY
CLM-000946,DEV-000720,USES_DEVICE
CLM-000946,REP-000485,REPAIRED_BY
CLM-000947,CUS-000447,FILED_BY
CLM-000947,DEV-002858,USES_DEVICE
CLM-000948,CUS-001138,FILED_BY
CLM-000948,DEV-000335,USES_DEVICE
CLM-000948,REP-000624,REPAIRED_BY
CLM-000949,CUS-000510,FILED_BY
CLM-000949,DEV-002797,USES_DEVICE
CLM-000950,CUS-000464,FILED_BY
CLM-000950,DEV-000922,USES_DEVICE
CLM-000950,REP-000138,REPAIRED_BY
CLM-000951,CUS-001067,FILED_BY
CLM-000951,DEV-001453,USES_DEVICE
CLM-000952,CUS-002996,FILED_BY
CLM-000952,DEV-000507,USES_DEVICE
CLM-000953,CUS-001028,FILED_BY
CLM-000953,DEV-001194,USES_DEVICE
CLM-000953,REP-000356,REPAIRED_BY
CLM-000954,CUS-001148,FILED_BY
CLM-000954,DEV-000310,USES_DEVICE
CLM-000955,CUS-000296,FILED_BY
CLM-000955,DEV-002877,USES_DEVICE
CLM-000955,REP-000029,REPAIRED_BY
CLM-000956,CUS-002473,FILED_BY
CLM-000956,DEV-000279,USES_DEVICE
CLM-000957,CUS-000764,FILED_BY
CLM-000957,DEV-002745,USES_DEVICE
CLM-000958,CUS-001527,FILED_BY
CLM-000958,DEV-000398,USES_DEVICE
CLM-000958,REP-000273,REPAIRED_BY
CLM-000959,CUS-002193,FILED_BY
CLM-000959,DEV-001993,USES_DEVICE
CLM-000960,CUS-001060,FILED_BY
CLM-000960,DEV-000590,USES_DEVICE
CLM-000960,REP-000327,REPAIRED_BY
CLM-000961,CUS-000069,FILED_BY
CLM-000961,DEV-002195,USES_DEVICE
CLM-000962,CUS-002160,FILED_BY
CLM-000962,DEV-000020,USES_DEVICE
CLM-000962,REP-000437,REPAIRED_BY
CLM-000963,CUS-002965,FILED_BY
CLM-000963,DEV-001600,USES_DEVICE
CLM-000964,CUS-002336,FILED_BY
CLM-000964,DEV-000080,USES_DEVICE
CLM-000965,CUS-001785,FILED_BY
CLM-000965,DEV-000239,USES_DEVICE
CLM-000965,REP-000122,REPAIRED_BY
CLM-000966,CUS-002377,FILED_BY
CLM-000966,DEV-000835,USES_DEVICE
CLM-000966,REP-000390,REPAIRED_BY
CLM-000967,CUS-002532,FILED_BY
CLM-000967,DEV-002085,USES_DEVICE
CLM-000968,CUS-000818,FILED_BY
CLM-000968,DEV-000279,USES_DEVICE
CLM-000969,CUS-001561,FILED_BY
CLM-000969,DEV-002594,USES_DEVICE
CLM-000970,CUS-000945,FILED_BY
CLM-000970,DEV-001627,USES_DEVICE
CLM-000971,CUS-001438,FILED_BY
CLM-000971,DEV-002212,USES_DEVICE
CLM-000972,CUS-001004,FILED_BY
CLM-000972,DEV-000958,USES_DEVICE
CLM-000973,CUS-001296,FILED_BY
CLM-000973,DEV-000607,USES_DEVICE
CLM-000974,CUS-000433,FILED_BY
CLM-000974,DEV-002875,USES_DEVICE
CLM-000974,REP-000547,REPAIRED_BY
CLM-000975,CUS-000459,FILED_BY
CLM-000975,DEV-001011,USES_DEVICE
CLM-000975,REP-000656,REPAIRED_BY
CLM-000976,CUS-000616,FILED_BY
CLM-000976,DEV-000041,USES_DEVICE
CLM-000977,CUS-000823,FILED_BY
CLM-000977,DEV-000747,USES_DEVICE
CLM-000977,REP-000607,REPAIRED_BY
CLM-000978,CUS-002212,FILED_BY
CLM-000978,DEV-001278,USES_DEVICE
CLM-000978,REP-000311,REPAIRED_BY
CLM-000979,CUS-001605,FILED_BY
CLM-000979,DEV-002229,USES_DEVICE
CLM-000980,CUS-001065,FILED_BY
CLM-000980,DEV-000706,USES_DEVICE
CLM-000980,REP-000364,REPAIRED_BY
CLM-000981,CUS-002721,FILED_BY
CLM-000981,DEV-001384,USES_DEVICE
CLM-000982,CUS-001113,FILED_BY
CLM-000982,DEV-002031,USES_DEVICE
CLM-000982,REP-000487,REPAIRED_BY
CLM-000983,CUS-001933,FILED_BY
CLM-000983,DEV-000203,USES_DEVICE
CLM-000984,CUS-000368,FILED_BY
CLM-000984,DEV-002322,USES_DEVICE
CLM-000984,REP-000338,REPAIRED_BY
CLM-000985,CUS-002755,FILED_BY
CLM-000985,DEV-002187,USES_DEVICE
CLM-000986,CUS-002249,FILED_BY
CLM-000986,DEV-000486,USES_DEVICE
CLM-000987,CUS-000828,FILED_BY
CLM-000987,DEV-001024,USES_DEVICE
CLM-000987,REP-000098,REPAIRED_BY
CLM-000988,CUS-000464,FILED_BY
CLM-000988,DEV-000135,USES_DEVICE
CLM-000989,CUS-001693,FILED_BY
CLM-000989,DEV-001941,USES_DEVICE
CLM-000989,REP-000028,REPAIRED_BY
CLM-000990,CUS-001227,FILED_BY
CLM-000990,DEV-000239,USES_DEVICE
CLM-000991,CUS-000813,FILED_BY
CLM-000991,DEV-001472,USES_DEVICE
CLM-000991,REP-000344,REPAIRED_BY
CLM-000992,CUS-002052,FILED_BY
CLM-000992,DEV-000178,USES_DEVICE
CLM-000992,REP-000326,REPAIRED_BY
CLM-000993,CUS-002914,FILED_BY
CLM-000993,DEV-001476,USES_DEVICE
CLM-000993,REP-000095,REPAIRED_BY
CLM-000994,CUS-002173,FILED_BY
CLM-000994,DEV-002855,USES_DEVICE
CLM-000995,CUS-000358,FILED_BY
CLM-000995,DEV-001332,USES_DEVICE
CLM-000996,CUS-002837,FILED_BY
CLM-000996,DEV-001028,USES_DEVICE
CLM-000997,CUS-002166,FILED_BY
CLM-000997,DEV-000987,USES_DEVICE
CLM-000997,REP-000261,REPAIRED_BY
CLM-000998,CUS-000079,FILED_BY
CLM-000998,DEV-001737,USES_DEVICE
CLM-000998,REP-000321,REPAIRED_BY
CLM-000999,CUS-002910,FILED_BY
CLM-000999,DEV-000183,USES_DEVICE
CLM-001000,CUS-002748,FILED_BY
CLM-001000,DEV-002317,USES_DEVICE
CLM-001001,CUS-000852,FILED_BY
CLM-001001,DEV-001697,USES_DEVICE
CLM-001002,CUS-001677,FILED_BY
CLM-001002,DEV-002265,USES_DEVICE
CLM-001002,REP-000510,REPAIRED_BY
CLM-001003,CUS-002907,FILED_BY
CLM-001003,DEV-000620,USES_DEVICE
CLM-001004,CUS-002880,FILED_BY
CLM-001004,DEV-001383,USES_DEVICE
CLM-001004,REP-000547,REPAIRED_BY
CLM-001005,CUS-001539,FILED_BY
CLM-001005,DEV-001496,USES_DEVICE
CLM-001006,CUS-001556,FILED_BY
CLM-001006,DEV-002728,USES_DEVICE
CLM-001007,CUS-002794,FILED_BY
CLM-001007,DEV-001600,USES_DEVICE
CLM-001007,REP-000043,REPAIRED_BY
CLM-001008,CUS-000457,FILED_BY
CLM-001008,DEV-001284,USES_DEVICE
CLM-001008,REP-000564,REPAIRED_BY
CLM-001009,CUS-000606,FILED_BY
CLM-001009,DEV-002418,USES_DEVICE
CLM-001009,REP-000304,REPAIRED_BY
CLM-001010,CUS-001610,FILED_BY
CLM-001010,DEV-001749,USES_DEVICE
CLM-001010,REP-000606,REPAIRED_BY
CLM-001011,CUS-001676,FILED_BY
CLM-001011,DEV-000535,USES_DEVICE
CLM-001011,REP-000231,REPAIRED_BY
CLM-001012,CUS-002822,FILED_BY
CLM-001012,DEV-002377,USES_DEVICE
CLM-001013,CUS-000263,FILED_BY
CLM-001013,DEV-001179,USES_DEVICE
CLM-001014,CUS-001027,FILED_BY
CLM-001014,DEV-002798,USES_DEVICE
CLM-001014,REP-000478,REPAIRED_BY
CLM-001015,CUS-000358,FILED_BY
CLM-001015,DEV-001332,USES_DEVICE
CLM-001015,REP-000090,REPAIRED_BY
CLM-001016,CUS-000272,FILED_BY
CLM-001016,DEV-000882,USES_DEVICE
CLM-001016,REP-000426,REPAIRED_BY
CLM-001017,CUS-000131,FILED_BY
CLM-001017,DEV-000380,USES_DEVICE
CLM-001017,REP-000697,REPAIRED_BY
CLM-001018,CUS-002474,FILED_BY
CLM-001018,DEV-002820,USES_DEVICE
CLM-001018,REP-000052,REPAIRED_BY
CLM-001019,CUS-000118,FILED_BY
CLM-001019,DEV-000255,USES_DEVICE
CLM-001020,CUS-000813,FILED_BY
CLM-001020,DEV-002894,USES_DEVICE
CLM-001021,CUS-000524,FILED_BY
CLM-001021,DEV-000541,USES_DEVICE
CLM-001022,CUS-002928,FILED_BY
CLM-001022,DEV-001082,USES_DEVICE
CLM-001022,REP-000100,REPAIRED_BY
CLM-001023,CUS-001399,FILED_BY
CLM-001023,DEV-000693,USES_DEVICE
CLM-001023,REP-000580,REPAIRED_BY
CLM-001024,CUS-000627,FILED_BY
CLM-001024,DEV-002778,USES_DEVICE
CLM-001024,REP-000394,REPAIRED_BY
CLM-001025,CUS-000739,FILED_BY
CLM-001025,DEV-002172,USES_DEVICE
CLM-001026,CUS-002504,FILED_BY
CLM-001026,DEV-002423,USES_DEVICE
CLM-001026,REP-000352,REPAIRED_BY
CLM-001027,CUS-002668,FILED_BY
CLM-001027,DEV-000048,USES_DEVICE
CLM-001027,REP-000316,REPAIRED_BY
CLM-001028,CUS-001320,FILED_BY
CLM-001028,DEV-002876,USES_DEVICE
CLM-001028,REP-000673,REPAIRED_BY
CLM-001029,CUS-000901,FILED_BY
CLM-001029,DEV-002984,USES_DEVICE
CLM-001029,REP-000277,REPAIRED_BY
CLM-001030,CUS-000035,FILED_BY
CLM-001030,DEV-002871,USES_DEVICE
CLM-001030,REP-000567,REPAIRED_BY
CLM-001031,CUS-001147,FILED_BY
CLM-001031,DEV-002156,USES_DEVICE
CLM-001031,REP-000256,REPAIRED_BY
CLM-001032,CUS-002412,FILED_BY
CLM-001032,DEV-000746,USES_DEVICE
CLM-001033,CUS-000704,FILED_BY
CLM-001033,DEV-002283,USES_DEVICE
CLM-001033,REP-000325,REPAIRED_BY
CLM-001034,CUS-001920,FILED_BY
CLM-001034,DEV-001363,USES_DEVICE
CLM-001034,REP-000289,REPAIRED_BY
CLM-001035,CUS-001434,FILED_BY
CLM-001035,DEV-001792,USES_DEVICE
CLM-001035,REP-000051,REPAIRED_BY
CLM-001036,CUS-000036,FILED_BY
CLM-001036,DEV-001658,USES_DEVICE
CLM-001036,REP-000541,REPAIRED_BY
CLM-001037,CUS-001557,FILED_BY
CLM-001037,DEV-001024,USES_DEVICE
CLM-001038,CUS-001018,FILED_BY
CLM-001038,DEV-002404,USES_DEVICE
CLM-001039,CUS-002555,FILED_BY
CLM-001039,DEV-000396,USES_DEVICE
CLM-001039,REP-000471,REPAIRED_BY
CLM-001040,CUS-002296,FILED_BY
CLM-001040,DEV-001012,USES_DEVICE
CLM-001041,CUS-001258,FILED_BY
CLM-001041,DEV-002023,USES_DEVICE
CLM-001041,REP-000236,REPAIRED_BY
CLM-001042,CUS-000917,FILED_BY
CLM-001042,DEV-002682,USES_DEVICE
CLM-001042,REP-000186,REPAIRED_BY
CLM-001043,CUS-002346,FILED_BY
CLM-001043,DEV-000968,USES_DEVICE
CLM-001043,REP-000634,REPAIRED_BY
CLM-001044,CUS-001251,FILED_BY
CLM-001044,DEV-002179,USES_DEVICE
CLM-001044,REP-000641,REPAIRED_BY
CLM-001045,CUS-002300,FILED_BY
CLM-001045,DEV-002131,USES_DEVICE
CLM-001046,CUS-000059,FILED_BY
CLM-001046,DEV-001888,USES_DEVICE
CLM-001046,REP-000322,REPAIRED_BY
CLM-001047,CUS-001780,FILED_BY
CLM-001047,DEV-000894,USES_DEVICE
CLM-001048,CUS-000657,FILED_BY
CLM-001048,DEV-000937,USES_DEVICE
CLM-001048,REP-000376,REPAIRED_BY
CLM-001049,CUS-000691,FILED_BY
CLM-001049,DEV-001740,USES_DEVICE
CLM-001050,CUS-002865,FILED_BY
CLM-001050,DEV-000682,USES_DEVICE
CLM-001051,CUS-002686,FILED_BY
CLM-001051,DEV-002356,USES_DEVICE
CLM-001052,CUS-000793,FILED_BY
CLM-001052,DEV-002452,USES_DEVICE
CLM-001053,CUS-000224,FILED_BY
CLM-001053,DEV-001207,USES_DEVICE
CLM-001054,CUS-002812,FILED_BY
CLM-001054,DEV-000219,USES_DEVICE
CLM-001054,REP-000257,REPAIRED_BY
CLM-001055,CUS-001014,FILED_BY
CLM-001055,DEV-001591,USES_DEVICE
CLM-001055,REP-000188,REPAIRED_BY
CLM-001056,CUS-000832,FILED_BY
CLM-001056,DEV-002740,USES_DEVICE
CLM-001057,CUS-002989,FILED_BY
CLM-001057,DEV-002498,USES_DEVICE
CLM-001058,CUS-000760,FILED_BY
CLM-001058,DEV-001436,USES_DEVICE
CLM-001058,REP-000611,REPAIRED_BY
CLM-001059,CUS-001216,FILED_BY
CLM-001059,DEV-002467,USES_DEVICE
CLM-001059,REP-000095,REPAIRED_BY
CLM-001060,CUS-001018,FILED_BY
CLM-001060,DEV-002404,USES_DEVICE
CLM-001060,REP-000072,REPAIRED_BY
CLM-001061,CUS-002557,FILED_BY
CLM-001061,DEV-002086,USES_DEVICE
CLM-001062,CUS-002055,FILED_BY
CLM-001062,DEV-002911,USES_DEVICE
CLM-001062,REP-000603,REPAIRED_BY
CLM-001063,CUS-000207,FILED_BY
CLM-001063,DEV-000102,USES_DEVICE
CLM-001063,REP-000347,REPAIRED_BY
CLM-001064,CUS-000744,FILED_BY
CLM-001064,DEV-001364,USES_DEVICE
CLM-001065,CUS-000347,FILED_BY
CLM-001065,DEV-001559,USES_DEVICE
CLM-001066,CUS-002390,FILED_BY
CLM-001066,DEV-002821,USES_DEVICE
CLM-001067,CUS-002688,FILED_BY
CLM-001067,DEV-002754,USES_DEVICE
CLM-001067,REP-000430,REPAIRED_BY
CLM-001068,CUS-002930,FILED_BY
CLM-001068,DEV-000348,USES_DEVICE
CLM-001069,CUS-002935,FILED_BY
CLM-001069,DEV-001332,USES_DEVICE
CLM-001070,CUS-002255,FILED_BY
CLM-001070,DEV-002007,USES_DEVICE
CLM-001070,REP-000216,REPAIRED_BY
CLM-001071,CUS-002178,FILED_BY
CLM-001071,DEV-001423,USES_DEVICE
CLM-001072,CUS-001157,FILED_BY
CLM-001072,DEV-000798,USES_DEVICE
CLM-001072,REP-000651,REPAIRED_BY
CLM-001073,CUS-001126,FILED_BY
CLM-001073,DEV-002353,USES_DEVICE
CLM-001073,REP-000385,REPAIRED_BY
CLM-001074,CUS-001965,FILED_BY
CLM-001074,DEV-000618,USES_DEVICE
CLM-001075,CUS-001057,FILED_BY
CLM-001075,DEV-002917,USES_DEVICE
CLM-001076,CUS-000085,FILED_BY
CLM-001076,DEV-001439,USES_DEVICE
CLM-001076,REP-000682,REPAIRED_BY
CLM-001077,CUS-002252,FILED_BY
CLM-001077,DEV-000156,USES_DEVICE
CLM-001078,CUS-001929,FILED_BY
CLM-001078,DEV-000950,USES_DEVICE
CLM-001079,CUS-000402,FILED_BY
CLM-001079,DEV-000862,USES_DEVICE
CLM-001079,REP-000648,REPAIRED_BY
CLM-001080,CUS-001549,FILED_BY
CLM-001080,DEV-002744,USES_DEVICE
CLM-001080,REP-000690,REPAIRED_BY
CLM-001081,CUS-002849,FILED_BY
CLM-001081,DEV-001586,USES_DEVICE
CLM-001081,REP-000474,REPAIRED_BY
CLM-001082,CUS-000065,FILED_BY
CLM-001082,DEV-002472,USES_DEVICE
CLM-001082,REP-000676,REPAIRED_BY
CLM-001083,CUS-002028,FILED_BY
CLM-001083,DEV-000175,USES_DEVICE
CLM-001083,REP-000098,REPAIRED_BY
CLM-001084,CUS-000677,FILED_BY
CLM-001084,DEV-002984,USES_DEVICE
CLM-001085,CUS-000248,FILED_BY
CLM-001085,DEV-002512,USES_DEVICE
CLM-001086,CUS-001175,FILED_BY
CLM-001086,DEV-002763,USES_DEVICE
CLM-001086,REP-000130,REPAIRED_BY
CLM-001087,CUS-002487,FILED_BY
CLM-001087,DEV-001413,USES_DEVICE
CLM-001087,REP-000414,REPAIRED_BY
CLM-001088,CUS-000793,FILED_BY
CLM-001088,DEV-002452,USES_DEVICE
CLM-001088,REP-000353,REPAIRED_BY
CLM-001089,CUS-000528,FILED_BY
CLM-001089,DEV-002940,USES_DEVICE
CLM-001089,REP-000307,REPAIRED_BY
CLM-001090,CUS-002123,FILED_BY
CLM-001090,DEV-001263,USES_DEVICE
CLM-001090,REP-000023,REPAIRED_BY
CLM-001091,CUS-001275,FILED_BY
CLM-001091,DEV-002949,USES_DEVICE
CLM-001091,REP-000033,REPAIRED_BY
CLM-001092,CUS-001518,FILED_BY
CLM-001092,DEV-001443,USES_DEVICE
CLM-001093,CUS-001770,FILED_BY
CLM-001093,DEV-000498,USES_DEVICE
CLM-001094,CUS-002023,FILED_BY
CLM-001094,DEV-000750,USES_DEVICE
CLM-001094,REP-000199,REPAIRED_BY
CLM-001095,CUS-001851,FILED_BY
CLM-001095,DEV-000488,USES_DEVICE
CLM-001096,CUS-002122,FILED_BY
CLM-001096,DEV-001634,USES_DEVICE
CLM-001096,REP-000456,REPAIRED_BY
CLM-001097,CUS-002329,FILED_BY
CLM-001097,DEV-002835,USES_DEVICE
CLM-001098,CUS-000536,FILED_BY
CLM-001098,DEV-001966,USES_DEVICE
CLM-001098,REP-000051,REPAIRED_BY
CLM-001099,CUS-002832,FILED_BY
CLM-001099,DEV-002097,USES_DEVICE
CLM-001099,REP-000493,REPAIRED_BY
CLM-001100,CUS-000843,FILED_BY
CLM-001100,DEV-002293,USES_DEVICE
CLM-001101,CUS-000518,FILED_BY
CLM-001101,DEV-000747,USES_DEVICE
CLM-001101,REP-000337,REPAIRED_BY
CLM-001102,CUS-001347,FILED_BY
CLM-001102,DEV-000799,USES_DEVICE
CLM-001102,REP-000446,REPAIRED_BY
CLM-001103,CUS-002469,FILED_BY
CLM-001103,DEV-002247,USES_DEVICE
CLM-001104,CUS-002480,FILED_BY
CLM-001104,DEV-002104,USES_DEVICE
CLM-001104,REP-000105,REPAIRED_BY
CLM-001105,CUS-002958,FILED_BY
CLM-001105,DEV-000894,USES_DEVICE
CLM-001106,CUS-002625,FILED_BY
CLM-001106,DEV-000549,USES_DEVICE
CLM-001106,REP-000151,REPAIRED_BY
CLM-001107,CUS-001718,FILED_BY
CLM-001107,DEV-000967,USES_DEVICE
CLM-001107,REP-000264,REPAIRED_BY
CLM-001108,CUS-001200,FILED_BY
CLM-001108,DEV-000108,USES_DEVICE
CLM-001109,CUS-001770,FILED_BY
CLM-001109,DEV-000912,USES_DEVICE
CLM-001110,CUS-002865,FILED_BY
CLM-001110,DEV-000682,USES_DEVICE
CLM-001111,CUS-002382,FILED_BY
CLM-001111,DEV-000938,USES_DEVICE
CLM-001111,REP-000317,REPAIRED_BY
CLM-001112,CUS-001495,FILED_BY
CLM-001112,DEV-001949,USES_DEVICE
CLM-001112,REP-000601,REPAIRED_BY
CLM-001113,CUS-001347,FILED_BY
CLM-001113,DEV-000577,USES_DEVICE
CLM-001113,REP-000689,REPAIRED_BY
CLM-001114,CUS-001295,FILED_BY
CLM-001114,DEV-001125,USES_DEVICE
CLM-001115,CUS-000387,FILED_BY
CLM-001115,DEV-002168,USES_DEVICE
CLM-001116,CUS-002874,FILED_BY
CLM-001116,DEV-000456,USES_DEVICE
CLM-001117,CUS-000760,FILED_BY
CLM-001117,DEV-000147,USES_DEVICE
CLM-001117,REP-000339,REPAIRED_BY
CLM-001118,CUS-000342,FILED_BY
CLM-001118,DEV-000437,USES_DEVICE
CLM-001119,CUS-000079,FILED_BY
CLM-001119,DEV-001010,USES_DEVICE
CLM-001119,REP-000387,REPAIRED_BY
CLM-001120,CUS-000977,FILED_BY
CLM-001120,DEV-000474,USES_DEVICE
CLM-001120,REP-000602,REPAIRED_BY
CLM-001121,CUS-001039,FILED_BY
CLM-001121,DEV-001791,USES_DEVICE
CLM-001122,CUS-002622,FILED_BY
CLM-001122,DEV-000238,USES_DEVICE
CLM-001123,CUS-002346,FILED_BY
CLM-001123,DEV-002019,USES_DEVICE
CLM-001123,REP-000318,REPAIRED_BY
CLM-001124,CUS-000204,FILED_BY
CLM-001124,DEV-000791,USES_DEVICE
CLM-001125,CUS-001881,FILED_BY
CLM-001125,DEV-001094,USES_DEVICE
CLM-001126,CUS-002433,FILED_BY
CLM-001126,DEV-002119,USES_DEVICE
CLM-001126,REP-000569,REPAIRED_BY
CLM-001127,CUS-002450,FILED_BY
CLM-001127,DEV-002846,USES_DEVICE
CLM-001127,REP-000256,REPAIRED_BY
CLM-001128,CUS-002167,FILED_BY
CLM-001128,DEV-000129,USES_DEVICE
CLM-001129,CUS-000331,FILED_BY
CLM-001129,DEV-000253,USES_DEVICE
CLM-001129,REP-000533,REPAIRED_BY
CLM-001130,CUS-000291,FILED_BY
CLM-001130,DEV-002060,USES_DEVICE
CLM-001130,REP-000084,REPAIRED_BY
CLM-001131,CUS-001965,FILED_BY
CLM-001131,DEV-000470,USES_DEVICE
CLM-001131,REP-000608,REPAIRED_BY
CLM-001132,CUS-002574,FILED_BY
CLM-001132,DEV-000129,USES_DEVICE
CLM-001133,CUS-002937,FILED_BY
CLM-001133,DEV-001803,USES_DEVICE
CLM-001133,REP-000208,REPAIRED_BY
CLM-001134,CUS-002322,FILED_BY
CLM-001134,DEV-000588,USES_DEVICE
CLM-001134,REP-000567,REPAIRED_BY
CLM-001135,CUS-002639,FILED_BY
CLM-001135,DEV-000150,USES_DEVICE
CLM-001136,CUS-002185,FILED_BY
CLM-001136,DEV-001095,USES_DEVICE
CLM-001136,REP-000586,REPAIRED_BY
CLM-001137,CUS-001838,FILED_BY
CLM-001137,DEV-001629,USES_DEVICE
CLM-001137,REP-000357,REPAIRED_BY
CLM-001138,CUS-002364,FILED_BY
CLM-001138,DEV-000145,USES_DEVICE
CLM-001139,CUS-000813,FILED_BY
CLM-001139,DEV-001127,USES_DEVICE
CLM-001140,CUS-000160,FILED_BY
CLM-001140,DEV-000545,USES_DEVICE
CLM-001140,REP-000675,REPAIRED_BY
CLM-001141,CUS-001631,FILED_BY
CLM-001141,DEV-001649,USES_DEVICE
CLM-001142,CUS-001761,FILED_BY
CLM-001142,DEV-001585,USES_DEVICE
CLM-001143,CUS-000932,FILED_BY
CLM-001143,DEV-002448,USES_DEVICE
CLM-001144,CUS-000152,FILED_BY
CLM-001144,DEV-002398,USES_DEVICE
CLM-001144,REP-000101,REPAIRED_BY
CLM-001145,CUS-001418,FILED_BY
CLM-001145,DEV-001831,USES_DEVICE
CLM-001145,REP-000299,REPAIRED_BY
CLM-001146,CUS-000319,FILED_BY
CLM-001146,DEV-001862,USES_DEVICE
CLM-001146,REP-000198,REPAIRED_BY
CLM-001147,CUS-000648,FILED_BY
CLM-001147,DEV-000379,USES_DEVICE
CLM-001148,CUS-001907,FILED_BY
CLM-001148,DEV-001330,USES_DEVICE
CLM-001149,CUS-002860,FILED_BY
CLM-001149,DEV-000569,USES_DEVICE
CLM-001149,REP-000667,REPAIRED_BY
CLM-001150,CUS-000747,FILED_BY
CLM-001150,DEV-002729,USES_DEVICE
CLM-001150,REP-000112,REPAIRED_BY
CLM-001151,CUS-000132,FILED_BY
CLM-001151,DEV-001819,USES_DEVICE
CLM-001151,REP-000244,REPAIRED_BY
CLM-001152,CUS-002611,FILED_BY
CLM-001152,DEV-000858,USES_DEVICE
CLM-001153,CUS-001676,FILED_BY
CLM-001153,DEV-002844,USES_DEVICE
CLM-001153,REP-000366,REPAIRED_BY
CLM-001154,CUS-000691,FILED_BY
CLM-001154,DEV-001740,USES_DEVICE
CLM-001154,REP-000662,REPAIRED_BY
CLM-001155,CUS-001305,FILED_BY
CLM-001155,DEV-002452,USES_DEVICE
CLM-001156,CUS-000134,FILED_BY
CLM-001156,DEV-002240,USES_DEVICE
CLM-001156,REP-000204,REPAIRED_BY
CLM-001157,CUS-002286,FILED_BY
CLM-001157,DEV-001810,USES_DEVICE
CLM-001157,REP-000147,REPAIRED_BY
CLM-001158,CUS-002488,FILED_BY
CLM-001158,DEV-001071,USES_DEVICE
CLM-001158,REP-000137,REPAIRED_BY
CLM-001159,CUS-000675,FILED_BY
CLM-001159,DEV-002928,USES_DEVICE
CLM-001160,CUS-002368,FILED_BY
CLM-001160,DEV-000693,USES_DEVICE
CLM-001161,CUS-001478,FILED_BY
CLM-001161,DEV-002280,USES_DEVICE
CLM-001161,REP-000665,REPAIRED_BY
CLM-001162,CUS-002276,FILED_BY
CLM-001162,DEV-002320,USES_DEVICE
CLM-001163,CUS-001967,FILED_BY
CLM-001163,DEV-001270,USES_DEVICE
CLM-001164,CUS-000883,FILED_BY
CLM-001164,DEV-002014,USES_DEVICE
CLM-001164,REP-000397,REPAIRED_BY
CLM-001165,CUS-002106,FILED_BY
CLM-001165,DEV-001077,USES_DEVICE
CLM-001165,REP-000566,REPAIRED_BY
CLM-001166,CUS-002843,FILED_BY
CLM-001166,DEV-000115,USES_DEVICE
CLM-001166,REP-000688,REPAIRED_BY
CLM-001167,CUS-001200,FILED_BY
CLM-001167,DEV-002182,USES_DEVICE
CLM-001167,REP-000309,REPAIRED_BY
CLM-001168,CUS-000597,FILED_BY
CLM-001168,DEV-001573,USES_DEVICE
CLM-001168,REP-000331,REPAIRED_BY
CLM-001169,CUS-001905,FILED_BY
CLM-001169,DEV-002223,USES_DEVICE
CLM-001170,CUS-001600,FILED_BY
CLM-001170,DEV-002819,USES_DEVICE
CLM-001170,REP-000060,REPAIRED_BY
CLM-001171,CUS-002299,FILED_BY
CLM-001171,DEV-000793,USES_DEVICE
CLM-001171,REP-000672,REPAIRED_BY
CLM-001172,CUS-002787,FILED_BY
CLM-001172,DEV-002456,USES_DEVICE
CLM-001172,REP-000001,REPAIRED_BY
CLM-001173,CUS-002755,FILED_BY
CLM-001173,DEV-002618,USES_DEVICE
CLM-001174,CUS-000818,FILED_BY
CLM-001174,DEV-000279,USES_DEVICE
CLM-001174,REP-000489,REPAIRED_BY
CLM-001175,CUS-000762,FILED_BY
CLM-001175,DEV-000458,USES_DEVICE
CLM-001175,REP-000065,REPAIRED_BY
CLM-001176,CUS-001682,FILED_BY
CLM-001176,DEV-001596,USES_DEVICE
CLM-001177,CUS-000415,FILED_BY
CLM-001177,DEV-002608,USES_DEVICE
CLM-001177,REP-000300,REPAIRED_BY
CLM-001178,CUS-001700,FILED_BY
CLM-001178,DEV-000224,USES_DEVICE
CLM-001178,REP-000356,REPAIRED_BY
CLM-001179,CUS-002469,FILED_BY
CLM-001179,DEV-002247,USES_DEVICE
CLM-001180,CUS-002473,FILED_BY
CLM-001180,DEV-000584,USES_DEVICE
CLM-001180,REP-000385,REPAIRED_BY
CLM-001181,CUS-001082,FILED_BY
CLM-001181,DEV-000610,USES_DEVICE
CLM-001181,REP-000109,REPAIRED_BY
CLM-001182,CUS-000987,FILED_BY
CLM-001182,DEV-001558,USES_DEVICE
CLM-001182,REP-000371,REPAIRED_BY
CLM-001183,CUS-002389,FILED_BY
CLM-001183,DEV-000469,USES_DEVICE
CLM-001184,CUS-000682,FILED_BY
CLM-001184,DEV-000072,USES_DEVICE
CLM-001184,REP-000688,REPAIRED_BY
CLM-001185,CUS-000726,FILED_BY
CLM-001185,DEV-001974,USES_DEVICE
CLM-001186,CUS-002650,FILED_BY
CLM-001186,DEV-001664,USES_DEVICE
CLM-001187,CUS-000676,FILED_BY
CLM-001187,DEV-000812,USES_DEVICE
CLM-001187,REP-000509,REPAIRED_BY
CLM-001188,CUS-002443,FILED_BY
CLM-001188,DEV-000202,USES_DEVICE
CLM-001188,REP-000108,REPAIRED_BY
CLM-001189,CUS-002292,FILED_BY
CLM-001189,DEV-000558,USES_DEVICE
CLM-001190,CUS-000730,FILED_BY
CLM-001190,DEV-000354,USES_DEVICE
CLM-001190,REP-000085,REPAIRED_BY
CLM-001191,CUS-002999,FILED_BY
CLM-001191,DEV-002387,USES_DEVICE
CLM-001191,REP-000247,REPAIRED_BY
CLM-001192,CUS-002511,FILED_BY
CLM-001192,DEV-002958,USES_DEVICE
CLM-001192,REP-000080,REPAIRED_BY
CLM-001193,CUS-002246,FILED_BY
CLM-001193,DEV-001611,USES_DEVICE
CLM-001193,REP-000112,REPAIRED_BY
CLM-001194,CUS-000395,FILED_BY
CLM-001194,DEV-000362,USES_DEVICE
CLM-001195,CUS-001738,FILED_BY
CLM-001195,DEV-000467,USES_DEVICE
CLM-001195,REP-000258,REPAIRED_BY
CLM-001196,CUS-002226,FILED_BY
CLM-001196,DEV-001623,USES_DEVICE
CLM-001196,REP-000532,REPAIRED_BY
CLM-001197,CUS-002645,FILED_BY
CLM-001197,DEV-002322,USES_DEVICE
CLM-001197,REP-000511,REPAIRED_BY
CLM-001198,CUS-000464,FILED_BY
CLM-001198,DEV-000922,USES_DEVICE
CLM-001198,REP-000401,REPAIRED_BY
CLM-001199,CUS-002748,FILED_BY
CLM-001199,DEV-000926,USES_DEVICE
CLM-001199,REP-000371,REPAIRED_BY
CLM-001200,CUS-000696,FILED_BY
CLM-001200,DEV-000779,USES_DEVICE
CLM-001200,REP-000373,REPAIRED_BY
CLM-001201,CUS-001759,FILED_BY
CLM-001201,DEV-000571,USES_DEVICE
CLM-001201,REP-000300,REPAIRED_BY
CLM-001202,CUS-000213,FILED_BY
CLM-001202,DEV-002141,USES_DEVICE
CLM-001202,REP-000213,REPAIRED_BY
CLM-001203,CUS-000744,FILED_BY
CLM-001203,DEV-001364,USES_DEVICE
CLM-001203,REP-000024,REPAIRED_BY
CLM-001204,CUS-002141,FILED_BY
CLM-001204,DEV-000042,USES_DEVICE
CLM-001204,REP-000304,REPAIRED_BY
CLM-001205,CUS-000550,FILED_BY
CLM-001205,DEV-000098,USES_DEVICE
CLM-001206,CUS-000867,FILED_BY
CLM-001206,DEV-002206,USES_DEVICE
CLM-001207,CUS-001928,FILED_BY
CLM-001207,DEV-001527,USES_DEVICE
CLM-001207,REP-000576,REPAIRED_BY
CLM-001208,CUS-002133,FILED_BY
CLM-001208,DEV-000610,USES_DEVICE
CLM-001208,REP-000316,REPAIRED_BY
CLM-001209,CUS-002812,FILED_BY
CLM-001209,DEV-000219,USES_DEVICE
CLM-001210,CUS-001682,FILED_BY
CLM-001210,DEV-002375,USES_DEVICE
CLM-001210,REP-000470,REPAIRED_BY
CLM-001211,CUS-000233,FILED_BY
CLM-001211,DEV-000790,USES_DEVICE
CLM-001211,REP-000086,REPAIRED_BY
CLM-001212,CUS-000438,FILED_BY
CLM-001212,DEV-000583,USES_DEVICE
CLM-001212,REP-000302,REPAIRED_BY
CLM-001213,CUS-001287,FILED_BY
CLM-001213,DEV-000917,USES_DEVICE
CLM-001214,CUS-000510,FILED_BY
CLM-001214,DEV-002797,USES_DEVICE
CLM-001214,REP-000221,REPAIRED_BY
CLM-001215,CUS-002499,FILED_BY
CLM-001215,DEV-000607,USES_DEVICE
CLM-001216,CUS-001293,FILED_BY
CLM-001216,DEV-002324,USES_DEVICE
CLM-001217,CUS-001464,FILED_BY
CLM-001217,DEV-001367,USES_DEVICE
CLM-001217,REP-000492,REPAIRED_BY
CLM-001218,CUS-001455,FILED_BY
CLM-001218,DEV-000498,USES_DEVICE
CLM-001218,REP-000681,REPAIRED_BY
CLM-001219,CUS-000762,FILED_BY
CLM-001219,DEV-000458,USES_DEVICE
CLM-001219,REP-000039,REPAIRED_BY
CLM-001220,CUS-000767,FILED_BY
CLM-001220,DEV-001643,USES_DEVICE
CLM-001220,REP-000215,REPAIRED_BY
CLM-001221,CUS-000584,FILED_BY
CLM-001221,DEV-001683,USES_DEVICE
CLM-001221,REP-000613,REPAIRED_BY
CLM-001222,CUS-000781,FILED_BY
CLM-001222,DEV-002289,USES_DEVICE
CLM-001222,REP-000589,REPAIRED_BY
CLM-001223,CUS-000227,FILED_BY
CLM-001223,DEV-002645,USES_DEVICE
CLM-001223,REP-000235,REPAIRED_BY
CLM-001224,CUS-000746,FILED_BY
CLM-001224,DEV-002332,USES_DEVICE
CLM-001224,REP-000247,REPAIRED_BY
CLM-001225,CUS-001059,FILED_BY
CLM-001225,DEV-001191,USES_DEVICE
CLM-001225,REP-000552,REPAIRED_BY
CLM-001226,CUS-000636,FILED_BY
CLM-001226,DEV-002926,USES_DEVICE
CLM-001227,CUS-000481,FILED_BY
CLM-001227,DEV-002718,USES_DEVICE
CLM-001228,CUS-001907,FILED_BY
CLM-001228,DEV-001330,USES_DEVICE
CLM-001229,CUS-001438,FILED_BY
CLM-001229,DEV-001313,USES_DEVICE
CLM-001230,CUS-000041,FILED_BY
CLM-001230,DEV-002793,USES_DEVICE
CLM-001230,REP-000332,REPAIRED_BY
CLM-001231,CUS-002872,FILED_BY
CLM-001231,DEV-001009,USES_DEVICE
CLM-001232,CUS-002256,FILED_BY
CLM-001232,DEV-002370,USES_DEVICE
CLM-001232,REP-000543,REPAIRED_BY
CLM-001233,CUS-001279,FILED_BY
CLM-001233,DEV-000945,USES_DEVICE
CLM-001234,CUS-002243,FILED_BY
CLM-001234,DEV-001304,USES_DEVICE
CLM-001234,REP-000370,REPAIRED_BY
CLM-001235,CUS-000039,FILED_BY
CLM-001235,DEV-002117,USES_DEVICE
CLM-001236,CUS-002051,FILED_BY
CLM-001236,DEV-002687,USES_DEVICE
CLM-001236,REP-000533,REPAIRED_BY
CLM-001237,CUS-001409,FILED_BY
CLM-001237,DEV-000699,USES_DEVICE
CLM-001237,REP-000556,REPAIRED_BY
CLM-001238,CUS-002589,FILED_BY
CLM-001238,DEV-001857,USES_DEVICE
CLM-001238,REP-000240,REPAIRED_BY
CLM-001239,CUS-002367,FILED_BY
CLM-001239,DEV-000173,USES_DEVICE
CLM-001240,CUS-002438,FILED_BY
CLM-001240,DEV-001849,USES_DEVICE
CLM-001241,CUS-002612,FILED_BY
CLM-001241,DEV-000891,USES_DEVICE
CLM-001242,CUS-001198,FILED_BY
CLM-001242,DEV-000526,USES_DEVICE
CLM-001242,REP-000325,REPAIRED_BY
CLM-001243,CUS-001599,FILED_BY
CLM-001243,DEV-000826,USES_DEVICE
CLM-001244,CUS-001097,FILED_BY
CLM-001244,DEV-002221,USES_DEVICE
CLM-001244,REP-000380,REPAIRED_BY
CLM-001245,CUS-002516,FILED_BY
CLM-001245,DEV-002123,USES_DEVICE
CLM-001245,REP-000658,REPAIRED_BY
CLM-001246,CUS-001012,FILED_BY
CLM-001246,DEV-000207,USES_DEVICE
CLM-001247,CUS-001305,FILED_BY
CLM-001247,DEV-002452,USES_DEVICE
CLM-001247,REP-000254,REPAIRED_BY
CLM-001248,CUS-001596,FILED_BY
CLM-001248,DEV-002363,USES_DEVICE
CLM-001248,REP-000689,REPAIRED_BY
CLM-001249,CUS-002642,FILED_BY
CLM-001249,DEV-001363,USES_DEVICE
CLM-001249,REP-000519,REPAIRED_BY
CLM-001250,CUS-002014,FILED_BY
CLM-001250,DEV-000872,USES_DEVICE
CLM-001250,REP-000322,REPAIRED_BY
CLM-001251,CUS-002615,FILED_BY
CLM-001251,DEV-001319,USES_DEVICE
CLM-001251,REP-000481,REPAIRED_BY
CLM-001252,CUS-002952,FILED_BY
CLM-001252,DEV-000651,USES_DEVICE
CLM-001253,CUS-002131,FILED_BY
CLM-001253,DEV-000651,USES_DEVICE
CLM-001254,CUS-001551,FILED_BY
CLM-001254,DEV-000372,USES_DEVICE
CLM-001254,REP-000062,REPAIRED_BY
CLM-001255,CUS-000416,FILED_BY
CLM-001255,DEV-002105,USES_DEVICE
CLM-001255,REP-000173,REPAIRED_BY
CLM-001256,CUS-001536,FILED_BY
CLM-001256,DEV-002712,USES_DEVICE
CLM-001256,REP-000390,REPAIRED_BY
CLM-001257,CUS-002160,FILED_BY
CLM-001257,DEV-000020,USES_DEVICE
CLM-001258,CUS-001902,FILED_BY
CLM-001258,DEV-001528,USES_DEVICE
CLM-001259,CUS-001385,FILED_BY
CLM-001259,DEV-002675,USES_DEVICE
CLM-001259,REP-000435,REPAIRED_BY
CLM-001260,CUS-000601,FILED_BY
CLM-001260,DEV-000485,USES_DEVICE
CLM-001261,CUS-001001,FILED_BY
CLM-001261,DEV-000725,USES_DEVICE
CLM-001262,CUS-000984,FILED_BY
CLM-001262,DEV-001168,USES_DEVICE
CLM-001262,REP-000049,REPAIRED_BY
CLM-001263,CUS-000643,FILED_BY
CLM-001263,DEV-001188,USES_DEVICE
CLM-001263,REP-000652,REPAIRED_BY
CLM-001264,CUS-002446,FILED_BY
CLM-001264,DEV-002298,USES_DEVICE
CLM-001264,REP-000248,REPAIRED_BY
CLM-001265,CUS-002350,FILED_BY
CLM-001265,DEV-001005,USES_DEVICE
CLM-001265,REP-000586,REPAIRED_BY
CLM-001266,CUS-001852,FILED_BY
CLM-001266,DEV-001101,USES_DEVICE
CLM-001267,CUS-000213,FILED_BY
CLM-001267,DEV-002141,USES_DEVICE
CLM-001268,CUS-000979,FILED_BY
CLM-001268,DEV-001167,USES_DEVICE
CLM-001269,CUS-000591,FILED_BY
CLM-001269,DEV-001504,USES_DEVICE
CLM-001270,CUS-001513,FILED_BY
CLM-001270,DEV-000845,USES_DEVICE
CLM-001270,REP-000043,REPAIRED_BY
CLM-001271,CUS-000700,FILED_BY
CLM-001271,DEV-000299,USES_DEVICE
CLM-001272,CUS-001903,FILED_BY
CLM-001272,DEV-002867,USES_DEVICE
CLM-001272,REP-000623,REPAIRED_BY
CLM-001273,CUS-001377,FILED_BY
CLM-001273,DEV-001181,USES_DEVICE
CLM-001274,CUS-000054,FILED_BY
CLM-001274,DEV-000766,USES_DEVICE
CLM-001274,REP-000674,REPAIRED_BY
CLM-001275,CUS-000901,FILED_BY
CLM-001275,DEV-001459,USES_DEVICE
CLM-001275,REP-000085,REPAIRED_BY
CLM-001276,CUS-002639,FILED_BY
CLM-001276,DEV-001198,USES_DEVICE
CLM-001277,CUS-002090,FILED_BY
CLM-001277,DEV-001770,USES_DEVICE
CLM-001278,CUS-000559,FILED_BY
CLM-001278,DEV-001574,USES_DEVICE
CLM-001279,CUS-000338,FILED_BY
CLM-001279,DEV-002249,USES_DEVICE
CLM-001279,REP-000343,REPAIRED_BY
CLM-001280,CUS-000786,FILED_BY
CLM-001280,DEV-001137,USES_DEVICE
CLM-001281,CUS-001269,FILED_BY
CLM-001281,DEV-002914,USES_DEVICE
CLM-001281,REP-000071,REPAIRED_BY
CLM-001282,CUS-002654,FILED_BY
CLM-001282,DEV-000619,USES_DEVICE
CLM-001282,REP-000238,REPAIRED_BY
CLM-001283,CUS-002358,FILED_BY
CLM-001283,DEV-002475,USES_DEVICE
CLM-001284,CUS-000429,FILED_BY
CLM-001284,DEV-002805,USES_DEVICE
CLM-001284,REP-000591,REPAIRED_BY
CLM-001285,CUS-000531,FILED_BY
CLM-001285,DEV-000924,USES_DEVICE
CLM-001285,REP-000109,REPAIRED_BY
CLM-001286,CUS-001562,FILED_BY
CLM-001286,DEV-002706,USES_DEVICE
CLM-001286,REP-000563,REPAIRED_BY
CLM-001287,CUS-002443,FILED_BY
CLM-001287,DEV-002107,USES_DEVICE
CLM-001287,REP-000573,REPAIRED_BY
CLM-001288,CUS-001930,FILED_BY
CLM-001288,DEV-001749,USES_DEVICE
CLM-001288,REP-000644,REPAIRED_BY
CLM-001289,CUS-001487,FILED_BY
CLM-001289,DEV-002954,USES_DEVICE
CLM-001290,CUS-001617,FILED_BY
CLM-001290,DEV-000509,USES_DEVICE
CLM-001291,CUS-000901,FILED_BY
CLM-001291,DEV-001129,USES_DEVICE
CLM-001291,REP-000456,REPAIRED_BY
CLM-001292,CUS-001249,FILED_BY
CLM-001292,DEV-000751,USES_DEVICE
CLM-001292,REP-000168,REPAIRED_BY
CLM-001293,CUS-001518,FILED_BY
CLM-001293,DEV-001038,USES_DEVICE
CLM-001294,CUS-002410,FILED_BY
CLM-001294,DEV-001516,USES_DEVICE
CLM-001295,CUS-000870,FILED_BY
CLM-001295,DEV-001856,USES_DEVICE
CLM-001296,CUS-001271,FILED_BY
CLM-001296,DEV-002330,USES_DEVICE
CLM-001296,REP-000112,REPAIRED_BY
CLM-001297,CUS-001145,FILED_BY
CLM-001297,DEV-001125,USES_DEVICE
CLM-001297,REP-000103,REPAIRED_BY
CLM-001298,CUS-000637,FILED_BY
CLM-001298,DEV-000338,USES_DEVICE
CLM-001299,CUS-000315,FILED_BY
CLM-001299,DEV-001198,USES_DEVICE
CLM-001299,REP-000522,REPAIRED_BY
CLM-001300,CUS-000806,FILED_BY
CLM-001300,DEV-002296,USES_DEVICE
CLM-001300,REP-000128,REPAIRED_BY
CLM-001301,CUS-002153,FILED_BY
CLM-001301,DEV-001911,USES_DEVICE
CLM-001302,CUS-000591,FILED_BY
CLM-001302,DEV-001170,USES_DEVICE
CLM-001302,REP-000229,REPAIRED_BY
CLM-001303,CUS-001259,FILED_BY
CLM-001303,DEV-001052,USES_DEVICE
CLM-001304,CUS-001110,FILED_BY
CLM-001304,DEV-001401,USES_DEVICE
CLM-001304,REP-000132,REPAIRED_BY
CLM-001305,CUS-000865,FILED_BY
CLM-001305,DEV-000506,USES_DEVICE
CLM-001305,REP-000073,REPAIRED_BY
CLM-001306,CUS-002933,FILED_BY
CLM-001306,DEV-001387,USES_DEVICE
CLM-001306,REP-000262,REPAIRED_BY
CLM-001307,CUS-000178,FILED_BY
CLM-001307,DEV-001046,USES_DEVICE
CLM-001307,REP-000438,REPAIRED_BY
CLM-001308,CUS-001601,FILED_BY
CLM-001308,DEV-002687,USES_DEVICE
CLM-001309,CUS-001143,FILED_BY
CLM-001309,DEV-001598,USES_DEVICE
CLM-001310,CUS-002325,FILED_BY
CLM-001310,DEV-002399,USES_DEVICE
CLM-001310,REP-000065,REPAIRED_BY
CLM-001311,CUS-000289,FILED_BY
CLM-001311,DEV-002761,USES_DEVICE
CLM-001311,REP-000651,REPAIRED_BY
CLM-001312,CUS-002246,FILED_BY
CLM-001312,DEV-001611,USES_DEVICE
CLM-001313,CUS-000060,FILED_BY
CLM-001313,DEV-002165,USES_DEVICE
CLM-001314,CUS-000459,FILED_BY
CLM-001314,DEV-001011,USES_DEVICE
CLM-001314,REP-000205,REPAIRED_BY
CLM-001315,CUS-002532,FILED_BY
CLM-001315,DEV-000247,USES_DEVICE
CLM-001316,CUS-000207,FILED_BY
CLM-001316,DEV-000102,USES_DEVICE
CLM-001316,REP-000066,REPAIRED_BY
CLM-001317,CUS-002611,FILED_BY
CLM-001317,DEV-001835,USES_DEVICE
CLM-001317,REP-000531,REPAIRED_BY
CLM-001318,CUS-001643,FILED_BY
CLM-001318,DEV-002938,USES_DEVICE
CLM-001318,REP-000169,REPAIRED_BY
CLM-001319,CUS-002636,FILED_BY
CLM-001319,DEV-001823,USES_DEVICE
CLM-001319,REP-000631,REPAIRED_BY
CLM-001320,CUS-000109,FILED_BY
CLM-001320,DEV-000159,USES_DEVICE
CLM-001321,CUS-000060,FILED_BY
CLM-001321,DEV-001908,USES_DEVICE
CLM-001322,CUS-002194,FILED_BY
CLM-001322,DEV-000544,USES_DEVICE
CLM-001323,CUS-001572,FILED_BY
CLM-001323,DEV-001124,USES_DEVICE
CLM-001323,REP-000310,REPAIRED_BY
CLM-001324,CUS-002053,FILED_BY
CLM-001324,DEV-000146,USES_DEVICE
CLM-001325,CUS-001988,FILED_BY
CLM-001325,DEV-002146,USES_DEVICE
CLM-001326,CUS-000585,FILED_BY
CLM-001326,DEV-000029,USES_DEVICE
CLM-001326,REP-000200,REPAIRED_BY
CLM-001327,CUS-001436,FILED_BY
CLM-001327,DEV-000115,USES_DEVICE
CLM-001327,REP-000174,REPAIRED_BY
CLM-001328,CUS-001389,FILED_BY
CLM-001328,DEV-000009,USES_DEVICE
CLM-001329,CUS-001713,FILED_BY
CLM-001329,DEV-001396,USES_DEVICE
CLM-001329,REP-000156,REPAIRED_BY
CLM-001330,CUS-002515,FILED_BY
CLM-001330,DEV-000334,USES_DEVICE
CLM-001331,CUS-000690,FILED_BY
CLM-001331,DEV-002936,USES_DEVICE
CLM-001332,CUS-001060,FILED_BY
CLM-001332,DEV-000790,USES_DEVICE
CLM-001333,CUS-001427,FILED_BY
CLM-001333,DEV-002449,USES_DEVICE
CLM-001333,REP-000181,REPAIRED_BY
CLM-001334,CUS-002814,FILED_BY
CLM-001334,DEV-002084,USES_DEVICE
CLM-001334,REP-000119,REPAIRED_BY
CLM-001335,CUS-000544,FILED_BY
CLM-001335,DEV-000879,USES_DEVICE
CLM-001335,REP-000400,REPAIRED_BY
CLM-001336,CUS-000085,FILED_BY
CLM-001336,DEV-001439,USES_DEVICE
CLM-001337,CUS-001274,FILED_BY
CLM-001337,DEV-000613,USES_DEVICE
CLM-001337,REP-000371,REPAIRED_BY
CLM-001338,CUS-001629,FILED_BY
CLM-001338,DEV-001005,USES_DEVICE
CLM-001338,REP-000430,REPAIRED_BY
CLM-001339,CUS-001399,FILED_BY
CLM-001339,DEV-000258,USES_DEVICE
CLM-001340,CUS-001008,FILED_BY
CLM-001340,DEV-002927,USES_DEVICE
CLM-001341,CUS-001200,FILED_BY
CLM-001341,DEV-001095,USES_DEVICE
CLM-001341,REP-000648,REPAIRED_BY
CLM-001342,CUS-002632,FILED_BY
CLM-001342,DEV-001708,USES_DEVICE
CLM-001342,REP-000278,REPAIRED_BY
CLM-001343,CUS-001736,FILED_BY
CLM-001343,DEV-002396,USES_DEVICE
CLM-001343,REP-000453,REPAIRED_BY
CLM-001344,CUS-002004,FILED_BY
CLM-001344,DEV-002469,USES_DEVICE
CLM-001345,CUS-002172,FILED_BY
CLM-001345,DEV-001556,USES_DEVICE
CLM-001345,REP-000132,REPAIRED_BY
CLM-001346,CUS-000696,FILED_BY
CLM-001346,DEV-002043,USES_DEVICE
CLM-001346,REP-000055,REPAIRED_BY
CLM-001347,CUS-002903,FILED_BY
CLM-001347,DEV-001781,USES_DEVICE
CLM-001347,REP-000524,REPAIRED_BY
CLM-001348,CUS-001633,FILED_BY
CLM-001348,DEV-001664,USES_DEVICE
CLM-001348,REP-000434,REPAIRED_BY
CLM-001349,CUS-000868,FILED_BY
CLM-001349,DEV-000413,USES_DEVICE
CLM-001349,REP-000662,REPAIRED_BY
CLM-001350,CUS-000560,FILED_BY
CLM-001350,DEV-001416,USES_DEVICE
CLM-001351,CUS-000736,FILED_BY
CLM-001351,DEV-001668,USES_DEVICE
CLM-001351,REP-000312,REPAIRED_BY
CLM-001352,CUS-002993,FILED_BY
CLM-001352,DEV-001145,USES_DEVICE
CLM-001353,CUS-002227,FILED_BY
CLM-001353,DEV-000767,USES_DEVICE
CLM-001353,REP-000140,REPAIRED_BY
CLM-001354,CUS-000733,FILED_BY
CLM-001354,DEV-002660,USES_DEVICE
CLM-001354,REP-000573,REPAIRED_BY
CLM-001355,CUS-002567,FILED_BY
CLM-001355,DEV-000848,USES_DEVICE
CLM-001355,REP-000530,REPAIRED_BY
CLM-001356,CUS-000898,FILED_BY
CLM-001356,DEV-000469,USES_DEVICE
CLM-001356,REP-000008,REPAIRED_BY
CLM-001357,CUS-000269,FILED_BY
CLM-001357,DEV-001445,USES_DEVICE
CLM-001357,REP-000201,REPAIRED_BY
CLM-001358,CUS-000220,FILED_BY
CLM-001358,DEV-000752,USES_DEVICE
CLM-001358,REP-000297,REPAIRED_BY
CLM-001359,CUS-002187,FILED_BY
CLM-001359,DEV-002315,USES_DEVICE
CLM-001359,REP-000213,REPAIRED_BY
CLM-001360,CUS-002486,FILED_BY
CLM-001360,DEV-000123,USES_DEVICE
CLM-001360,REP-000615,REPAIRED_BY
CLM-001361,CUS-002801,FILED_BY
CLM-001361,DEV-001238,USES_DEVICE
CLM-001361,REP-000171,REPAIRED_BY
CLM-001362,CUS-001969,FILED_BY
CLM-001362,DEV-002720,USES_DEVICE
CLM-001362,REP-000218,REPAIRED_BY
CLM-001363,CUS-000911,FILED_BY
CLM-001363,DEV-002471,USES_DEVICE
CLM-001364,CUS-002486,FILED_BY
CLM-001364,DEV-000749,USES_DEVICE
CLM-001364,REP-000119,REPAIRED_BY
CLM-001365,CUS-000898,FILED_BY
CLM-001365,DEV-000430,USES_DEVICE
CLM-001365,REP-000327,REPAIRED_BY
CLM-001366,CUS-001759,FILED_BY
CLM-001366,DEV-001001,USES_DEVICE
CLM-001366,REP-000221,REPAIRED_BY
CLM-001367,CUS-000962,FILED_BY
CLM-001367,DEV-001554,USES_DEVICE
CLM-001367,REP-000376,REPAIRED_BY
CLM-001368,CUS-002615,FILED_BY
CLM-001368,DEV-002405,USES_DEVICE
CLM-001369,CUS-001080,FILED_BY
CLM-001369,DEV-001715,USES_DEVICE
CLM-001369,REP-000455,REPAIRED_BY
CLM-001370,CUS-001802,FILED_BY
CLM-001370,DEV-002613,USES_DEVICE
CLM-001371,CUS-002469,FILED_BY
CLM-001371,DEV-002059,USES_DEVICE
CLM-001371,REP-000034,REPAIRED_BY
CLM-001372,CUS-001186,FILED_BY
CLM-001372,DEV-000447,USES_DEVICE
CLM-001373,CUS-000342,FILED_BY
CLM-001373,DEV-000437,USES_DEVICE
CLM-001373,REP-000522,REPAIRED_BY
CLM-001374,CUS-002512,FILED_BY
CLM-001374,DEV-000012,USES_DEVICE
CLM-001375,CUS-000187,FILED_BY
CLM-001375,DEV-001651,USES_DEVICE
CLM-001375,REP-000460,REPAIRED_BY
CLM-001376,CUS-001862,FILED_BY
CLM-001376,DEV-001994,USES_DEVICE
CLM-001377,CUS-001527,FILED_BY
CLM-001377,DEV-000398,USES_DEVICE
CLM-001378,CUS-000249,FILED_BY
CLM-001378,DEV-001683,USES_DEVICE
CLM-001378,REP-000194,REPAIRED_BY
CLM-001379,CUS-000610,FILED_BY
CLM-001379,DEV-000362,USES_DEVICE
CLM-001379,REP-000502,REPAIRED_BY
CLM-001380,CUS-001056,FILED_BY
CLM-001380,DEV-000802,USES_DEVICE
CLM-001381,CUS-002365,FILED_BY
CLM-001381,DEV-000500,USES_DEVICE
CLM-001381,REP-000695,REPAIRED_BY
CLM-001382,CUS-002928,FILED_BY
CLM-001382,DEV-001082,USES_DEVICE
CLM-001383,CUS-002738,FILED_BY
CLM-001383,DEV-000072,USES_DEVICE
CLM-001384,CUS-000633,FILED_BY
CLM-001384,DEV-001907,USES_DEVICE
CLM-001385,CUS-002792,FILED_BY
CLM-001385,DEV-000637,USES_DEVICE
CLM-001385,REP-000282,REPAIRED_BY
CLM-001386,CUS-002759,FILED_BY
CLM-001386,DEV-001005,USES_DEVICE
CLM-001387,CUS-002658,FILED_BY
CLM-001387,DEV-000518,USES_DEVICE
CLM-001388,CUS-000546,FILED_BY
CLM-001388,DEV-001228,USES_DEVICE
CLM-001388,REP-000260,REPAIRED_BY
CLM-001389,CUS-001215,FILED_BY
CLM-001389,DEV-001349,USES_DEVICE
CLM-001390,CUS-000401,FILED_BY
CLM-001390,DEV-002575,USES_DEVICE
CLM-001390,REP-000502,REPAIRED_BY
CLM-001391,CUS-001439,FILED_BY
CLM-001391,DEV-000994,USES_DEVICE
CLM-001391,REP-000104,REPAIRED_BY
CLM-001392,CUS-001293,FILED_BY
CLM-001392,DEV-002410,USES_DEVICE
CLM-001392,REP-000534,REPAIRED_BY
CLM-001393,CUS-000330,FILED_BY
CLM-001393,DEV-002076,USES_DEVICE
CLM-001393,REP-000356,REPAIRED_BY
CLM-001394,CUS-000079,FILED_BY
CLM-001394,DEV-002295,USES_DEVICE
CLM-001394,REP-000341,REPAIRED_BY
CLM-001395,CUS-001724,FILED_BY
CLM-001395,DEV-002200,USES_DEVICE
CLM-001395,REP-000647,REPAIRED_BY
CLM-001396,CUS-001912,FILED_BY
CLM-001396,DEV-001559,USES_DEVICE
CLM-001397,CUS-002834,FILED_BY
CLM-001397,DEV-000714,USES_DEVICE
CLM-001398,CUS-002255,FILED_BY
CLM-001398,DEV-002007,USES_DEVICE
CLM-001398,REP-000380,REPAIRED_BY
CLM-001399,CUS-002622,FILED_BY
CLM-001399,DEV-001852,USES_DEVICE
CLM-001399,REP-000387,REPAIRED_BY
CLM-001400,CUS-001151,FILED_BY
CLM-001400,DEV-001402,USES_DEVICE
CLM-001400,REP-000636,REPAIRED_BY
CLM-001401,CUS-001126,FILED_BY
CLM-001401,DEV-002353,USES_DEVICE
CLM-001401,REP-000012,REPAIRED_BY
CLM-001402,CUS-002523,FILED_BY
CLM-001402,DEV-000491,USES_DEVICE
CLM-001403,CUS-002781,FILED_BY
CLM-001403,DEV-001545,USES_DEVICE
CLM-001404,CUS-001130,FILED_BY
CLM-001404,DEV-000654,USES_DEVICE
CLM-001405,CUS-002566,FILED_BY
CLM-001405,DEV-002314,USES_DEVICE
CLM-001405,REP-000176,REPAIRED_BY
CLM-001406,CUS-002208,FILED_BY
CLM-001406,DEV-002085,USES_DEVICE
CLM-001406,REP-000497,REPAIRED_BY
CLM-001407,CUS-002252,FILED_BY
CLM-001407,DEV-000719,USES_DEVICE
CLM-001407,REP-000329,REPAIRED_BY
CLM-001408,CUS-002737,FILED_BY
CLM-001408,DEV-001444,USES_DEVICE
CLM-001408,REP-000697,REPAIRED_BY
CLM-001409,CUS-000580,FILED_BY
CLM-001409,DEV-000544,USES_DEVICE
CLM-001410,CUS-001270,FILED_BY
CLM-001410,DEV-002126,USES_DEVICE
CLM-001411,CUS-001293,FILED_BY
CLM-001411,DEV-002324,USES_DEVICE
CLM-001411,REP-000031,REPAIRED_BY
CLM-001412,CUS-001251,FILED_BY
CLM-001412,DEV-002179,USES_DEVICE
CLM-001413,CUS-001329,FILED_BY
CLM-001413,DEV-002464,USES_DEVICE
CLM-001413,REP-000417,REPAIRED_BY
CLM-001414,CUS-001664,FILED_BY
CLM-001414,DEV-000874,USES_DEVICE
CLM-001414,REP-000647,REPAIRED_BY
CLM-001415,CUS-002217,FILED_BY
CLM-001415,DEV-002427,USES_DEVICE
CLM-001415,REP-000555,REPAIRED_BY
CLM-001416,CUS-001178,FILED_BY
CLM-001416,DEV-001654,USES_DEVICE
CLM-001416,REP-000532,REPAIRED_BY
CLM-001417,CUS-001232,FILED_BY
CLM-001417,DEV-001078,USES_DEVICE
CLM-001417,REP-000355,REPAIRED_BY
CLM-001418,CUS-002710,FILED_BY
CLM-001418,DEV-001698,USES_DEVICE
CLM-001418,REP-000080,REPAIRED_BY
CLM-001419,CUS-000221,FILED_BY
CLM-001419,DEV-001416,USES_DEVICE
CLM-001419,REP-000608,REPAIRED_BY
CLM-001420,CUS-001920,FILED_BY
CLM-001420,DEV-001146,USES_DEVICE
CLM-001420,REP-000405,REPAIRED_BY
CLM-001421,CUS-002193,FILED_BY
CLM-001421,DEV-001993,USES_DEVICE
CLM-001422,CUS-001844,FILED_BY
CLM-001422,DEV-001206,USES_DEVICE
CLM-001423,CUS-001730,FILED_BY
CLM-001423,DEV-000954,USES_DEVICE
CLM-001423,REP-000477,REPAIRED_BY
CLM-001424,CUS-001670,FILED_BY
CLM-001424,DEV-001442,USES_DEVICE
CLM-001425,CUS-001116,FILED_BY
CLM-001425,DEV-001560,USES_DEVICE
CLM-001425,REP-000542,REPAIRED_BY
CLM-001426,CUS-000628,FILED_BY
CLM-001426,DEV-000897,USES_DEVICE
CLM-001426,REP-000236,REPAIRED_BY
CLM-001427,CUS-001575,FILED_BY
CLM-001427,DEV-002074,USES_DEVICE
CLM-001427,REP-000670,REPAIRED_BY
CLM-001428,CUS-000279,FILED_BY
CLM-001428,DEV-000193,USES_DEVICE
CLM-001428,REP-000010,REPAIRED_BY
CLM-001429,CUS-000954,FILED_BY
CLM-001429,DEV-000180,USES_DEVICE
CLM-001430,CUS-000641,FILED_BY
CLM-001430,DEV-002030,USES_DEVICE
CLM-001430,REP-000700,REPAIRED_BY
CLM-001431,CUS-000280,FILED_BY
CLM-001431,DEV-001332,USES_DEVICE
CLM-001432,CUS-000626,FILED_BY
CLM-001432,DEV-000934,USES_DEVICE
CLM-001433,CUS-002520,FILED_BY
CLM-001433,DEV-001430,USES_DEVICE
CLM-001433,REP-000101,REPAIRED_BY
CLM-001434,CUS-002317,FILED_BY
CLM-001434,DEV-000547,USES_DEVICE
CLM-001435,CUS-002159,FILED_BY
CLM-001435,DEV-001104,USES_DEVICE
CLM-001435,REP-000229,REPAIRED_BY
CLM-001436,CUS-000993,FILED_BY
CLM-001436,DEV-000626,USES_DEVICE
CLM-001437,CUS-002707,FILED_BY
CLM-001437,DEV-000641,USES_DEVICE
CLM-001437,REP-000327,REPAIRED_BY
CLM-001438,CUS-001995,FILED_BY
CLM-001438,DEV-002851,USES_DEVICE
CLM-001439,CUS-001539,FILED_BY
CLM-001439,DEV-001496,USES_DEVICE
CLM-001440,CUS-000787,FILED_BY
CLM-001440,DEV-001540,USES_DEVICE
CLM-001441,CUS-001059,FILED_BY
CLM-001441,DEV-001191,USES_DEVICE
CLM-001442,CUS-002476,FILED_BY
CLM-001442,DEV-000146,USES_DEVICE
CLM-001443,CUS-002582,FILED_BY
CLM-001443,DEV-002938,USES_DEVICE
CLM-001443,REP-000178,REPAIRED_BY
CLM-001444,CUS-002921,FILED_BY
CLM-001444,DEV-001344,USES_DEVICE
CLM-001444,REP-000538,REPAIRED_BY
CLM-001445,CUS-000382,FILED_BY
CLM-001445,DEV-000280,USES_DEVICE
CLM-001446,CUS-001713,FILED_BY
CLM-001446,DEV-001028,USES_DEVICE
CLM-001446,REP-000304,REPAIRED_BY
CLM-001447,CUS-002104,FILED_BY
CLM-001447,DEV-001967,USES_DEVICE
CLM-001447,REP-000082,REPAIRED_BY
CLM-001448,CUS-000142,FILED_BY
CLM-001448,DEV-002403,USES_DEVICE
CLM-001448,REP-000510,REPAIRED_BY
CLM-001449,CUS-000832,FILED_BY
CLM-001449,DEV-002321,USES_DEVICE
CLM-001450,CUS-002651,FILED_BY
CLM-001450,DEV-001712,USES_DEVICE
CLM-001451,CUS-000620,FILED_BY
CLM-001451,DEV-000223,USES_DEVICE
CLM-001452,CUS-002159,FILED_BY
CLM-001452,DEV-001104,USES_DEVICE
CLM-001452,REP-000585,REPAIRED_BY
CLM-001453,CUS-002606,FILED_BY
CLM-001453,DEV-001962,USES_DEVICE
CLM-001454,CUS-002709,FILED_BY
CLM-001454,DEV-001383,USES_DEVICE
CLM-001455,CUS-000007,FILED_BY
CLM-001455,DEV-001529,USES_DEVICE
CLM-001456,CUS-000266,FILED_BY
CLM-001456,DEV-002048,USES_DEVICE
CLM-001456,REP-000356,REPAIRED_BY
CLM-001457,CUS-002626,FILED_BY
CLM-001457,DEV-001469,USES_DEVICE
CLM-001457,REP-000409,REPAIRED_BY
CLM-001458,CUS-000165,FILED_BY
CLM-001458,DEV-000268,USES_DEVICE
CLM-001458,REP-000449,REPAIRED_BY
CLM-001459,CUS-001598,FILED_BY
CLM-001459,DEV-001238,USES_DEVICE
CLM-001459,REP-000132,REPAIRED_BY
CLM-001460,CUS-001112,FILED_BY
CLM-001460,DEV-001924,USES_DEVICE
CLM-001461,CUS-002162,FILED_BY
CLM-001461,DEV-000953,USES_DEVICE
CLM-001461,REP-000322,REPAIRED_BY
CLM-001462,CUS-000054,FILED_BY
CLM-001462,DEV-002358,USES_DEVICE
CLM-001462,REP-000136,REPAIRED_BY
CLM-001463,CUS-001864,FILED_BY
CLM-001463,DEV-002674,USES_DEVICE
CLM-001463,REP-000249,REPAIRED_BY
CLM-001464,CUS-001977,FILED_BY
CLM-001464,DEV-002053,USES_DEVICE
CLM-001464,REP-000544,REPAIRED_BY
CLM-001465,CUS-002965,FILED_BY
CLM-001465,DEV-001600,USES_DEVICE
CLM-001466,CUS-000929,FILED_BY
CLM-001466,DEV-002923,USES_DEVICE
CLM-001466,REP-000211,REPAIRED_BY
CLM-001467,CUS-002123,FILED_BY
CLM-001467,DEV-001242,USES_DEVICE
CLM-001467,REP-000438,REPAIRED_BY
CLM-001468,CUS-000113,FILED_BY
CLM-001468,DEV-000735,USES_DEVICE
CLM-001468,REP-000295,REPAIRED_BY
CLM-001469,CUS-002787,FILED_BY
CLM-001469,DEV-002110,USES_DEVICE
CLM-001469,REP-000678,REPAIRED_BY
CLM-001470,CUS-000600,FILED_BY
CLM-001470,DEV-002196,USES_DEVICE
CLM-001470,REP-000493,REPAIRED_BY
CLM-001471,CUS-000122,FILED_BY
CLM-001471,DEV-000102,USES_DEVICE
CLM-001471,REP-000288,REPAIRED_BY
CLM-001472,CUS-002637,FILED_BY
CLM-001472,DEV-000425,USES_DEVICE
CLM-001472,REP-000113,REPAIRED_BY
CLM-001473,CUS-002596,FILED_BY
CLM-001473,DEV-001371,USES_DEVICE
CLM-001473,REP-000641,REPAIRED_BY
CLM-001474,CUS-000326,FILED_BY
CLM-001474,DEV-000597,USES_DEVICE
CLM-001475,CUS-001457,FILED_BY
CLM-001475,DEV-001514,USES_DEVICE
CLM-001475,REP-000612,REPAIRED_BY
CLM-001476,CUS-001259,FILED_BY
CLM-001476,DEV-001127,USES_DEVICE
CLM-001477,CUS-001145,FILED_BY
CLM-001477,DEV-000687,USES_DEVICE
CLM-001477,REP-000184,REPAIRED_BY
CLM-001478,CUS-001113,FILED_BY
CLM-001478,DEV-000173,USES_DEVICE
CLM-001478,REP-000073,REPAIRED_BY
CLM-001479,CUS-000263,FILED_BY
CLM-001479,DEV-000593,USES_DEVICE
CLM-001480,CUS-001518,FILED_BY
CLM-001480,DEV-002218,USES_DEVICE
CLM-001480,REP-000280,REPAIRED_BY
CLM-001481,CUS-002562,FILED_BY
CLM-001481,DEV-001422,USES_DEVICE
CLM-001481,REP-000531,REPAIRED_BY
CLM-001482,CUS-000831,FILED_BY
CLM-001482,DEV-002309,USES_DEVICE
CLM-001483,CUS-001634,FILED_BY
CLM-001483,DEV-002737,USES_DEVICE
CLM-001483,REP-000474,REPAIRED_BY
CLM-001484,CUS-000788,FILED_BY
CLM-001484,DEV-002197,USES_DEVICE
CLM-001484,REP-000087,REPAIRED_BY
CLM-001485,CUS-001023,FILED_BY
CLM-001485,DEV-000725,USES_DEVICE
CLM-001486,CUS-000219,FILED_BY
CLM-001486,DEV-002339,USES_DEVICE
CLM-001486,REP-000146,REPAIRED_BY
CLM-001487,CUS-001220,FILED_BY
CLM-001487,DEV-000348,USES_DEVICE
CLM-001488,CUS-000474,FILED_BY
CLM-001488,DEV-002595,USES_DEVICE
CLM-001488,REP-000631,REPAIRED_BY
CLM-001489,CUS-000448,FILED_BY
CLM-001489,DEV-001446,USES_DEVICE
CLM-001489,REP-000326,REPAIRED_BY
CLM-001490,CUS-001006,FILED_BY
CLM-001490,DEV-000242,USES_DEVICE
CLM-001491,CUS-002397,FILED_BY
CLM-001491,DEV-002675,USES_DEVICE
CLM-001491,REP-000676,REPAIRED_BY
CLM-001492,CUS-000953,FILED_BY
CLM-001492,DEV-002888,USES_DEVICE
CLM-001493,CUS-000054,FILED_BY
CLM-001493,DEV-001481,USES_DEVICE
CLM-001493,REP-000669,REPAIRED_BY
CLM-001494,CUS-000462,FILED_BY
CLM-001494,DEV-000839,USES_DEVICE
CLM-001495,CUS-000647,FILED_BY
CLM-001495,DEV-001531,USES_DEVICE
CLM-001495,REP-000497,REPAIRED_BY
CLM-001496,CUS-000782,FILED_BY
CLM-001496,DEV-001284,USES_DEVICE
CLM-001496,REP-000332,REPAIRED_BY
CLM-001497,CUS-002988,FILED_BY
CLM-001497,DEV-000010,USES_DEVICE
CLM-001497,REP-000012,REPAIRED_BY
CLM-001498,CUS-002026,FILED_BY
CLM-001498,DEV-000627,USES_DEVICE
CLM-001498,REP-000637,REPAIRED_BY
CLM-001499,CUS-000351,FILED_BY
CLM-001499,DEV-001472,USES_DEVICE
CLM-001500,CUS-002961,FILED_BY
CLM-001500,DEV-001026,USES_DEVICE
CLM-001500,REP-000624,REPAIRED_BY
CLM-001501,CUS-002562,FILED_BY
CLM-001501,DEV-001422,USES_DEVICE
CLM-001502,CUS-000023,FILED_BY
CLM-001502,DEV-001603,USES_DEVICE
CLM-001502,REP-000016,REPAIRED_BY
CLM-001503,CUS-001354,FILED_BY
CLM-001503,DEV-000892,USES_DEVICE
CLM-001503,REP-000300,REPAIRED_BY
CLM-001504,CUS-002446,FILED_BY
CLM-001504,DEV-000377,USES_DEVICE
CLM-001505,CUS-002252,FILED_BY
CLM-001505,DEV-001296,USES_DEVICE
CLM-001505,REP-000069,REPAIRED_BY
CLM-001506,CUS-000583,FILED_BY
CLM-001506,DEV-001298,USES_DEVICE
CLM-001506,REP-000542,REPAIRED_BY
CLM-001507,CUS-001262,FILED_BY
CLM-001507,DEV-002418,USES_DEVICE
CLM-001507,REP-000189,REPAIRED_BY
CLM-001508,CUS-000627,FILED_BY
CLM-001508,DEV-002778,USES_DEVICE
CLM-001508,REP-000232,REPAIRED_BY
CLM-001509,CUS-000696,FILED_BY
CLM-001509,DEV-002757,USES_DEVICE
CLM-001510,CUS-000660,FILED_BY
CLM-001510,DEV-001921,USES_DEVICE
CLM-001510,REP-000535,REPAIRED_BY
CLM-001511,CUS-002429,FILED_BY
CLM-001511,DEV-002011,USES_DEVICE
CLM-001511,REP-000263,REPAIRED_BY
CLM-001512,CUS-001712,FILED_BY
CLM-001512,DEV-001486,USES_DEVICE
CLM-001512,REP-000470,REPAIRED_BY
CLM-001513,CUS-000419,FILED_BY
CLM-001513,DEV-001367,USES_DEVICE
CLM-001513,REP-000014,REPAIRED_BY
CLM-001514,CUS-001410,FILED_BY
CLM-001514,DEV-002866,USES_DEVICE
CLM-001515,CUS-002230,FILED_BY
CLM-001515,DEV-001974,USES_DEVICE
CLM-001516,CUS-001389,FILED_BY
CLM-001516,DEV-001195,USES_DEVICE
CLM-001516,REP-000240,REPAIRED_BY
CLM-001517,CUS-000393,FILED_BY
CLM-001517,DEV-001285,USES_DEVICE
CLM-001517,REP-000620,REPAIRED_BY
CLM-001518,CUS-000249,FILED_BY
CLM-001518,DEV-002508,USES_DEVICE
CLM-001518,REP-000480,REPAIRED_BY
CLM-001519,CUS-002333,FILED_BY
CLM-001519,DEV-002118,USES_DEVICE
CLM-001520,CUS-002129,FILED_BY
CLM-001520,DEV-002992,USES_DEVICE
CLM-001520,REP-000662,REPAIRED_BY
CLM-001521,CUS-001388,FILED_BY
CLM-001521,DEV-002826,USES_DEVICE
CLM-001522,CUS-000489,FILED_BY
CLM-001522,DEV-000379,USES_DEVICE
CLM-001522,REP-000050,REPAIRED_BY
CLM-001523,CUS-001761,FILED_BY
CLM-001523,DEV-001137,USES_DEVICE
CLM-001524,CUS-000216,FILED_BY
CLM-001524,DEV-002408,USES_DEVICE
CLM-001524,REP-000678,REPAIRED_BY
CLM-001525,CUS-000172,FILED_BY
CLM-001525,DEV-002662,USES_DEVICE
CLM-001525,REP-000326,REPAIRED_BY
CLM-001526,CUS-000432,FILED_BY
CLM-001526,DEV-002659,USES_DEVICE
CLM-001526,REP-000639,REPAIRED_BY
CLM-001527,CUS-001395,FILED_BY
CLM-001527,DEV-002642,USES_DEVICE
CLM-001527,REP-000407,REPAIRED_BY
CLM-001528,CUS-000300,FILED_BY
CLM-001528,DEV-001990,USES_DEVICE
CLM-001528,REP-000480,REPAIRED_BY
CLM-001529,CUS-000279,FILED_BY
CLM-001529,DEV-000193,USES_DEVICE
CLM-001529,REP-000629,REPAIRED_BY
CLM-001530,CUS-002066,FILED_BY
CLM-001530,DEV-001076,USES_DEVICE
CLM-001530,REP-000406,REPAIRED_BY
CLM-001531,CUS-002113,FILED_BY
CLM-001531,DEV-001145,USES_DEVICE
CLM-001531,REP-000045,REPAIRED_BY
CLM-001532,CUS-000765,FILED_BY
CLM-001532,DEV-002257,USES_DEVICE
CLM-001532,REP-000253,REPAIRED_BY
CLM-001533,CUS-002818,FILED_BY
CLM-001533,DEV-002864,USES_DEVICE
CLM-001533,REP-000018,REPAIRED_BY
CLM-001534,CUS-000888,FILED_BY
CLM-001534,DEV-000937,USES_DEVICE
CLM-001534,REP-000665,REPAIRED_BY
CLM-001535,CUS-001818,FILED_BY
CLM-001535,DEV-001448,USES_DEVICE
CLM-001535,REP-000319,REPAIRED_BY
CLM-001536,CUS-001312,FILED_BY
CLM-001536,DEV-002846,USES_DEVICE
CLM-001536,REP-000302,REPAIRED_BY
CLM-001537,CUS-002448,FILED_BY
CLM-001537,DEV-002316,USES_DEVICE
CLM-001537,REP-000549,REPAIRED_BY
CLM-001538,CUS-000205,FILED_BY
CLM-001538,DEV-001307,USES_DEVICE
CLM-001539,CUS-002569,FILED_BY
CLM-001539,DEV-002203,USES_DEVICE
CLM-001540,CUS-002174,FILED_BY
CLM-001540,DEV-001342,USES_DEVICE
CLM-001540,REP-000543,REPAIRED_BY
CLM-001541,CUS-001815,FILED_BY
CLM-001541,DEV-000101,USES_DEVICE
CLM-001542,CUS-001250,FILED_BY
CLM-001542,DEV-002499,USES_DEVICE
CLM-001543,CUS-000801,FILED_BY
CLM-001543,DEV-000188,USES_DEVICE
CLM-001544,CUS-001073,FILED_BY
CLM-001544,DEV-002320,USES_DEVICE
CLM-001544,REP-000609,REPAIRED_BY
CLM-001545,CUS-002414,FILED_BY
CLM-001545,DEV-001369,USES_DEVICE
CLM-001546,CUS-002645,FILED_BY
CLM-001546,DEV-002916,USES_DEVICE
CLM-001547,CUS-001961,FILED_BY
CLM-001547,DEV-001874,USES_DEVICE
CLM-001547,REP-000618,REPAIRED_BY
CLM-001548,CUS-001451,FILED_BY
CLM-001548,DEV-000590,USES_DEVICE
CLM-001549,CUS-002435,FILED_BY
CLM-001549,DEV-001004,USES_DEVICE
CLM-001550,CUS-002394,FILED_BY
CLM-001550,DEV-002278,USES_DEVICE
CLM-001550,REP-000245,REPAIRED_BY
CLM-001551,CUS-000764,FILED_BY
CLM-001551,DEV-002745,USES_DEVICE
CLM-001552,CUS-000097,FILED_BY
CLM-001552,DEV-001664,USES_DEVICE
CLM-001552,REP-000287,REPAIRED_BY
CLM-001553,CUS-001973,FILED_BY
CLM-001553,DEV-001656,USES_DEVICE
CLM-001553,REP-000645,REPAIRED_BY
CLM-001554,CUS-002607,FILED_BY
CLM-001554,DEV-000927,USES_DEVICE
CLM-001554,REP-000591,REPAIRED_BY
CLM-001555,CUS-001020,FILED_BY
CLM-001555,DEV-000585,USES_DEVICE
CLM-001555,REP-000036,REPAIRED_BY
CLM-001556,CUS-000957,FILED_BY
CLM-001556,DEV-001311,USES_DEVICE
CLM-001557,CUS-002382,FILED_BY
CLM-001557,DEV-001258,USES_DEVICE
CLM-001558,CUS-002357,FILED_BY
CLM-001558,DEV-002548,USES_DEVICE
CLM-001558,REP-000280,REPAIRED_BY
CLM-001559,CUS-001359,FILED_BY
CLM-001559,DEV-001091,USES_DEVICE
CLM-001560,CUS-001556,FILED_BY
CLM-001560,DEV-002748,USES_DEVICE
CLM-001560,REP-000406,REPAIRED_BY
CLM-001561,CUS-002430,FILED_BY
CLM-001561,DEV-000629,USES_DEVICE
CLM-001562,CUS-002327,FILED_BY
CLM-001562,DEV-000552,USES_DEVICE
CLM-001563,CUS-002356,FILED_BY
CLM-001563,DEV-001678,USES_DEVICE
CLM-001563,REP-000259,REPAIRED_BY
CLM-001564,CUS-001189,FILED_BY
CLM-001564,DEV-000392,USES_DEVICE
CLM-001565,CUS-001263,FILED_BY
CLM-001565,DEV-001659,USES_DEVICE
CLM-001566,CUS-002845,FILED_BY
CLM-001566,DEV-002893,USES_DEVICE
CLM-001566,REP-000189,REPAIRED_BY
CLM-001567,CUS-001022,FILED_BY
CLM-001567,DEV-000822,USES_DEVICE
CLM-001568,CUS-002796,FILED_BY
CLM-001568,DEV-000968,USES_DEVICE
CLM-001568,REP-000652,REPAIRED_BY
CLM-001569,CUS-002060,FILED_BY
CLM-001569,DEV-000230,USES_DEVICE
CLM-001569,REP-000483,REPAIRED_BY
CLM-001570,CUS-001230,FILED_BY
CLM-001570,DEV-000169,USES_DEVICE
CLM-001570,REP-000400,REPAIRED_BY
CLM-001571,CUS-000334,FILED_BY
CLM-001571,DEV-000761,USES_DEVICE
CLM-001571,REP-000391,REPAIRED_BY
CLM-001572,CUS-002245,FILED_BY
CLM-001572,DEV-001940,USES_DEVICE
CLM-001573,CUS-001651,FILED_BY
CLM-001573,DEV-001752,USES_DEVICE
CLM-001574,CUS-001277,FILED_BY
CLM-001574,DEV-002949,USES_DEVICE
CLM-001574,REP-000616,REPAIRED_BY
CLM-001575,CUS-002970,FILED_BY
CLM-001575,DEV-000370,USES_DEVICE
CLM-001576,CUS-001935,FILED_BY
CLM-001576,DEV-002879,USES_DEVICE
CLM-001577,CUS-000174,FILED_BY
CLM-001577,DEV-001280,USES_DEVICE
CLM-001577,REP-000305,REPAIRED_BY
CLM-001578,CUS-001123,FILED_BY
CLM-001578,DEV-001936,USES_DEVICE
CLM-001578,REP-000194,REPAIRED_BY
CLM-001579,CUS-000399,FILED_BY
CLM-001579,DEV-002903,USES_DEVICE
CLM-001580,CUS-001507,FILED_BY
CLM-001580,DEV-002334,USES_DEVICE
CLM-001580,REP-000533,REPAIRED_BY
CLM-001581,CUS-002679,FILED_BY
CLM-001581,DEV-000824,USES_DEVICE
CLM-001581,REP-000499,REPAIRED_BY
CLM-001582,CUS-001302,FILED_BY
CLM-001582,DEV-002893,USES_DEVICE
CLM-001582,REP-000280,REPAIRED_BY
CLM-001583,CUS-000636,FILED_BY
CLM-001583,DEV-002570,USES_DEVICE
CLM-001583,REP-000348,REPAIRED_BY
CLM-001584,CUS-001765,FILED_BY
CLM-001584,DEV-001199,USES_DEVICE
CLM-001584,REP-000151,REPAIRED_BY
CLM-001585,CUS-002595,FILED_BY
CLM-001585,DEV-001924,USES_DEVICE
CLM-001586,CUS-002744,FILED_BY
CLM-001586,DEV-001158,USES_DEVICE
CLM-001587,CUS-001189,FILED_BY
CLM-001587,DEV-001115,USES_DEVICE
CLM-001587,REP-000459,REPAIRED_BY
CLM-001588,CUS-002047,FILED_BY
CLM-001588,DEV-000008,USES_DEVICE
CLM-001588,REP-000202,REPAIRED_BY
CLM-001589,CUS-001530,FILED_BY
CLM-001589,DEV-002466,USES_DEVICE
CLM-001590,CUS-001294,FILED_BY
CLM-001590,DEV-001058,USES_DEVICE
CLM-001590,REP-000004,REPAIRED_BY
CLM-001591,CUS-001491,FILED_BY
CLM-001591,DEV-002310,USES_DEVICE
CLM-001591,REP-000022,REPAIRED_BY
CLM-001592,CUS-000663,FILED_BY
CLM-001592,DEV-001611,USES_DEVICE
CLM-001592,REP-000665,REPAIRED_BY
CLM-001593,CUS-002740,FILED_BY
CLM-001593,DEV-002739,USES_DEVICE
CLM-001594,CUS-001382,FILED_BY
CLM-001594,DEV-002920,USES_DEVICE
CLM-001595,CUS-001943,FILED_BY
CLM-001595,DEV-000418,USES_DEVICE
CLM-001595,REP-000077,REPAIRED_BY
CLM-001596,CUS-000484,FILED_BY
CLM-001596,DEV-002349,USES_DEVICE
CLM-001596,REP-000691,REPAIRED_BY
CLM-001597,CUS-002051,FILED_BY
CLM-001597,DEV-002687,USES_DEVICE
CLM-001597,REP-000351,REPAIRED_BY
CLM-001598,CUS-001162,FILED_BY
CLM-001598,DEV-000951,USES_DEVICE
CLM-001599,CUS-000957,FILED_BY
CLM-001599,DEV-001848,USES_DEVICE
CLM-001599,REP-000367,REPAIRED_BY
CLM-001600,CUS-000685,FILED_BY
CLM-001600,DEV-001307,USES_DEVICE
CLM-001600,REP-000662,REPAIRED_BY
CLM-001601,CUS-001670,FILED_BY
CLM-001601,DEV-001442,USES_DEVICE
CLM-001601,REP-000434,REPAIRED_BY
CLM-001602,CUS-000538,FILED_BY
CLM-001602,DEV-000179,USES_DEVICE
CLM-001603,CUS-002697,FILED_BY
CLM-001603,DEV-000969,USES_DEVICE
CLM-001603,REP-000290,REPAIRED_BY
CLM-001604,CUS-002174,FILED_BY
CLM-001604,DEV-001386,USES_DEVICE
CLM-001604,REP-000008,REPAIRED_BY
CLM-001605,CUS-000698,FILED_BY
CLM-001605,DEV-002939,USES_DEVICE
CLM-001606,CUS-001297,FILED_BY
CLM-001606,DEV-001428,USES_DEVICE
CLM-001607,CUS-002411,FILED_BY
CLM-001607,DEV-001918,USES_DEVICE
CLM-001607,REP-000099,REPAIRED_BY
CLM-001608,CUS-000796,FILED_BY
CLM-001608,DEV-001499,USES_DEVICE
CLM-001608,REP-000293,REPAIRED_BY
CLM-001609,CUS-000281,FILED_BY
CLM-001609,DEV-000618,USES_DEVICE
CLM-001609,REP-000011,REPAIRED_BY
CLM-001610,CUS-002200,FILED_BY
CLM-001610,DEV-002435,USES_DEVICE
CLM-001611,CUS-000783,FILED_BY
CLM-001611,DEV-001649,USES_DEVICE
CLM-001611,REP-000291,REPAIRED_BY
CLM-001612,CUS-001004,FILED_BY
CLM-001612,DEV-002849,USES_DEVICE
CLM-001612,REP-000489,REPAIRED_BY
CLM-001613,CUS-000929,FILED_BY
CLM-001613,DEV-002923,USES_DEVICE
CLM-001613,REP-000510,REPAIRED_BY
CLM-001614,CUS-002395,FILED_BY
CLM-001614,DEV-002046,USES_DEVICE
CLM-001614,REP-000438,REPAIRED_BY
CLM-001615,CUS-001963,FILED_BY
CLM-001615,DEV-001978,USES_DEVICE
CLM-001615,REP-000497,REPAIRED_BY
CLM-001616,CUS-001402,FILED_BY
CLM-001616,DEV-001151,USES_DEVICE
CLM-001616,REP-000126,REPAIRED_BY
CLM-001617,CUS-002650,FILED_BY
CLM-001617,DEV-002457,USES_DEVICE
CLM-001617,REP-000434,REPAIRED_BY
CLM-001618,CUS-000955,FILED_BY
CLM-001618,DEV-001155,USES_DEVICE
CLM-001618,REP-000151,REPAIRED_BY
CLM-001619,CUS-000362,FILED_BY
CLM-001619,DEV-002469,USES_DEVICE
CLM-001619,REP-000177,REPAIRED_BY
CLM-001620,CUS-002244,FILED_BY
CLM-001620,DEV-001887,USES_DEVICE
CLM-001621,CUS-001527,FILED_BY
CLM-001621,DEV-001071,USES_DEVICE
CLM-001621,REP-000492,REPAIRED_BY
CLM-001622,CUS-002239,FILED_BY
CLM-001622,DEV-001462,USES_DEVICE
CLM-001622,REP-000459,REPAIRED_BY
CLM-001623,CUS-000917,FILED_BY
CLM-001623,DEV-000915,USES_DEVICE
CLM-001624,CUS-002686,FILED_BY
CLM-001624,DEV-001416,USES_DEVICE
CLM-001625,CUS-000998,FILED_BY
CLM-001625,DEV-001124,USES_DEVICE
CLM-001626,CUS-000069,FILED_BY
CLM-001626,DEV-001707,USES_DEVICE
CLM-001627,CUS-002532,FILED_BY
CLM-001627,DEV-002085,USES_DEVICE
CLM-001627,REP-000011,REPAIRED_BY
CLM-001628,CUS-000554,FILED_BY
CLM-001628,DEV-000375,USES_DEVICE
CLM-001629,CUS-000941,FILED_BY
CLM-001629,DEV-001901,USES_DEVICE
CLM-001630,CUS-001003,FILED_BY
CLM-001630,DEV-001905,USES_DEVICE
CLM-001630,REP-000443,REPAIRED_BY
CLM-001631,CUS-002486,FILED_BY
CLM-001631,DEV-000749,USES_DEVICE
CLM-001632,CUS-002075,FILED_BY
CLM-001632,DEV-002875,USES_DEVICE
CLM-001632,REP-000616,REPAIRED_BY
CLM-001633,CUS-000493,FILED_BY
CLM-001633,DEV-000456,USES_DEVICE
CLM-001634,CUS-002319,FILED_BY
CLM-001634,DEV-002788,USES_DEVICE
CLM-001635,CUS-001805,FILED_BY
CLM-001635,DEV-002723,USES_DEVICE
CLM-001635,REP-000562,REPAIRED_BY
CLM-001636,CUS-000049,FILED_BY
CLM-001636,DEV-000772,USES_DEVICE
CLM-001636,REP-000416,REPAIRED_BY
CLM-001637,CUS-000277,FILED_BY
CLM-001637,DEV-000880,USES_DEVICE
CLM-001637,REP-000544,REPAIRED_BY
CLM-001638,CUS-002701,FILED_BY
CLM-001638,DEV-001925,USES_DEVICE
CLM-001638,REP-000156,REPAIRED_BY
CLM-001639,CUS-002373,FILED_BY
CLM-001639,DEV-001699,USES_DEVICE
CLM-001639,REP-000352,REPAIRED_BY
CLM-001640,CUS-000348,FILED_BY
CLM-001640,DEV-000605,USES_DEVICE
CLM-001640,REP-000184,REPAIRED_BY
CLM-001641,CUS-002949,FILED_BY
CLM-001641,DEV-001316,USES_DEVICE
CLM-001642,CUS-001217,FILED_BY
CLM-001642,DEV-001031,USES_DEVICE
CLM-001643,CUS-002093,FILED_BY
CLM-001643,DEV-001861,USES_DEVICE
CLM-001644,CUS-001750,FILED_BY
CLM-001644,DEV-002273,USES_DEVICE
CLM-001644,REP-000437,REPAIRED_BY
CLM-001645,CUS-001583,FILED_BY
CLM-001645,DEV-000070,USES_DEVICE
CLM-001646,CUS-000187,FILED_BY
CLM-001646,DEV-001651,USES_DEVICE
CLM-001647,CUS-000561,FILED_BY
CLM-001647,DEV-002762,USES_DEVICE
CLM-001648,CUS-001723,FILED_BY
CLM-001648,DEV-001046,USES_DEVICE
CLM-001648,REP-000697,REPAIRED_BY
CLM-001649,CUS-000853,FILED_BY
CLM-001649,DEV-001842,USES_DEVICE
CLM-001649,REP-000143,REPAIRED_BY
CLM-001650,CUS-000320,FILED_BY
CLM-001650,DEV-001060,USES_DEVICE
CLM-001651,CUS-001786,FILED_BY
CLM-001651,DEV-001922,USES_DEVICE
CLM-001651,REP-000448,REPAIRED_BY
CLM-001652,CUS-002845,FILED_BY
CLM-001652,DEV-001279,USES_DEVICE
CLM-001653,CUS-001103,FILED_BY
CLM-001653,DEV-002216,USES_DEVICE
CLM-001654,CUS-002656,FILED_BY
CLM-001654,DEV-001376,USES_DEVICE
CLM-001654,REP-000620,REPAIRED_BY
CLM-001655,CUS-002283,FILED_BY
CLM-001655,DEV-001377,USES_DEVICE
CLM-001656,CUS-001551,FILED_BY
CLM-001656,DEV-000210,USES_DEVICE
CLM-001656,REP-000471,REPAIRED_BY
CLM-001657,CUS-002429,FILED_BY
CLM-001657,DEV-002526,USES_DEVICE
CLM-001657,REP-000160,REPAIRED_BY
CLM-001658,CUS-001254,FILED_BY
CLM-001658,DEV-002441,USES_DEVICE
CLM-001659,CUS-002355,FILED_BY
CLM-001659,DEV-000567,USES_DEVICE
CLM-001659,REP-000228,REPAIRED_BY
CLM-001660,CUS-001660,FILED_BY
CLM-001660,DEV-002264,USES_DEVICE
CLM-001661,CUS-000621,FILED_BY
CLM-001661,DEV-001194,USES_DEVICE
CLM-001662,CUS-001736,FILED_BY
CLM-001662,DEV-001085,USES_DEVICE
CLM-001662,REP-000057,REPAIRED_BY
CLM-001663,CUS-002515,FILED_BY
CLM-001663,DEV-000334,USES_DEVICE
CLM-001664,CUS-001017,FILED_BY
CLM-001664,DEV-001748,USES_DEVICE
CLM-001664,REP-000500,REPAIRED_BY
CLM-001665,CUS-001232,FILED_BY
CLM-001665,DEV-000425,USES_DEVICE
CLM-001665,REP-000368,REPAIRED_BY
CLM-001666,CUS-000580,FILED_BY
CLM-001666,DEV-000544,USES_DEVICE
CLM-001666,REP-000021,REPAIRED_BY
CLM-001667,CUS-002880,FILED_BY
CLM-001667,DEV-001383,USES_DEVICE
CLM-001667,REP-000216,REPAIRED_BY
CLM-001668,CUS-002486,FILED_BY
CLM-001668,DEV-000749,USES_DEVICE
CLM-001668,REP-000661,REPAIRED_BY
CLM-001669,CUS-002748,FILED_BY
CLM-001669,DEV-002883,USES_DEVICE
CLM-001669,REP-000547,REPAIRED_BY
CLM-001670,CUS-002499,FILED_BY
CLM-001670,DEV-000148,USES_DEVICE
CLM-001670,REP-000462,REPAIRED_BY
CLM-001671,CUS-000875,FILED_BY
CLM-001671,DEV-000741,USES_DEVICE
CLM-001671,REP-000138,REPAIRED_BY
CLM-001672,CUS-000127,FILED_BY
CLM-001672,DEV-001187,USES_DEVICE
CLM-001673,CUS-000755,FILED_BY
CLM-001673,DEV-000805,USES_DEVICE
CLM-001674,CUS-001549,FILED_BY
CLM-001674,DEV-002744,USES_DEVICE
CLM-001674,REP-000380,REPAIRED_BY
CLM-001675,CUS-002890,FILED_BY
CLM-001675,DEV-002554,USES_DEVICE
CLM-001676,CUS-000444,FILED_BY
CLM-001676,DEV-001113,USES_DEVICE
CLM-001676,REP-000094,REPAIRED_BY
CLM-001677,CUS-002200,FILED_BY
CLM-001677,DEV-002945,USES_DEVICE
CLM-001678,CUS-000126,FILED_BY
CLM-001678,DEV-000956,USES_DEVICE
CLM-001678,REP-000489,REPAIRED_BY
CLM-001679,CUS-001200,FILED_BY
CLM-001679,DEV-001095,USES_DEVICE
CLM-001680,CUS-001925,FILED_BY
CLM-001680,DEV-001417,USES_DEVICE
CLM-001681,CUS-002034,FILED_BY
CLM-001681,DEV-000430,USES_DEVICE
CLM-001681,REP-000245,REPAIRED_BY
CLM-001682,CUS-001086,FILED_BY
CLM-001682,DEV-000206,USES_DEVICE
CLM-001682,REP-000220,REPAIRED_BY
CLM-001683,CUS-000867,FILED_BY
CLM-001683,DEV-000205,USES_DEVICE
CLM-001683,REP-000612,REPAIRED_BY
CLM-001684,CUS-001907,FILED_BY
CLM-001684,DEV-001330,USES_DEVICE
CLM-001684,REP-000346,REPAIRED_BY
CLM-001685,CUS-000406,FILED_BY
CLM-001685,DEV-000387,USES_DEVICE
CLM-001686,CUS-002595,FILED_BY
CLM-001686,DEV-001924,USES_DEVICE
CLM-001686,REP-000587,REPAIRED_BY
CLM-001687,CUS-002272,FILED_BY
CLM-001687,DEV-001428,USES_DEVICE
CLM-001688,CUS-002424,FILED_BY
CLM-001688,DEV-002450,USES_DEVICE
CLM-001688,REP-000581,REPAIRED_BY
CLM-001689,CUS-001374,FILED_BY
CLM-001689,DEV-000911,USES_DEVICE
CLM-001690,CUS-002004,FILED_BY
CLM-001690,DEV-002469,USES_DEVICE
CLM-001690,REP-000159,REPAIRED_BY
CLM-001691,CUS-001384,FILED_BY
CLM-001691,DEV-000367,USES_DEVICE
CLM-001691,REP-000547,REPAIRED_BY
CLM-001692,CUS-000067,FILED_BY
CLM-001692,DEV-001324,USES_DEVICE
CLM-001692,REP-000520,REPAIRED_BY
CLM-001693,CUS-001513,FILED_BY
CLM-001693,DEV-002266,USES_DEVICE
CLM-001694,CUS-000518,FILED_BY
CLM-001694,DEV-001126,USES_DEVICE
CLM-001694,REP-000660,REPAIRED_BY
CLM-001695,CUS-002586,FILED_BY
CLM-001695,DEV-000506,USES_DEVICE
CLM-001696,CUS-001918,FILED_BY
CLM-001696,DEV-001669,USES_DEVICE
CLM-001696,REP-000076,REPAIRED_BY
CLM-001697,CUS-000149,FILED_BY
CLM-001697,DEV-001844,USES_DEVICE
CLM-001697,REP-000245,REPAIRED_BY
CLM-001698,CUS-001576,FILED_BY
CLM-001698,DEV-002391,USES_DEVICE
CLM-001698,REP-000239,REPAIRED_BY
CLM-001699,CUS-000127,FILED_BY
CLM-001699,DEV-000191,USES_DEVICE
CLM-001699,REP-000456,REPAIRED_BY
CLM-001700,CUS-000685,FILED_BY
CLM-001700,DEV-001307,USES_DEVICE
CLM-001700,REP-000665,REPAIRED_BY
CLM-001701,CUS-001161,FILED_BY
CLM-001701,DEV-000748,USES_DEVICE
CLM-001701,REP-000330,REPAIRED_BY
CLM-001702,CUS-001157,FILED_BY
CLM-001702,DEV-000916,USES_DEVICE
CLM-001702,REP-000347,REPAIRED_BY
CLM-001703,CUS-002407,FILED_BY
CLM-001703,DEV-002031,USES_DEVICE
CLM-001703,REP-000180,REPAIRED_BY
CLM-001704,CUS-002160,FILED_BY
CLM-001704,DEV-000020,USES_DEVICE
CLM-001705,CUS-001738,FILED_BY
CLM-001705,DEV-000467,USES_DEVICE
CLM-001706,CUS-002090,FILED_BY
CLM-001706,DEV-002238,USES_DEVICE
CLM-001707,CUS-000251,FILED_BY
CLM-001707,DEV-002385,USES_DEVICE
CLM-001707,REP-000382,REPAIRED_BY
CLM-001708,CUS-001261,FILED_BY
CLM-001708,DEV-002708,USES_DEVICE
CLM-001709,CUS-001374,FILED_BY
CLM-001709,DEV-000911,USES_DEVICE
CLM-001710,CUS-000330,FILED_BY
CLM-001710,DEV-002880,USES_DEVICE
CLM-001710,REP-000203,REPAIRED_BY
CLM-001711,CUS-001892,FILED_BY
CLM-001711,DEV-001457,USES_DEVICE
CLM-001711,REP-000389,REPAIRED_BY
CLM-001712,CUS-000192,FILED_BY
CLM-001712,DEV-002260,USES_DEVICE
CLM-001713,CUS-000717,FILED_BY
CLM-001713,DEV-001559,USES_DEVICE
CLM-001714,CUS-001087,FILED_BY
CLM-001714,DEV-001868,USES_DEVICE
CLM-001714,REP-000505,REPAIRED_BY
CLM-001715,CUS-002398,FILED_BY
CLM-001715,DEV-002644,USES_DEVICE
CLM-001715,REP-000546,REPAIRED_BY
CLM-001716,CUS-001521,FILED_BY
CLM-001716,DEV-001666,USES_DEVICE
CLM-001716,REP-000324,REPAIRED_BY
CLM-001717,CUS-002576,FILED_BY
CLM-001717,DEV-001917,USES_DEVICE
CLM-001717,REP-000120,REPAIRED_BY
CLM-001718,CUS-001054,FILED_BY
CLM-001718,DEV-000491,USES_DEVICE
CLM-001718,REP-000575,REPAIRED_BY
CLM-001719,CUS-001374,FILED_BY
CLM-001719,DEV-000426,USES_DEVICE
CLM-001719,REP-000239,REPAIRED_BY
CLM-001720,CUS-000445,FILED_BY
CLM-001720,DEV-001203,USES_DEVICE
CLM-001720,REP-000512,REPAIRED_BY
CLM-001721,CUS-002455,FILED_BY
CLM-001721,DEV-001917,USES_DEVICE
CLM-001721,REP-000619,REPAIRED_BY
CLM-001722,CUS-001776,FILED_BY
CLM-001722,DEV-001343,USES_DEVICE
CLM-001722,REP-000160,REPAIRED_BY
CLM-001723,CUS-001433,FILED_BY
CLM-001723,DEV-000552,USES_DEVICE
CLM-001723,REP-000211,REPAIRED_BY
CLM-001724,CUS-000867,FILED_BY
CLM-001724,DEV-000205,USES_DEVICE
CLM-001725,CUS-000923,FILED_BY
CLM-001725,DEV-002741,USES_DEVICE
CLM-001725,REP-000571,REPAIRED_BY
CLM-001726,CUS-002617,FILED_BY
CLM-001726,DEV-002656,USES_DEVICE
CLM-001726,REP-000026,REPAIRED_BY
CLM-001727,CUS-002472,FILED_BY
CLM-001727,DEV-000010,USES_DEVICE
CLM-001728,CUS-001062,FILED_BY
CLM-001728,DEV-001692,USES_DEVICE
CLM-001729,CUS-000689,FILED_BY
CLM-001729,DEV-002492,USES_DEVICE
CLM-001730,CUS-001889,FILED_BY
CLM-001730,DEV-001980,USES_DEVICE
CLM-001731,CUS-001431,FILED_BY
CLM-001731,DEV-001914,USES_DEVICE
CLM-001732,CUS-002765,FILED_BY
CLM-001732,DEV-001645,USES_DEVICE
CLM-001733,CUS-000353,FILED_BY
CLM-001733,DEV-002476,USES_DEVICE
CLM-001733,REP-000628,REPAIRED_BY
CLM-001734,CUS-001863,FILED_BY
CLM-001734,DEV-002031,USES_DEVICE
CLM-001734,REP-000345,REPAIRED_BY
CLM-001735,CUS-001045,FILED_BY
CLM-001735,DEV-002043,USES_DEVICE
CLM-001735,REP-000171,REPAIRED_BY
CLM-001736,CUS-000165,FILED_BY
CLM-001736,DEV-000268,USES_DEVICE
CLM-001736,REP-000013,REPAIRED_BY
CLM-001737,CUS-000158,FILED_BY
CLM-001737,DEV-002733,USES_DEVICE
CLM-001738,CUS-002313,FILED_BY
CLM-001738,DEV-002749,USES_DEVICE
CLM-001738,REP-000171,REPAIRED_BY
CLM-001739,CUS-002101,FILED_BY
CLM-001739,DEV-001742,USES_DEVICE
CLM-001739,REP-000636,REPAIRED_BY
CLM-001740,CUS-001515,FILED_BY
CLM-001740,DEV-000411,USES_DEVICE
CLM-001740,REP-000362,REPAIRED_BY
CLM-001741,CUS-002810,FILED_BY
CLM-001741,DEV-000092,USES_DEVICE
CLM-001741,REP-000229,REPAIRED_BY
CLM-001742,CUS-002282,FILED_BY
CLM-001742,DEV-001393,USES_DEVICE
CLM-001743,CUS-001755,FILED_BY
CLM-001743,DEV-000892,USES_DEVICE
CLM-001743,REP-000453,REPAIRED_BY
CLM-001744,CUS-001684,FILED_BY
CLM-001744,DEV-000866,USES_DEVICE
CLM-001744,REP-000498,REPAIRED_BY
CLM-001745,CUS-000261,FILED_BY
CLM-001745,DEV-000968,USES_DEVICE
CLM-001746,CUS-002414,FILED_BY
CLM-001746,DEV-001369,USES_DEVICE
CLM-001746,REP-000213,REPAIRED_BY
CLM-001747,CUS-002540,FILED_BY
CLM-001747,DEV-001805,USES_DEVICE
CLM-001747,REP-000417,REPAIRED_BY
CLM-001748,CUS-002491,FILED_BY
CLM-001748,DEV-002363,USES_DEVICE
CLM-001749,CUS-000984,FILED_BY
CLM-001749,DEV-001168,USES_DEVICE
CLM-001750,CUS-001881,FILED_BY
CLM-001750,DEV-002108,USES_DEVICE
CLM-001751,CUS-002009,FILED_BY
CLM-001751,DEV-002265,USES_DEVICE
CLM-001752,CUS-000914,FILED_BY
CLM-001752,DEV-000865,USES_DEVICE
CLM-001752,REP-000174,REPAIRED_BY
CLM-001753,CUS-001431,FILED_BY
CLM-001753,DEV-001914,USES_DEVICE
CLM-001753,REP-000064,REPAIRED_BY
CLM-001754,CUS-002409,FILED_BY
CLM-001754,DEV-001354,USES_DEVICE
CLM-001754,REP-000143,REPAIRED_BY
CLM-001755,CUS-002133,FILED_BY
CLM-001755,DEV-000610,USES_DEVICE
CLM-001755,REP-000486,REPAIRED_BY
CLM-001756,CUS-000144,FILED_BY
CLM-001756,DEV-001627,USES_DEVICE
CLM-001756,REP-000316,REPAIRED_BY
CLM-001757,CUS-001977,FILED_BY
CLM-001757,DEV-002053,USES_DEVICE
CLM-001757,REP-000454,REPAIRED_BY
CLM-001758,CUS-002548,FILED_BY
CLM-001758,DEV-002116,USES_DEVICE
CLM-001758,REP-000192,REPAIRED_BY
CLM-001759,CUS-001345,FILED_BY
CLM-001759,DEV-002820,USES_DEVICE
CLM-001759,REP-000190,REPAIRED_BY
CLM-001760,CUS-002649,FILED_BY
CLM-001760,DEV-000541,USES_DEVICE
CLM-001761,CUS-001494,FILED_BY
CLM-001761,DEV-002155,USES_DEVICE
CLM-001762,CUS-000249,FILED_BY
CLM-001762,DEV-002508,USES_DEVICE
CLM-001762,REP-000140,REPAIRED_BY
CLM-001763,CUS-001450,FILED_BY
CLM-001763,DEV-002801,USES_DEVICE
CLM-001763,REP-000600,REPAIRED_BY
CLM-001764,CUS-001170,FILED_BY
CLM-001764,DEV-000905,USES_DEVICE
CLM-001764,REP-000330,REPAIRED_BY
CLM-001765,CUS-002079,FILED_BY
CLM-001765,DEV-000952,USES_DEVICE
CLM-001765,REP-000534,REPAIRED_BY
CLM-001766,CUS-000731,FILED_BY
CLM-001766,DEV-001773,USES_DEVICE
CLM-001766,REP-000560,REPAIRED_BY
CLM-001767,CUS-000470,FILED_BY
CLM-001767,DEV-000574,USES_DEVICE
CLM-001768,CUS-000233,FILED_BY
CLM-001768,DEV-000789,USES_DEVICE
CLM-001768,REP-000344,REPAIRED_BY
CLM-001769,CUS-002051,FILED_BY
CLM-001769,DEV-000424,USES_DEVICE
CLM-001770,CUS-001881,FILED_BY
CLM-001770,DEV-001094,USES_DEVICE
CLM-001770,REP-000275,REPAIRED_BY
CLM-001771,CUS-000045,FILED_BY
CLM-001771,DEV-002736,USES_DEVICE
CLM-001772,CUS-000349,FILED_BY
CLM-001772,DEV-000683,USES_DEVICE
CLM-001772,REP-000600,REPAIRED_BY
CLM-001773,CUS-001018,FILED_BY
CLM-001773,DEV-002404,USES_DEVICE
CLM-001773,REP-000648,REPAIRED_BY
CLM-001774,CUS-001019,FILED_BY
CLM-001774,DEV-000937,USES_DEVICE
CLM-001774,REP-000480,REPAIRED_BY
CLM-001775,CUS-000920,FILED_BY
CLM-001775,DEV-001864,USES_DEVICE
CLM-001776,CUS-000844,FILED_BY
CLM-001776,DEV-002016,USES_DEVICE
CLM-001777,CUS-002871,FILED_BY
CLM-001777,DEV-002846,USES_DEVICE
CLM-001778,CUS-001028,FILED_BY
CLM-001778,DEV-002598,USES_DEVICE
CLM-001779,CUS-000046,FILED_BY
CLM-001779,DEV-000673,USES_DEVICE
CLM-001779,REP-000637,REPAIRED_BY
CLM-001780,CUS-002394,FILED_BY
CLM-001780,DEV-002140,USES_DEVICE
CLM-001780,REP-000269,REPAIRED_BY
CLM-001781,CUS-002706,FILED_BY
CLM-001781,DEV-001031,USES_DEVICE
CLM-001781,REP-000053,REPAIRED_BY
CLM-001782,CUS-001477,FILED_BY
CLM-001782,DEV-002159,USES_DEVICE
CLM-001783,CUS-001650,FILED_BY
CLM-001783,DEV-000932,USES_DEVICE
CLM-001783,REP-000634,REPAIRED_BY
CLM-001784,CUS-002101,FILED_BY
CLM-001784,DEV-002835,USES_DEVICE
CLM-001784,REP-000029,REPAIRED_BY
CLM-001785,CUS-002162,FILED_BY
CLM-001785,DEV-001700,USES_DEVICE
CLM-001785,REP-000146,REPAIRED_BY
CLM-001786,CUS-000448,FILED_BY
CLM-001786,DEV-001446,USES_DEVICE
CLM-001787,CUS-002554,FILED_BY
CLM-001787,DEV-001337,USES_DEVICE
CLM-001787,REP-000123,REPAIRED_BY
CLM-001788,CUS-001511,FILED_BY
CLM-001788,DEV-000446,USES_DEVICE
CLM-001788,REP-000438,REPAIRED_BY
CLM-001789,CUS-002755,FILED_BY
CLM-001789,DEV-002187,USES_DEVICE
CLM-001790,CUS-002877,FILED_BY
CLM-001790,DEV-002054,USES_DEVICE
CLM-001790,REP-000589,REPAIRED_BY
CLM-001791,CUS-002496,FILED_BY
CLM-001791,DEV-001006,USES_DEVICE
CLM-001791,REP-000330,REPAIRED_BY
CLM-001792,CUS-001422,FILED_BY
CLM-001792,DEV-002691,USES_DEVICE
CLM-001792,REP-000466,REPAIRED_BY
CLM-001793,CUS-002656,FILED_BY
CLM-001793,DEV-001376,USES_DEVICE
CLM-001793,REP-000396,REPAIRED_BY
CLM-001794,CUS-002662,FILED_BY
CLM-001794,DEV-001524,USES_DEVICE
CLM-001795,CUS-002984,FILED_BY
CLM-001795,DEV-001446,USES_DEVICE
CLM-001796,CUS-002828,FILED_BY
CLM-001796,DEV-001830,USES_DEVICE
CLM-001796,REP-000438,REPAIRED_BY
CLM-001797,CUS-000421,FILED_BY
CLM-001797,DEV-000959,USES_DEVICE
CLM-001798,CUS-002585,FILED_BY
CLM-001798,DEV-000738,USES_DEVICE
CLM-001799,CUS-001377,FILED_BY
CLM-001799,DEV-001181,USES_DEVICE
CLM-001799,REP-000034,REPAIRED_BY
CLM-001800,CUS-001126,FILED_BY
CLM-001800,DEV-002353,USES_DEVICE
CLM-001800,REP-000691,REPAIRED_BY
CLM-001801,CUS-000403,FILED_BY
CLM-001801,DEV-001308,USES_DEVICE
CLM-001802,CUS-000736,FILED_BY
CLM-001802,DEV-001668,USES_DEVICE
CLM-001802,REP-000381,REPAIRED_BY
CLM-001803,CUS-000108,FILED_BY
CLM-001803,DEV-002133,USES_DEVICE
CLM-001804,CUS-002996,FILED_BY
CLM-001804,DEV-001784,USES_DEVICE
CLM-001804,REP-000130,REPAIRED_BY
CLM-001805,CUS-001402,FILED_BY
CLM-001805,DEV-001151,USES_DEVICE
CLM-001805,REP-000557,REPAIRED_BY
CLM-001806,CUS-000444,FILED_BY
CLM-001806,DEV-000128,USES_DEVICE
CLM-001807,CUS-002617,FILED_BY
CLM-001807,DEV-002425,USES_DEVICE
CLM-001807,REP-000589,REPAIRED_BY
CLM-001808,CUS-002623,FILED_BY
CLM-001808,DEV-002779,USES_DEVICE
CLM-001808,REP-000044,REPAIRED_BY
CLM-001809,CUS-000159,FILED_BY
CLM-001809,DEV-001950,USES_DEVICE
CLM-001809,REP-000635,REPAIRED_BY
CLM-001810,CUS-002248,FILED_BY
CLM-001810,DEV-002391,USES_DEVICE
CLM-001810,REP-000052,REPAIRED_BY
CLM-001811,CUS-000982,FILED_BY
CLM-001811,DEV-000346,USES_DEVICE
CLM-001811,REP-000382,REPAIRED_BY
CLM-001812,CUS-000962,FILED_BY
CLM-001812,DEV-001554,USES_DEVICE
CLM-001812,REP-000455,REPAIRED_BY
CLM-001813,CUS-000926,FILED_BY
CLM-001813,DEV-000247,USES_DEVICE
CLM-001813,REP-000144,REPAIRED_BY
CLM-001814,CUS-001445,FILED_BY
CLM-001814,DEV-000269,USES_DEVICE
CLM-001814,REP-000291,REPAIRED_BY
CLM-001815,CUS-001821,FILED_BY
CLM-001815,DEV-000262,USES_DEVICE
CLM-001815,REP-000266,REPAIRED_BY
CLM-001816,CUS-001857,FILED_BY
CLM-001816,DEV-002706,USES_DEVICE
CLM-001816,REP-000390,REPAIRED_BY
CLM-001817,CUS-001474,FILED_BY
CLM-001817,DEV-000189,USES_DEVICE
CLM-001817,REP-000193,REPAIRED_BY
CLM-001818,CUS-001780,FILED_BY
CLM-001818,DEV-000894,USES_DEVICE
CLM-001819,CUS-001097,FILED_BY
CLM-001819,DEV-000259,USES_DEVICE
CLM-001819,REP-000374,REPAIRED_BY
CLM-001820,CUS-000356,FILED_BY
CLM-001820,DEV-001326,USES_DEVICE
CLM-001821,CUS-002607,FILED_BY
CLM-001821,DEV-000927,USES_DEVICE
CLM-001821,REP-000514,REPAIRED_BY
CLM-001822,CUS-002396,FILED_BY
CLM-001822,DEV-002085,USES_DEVICE
CLM-001822,REP-000621,REPAIRED_BY
CLM-001823,CUS-000071,FILED_BY
CLM-001823,DEV-001800,USES_DEVICE
CLM-001823,REP-000146,REPAIRED_BY
CLM-001824,CUS-001776,FILED_BY
CLM-001824,DEV-002047,USES_DEVICE
CLM-001825,CUS-002073,FILED_BY
CLM-001825,DEV-000143,USES_DEVICE
CLM-001826,CUS-002379,FILED_BY
CLM-001826,DEV-001251,USES_DEVICE
CLM-001827,CUS-001632,FILED_BY
CLM-001827,DEV-000461,USES_DEVICE
CLM-001828,CUS-001145,FILED_BY
CLM-001828,DEV-001125,USES_DEVICE
CLM-001828,REP-000082,REPAIRED_BY
CLM-001829,CUS-001820,FILED_BY
CLM-001829,DEV-002229,USES_DEVICE
CLM-001830,CUS-002086,FILED_BY
CLM-001830,DEV-001411,USES_DEVICE
CLM-001830,REP-000440,REPAIRED_BY
CLM-001831,CUS-001810,FILED_BY
CLM-001831,DEV-001341,USES_DEVICE
CLM-001831,REP-000072,REPAIRED_BY
CLM-001832,CUS-002999,FILED_BY
CLM-001832,DEV-002387,USES_DEVICE
CLM-001833,CUS-002853,FILED_BY
CLM-001833,DEV-000400,USES_DEVICE
CLM-001833,REP-000620,REPAIRED_BY
CLM-001834,CUS-000493,FILED_BY
CLM-001834,DEV-000419,USES_DEVICE
CLM-001834,REP-000653,REPAIRED_BY
CLM-001835,CUS-001895,FILED_BY
CLM-001835,DEV-002919,USES_DEVICE
CLM-001835,REP-000352,REPAIRED_BY
CLM-001836,CUS-001953,FILED_BY
CLM-001836,DEV-001469,USES_DEVICE
CLM-001836,REP-000368,REPAIRED_BY
CLM-001837,CUS-002791,FILED_BY
CLM-001837,DEV-001577,USES_DEVICE
CLM-001838,CUS-001779,FILED_BY
CLM-001838,DEV-000729,USES_DEVICE
CLM-001838,REP-000441,REPAIRED_BY
CLM-001839,CUS-001814,FILED_BY
CLM-001839,DEV-000547,USES_DEVICE
CLM-001840,CUS-002870,FILED_BY
CLM-001840,DEV-002723,USES_DEVICE
CLM-001840,REP-000618,REPAIRED_BY
CLM-001841,CUS-000592,FILED_BY
CLM-001841,DEV-001988,USES_DEVICE
CLM-001842,CUS-000049,FILED_BY
CLM-001842,DEV-000083,USES_DEVICE
CLM-001842,REP-000209,REPAIRED_BY
CLM-001843,CUS-000543,FILED_BY
CLM-001843,DEV-002479,USES_DEVICE
CLM-001843,REP-000110,REPAIRED_BY
CLM-001844,CUS-001967,FILED_BY
CLM-001844,DEV-000576,USES_DEVICE
CLM-001844,REP-000595,REPAIRED_BY
CLM-001845,CUS-000710,FILED_BY
CLM-001845,DEV-001964,USES_DEVICE
CLM-001845,REP-000351,REPAIRED_BY
CLM-001846,CUS-000762,FILED_BY
CLM-001846,DEV-000458,USES_DEVICE
CLM-001847,CUS-001017,FILED_BY
CLM-001847,DEV-001632,USES_DEVICE
CLM-001847,REP-000018,REPAIRED_BY
CLM-001848,CUS-001638,FILED_BY
CLM-001848,DEV-001021,USES_DEVICE
CLM-001848,REP-000643,REPAIRED_BY
CLM-001849,CUS-000710,FILED_BY
CLM-001849,DEV-000073,USES_DEVICE
CLM-001850,CUS-001451,FILED_BY
CLM-001850,DEV-001913,USES_DEVICE
CLM-001850,REP-000585,REPAIRED_BY
CLM-001851,CUS-002177,FILED_BY
CLM-001851,DEV-002816,USES_DEVICE
CLM-001851,REP-000609,REPAIRED_BY
CLM-001852,CUS-000075,FILED_BY
CLM-001852,DEV-001922,USES_DEVICE
CLM-001853,CUS-002337,FILED_BY
CLM-001853,DEV-000403,USES_DEVICE
CLM-001854,CUS-002309,FILED_BY
CLM-001854,DEV-000515,USES_DEVICE
CLM-001854,REP-000343,REPAIRED_BY
CLM-001855,CUS-000693,FILED_BY
CLM-001855,DEV-000186,USES_DEVICE
CLM-001856,CUS-002631,FILED_BY
CLM-001856,DEV-000624,USES_DEVICE
CLM-001857,CUS-001415,FILED_BY
CLM-001857,DEV-001625,USES_DEVICE
CLM-001857,REP-000590,REPAIRED_BY
CLM-001858,CUS-002799,FILED_BY
CLM-001858,DEV-001714,USES_DEVICE
CLM-001859,CUS-000030,FILED_BY
CLM-001859,DEV-002598,USES_DEVICE
CLM-001860,CUS-002967,FILED_BY
CLM-001860,DEV-000820,USES_DEVICE
CLM-001860,REP-000437,REPAIRED_BY
CLM-001861,CUS-002863,FILED_BY
CLM-001861,DEV-001579,USES_DEVICE
CLM-001861,REP-000440,REPAIRED_BY
CLM-001862,CUS-002443,FILED_BY
CLM-001862,DEV-000680,USES_DEVICE
CLM-001862,REP-000642,REPAIRED_BY
CLM-001863,CUS-002721,FILED_BY
CLM-001863,DEV-001384,USES_DEVICE
CLM-001864,CUS-002246,FILED_BY
CLM-001864,DEV-001611,USES_DEVICE
CLM-001864,REP-000353,REPAIRED_BY
CLM-001865,CUS-000585,FILED_BY
CLM-001865,DEV-002146,USES_DEVICE
CLM-001865,REP-000279,REPAIRED_BY
CLM-001866,CUS-002000,FILED_BY
CLM-001866,DEV-000835,USES_DEVICE
CLM-001866,REP-000055,REPAIRED_BY
CLM-001867,CUS-002118,FILED_BY
CLM-001867,DEV-001096,USES_DEVICE
CLM-001867,REP-000321,REPAIRED_BY
CLM-001868,CUS-000804,FILED_BY
CLM-001868,DEV-002673,USES_DEVICE
CLM-001868,REP-000372,REPAIRED_BY
CLM-001869,CUS-000493,FILED_BY
CLM-001869,DEV-000456,USES_DEVICE
CLM-001870,CUS-000035,FILED_BY
CLM-001870,DEV-002871,USES_DEVICE
CLM-001871,CUS-002377,FILED_BY
CLM-001871,DEV-000835,USES_DEVICE
CLM-001872,CUS-001675,FILED_BY
CLM-001872,DEV-000733,USES_DEVICE
CLM-001873,CUS-001512,FILED_BY
CLM-001873,DEV-000877,USES_DEVICE
CLM-001874,CUS-001427,FILED_BY
CLM-001874,DEV-002449,USES_DEVICE
CLM-001874,REP-000186,REPAIRED_BY
CLM-001875,CUS-000876,FILED_BY
CLM-001875,DEV-002601,USES_DEVICE
CLM-001876,CUS-001105,FILED_BY
CLM-001876,DEV-000012,USES_DEVICE
CLM-001876,REP-000336,REPAIRED_BY
CLM-001877,CUS-000818,FILED_BY
CLM-001877,DEV-000279,USES_DEVICE
CLM-001877,REP-000291,REPAIRED_BY
CLM-001878,CUS-002181,FILED_BY
CLM-001878,DEV-001196,USES_DEVICE
CLM-001878,REP-000386,REPAIRED_BY
CLM-001879,CUS-001172,FILED_BY
CLM-001879,DEV-000024,USES_DEVICE
CLM-001879,REP-000128,REPAIRED_BY
CLM-001880,CUS-001543,FILED_BY
CLM-001880,DEV-000789,USES_DEVICE
CLM-001880,REP-000500,REPAIRED_BY
CLM-001881,CUS-000132,FILED_BY
CLM-001881,DEV-002182,USES_DEVICE
CLM-001882,CUS-000826,FILED_BY
CLM-001882,DEV-001805,USES_DEVICE
CLM-001882,REP-000372,REPAIRED_BY
CLM-001883,CUS-000066,FILED_BY
CLM-001883,DEV-000289,USES_DEVICE
CLM-001883,REP-000316,REPAIRED_BY
CLM-001884,CUS-001641,FILED_BY
CLM-001884,DEV-001463,USES_DEVICE
CLM-001884,REP-000393,REPAIRED_BY
CLM-001885,CUS-002549,FILED_BY
CLM-001885,DEV-002823,USES_DEVICE
CLM-001886,CUS-002665,FILED_BY
CLM-001886,DEV-000182,USES_DEVICE
CLM-001887,CUS-001229,FILED_BY
CLM-001887,DEV-002907,USES_DEVICE
CLM-001888,CUS-001882,FILED_BY
CLM-001888,DEV-001969,USES_DEVICE
CLM-001888,REP-000281,REPAIRED_BY
CLM-001889,CUS-000532,FILED_BY
CLM-001889,DEV-002359,USES_DEVICE
CLM-001889,REP-000676,REPAIRED_BY
CLM-001890,CUS-001706,FILED_BY
CLM-001890,DEV-001974,USES_DEVICE
CLM-001890,REP-000224,REPAIRED_BY
CLM-001891,CUS-000007,FILED_BY
CLM-001891,DEV-000032,USES_DEVICE
CLM-001891,REP-000006,REPAIRED_BY
CLM-001892,CUS-000978,FILED_BY
CLM-001892,DEV-000053,USES_DEVICE
CLM-001892,REP-000070,REPAIRED_BY
CLM-001893,CUS-000688,FILED_BY
CLM-001893,DEV-002112,USES_DEVICE
CLM-001893,REP-000530,REPAIRED_BY
CLM-001894,CUS-000867,FILED_BY
CLM-001894,DEV-001264,USES_DEVICE
CLM-001894,REP-000638,REPAIRED_BY
CLM-001895,CUS-001941,FILED_BY
CLM-001895,DEV-001255,USES_DEVICE
CLM-001895,REP-000561,REPAIRED_BY
CLM-001896,CUS-001147,FILED_BY
CLM-001896,DEV-002156,USES_DEVICE
CLM-001896,REP-000282,REPAIRED_BY
CLM-001897,CUS-002574,FILED_BY
CLM-001897,DEV-000319,USES_DEVICE
CLM-001897,REP-000443,REPAIRED_BY
CLM-001898,CUS-000940,FILED_BY
CLM-001898,DEV-002567,USES_DEVICE
CLM-001898,REP-000394,REPAIRED_BY
CLM-001899,CUS-002845,FILED_BY
CLM-001899,DEV-001858,USES_DEVICE
CLM-001899,REP-000662,REPAIRED_BY
CLM-001900,CUS-000971,FILED_BY
CLM-001900,DEV-002121,USES_DEVICE
CLM-001900,REP-000193,REPAIRED_BY
CLM-001901,CUS-000438,FILED_BY
CLM-001901,DEV-000248,USES_DEVICE
CLM-001901,REP-000680,REPAIRED_BY
CLM-001902,CUS-001581,FILED_BY
CLM-001902,DEV-000482,USES_DEVICE
CLM-001902,REP-000388,REPAIRED_BY
CLM-001903,CUS-000403,FILED_BY
CLM-001903,DEV-001308,USES_DEVICE
CLM-001903,REP-000223,REPAIRED_BY
CLM-001904,CUS-001570,FILED_BY
CLM-001904,DEV-002384,USES_DEVICE
CLM-001905,CUS-002760,FILED_BY
CLM-001905,DEV-000038,USES_DEVICE
CLM-001905,REP-000511,REPAIRED_BY
CLM-001906,CUS-002320,FILED_BY
CLM-001906,DEV-001162,USES_DEVICE
CLM-001907,CUS-000952,FILED_BY
CLM-001907,DEV-001603,USES_DEVICE
CLM-001907,REP-000615,REPAIRED_BY
CLM-001908,CUS-001576,FILED_BY
CLM-001908,DEV-002317,USES_DEVICE
CLM-001908,REP-000437,REPAIRED_BY
CLM-001909,CUS-002645,FILED_BY
CLM-001909,DEV-002062,USES_DEVICE
CLM-001909,REP-000350,REPAIRED_BY
CLM-001910,CUS-000560,FILED_BY
CLM-001910,DEV-002009,USES_DEVICE
CLM-001910,REP-000556,REPAIRED_BY
CLM-001911,CUS-001773,FILED_BY
CLM-001911,DEV-002730,USES_DEVICE
CLM-001911,REP-000501,REPAIRED_BY
CLM-001912,CUS-001018,FILED_BY
CLM-001912,DEV-001514,USES_DEVICE
CLM-001912,REP-000503,REPAIRED_BY
CLM-001913,CUS-001529,FILED_BY
CLM-001913,DEV-000828,USES_DEVICE
CLM-001913,REP-000211,REPAIRED_BY
CLM-001914,CUS-000481,FILED_BY
CLM-001914,DEV-001961,USES_DEVICE
CLM-001914,REP-000469,REPAIRED_BY
CLM-001915,CUS-002964,FILED_BY
CLM-001915,DEV-002831,USES_DEVICE
CLM-001915,REP-000387,REPAIRED_BY
CLM-001916,CUS-000403,FILED_BY
CLM-001916,DEV-002722,USES_DEVICE
CLM-001917,CUS-002932,FILED_BY
CLM-001917,DEV-000982,USES_DEVICE
CLM-001918,CUS-000282,FILED_BY
CLM-001918,DEV-000879,USES_DEVICE
CLM-001919,CUS-002311,FILED_BY
CLM-001919,DEV-001879,USES_DEVICE
CLM-001919,REP-000309,REPAIRED_BY
CLM-001920,CUS-000816,FILED_BY
CLM-001920,DEV-000316,USES_DEVICE
CLM-001921,CUS-002444,FILED_BY
CLM-001921,DEV-000798,USES_DEVICE
CLM-001921,REP-000490,REPAIRED_BY
CLM-001922,CUS-002533,FILED_BY
CLM-001922,DEV-002713,USES_DEVICE
CLM-001922,REP-000626,REPAIRED_BY
CLM-001923,CUS-001943,FILED_BY
CLM-001923,DEV-000418,USES_DEVICE
CLM-001923,REP-000116,REPAIRED_BY
CLM-001924,CUS-002163,FILED_BY
CLM-001924,DEV-002438,USES_DEVICE
CLM-001925,CUS-002817,FILED_BY
CLM-001925,DEV-000464,USES_DEVICE
CLM-001925,REP-000092,REPAIRED_BY
CLM-001926,CUS-002642,FILED_BY
CLM-001926,DEV-000979,USES_DEVICE
CLM-001927,CUS-002901,FILED_BY
CLM-001927,DEV-001994,USES_DEVICE
CLM-001927,REP-000453,REPAIRED_BY
CLM-001928,CUS-001694,FILED_BY
CLM-001928,DEV-000404,USES_DEVICE
CLM-001929,CUS-001615,FILED_BY
CLM-001929,DEV-001617,USES_DEVICE
CLM-001930,CUS-001342,FILED_BY
CLM-001930,DEV-000020,USES_DEVICE
CLM-001931,CUS-000917,FILED_BY
CLM-001931,DEV-001846,USES_DEVICE
CLM-001932,CUS-001831,FILED_BY
CLM-001932,DEV-002547,USES_DEVICE
CLM-001932,REP-000352,REPAIRED_BY
CLM-001933,CUS-002555,FILED_BY
CLM-001933,DEV-002344,USES_DEVICE
CLM-001933,REP-000648,REPAIRED_BY
CLM-001934,CUS-000207,FILED_BY
CLM-001934,DEV-002011,USES_DEVICE
CLM-001935,CUS-000079,FILED_BY
CLM-001935,DEV-001477,USES_DEVICE
CLM-001935,REP-000502,REPAIRED_BY
CLM-001936,CUS-001242,FILED_BY
CLM-001936,DEV-001554,USES_DEVICE
CLM-001936,REP-000147,REPAIRED_BY
CLM-001937,CUS-001834,FILED_BY
CLM-001937,DEV-001097,USES_DEVICE
CLM-001938,CUS-001596,FILED_BY
CLM-001938,DEV-002265,USES_DEVICE
CLM-001939,CUS-002432,FILED_BY
CLM-001939,DEV-000250,USES_DEVICE
CLM-001939,REP-000299,REPAIRED_BY
CLM-001940,CUS-001727,FILED_BY
CLM-001940,DEV-002340,USES_DEVICE
CLM-001941,CUS-001012,FILED_BY
CLM-001941,DEV-001710,USES_DEVICE
CLM-001942,CUS-002109,FILED_BY
CLM-001942,DEV-002880,USES_DEVICE
CLM-001942,REP-000516,REPAIRED_BY
CLM-001943,CUS-001195,FILED_BY
CLM-001943,DEV-000459,USES_DEVICE
CLM-001943,REP-000416,REPAIRED_BY
CLM-001944,CUS-002996,FILED_BY
CLM-001944,DEV-001784,USES_DEVICE
CLM-001944,REP-000068,REPAIRED_BY
CLM-001945,CUS-000158,FILED_BY
CLM-001945,DEV-002733,USES_DEVICE
CLM-001945,REP-000007,REPAIRED_BY
CLM-001946,CUS-001886,FILED_BY
CLM-001946,DEV-000851,USES_DEVICE
CLM-001947,CUS-002741,FILED_BY
CLM-001947,DEV-001702,USES_DEVICE
CLM-001947,REP-000595,REPAIRED_BY
CLM-001948,CUS-001394,FILED_BY
CLM-001948,DEV-002720,USES_DEVICE
CLM-001948,REP-000156,REPAIRED_BY
CLM-001949,CUS-001649,FILED_BY
CLM-001949,DEV-000394,USES_DEVICE
CLM-001949,REP-000022,REPAIRED_BY
CLM-001950,CUS-000158,FILED_BY
CLM-001950,DEV-002486,USES_DEVICE
CLM-001951,CUS-002340,FILED_BY
CLM-001951,DEV-002386,USES_DEVICE
CLM-001952,CUS-000898,FILED_BY
CLM-001952,DEV-002852,USES_DEVICE
CLM-001952,REP-000532,REPAIRED_BY
CLM-001953,CUS-000363,FILED_BY
CLM-001953,DEV-002031,USES_DEVICE
CLM-001953,REP-000526,REPAIRED_BY
CLM-001954,CUS-000706,FILED_BY
CLM-001954,DEV-000474,USES_DEVICE
CLM-001954,REP-000140,REPAIRED_BY
CLM-001955,CUS-001846,FILED_BY
CLM-001955,DEV-001401,USES_DEVICE
CLM-001955,REP-000080,REPAIRED_BY
CLM-001956,CUS-002933,FILED_BY
CLM-001956,DEV-001387,USES_DEVICE
CLM-001957,CUS-002638,FILED_BY
CLM-001957,DEV-001481,USES_DEVICE
CLM-001957,REP-000530,REPAIRED_BY
CLM-001958,CUS-001806,FILED_BY
CLM-001958,DEV-002835,USES_DEVICE
CLM-001959,CUS-001289,FILED_BY
CLM-001959,DEV-000700,USES_DEVICE
CLM-001960,CUS-000345,FILED_BY
CLM-001960,DEV-000535,USES_DEVICE
CLM-001961,CUS-000359,FILED_BY
CLM-001961,DEV-000531,USES_DEVICE
CLM-001961,REP-000651,REPAIRED_BY
CLM-001962,CUS-000390,FILED_BY
CLM-001962,DEV-000929,USES_DEVICE
CLM-001963,CUS-000114,FILED_BY
CLM-001963,DEV-002056,USES_DEVICE
CLM-001964,CUS-001961,FILED_BY
CLM-001964,DEV-001874,USES_DEVICE
CLM-001964,REP-000420,REPAIRED_BY
CLM-001965,CUS-002612,FILED_BY
CLM-001965,DEV-002116,USES_DEVICE
CLM-001966,CUS-002093,FILED_BY
CLM-001966,DEV-001861,USES_DEVICE
CLM-001966,REP-000240,REPAIRED_BY
CLM-001967,CUS-000700,FILED_BY
CLM-001967,DEV-001767,USES_DEVICE
CLM-001967,REP-000247,REPAIRED_BY
CLM-001968,CUS-002101,FILED_BY
CLM-001968,DEV-000898,USES_DEVICE
CLM-001969,CUS-002239,FILED_BY
CLM-001969,DEV-000832,USES_DEVICE
CLM-001969,REP-000596,REPAIRED_BY
CLM-001970,CUS-000032,FILED_BY
CLM-001970,DEV-000992,USES_DEVICE
CLM-001970,REP-000507,REPAIRED_BY
CLM-001971,CUS-001506,FILED_BY
CLM-001971,DEV-002091,USES_DEVICE
CLM-001972,CUS-001996,FILED_BY
CLM-001972,DEV-001630,USES_DEVICE
CLM-001972,REP-000130,REPAIRED_BY
CLM-001973,CUS-002194,FILED_BY
CLM-001973,DEV-000544,USES_DEVICE
CLM-001974,CUS-000270,FILED_BY
CLM-001974,DEV-000381,USES_DEVICE
CLM-001974,REP-000256,REPAIRED_BY
CLM-001975,CUS-000097,FILED_BY
CLM-001975,DEV-000682,USES_DEVICE
CLM-001976,CUS-001750,FILED_BY
CLM-001976,DEV-001692,USES_DEVICE
CLM-001977,CUS-000319,FILED_BY
CLM-001977,DEV-000549,USES_DEVICE
CLM-001978,CUS-000653,FILED_BY
CLM-001978,DEV-001711,USES_DEVICE
CLM-001978,REP-000210,REPAIRED_BY
CLM-001979,CUS-000362,FILED_BY
CLM-001979,DEV-001686,USES_DEVICE
CLM-001980,CUS-000144,FILED_BY
CLM-001980,DEV-001627,USES_DEVICE
CLM-001981,CUS-000444,FILED_BY
CLM-001981,DEV-000128,USES_DEVICE
CLM-001981,REP-000685,REPAIRED_BY
CLM-001982,CUS-002416,FILED_BY
CLM-001982,DEV-001531,USES_DEVICE
CLM-001982,REP-000035,REPAIRED_BY
CLM-001983,CUS-000755,FILED_BY
CLM-001983,DEV-000805,USES_DEVICE
CLM-001983,REP-000695,REPAIRED_BY
CLM-001984,CUS-002611,FILED_BY
CLM-001984,DEV-001835,USES_DEVICE
CLM-001984,REP-000682,REPAIRED_BY
CLM-001985,CUS-002608,FILED_BY
CLM-001985,DEV-001316,USES_DEVICE
CLM-001986,CUS-002786,FILED_BY
CLM-001986,DEV-000086,USES_DEVICE
CLM-001986,REP-000153,REPAIRED_BY
CLM-001987,CUS-001615,FILED_BY
CLM-001987,DEV-001617,USES_DEVICE
CLM-001988,CUS-000632,FILED_BY
CLM-001988,DEV-000960,USES_DEVICE
CLM-001989,CUS-000597,FILED_BY
CLM-001989,DEV-000400,USES_DEVICE
CLM-001989,REP-000095,REPAIRED_BY
CLM-001990,CUS-001368,FILED_BY
CLM-001990,DEV-001681,USES_DEVICE
CLM-001990,REP-000631,REPAIRED_BY
CLM-001991,CUS-002282,FILED_BY
CLM-001991,DEV-001393,USES_DEVICE
CLM-001991,REP-000395,REPAIRED_BY
CLM-001992,CUS-000587,FILED_BY
CLM-001992,DEV-000407,USES_DEVICE
CLM-001992,REP-000443,REPAIRED_BY
CLM-001993,CUS-002040,FILED_BY
CLM-001993,DEV-002217,USES_DEVICE
CLM-001994,CUS-001694,FILED_BY
CLM-001994,DEV-000404,USES_DEVICE
CLM-001995,CUS-001895,FILED_BY
CLM-001995,DEV-002919,USES_DEVICE
CLM-001995,REP-000392,REPAIRED_BY
CLM-001996,CUS-000248,FILED_BY
CLM-001996,DEV-000182,USES_DEVICE
CLM-001996,REP-000553,REPAIRED_BY
CLM-001997,CUS-000463,FILED_BY
CLM-001997,DEV-000623,USES_DEVICE
CLM-001997,REP-000537,REPAIRED_BY
CLM-001998,CUS-001508,FILED_BY
CLM-001998,DEV-000782,USES_DEVICE
CLM-001998,REP-000331,REPAIRED_BY
CLM-001999,CUS-002900,FILED_BY
CLM-001999,DEV-001617,USES_DEVICE
CLM-001999,REP-000614,REPAIRED_BY
CLM-002000,CUS-001061,FILED_BY
CLM-002000,DEV-001577,USES_DEVICE
CLM-002000,REP-000369,REPAIRED_BY
CLM-002001,CUS-002836,FILED_BY
CLM-002001,DEV-001832,USES_DEVICE
CLM-002001,REP-000293,REPAIRED_BY
CLM-002002,CUS-002917,FILED_BY
CLM-002002,DEV-002249,USES_DEVICE
CLM-002003,CUS-000224,FILED_BY
CLM-002003,DEV-000839,USES_DEVICE
CLM-002004,CUS-002426,FILED_BY
CLM-002004,DEV-001497,USES_DEVICE
CLM-002005,CUS-000762,FILED_BY
CLM-002005,DEV-001979,USES_DEVICE
CLM-002006,CUS-002751,FILED_BY
CLM-002006,DEV-002252,USES_DEVICE
CLM-002007,CUS-000633,FILED_BY
CLM-002007,DEV-001334,USES_DEVICE
CLM-002008,CUS-001256,FILED_BY
CLM-002008,DEV-000440,USES_DEVICE
CLM-002009,CUS-000138,FILED_BY
CLM-002009,DEV-000112,USES_DEVICE
CLM-002010,CUS-002045,FILED_BY
CLM-002010,DEV-001572,USES_DEVICE
CLM-002010,REP-000003,REPAIRED_BY
CLM-002011,CUS-001432,FILED_BY
CLM-002011,DEV-000453,USES_DEVICE
CLM-002011,REP-000069,REPAIRED_BY
CLM-002012,CUS-001105,FILED_BY
CLM-002012,DEV-000012,USES_DEVICE
CLM-002013,CUS-002431,FILED_BY
CLM-002013,DEV-001441,USES_DEVICE
CLM-002014,CUS-002430,FILED_BY
CLM-002014,DEV-002400,USES_DEVICE
CLM-002014,REP-000108,REPAIRED_BY
CLM-002015,CUS-002945,FILED_BY
CLM-002015,DEV-002228,USES_DEVICE
CLM-002016,CUS-001562,FILED_BY
CLM-002016,DEV-000212,USES_DEVICE
CLM-002016,REP-000427,REPAIRED_BY
CLM-002017,CUS-000898,FILED_BY
CLM-002017,DEV-001698,USES_DEVICE
CLM-002018,CUS-001504,FILED_BY
CLM-002018,DEV-002729,USES_DEVICE
CLM-002019,CUS-002767,FILED_BY
CLM-002019,DEV-002386,USES_DEVICE
CLM-002019,REP-000597,REPAIRED_BY
CLM-002020,CUS-001329,FILED_BY
CLM-002020,DEV-002684,USES_DEVICE
CLM-002020,REP-000145,REPAIRED_BY
CLM-002021,CUS-000704,FILED_BY
CLM-002021,DEV-002000,USES_DEVICE
CLM-002021,REP-000392,REPAIRED_BY
CLM-002022,CUS-002665,FILED_BY
CLM-002022,DEV-001911,USES_DEVICE
CLM-002022,REP-000503,REPAIRED_BY
CLM-002023,CUS-002105,FILED_BY
CLM-002023,DEV-001954,USES_DEVICE
CLM-002024,CUS-000294,FILED_BY
CLM-002024,DEV-000644,USES_DEVICE
CLM-002024,REP-000479,REPAIRED_BY
CLM-002025,CUS-001418,FILED_BY
CLM-002025,DEV-001224,USES_DEVICE
CLM-002026,CUS-000917,FILED_BY
CLM-002026,DEV-001015,USES_DEVICE
CLM-002027,CUS-001328,FILED_BY
CLM-002027,DEV-002592,USES_DEVICE
CLM-002027,REP-000286,REPAIRED_BY
CLM-002028,CUS-000363,FILED_BY
CLM-002028,DEV-002031,USES_DEVICE
CLM-002029,CUS-000784,FILED_BY
CLM-002029,DEV-002435,USES_DEVICE
CLM-002029,REP-000594,REPAIRED_BY
CLM-002030,CUS-001975,FILED_BY
CLM-002030,DEV-000418,USES_DEVICE
CLM-002030,REP-000539,REPAIRED_BY
CLM-002031,CUS-000255,FILED_BY
CLM-002031,DEV-001841,USES_DEVICE
CLM-002031,REP-000596,REPAIRED_BY
CLM-002032,CUS-001392,FILED_BY
CLM-002032,DEV-002342,USES_DEVICE
CLM-002033,CUS-002710,FILED_BY
CLM-002033,DEV-001715,USES_DEVICE
CLM-002033,REP-000446,REPAIRED_BY
CLM-002034,CUS-002585,FILED_BY
CLM-002034,DEV-001064,USES_DEVICE
CLM-002035,CUS-001515,FILED_BY
CLM-002035,DEV-000411,USES_DEVICE
CLM-002035,REP-000431,REPAIRED_BY
CLM-002036,CUS-000608,FILED_BY
CLM-002036,DEV-002374,USES_DEVICE
CLM-002037,CUS-001972,FILED_BY
CLM-002037,DEV-001945,USES_DEVICE
CLM-002038,CUS-000754,FILED_BY
CLM-002038,DEV-002205,USES_DEVICE
CLM-002038,REP-000093,REPAIRED_BY
CLM-002039,CUS-001435,FILED_BY
CLM-002039,DEV-001437,USES_DEVICE
CLM-002039,REP-000426,REPAIRED_BY
CLM-002040,CUS-002394,FILED_BY
CLM-002040,DEV-002278,USES_DEVICE
CLM-002040,REP-000274,REPAIRED_BY
CLM-002041,CUS-001898,FILED_BY
CLM-002041,DEV-000676,USES_DEVICE
CLM-002041,REP-000329,REPAIRED_BY
CLM-002042,CUS-000143,FILED_BY
CLM-002042,DEV-001599,USES_DEVICE
CLM-002042,REP-000090,REPAIRED_BY
CLM-002043,CUS-000349,FILED_BY
CLM-002043,DEV-000690,USES_DEVICE
CLM-002043,REP-000440,REPAIRED_BY
CLM-002044,CUS-002725,FILED_BY
CLM-002044,DEV-002028,USES_DEVICE
CLM-002044,REP-000695,REPAIRED_BY
CLM-002045,CUS-000899,FILED_BY
CLM-002045,DEV-001593,USES_DEVICE
CLM-002045,REP-000579,REPAIRED_BY
CLM-002046,CUS-000319,FILED_BY
CLM-002046,DEV-001473,USES_DEVICE
CLM-002046,REP-000416,REPAIRED_BY
CLM-002047,CUS-001090,FILED_BY
CLM-002047,DEV-002248,USES_DEVICE
CLM-002047,REP-000092,REPAIRED_BY
CLM-002048,CUS-002981,FILED_BY
CLM-002048,DEV-002981,USES_DEVICE
CLM-002048,REP-000681,REPAIRED_BY
CLM-002049,CUS-002640,FILED_BY
CLM-002049,DEV-002447,USES_DEVICE
CLM-002049,REP-000293,REPAIRED_BY
CLM-002050,CUS-000870,FILED_BY
CLM-002050,DEV-002303,USES_DEVICE
CLM-002051,CUS-002456,FILED_BY
CLM-002051,DEV-000913,USES_DEVICE
CLM-002051,REP-000551,REPAIRED_BY
CLM-002052,CUS-000127,FILED_BY
CLM-002052,DEV-001551,USES_DEVICE
CLM-002052,REP-000480,REPAIRED_BY
CLM-002053,CUS-002991,FILED_BY
CLM-002053,DEV-002077,USES_DEVICE
CLM-002053,REP-000589,REPAIRED_BY
CLM-002054,CUS-002299,FILED_BY
CLM-002054,DEV-001986,USES_DEVICE
CLM-002054,REP-000670,REPAIRED_BY
CLM-002055,CUS-001518,FILED_BY
CLM-002055,DEV-001038,USES_DEVICE
CLM-002056,CUS-002810,FILED_BY
CLM-002056,DEV-002440,USES_DEVICE
CLM-002056,REP-000400,REPAIRED_BY
CLM-002057,CUS-002819,FILED_BY
CLM-002057,DEV-000860,USES_DEVICE
CLM-002058,CUS-002041,FILED_BY
CLM-002058,DEV-001025,USES_DEVICE
CLM-002058,REP-000462,REPAIRED_BY
CLM-002059,CUS-000104,FILED_BY
CLM-002059,DEV-002191,USES_DEVICE
CLM-002060,CUS-002118,FILED_BY
CLM-002060,DEV-001096,USES_DEVICE
CLM-002060,REP-000411,REPAIRED_BY
CLM-002061,CUS-002652,FILED_BY
CLM-002061,DEV-001812,USES_DEVICE
CLM-002061,REP-000541,REPAIRED_BY
CLM-002062,CUS-001271,FILED_BY
CLM-002062,DEV-002330,USES_DEVICE
CLM-002062,REP-000525,REPAIRED_BY
CLM-002063,CUS-002965,FILED_BY
CLM-002063,DEV-002254,USES_DEVICE
CLM-002063,REP-000206,REPAIRED_BY
CLM-002064,CUS-000965,FILED_BY
CLM-002064,DEV-001568,USES_DEVICE
CLM-002065,CUS-001560,FILED_BY
CLM-002065,DEV-001105,USES_DEVICE
CLM-002066,CUS-001841,FILED_BY
CLM-002066,DEV-000310,USES_DEVICE
CLM-002067,CUS-002907,FILED_BY
CLM-002067,DEV-002703,USES_DEVICE
CLM-002067,REP-000327,REPAIRED_BY
CLM-002068,CUS-002184,FILED_BY
CLM-002068,DEV-000199,USES_DEVICE
CLM-002068,REP-000219,REPAIRED_BY
CLM-002069,CUS-001004,FILED_BY
CLM-002069,DEV-000117,USES_DEVICE
CLM-002069,REP-000068,REPAIRED_BY
CLM-002070,CUS-000490,FILED_BY
CLM-002070,DEV-000153,USES_DEVICE
CLM-002070,REP-000658,REPAIRED_BY
CLM-002071,CUS-001403,FILED_BY
CLM-002071,DEV-001166,USES_DEVICE
CLM-002072,CUS-000010,FILED_BY
CLM-002072,DEV-000643,USES_DEVICE
CLM-002073,CUS-002768,FILED_BY
CLM-002073,DEV-002953,USES_DEVICE
CLM-002074,CUS-001805,FILED_BY
CLM-002074,DEV-001504,USES_DEVICE
CLM-002074,REP-000049,REPAIRED_BY
CLM-002075,CUS-001233,FILED_BY
CLM-002075,DEV-001422,USES_DEVICE
CLM-002076,CUS-000384,FILED_BY
CLM-002076,DEV-002807,USES_DEVICE
CLM-002076,REP-000371,REPAIRED_BY
CLM-002077,CUS-002377,FILED_BY
CLM-002077,DEV-001003,USES_DEVICE
CLM-002077,REP-000146,REPAIRED_BY
CLM-002078,CUS-000464,FILED_BY
CLM-002078,DEV-002738,USES_DEVICE
CLM-002078,REP-000621,REPAIRED_BY
CLM-002079,CUS-001421,FILED_BY
CLM-002079,DEV-001911,USES_DEVICE
CLM-002080,CUS-000877,FILED_BY
CLM-002080,DEV-002672,USES_DEVICE
CLM-002080,REP-000674,REPAIRED_BY
CLM-002081,CUS-001565,FILED_BY
CLM-002081,DEV-002096,USES_DEVICE
CLM-002081,REP-000493,REPAIRED_BY
CLM-002082,CUS-001753,FILED_BY
CLM-002082,DEV-001412,USES_DEVICE
CLM-002082,REP-000281,REPAIRED_BY
CLM-002083,CUS-001851,FILED_BY
CLM-002083,DEV-002452,USES_DEVICE
CLM-002084,CUS-002725,FILED_BY
CLM-002084,DEV-002028,USES_DEVICE
CLM-002084,REP-000015,REPAIRED_BY
CLM-002085,CUS-002172,FILED_BY
CLM-002085,DEV-002677,USES_DEVICE
CLM-002085,REP-000435,REPAIRED_BY
CLM-002086,CUS-000931,FILED_BY
CLM-002086,DEV-001607,USES_DEVICE
CLM-002086,REP-000182,REPAIRED_BY
CLM-002087,CUS-002565,FILED_BY
CLM-002087,DEV-001050,USES_DEVICE
CLM-002087,REP-000312,REPAIRED_BY
CLM-002088,CUS-002753,FILED_BY
CLM-002088,DEV-001669,USES_DEVICE
CLM-002089,CUS-002051,FILED_BY
CLM-002089,DEV-002789,USES_DEVICE
CLM-002089,REP-000422,REPAIRED_BY
CLM-002090,CUS-002616,FILED_BY
CLM-002090,DEV-002065,USES_DEVICE
CLM-002090,REP-000482,REPAIRED_BY
CLM-002091,CUS-002754,FILED_BY
CLM-002091,DEV-000231,USES_DEVICE
CLM-002091,REP-000271,REPAIRED_BY
CLM-002092,CUS-002488,FILED_BY
CLM-002092,DEV-001071,USES_DEVICE
CLM-002092,REP-000435,REPAIRED_BY
CLM-002093,CUS-001895,FILED_BY
CLM-002093,DEV-000482,USES_DEVICE
CLM-002093,REP-000024,REPAIRED_BY
CLM-002094,CUS-000305,FILED_BY
CLM-002094,DEV-000939,USES_DEVICE
CLM-002095,CUS-002344,FILED_BY
CLM-002095,DEV-001167,USES_DEVICE
CLM-002095,REP-000029,REPAIRED_BY
CLM-002096,CUS-000990,FILED_BY
CLM-002096,DEV-000991,USES_DEVICE
CLM-002097,CUS-000690,FILED_BY
CLM-002097,DEV-001392,USES_DEVICE
CLM-002097,REP-000580,REPAIRED_BY
CLM-002098,CUS-002512,FILED_BY
CLM-002098,DEV-002710,USES_DEVICE
CLM-002098,REP-000574,REPAIRED_BY
CLM-002099,CUS-000455,FILED_BY
CLM-002099,DEV-001926,USES_DEVICE
CLM-002099,REP-000372,REPAIRED_BY
CLM-002100,CUS-001366,FILED_BY
CLM-002100,DEV-000241,USES_DEVICE
CLM-002101,CUS-002926,FILED_BY
CLM-002101,DEV-002651,USES_DEVICE
CLM-002101,REP-000076,REPAIRED_BY
CLM-002102,CUS-001502,FILED_BY
CLM-002102,DEV-001952,USES_DEVICE
CLM-002103,CUS-002623,FILED_BY
CLM-002103,DEV-002779,USES_DEVICE
CLM-002103,REP-000167,REPAIRED_BY
CLM-002104,CUS-000078,FILED_BY
CLM-002104,DEV-000502,USES_DEVICE
CLM-002104,REP-000473,REPAIRED_BY
CLM-002105,CUS-002218,FILED_BY
CLM-002105,DEV-002344,USES_DEVICE
CLM-002105,REP-000285,REPAIRED_BY
CLM-002106,CUS-002162,FILED_BY
CLM-002106,DEV-000082,USES_DEVICE
CLM-002106,REP-000280,REPAIRED_BY
CLM-002107,CUS-000087,FILED_BY
CLM-002107,DEV-002837,USES_DEVICE
CLM-002108,CUS-001612,FILED_BY
CLM-002108,DEV-001840,USES_DEVICE
CLM-002108,REP-000176,REPAIRED_BY
CLM-002109,CUS-000957,FILED_BY
CLM-002109,DEV-001311,USES_DEVICE
CLM-002109,REP-000244,REPAIRED_BY
CLM-002110,CUS-002912,FILED_BY
CLM-002110,DEV-000649,USES_DEVICE
CLM-002111,CUS-002059,FILED_BY
CLM-002111,DEV-002925,USES_DEVICE
CLM-002111,REP-000570,REPAIRED_BY
CLM-002112,CUS-001507,FILED_BY
CLM-002112,DEV-002334,USES_DEVICE
CLM-002112,REP-000573,REPAIRED_BY
CLM-002113,CUS-000049,FILED_BY
CLM-002113,DEV-000083,USES_DEVICE
CLM-002113,REP-000368,REPAIRED_BY
CLM-002114,CUS-001677,FILED_BY
CLM-002114,DEV-002265,USES_DEVICE
CLM-002115,CUS-002754,FILED_BY
CLM-002115,DEV-000231,USES_DEVICE
CLM-002116,CUS-000432,FILED_BY
CLM-002116,DEV-001906,USES_DEVICE
CLM-002116,REP-000680,REPAIRED_BY
CLM-002117,CUS-000867,FILED_BY
CLM-002117,DEV-000213,USES_DEVICE
CLM-002118,CUS-000423,FILED_BY
CLM-002118,DEV-002968,USES_DEVICE
CLM-002119,CUS-000307,FILED_BY
CLM-002119,DEV-000892,USES_DEVICE
CLM-002119,REP-000274,REPAIRED_BY
CLM-002120,CUS-002179,FILED_BY
CLM-002120,DEV-000183,USES_DEVICE
CLM-002121,CUS-002482,FILED_BY
CLM-002121,DEV-001410,USES_DEVICE
CLM-002121,REP-000403,REPAIRED_BY
CLM-002122,CUS-000660,FILED_BY
CLM-002122,DEV-001957,USES_DEVICE
CLM-002122,REP-000189,REPAIRED_BY
CLM-002123,CUS-002373,FILED_BY
CLM-002123,DEV-001699,USES_DEVICE
CLM-002123,REP-000600,REPAIRED_BY
CLM-002124,CUS-001170,FILED_BY
CLM-002124,DEV-001663,USES_DEVICE
CLM-002124,REP-000469,REPAIRED_BY
CLM-002125,CUS-002851,FILED_BY
CLM-002125,DEV-001612,USES_DEVICE
CLM-002126,CUS-002737,FILED_BY
CLM-002126,DEV-001444,USES_DEVICE
CLM-002127,CUS-000755,FILED_BY
CLM-002127,DEV-000805,USES_DEVICE
CLM-002127,REP-000518,REPAIRED_BY
CLM-002128,CUS-002642,FILED_BY
CLM-002128,DEV-000979,USES_DEVICE
CLM-002129,CUS-000095,FILED_BY
CLM-002129,DEV-002223,USES_DEVICE
CLM-002129,REP-000075,REPAIRED_BY
CLM-002130,CUS-001278,FILED_BY
CLM-002130,DEV-001488,USES_DEVICE
CLM-002130,REP-000027,REPAIRED_BY
CLM-002131,CUS-001039,FILED_BY
CLM-002131,DEV-001791,USES_DEVICE
CLM-002131,REP-000699,REPAIRED_BY
CLM-002132,CUS-001687,FILED_BY
CLM-002132,DEV-001774,USES_DEVICE
CLM-002133,CUS-002825,FILED_BY
CLM-002133,DEV-000897,USES_DEVICE
CLM-002134,CUS-002122,FILED_BY
CLM-002134,DEV-001634,USES_DEVICE
CLM-002135,CUS-000749,FILED_BY
CLM-002135,DEV-000356,USES_DEVICE
CLM-002136,CUS-002839,FILED_BY
CLM-002136,DEV-002543,USES_DEVICE
CLM-002136,REP-000463,REPAIRED_BY
CLM-002137,CUS-000730,FILED_BY
CLM-002137,DEV-000354,USES_DEVICE
CLM-002137,REP-000506,REPAIRED_BY
CLM-002138,CUS-002181,FILED_BY
CLM-002138,DEV-002278,USES_DEVICE
CLM-002139,CUS-002810,FILED_BY
CLM-002139,DEV-000092,USES_DEVICE
CLM-002140,CUS-001177,FILED_BY
CLM-002140,DEV-001403,USES_DEVICE
CLM-002140,REP-000143,REPAIRED_BY
CLM-002141,CUS-001995,FILED_BY
CLM-002141,DEV-002851,USES_DEVICE
CLM-002141,REP-000290,REPAIRED_BY
CLM-002142,CUS-001195,FILED_BY
CLM-002142,DEV-000459,USES_DEVICE
CLM-002142,REP-000579,REPAIRED_BY
CLM-002143,CUS-000261,FILED_BY
CLM-002143,DEV-000389,USES_DEVICE
CLM-002144,CUS-000708,FILED_BY
CLM-002144,DEV-000935,USES_DEVICE
CLM-002144,REP-000156,REPAIRED_BY
CLM-002145,CUS-001609,FILED_BY
CLM-002145,DEV-000911,USES_DEVICE
CLM-002146,CUS-001443,FILED_BY
CLM-002146,DEV-000615,USES_DEVICE
CLM-002147,CUS-002005,FILED_BY
CLM-002147,DEV-002278,USES_DEVICE
CLM-002147,REP-000458,REPAIRED_BY
CLM-002148,CUS-000046,FILED_BY
CLM-002148,DEV-000673,USES_DEVICE
CLM-002148,REP-000171,REPAIRED_BY
CLM-002149,CUS-002175,FILED_BY
CLM-002149,DEV-001804,USES_DEVICE
CLM-002150,CUS-001231,FILED_BY
CLM-002150,DEV-001015,USES_DEVICE
CLM-002150,REP-000556,REPAIRED_BY
CLM-002151,CUS-001442,FILED_BY
CLM-002151,DEV-001237,USES_DEVICE
CLM-002152,CUS-002500,FILED_BY
CLM-002152,DEV-001930,USES_DEVICE
CLM-002152,REP-000539,REPAIRED_BY
CLM-002153,CUS-002913,FILED_BY
CLM-002153,DEV-001983,USES_DEVICE
CLM-002153,REP-000267,REPAIRED_BY
CLM-002154,CUS-000049,FILED_BY
CLM-002154,DEV-000772,USES_DEVICE
CLM-002154,REP-000381,REPAIRED_BY
CLM-002155,CUS-001581,FILED_BY
CLM-002155,DEV-001253,USES_DEVICE
CLM-002155,REP-000208,REPAIRED_BY
CLM-002156,CUS-001167,FILED_BY
CLM-002156,DEV-002839,USES_DEVICE
CLM-002157,CUS-002045,FILED_BY
CLM-002157,DEV-001572,USES_DEVICE
CLM-002158,CUS-002222,FILED_BY
CLM-002158,DEV-001283,USES_DEVICE
CLM-002158,REP-000529,REPAIRED_BY
CLM-002159,CUS-002243,FILED_BY
CLM-002159,DEV-001304,USES_DEVICE
CLM-002159,REP-000018,REPAIRED_BY
CLM-002160,CUS-001718,FILED_BY
CLM-002160,DEV-000606,USES_DEVICE
CLM-002161,CUS-000674,FILED_BY
CLM-002161,DEV-002283,USES_DEVICE
CLM-002161,REP-000151,REPAIRED_BY
CLM-002162,CUS-001123,FILED_BY
CLM-002162,DEV-002423,USES_DEVICE
CLM-002162,REP-000307,REPAIRED_BY
CLM-002163,CUS-000207,FILED_BY
CLM-002163,DEV-002011,USES_DEVICE
CLM-002164,CUS-000280,FILED_BY
CLM-002164,DEV-000682,USES_DEVICE
CLM-002165,CUS-001189,FILED_BY
CLM-002165,DEV-000392,USES_DEVICE
CLM-002165,REP-000352,REPAIRED_BY
CLM-002166,CUS-001815,FILED_BY
CLM-002166,DEV-002696,USES_DEVICE
CLM-002166,REP-000384,REPAIRED_BY
CLM-002167,CUS-000670,FILED_BY
CLM-002167,DEV-001888,USES_DEVICE
CLM-002167,REP-000293,REPAIRED_BY
CLM-002168,CUS-002490,FILED_BY
CLM-002168,DEV-000447,USES_DEVICE
CLM-002169,CUS-002733,FILED_BY
CLM-002169,DEV-001461,USES_DEVICE
CLM-002170,CUS-001736,FILED_BY
CLM-002170,DEV-001085,USES_DEVICE
CLM-002170,REP-000287,REPAIRED_BY
CLM-002171,CUS-002532,FILED_BY
CLM-002171,DEV-000778,USES_DEVICE
CLM-002172,CUS-000997,FILED_BY
CLM-002172,DEV-002219,USES_DEVICE
CLM-002173,CUS-001227,FILED_BY
CLM-002173,DEV-000239,USES_DEVICE
CLM-002174,CUS-001895,FILED_BY
CLM-002174,DEV-000482,USES_DEVICE
CLM-002175,CUS-002786,FILED_BY
CLM-002175,DEV-000086,USES_DEVICE
CLM-002176,CUS-002155,FILED_BY
CLM-002176,DEV-000379,USES_DEVICE
CLM-002177,CUS-001475,FILED_BY
CLM-002177,DEV-001095,USES_DEVICE
CLM-002178,CUS-001578,FILED_BY
CLM-002178,DEV-001287,USES_DEVICE
CLM-002178,REP-000218,REPAIRED_BY
CLM-002179,CUS-001460,FILED_BY
CLM-002179,DEV-002609,USES_DEVICE
CLM-002179,REP-000183,REPAIRED_BY
CLM-002180,CUS-000761,FILED_BY
CLM-002180,DEV-000212,USES_DEVICE
CLM-002180,REP-000554,REPAIRED_BY
CLM-002181,CUS-000295,FILED_BY
CLM-002181,DEV-001803,USES_DEVICE
CLM-002181,REP-000663,REPAIRED_BY
CLM-002182,CUS-002426,FILED_BY
CLM-002182,DEV-001890,USES_DEVICE
CLM-002183,CUS-000467,FILED_BY
CLM-002183,DEV-002751,USES_DEVICE
CLM-002184,CUS-001618,FILED_BY
CLM-002184,DEV-000232,USES_DEVICE
CLM-002185,CUS-000719,FILED_BY
CLM-002185,DEV-002637,USES_DEVICE
CLM-002185,REP-000036,REPAIRED_BY
CLM-002186,CUS-001305,FILED_BY
CLM-002186,DEV-002849,USES_DEVICE
CLM-002186,REP-000110,REPAIRED_BY
CLM-002187,CUS-000941,FILED_BY
CLM-002187,DEV-001901,USES_DEVICE
CLM-002188,CUS-002817,FILED_BY
CLM-002188,DEV-000464,USES_DEVICE
CLM-002188,REP-000042,REPAIRED_BY
CLM-002189,CUS-000246,FILED_BY
CLM-002189,DEV-000564,USES_DEVICE
CLM-002189,REP-000316,REPAIRED_BY
CLM-002190,CUS-002377,FILED_BY
CLM-002190,DEV-002381,USES_DEVICE
CLM-002190,REP-000122,REPAIRED_BY
CLM-002191,CUS-001314,FILED_BY
CLM-002191,DEV-002542,USES_DEVICE
CLM-002192,CUS-002826,FILED_BY
CLM-002192,DEV-000637,USES_DEVICE
CLM-002192,REP-000619,REPAIRED_BY
CLM-002193,CUS-001388,FILED_BY
CLM-002193,DEV-002826,USES_DEVICE
CLM-002194,CUS-001618,FILED_BY
CLM-002194,DEV-002422,USES_DEVICE
CLM-002195,CUS-002979,FILED_BY
CLM-002195,DEV-000884,USES_DEVICE
CLM-002196,CUS-002246,FILED_BY
CLM-002196,DEV-001611,USES_DEVICE
CLM-002196,REP-000462,REPAIRED_BY
CLM-002197,CUS-001918,FILED_BY
CLM-002197,DEV-001669,USES_DEVICE
CLM-002198,CUS-002645,FILED_BY
CLM-002198,DEV-000366,USES_DEVICE
CLM-002199,CUS-000244,FILED_BY
CLM-002199,DEV-001888,USES_DEVICE
CLM-002199,REP-000130,REPAIRED_BY
CLM-002200,CUS-002522,FILED_BY
CLM-002200,DEV-001678,USES_DEVICE
CLM-002201,CUS-000699,FILED_BY
CLM-002201,DEV-001541,USES_DEVICE
CLM-002201,REP-000318,REPAIRED_BY
CLM-002202,CUS-001978,FILED_BY
CLM-002202,DEV-001097,USES_DEVICE
CLM-002202,REP-000680,REPAIRED_BY
CLM-002203,CUS-001234,FILED_BY
CLM-002203,DEV-002580,USES_DEVICE
CLM-002203,REP-000220,REPAIRED_BY
CLM-002204,CUS-002329,FILED_BY
CLM-002204,DEV-002835,USES_DEVICE
CLM-002205,CUS-002112,FILED_BY
CLM-002205,DEV-000205,USES_DEVICE
CLM-002205,REP-000273,REPAIRED_BY
CLM-002206,CUS-000601,FILED_BY
CLM-002206,DEV-000028,USES_DEVICE
CLM-002206,REP-000365,REPAIRED_BY
CLM-002207,CUS-002936,FILED_BY
CLM-002207,DEV-001616,USES_DEVICE
CLM-002207,REP-000545,REPAIRED_BY
CLM-002208,CUS-001256,FILED_BY
CLM-002208,DEV-000440,USES_DEVICE
CLM-002208,REP-000116,REPAIRED_BY
CLM-002209,CUS-000010,FILED_BY
CLM-002209,DEV-002684,USES_DEVICE
CLM-002209,REP-000004,REPAIRED_BY
CLM-002210,CUS-000404,FILED_BY
CLM-002210,DEV-001472,USES_DEVICE
CLM-002210,REP-000161,REPAIRED_BY
CLM-002211,CUS-000718,FILED_BY
CLM-002211,DEV-002247,USES_DEVICE
CLM-002211,REP-000091,REPAIRED_BY
CLM-002212,CUS-002288,FILED_BY
CLM-002212,DEV-002177,USES_DEVICE
CLM-002212,REP-000543,REPAIRED_BY
CLM-002213,CUS-000620,FILED_BY
CLM-002213,DEV-001564,USES_DEVICE
CLM-002213,REP-000299,REPAIRED_BY
CLM-002214,CUS-000282,FILED_BY
CLM-002214,DEV-000792,USES_DEVICE
CLM-002214,REP-000594,REPAIRED_BY
CLM-002215,CUS-001580,FILED_BY
CLM-002215,DEV-001218,USES_DEVICE
CLM-002216,CUS-001732,FILED_BY
CLM-002216,DEV-000209,USES_DEVICE
CLM-002216,REP-000223,REPAIRED_BY
CLM-002217,CUS-001736,FILED_BY
CLM-002217,DEV-001395,USES_DEVICE
CLM-002218,CUS-000125,FILED_BY
CLM-002218,DEV-002675,USES_DEVICE
CLM-002219,CUS-001847,FILED_BY
CLM-002219,DEV-000308,USES_DEVICE
CLM-002220,CUS-000852,FILED_BY
CLM-002220,DEV-001697,USES_DEVICE
CLM-002221,CUS-001495,FILED_BY
CLM-002221,DEV-001949,USES_DEVICE
CLM-002222,CUS-001077,FILED_BY
CLM-002222,DEV-000902,USES_DEVICE
CLM-002222,REP-000437,REPAIRED_BY
CLM-002223,CUS-002725,FILED_BY
CLM-002223,DEV-002028,USES_DEVICE
CLM-002223,REP-000668,REPAIRED_BY
CLM-002224,CUS-001260,FILED_BY
CLM-002224,DEV-002374,USES_DEVICE
CLM-002224,REP-000564,REPAIRED_BY
CLM-002225,CUS-002480,FILED_BY
CLM-002225,DEV-002104,USES_DEVICE
CLM-002225,REP-000412,REPAIRED_BY
CLM-002226,CUS-002933,FILED_BY
CLM-002226,DEV-001387,USES_DEVICE
CLM-002226,REP-000541,REPAIRED_BY
CLM-002227,CUS-000067,FILED_BY
CLM-002227,DEV-001324,USES_DEVICE
CLM-002227,REP-000179,REPAIRED_BY
CLM-002228,CUS-000536,FILED_BY
CLM-002228,DEV-000153,USES_DEVICE
CLM-002229,CUS-001289,FILED_BY
CLM-002229,DEV-002618,USES_DEVICE
CLM-002230,CUS-002129,FILED_BY
CLM-002230,DEV-002992,USES_DEVICE
CLM-002231,CUS-002878,FILED_BY
CLM-002231,DEV-002696,USES_DEVICE
CLM-002231,REP-000336,REPAIRED_BY
CLM-002232,CUS-001031,FILED_BY
CLM-002232,DEV-000807,USES_DEVICE
CLM-002233,CUS-002605,FILED_BY
CLM-002233,DEV-002486,USES_DEVICE
CLM-002233,REP-000671,REPAIRED_BY
CLM-002234,CUS-000389,FILED_BY
CLM-002234,DEV-002598,USES_DEVICE
CLM-002234,REP-000072,REPAIRED_BY
CLM-002235,CUS-001880,FILED_BY
CLM-002235,DEV-000511,USES_DEVICE
CLM-002235,REP-000271,REPAIRED_BY
CLM-002236,CUS-001146,FILED_BY
CLM-002236,DEV-000858,USES_DEVICE
CLM-002237,CUS-002583,FILED_BY
CLM-002237,DEV-001488,USES_DEVICE
CLM-002238,CUS-000476,FILED_BY
CLM-002238,DEV-000694,USES_DEVICE
CLM-002239,CUS-002885,FILED_BY
CLM-002239,DEV-000582,USES_DEVICE
CLM-002240,CUS-000814,FILED_BY
CLM-002240,DEV-001802,USES_DEVICE
CLM-002241,CUS-000123,FILED_BY
CLM-002241,DEV-002717,USES_DEVICE
CLM-002241,REP-000030,REPAIRED_BY
CLM-002242,CUS-002394,FILED_BY
CLM-002242,DEV-002140,USES_DEVICE
CLM-002243,CUS-000143,FILED_BY
CLM-002243,DEV-000148,USES_DEVICE
CLM-002244,CUS-002888,FILED_BY
CLM-002244,DEV-000184,USES_DEVICE
CLM-002245,CUS-000749,FILED_BY
CLM-002245,DEV-002941,USES_DEVICE
CLM-002246,CUS-002642,FILED_BY
CLM-002246,DEV-001363,USES_DEVICE
CLM-002246,REP-000662,REPAIRED_BY
CLM-002247,CUS-002816,FILED_BY
CLM-002247,DEV-000921,USES_DEVICE
CLM-002247,REP-000685,REPAIRED_BY
CLM-002248,CUS-002106,FILED_BY
CLM-002248,DEV-000959,USES_DEVICE
CLM-002248,REP-000149,REPAIRED_BY
CLM-002249,CUS-000885,FILED_BY
CLM-002249,DEV-000782,USES_DEVICE
CLM-002250,CUS-002689,FILED_BY
CLM-002250,DEV-001989,USES_DEVICE
CLM-002250,REP-000110,REPAIRED_BY
CLM-002251,CUS-002313,FILED_BY
CLM-002251,DEV-002749,USES_DEVICE
CLM-002251,REP-000334,REPAIRED_BY
CLM-002252,CUS-000833,FILED_BY
CLM-002252,DEV-001011,USES_DEVICE
CLM-002252,REP-000559,REPAIRED_BY
CLM-002253,CUS-001022,FILED_BY
CLM-002253,DEV-000822,USES_DEVICE
CLM-002253,REP-000443,REPAIRED_BY
CLM-002254,CUS-001270,FILED_BY
CLM-002254,DEV-002407,USES_DEVICE
CLM-002254,REP-000435,REPAIRED_BY
CLM-002255,CUS-001099,FILED_BY
CLM-002255,DEV-002554,USES_DEVICE
CLM-002255,REP-000655,REPAIRED_BY
CLM-002256,CUS-001594,FILED_BY
CLM-002256,DEV-002729,USES_DEVICE
CLM-002256,REP-000234,REPAIRED_BY
CLM-002257,CUS-001296,FILED_BY
CLM-002257,DEV-000124,USES_DEVICE
CLM-002257,REP-000261,REPAIRED_BY
CLM-002258,CUS-001937,FILED_BY
CLM-002258,DEV-000941,USES_DEVICE
CLM-002258,REP-000394,REPAIRED_BY
CLM-002259,CUS-001645,FILED_BY
CLM-002259,DEV-002536,USES_DEVICE
CLM-002259,REP-000683,REPAIRED_BY
CLM-002260,CUS-002000,FILED_BY
CLM-002260,DEV-001339,USES_DEVICE
CLM-002261,CUS-001736,FILED_BY
CLM-002261,DEV-001085,USES_DEVICE
CLM-002262,CUS-001951,FILED_BY
CLM-002262,DEV-001193,USES_DEVICE
CLM-002262,REP-000693,REPAIRED_BY
CLM-002263,CUS-000607,FILED_BY
CLM-002263,DEV-001352,USES_DEVICE
CLM-002264,CUS-001554,FILED_BY
CLM-002264,DEV-001892,USES_DEVICE
CLM-002264,REP-000508,REPAIRED_BY
CLM-002265,CUS-002896,FILED_BY
CLM-002265,DEV-002446,USES_DEVICE
CLM-002265,REP-000186,REPAIRED_BY
CLM-002266,CUS-002035,FILED_BY
CLM-002266,DEV-002936,USES_DEVICE
CLM-002266,REP-000022,REPAIRED_BY
CLM-002267,CUS-002299,FILED_BY
CLM-002267,DEV-001939,USES_DEVICE
CLM-002268,CUS-000324,FILED_BY
CLM-002268,DEV-002960,USES_DEVICE
CLM-002268,REP-000676,REPAIRED_BY
CLM-002269,CUS-001848,FILED_BY
CLM-002269,DEV-002259,USES_DEVICE
CLM-002270,CUS-002157,FILED_BY
CLM-002270,DEV-002242,USES_DEVICE
CLM-002271,CUS-001652,FILED_BY
CLM-002271,DEV-002853,USES_DEVICE
CLM-002272,CUS-000890,FILED_BY
CLM-002272,DEV-002235,USES_DEVICE
CLM-002272,REP-000523,REPAIRED_BY
CLM-002273,CUS-000475,FILED_BY
CLM-002273,DEV-000554,USES_DEVICE
CLM-002273,REP-000346,REPAIRED_BY
CLM-002274,CUS-002133,FILED_BY
CLM-002274,DEV-002993,USES_DEVICE
CLM-002274,REP-000156,REPAIRED_BY
CLM-002275,CUS-000555,FILED_BY
CLM-002275,DEV-002021,USES_DEVICE
CLM-002276,CUS-002444,FILED_BY
CLM-002276,DEV-001953,USES_DEVICE
CLM-002276,REP-000411,REPAIRED_BY
CLM-002277,CUS-000744,FILED_BY
CLM-002277,DEV-000920,USES_DEVICE
CLM-002278,CUS-000913,FILED_BY
CLM-002278,DEV-002707,USES_DEVICE
CLM-002279,CUS-002575,FILED_BY
CLM-002279,DEV-002559,USES_DEVICE
CLM-002279,REP-000061,REPAIRED_BY
CLM-002280,CUS-002397,FILED_BY
CLM-002280,DEV-002421,USES_DEVICE
CLM-002280,REP-000652,REPAIRED_BY
CLM-002281,CUS-001867,FILED_BY
CLM-002281,DEV-000561,USES_DEVICE
CLM-002281,REP-000137,REPAIRED_BY
CLM-002282,CUS-001822,FILED_BY
CLM-002282,DEV-001626,USES_DEVICE
CLM-002282,REP-000381,REPAIRED_BY
CLM-002283,CUS-001300,FILED_BY
CLM-002283,DEV-002052,USES_DEVICE
CLM-002284,CUS-001436,FILED_BY
CLM-002284,DEV-002334,USES_DEVICE
CLM-002284,REP-000069,REPAIRED_BY
CLM-002285,CUS-000403,FILED_BY
CLM-002285,DEV-002825,USES_DEVICE
CLM-002286,CUS-000625,FILED_BY
CLM-002286,DEV-000483,USES_DEVICE
CLM-002287,CUS-002123,FILED_BY
CLM-002287,DEV-001263,USES_DEVICE
CLM-002287,REP-000145,REPAIRED_BY
CLM-002288,CUS-001555,FILED_BY
CLM-002288,DEV-002276,USES_DEVICE
CLM-002288,REP-000561,REPAIRED_BY
CLM-002289,CUS-002472,FILED_BY
CLM-002289,DEV-001105,USES_DEVICE
CLM-002289,REP-000521,REPAIRED_BY
CLM-002290,CUS-000767,FILED_BY
CLM-002290,DEV-001739,USES_DEVICE
CLM-002290,REP-000692,REPAIRED_BY
CLM-002291,CUS-000868,FILED_BY
CLM-002291,DEV-002763,USES_DEVICE
CLM-002292,CUS-002919,FILED_BY
CLM-002292,DEV-000659,USES_DEVICE
CLM-002292,REP-000106,REPAIRED_BY
CLM-002293,CUS-002232,FILED_BY
CLM-002293,DEV-001575,USES_DEVICE
CLM-002294,CUS-002626,FILED_BY
CLM-002294,DEV-000915,USES_DEVICE
CLM-002294,REP-000339,REPAIRED_BY
CLM-002295,CUS-001014,FILED_BY
CLM-002295,DEV-002566,USES_DEVICE
CLM-002296,CUS-002898,FILED_BY
CLM-002296,DEV-001954,USES_DEVICE
CLM-002297,CUS-002288,FILED_BY
CLM-002297,DEV-002177,USES_DEVICE
CLM-002297,REP-000140,REPAIRED_BY
CLM-002298,CUS-001075,FILED_BY
CLM-002298,DEV-002951,USES_DEVICE
CLM-002298,REP-000544,REPAIRED_BY
CLM-002299,CUS-001328,FILED_BY
CLM-002299,DEV-001196,USES_DEVICE
CLM-002299,REP-000422,REPAIRED_BY
CLM-002300,CUS-000959,FILED_BY
CLM-002300,DEV-002023,USES_DEVICE
CLM-002300,REP-000061,REPAIRED_BY
CLM-002301,CUS-001552,FILED_BY
CLM-002301,DEV-002509,USES_DEVICE
CLM-002301,REP-000430,REPAIRED_BY
CLM-002302,CUS-002910,FILED_BY
CLM-002302,DEV-000628,USES_DEVICE
CLM-002303,CUS-002106,FILED_BY
CLM-002303,DEV-000959,USES_DEVICE
CLM-002303,REP-000216,REPAIRED_BY
CLM-002304,CUS-000920,FILED_BY
CLM-002304,DEV-001166,USES_DEVICE
CLM-002304,REP-000459,REPAIRED_BY
CLM-002305,CUS-000159,FILED_BY
CLM-002305,DEV-001950,USES_DEVICE
CLM-002306,CUS-000510,FILED_BY
CLM-002306,DEV-000198,USES_DEVICE
CLM-002307,CUS-002443,FILED_BY
CLM-002307,DEV-002558,USES_DEVICE
CLM-002307,REP-000315,REPAIRED_BY
CLM-002308,CUS-000227,FILED_BY
CLM-002308,DEV-002645,USES_DEVICE
CLM-002308,REP-000046,REPAIRED_BY
CLM-002309,CUS-000841,FILED_BY
CLM-002309,DEV-001230,USES_DEVICE
CLM-002309,REP-000207,REPAIRED_BY
CLM-002310,CUS-002265,FILED_BY
CLM-002310,DEV-001271,USES_DEVICE
CLM-002310,REP-000021,REPAIRED_BY
CLM-002311,CUS-002825,FILED_BY
CLM-002311,DEV-000897,USES_DEVICE
CLM-002312,CUS-001517,FILED_BY
CLM-002312,DEV-000518,USES_DEVICE
CLM-002312,REP-000216,REPAIRED_BY
CLM-002313,CUS-001304,FILED_BY
CLM-002313,DEV-001535,USES_DEVICE
CLM-002313,REP-000496,REPAIRED_BY
CLM-002314,CUS-001331,FILED_BY
CLM-002314,DEV-000166,USES_DEVICE
CLM-002314,REP-000014,REPAIRED_BY
CLM-002315,CUS-002564,FILED_BY
CLM-002315,DEV-001672,USES_DEVICE
CLM-002316,CUS-001578,FILED_BY
CLM-002316,DEV-001287,USES_DEVICE
CLM-002316,REP-000036,REPAIRED_BY
CLM-002317,CUS-002844,FILED_BY
CLM-002317,DEV-000491,USES_DEVICE
CLM-002317,REP-000169,REPAIRED_BY
CLM-002318,CUS-001983,FILED_BY
CLM-002318,DEV-002761,USES_DEVICE
CLM-002318,REP-000056,REPAIRED_BY
CLM-002319,CUS-001661,FILED_BY
CLM-002319,DEV-002460,USES_DEVICE
CLM-002319,REP-000474,REPAIRED_BY
CLM-002320,CUS-002217,FILED_BY
CLM-002320,DEV-002405,USES_DEVICE
CLM-002320,REP-000637,REPAIRED_BY
CLM-002321,CUS-002928,FILED_BY
CLM-002321,DEV-002176,USES_DEVICE
CLM-002322,CUS-000303,FILED_BY
CLM-002322,DEV-001473,USES_DEVICE
CLM-002323,CUS-002565,FILED_BY
CLM-002323,DEV-001050,USES_DEVICE
CLM-002323,REP-000421,REPAIRED_BY
CLM-002324,CUS-000601,FILED_BY
CLM-002324,DEV-000028,USES_DEVICE
CLM-002324,REP-000566,REPAIRED_BY
CLM-002325,CUS-001727,FILED_BY
CLM-002325,DEV-001595,USES_DEVICE
CLM-002325,REP-000219,REPAIRED_BY
CLM-002326,CUS-000750,FILED_BY
CLM-002326,DEV-002558,USES_DEVICE
CLM-002327,CUS-002573,FILED_BY
CLM-002327,DEV-002112,USES_DEVICE
CLM-002328,CUS-000489,FILED_BY
CLM-002328,DEV-000379,USES_DEVICE
CLM-002328,REP-000451,REPAIRED_BY
CLM-002329,CUS-001504,FILED_BY
CLM-002329,DEV-002476,USES_DEVICE
CLM-002329,REP-000527,REPAIRED_BY
CLM-002330,CUS-002901,FILED_BY
CLM-002330,DEV-001994,USES_DEVICE
CLM-002331,CUS-002215,FILED_BY
CLM-002331,DEV-000193,USES_DEVICE
CLM-002332,CUS-002118,FILED_BY
CLM-002332,DEV-001011,USES_DEVICE
CLM-002332,REP-000496,REPAIRED_BY
CLM-002333,CUS-000381,FILED_BY
CLM-002333,DEV-002891,USES_DEVICE
CLM-002333,REP-000250,REPAIRED_BY
CLM-002334,CUS-002165,FILED_BY
CLM-002334,DEV-002222,USES_DEVICE
CLM-002334,REP-000490,REPAIRED_BY
CLM-002335,CUS-000735,FILED_BY
CLM-002335,DEV-000943,USES_DEVICE
CLM-002336,CUS-001882,FILED_BY
CLM-002336,DEV-001969,USES_DEVICE
CLM-002336,REP-000187,REPAIRED_BY
CLM-002337,CUS-000549,FILED_BY
CLM-002337,DEV-001479,USES_DEVICE
CLM-002337,REP-000319,REPAIRED_BY
CLM-002338,CUS-002724,FILED_BY
CLM-002338,DEV-002921,USES_DEVICE
CLM-002339,CUS-002045,FILED_BY
CLM-002339,DEV-000177,USES_DEVICE
CLM-002340,CUS-002453,FILED_BY
CLM-002340,DEV-002101,USES_DEVICE
CLM-002340,REP-000062,REPAIRED_BY
CLM-002341,CUS-001914,FILED_BY
CLM-002341,DEV-003000,USES_DEVICE
CLM-002341,REP-000309,REPAIRED_BY
CLM-002342,CUS-000401,FILED_BY
CLM-002342,DEV-002575,USES_DEVICE
CLM-002342,REP-000123,REPAIRED_BY
CLM-002343,CUS-001399,FILED_BY
CLM-002343,DEV-000258,USES_DEVICE
CLM-002343,REP-000565,REPAIRED_BY
CLM-002344,CUS-001498,FILED_BY
CLM-002344,DEV-002837,USES_DEVICE
CLM-002345,CUS-000414,FILED_BY
CLM-002345,DEV-001414,USES_DEVICE
CLM-002345,REP-000055,REPAIRED_BY
CLM-002346,CUS-002492,FILED_BY
CLM-002346,DEV-002257,USES_DEVICE
CLM-002346,REP-000140,REPAIRED_BY
CLM-002347,CUS-000349,FILED_BY
CLM-002347,DEV-000690,USES_DEVICE
CLM-002347,REP-000370,REPAIRED_BY
CLM-002348,CUS-000016,FILED_BY
CLM-002348,DEV-001261,USES_DEVICE
CLM-002349,CUS-002443,FILED_BY
CLM-002349,DEV-000680,USES_DEVICE
CLM-002349,REP-000187,REPAIRED_BY
CLM-002350,CUS-001191,FILED_BY
CLM-002350,DEV-000546,USES_DEVICE
CLM-002350,REP-000389,REPAIRED_BY
CLM-002351,CUS-002958,FILED_BY
CLM-002351,DEV-000894,USES_DEVICE
CLM-002351,REP-000065,REPAIRED_BY
CLM-002352,CUS-000904,FILED_BY
CLM-002352,DEV-002287,USES_DEVICE
CLM-002352,REP-000126,REPAIRED_BY
CLM-002353,CUS-000156,FILED_BY
CLM-002353,DEV-000149,USES_DEVICE
CLM-002354,CUS-002831,FILED_BY
CLM-002354,DEV-000176,USES_DEVICE
CLM-002354,REP-000566,REPAIRED_BY
CLM-002355,CUS-001581,FILED_BY
CLM-002355,DEV-000482,USES_DEVICE
CLM-002356,CUS-001918,FILED_BY
CLM-002356,DEV-001669,USES_DEVICE
CLM-002357,CUS-001241,FILED_BY
CLM-002357,DEV-002747,USES_DEVICE
CLM-002357,REP-000375,REPAIRED_BY
CLM-002358,CUS-001927,FILED_BY
CLM-002358,DEV-001153,USES_DEVICE
CLM-002359,CUS-002694,FILED_BY
CLM-002359,DEV-001267,USES_DEVICE
CLM-002360,CUS-002548,FILED_BY
CLM-002360,DEV-002116,USES_DEVICE
CLM-002361,CUS-000979,FILED_BY
CLM-002361,DEV-001167,USES_DEVICE
CLM-002361,REP-000107,REPAIRED_BY
CLM-002362,CUS-001024,FILED_BY
CLM-002362,DEV-002484,USES_DEVICE
CLM-002363,CUS-001086,FILED_BY
CLM-002363,DEV-000206,USES_DEVICE
CLM-002364,CUS-000369,FILED_BY
CLM-002364,DEV-001779,USES_DEVICE
CLM-002364,REP-000026,REPAIRED_BY
CLM-002365,CUS-000105,FILED_BY
CLM-002365,DEV-000955,USES_DEVICE
CLM-002366,CUS-000767,FILED_BY
CLM-002366,DEV-001739,USES_DEVICE
CLM-002367,CUS-002464,FILED_BY
CLM-002367,DEV-000826,USES_DEVICE
CLM-002367,REP-000694,REPAIRED_BY
CLM-002368,CUS-002115,FILED_BY
CLM-002368,DEV-001298,USES_DEVICE
CLM-002368,REP-000694,REPAIRED_BY
CLM-002369,CUS-001371,FILED_BY
CLM-002369,DEV-000409,USES_DEVICE
CLM-002369,REP-000186,REPAIRED_BY
CLM-002370,CUS-001296,FILED_BY
CLM-002370,DEV-000607,USES_DEVICE
CLM-002370,REP-000543,REPAIRED_BY
CLM-002371,CUS-002541,FILED_BY
CLM-002371,DEV-000097,USES_DEVICE
CLM-002371,REP-000408,REPAIRED_BY
CLM-002372,CUS-001664,FILED_BY
CLM-002372,DEV-002453,USES_DEVICE
CLM-002373,CUS-001827,FILED_BY
CLM-002373,DEV-001108,USES_DEVICE
CLM-002374,CUS-002625,FILED_BY
CLM-002374,DEV-000549,USES_DEVICE
CLM-002375,CUS-001342,FILED_BY
CLM-002375,DEV-000067,USES_DEVICE
CLM-002375,REP-000528,REPAIRED_BY
CLM-002376,CUS-001615,FILED_BY
CLM-002376,DEV-001617,USES_DEVICE
CLM-002376,REP-000625,REPAIRED_BY
CLM-002377,CUS-002175,FILED_BY
CLM-002377,DEV-001151,USES_DEVICE
CLM-002377,REP-000008,REPAIRED_BY
CLM-002378,CUS-002626,FILED_BY
CLM-002378,DEV-000915,USES_DEVICE
CLM-002378,REP-000345,REPAIRED_BY
CLM-002379,CUS-000349,FILED_BY
CLM-002379,DEV-000281,USES_DEVICE
CLM-002380,CUS-001022,FILED_BY
CLM-002380,DEV-001353,USES_DEVICE
CLM-002380,REP-000439,REPAIRED_BY
CLM-002381,CUS-000097,FILED_BY
CLM-002381,DEV-001664,USES_DEVICE
CLM-002381,REP-000656,REPAIRED_BY
CLM-002382,CUS-001750,FILED_BY
CLM-002382,DEV-000586,USES_DEVICE
CLM-002382,REP-000181,REPAIRED_BY
CLM-002383,CUS-002303,FILED_BY
CLM-002383,DEV-000012,USES_DEVICE
CLM-002384,CUS-000974,FILED_BY
CLM-002384,DEV-000888,USES_DEVICE
CLM-002385,CUS-001427,FILED_BY
CLM-002385,DEV-000740,USES_DEVICE
CLM-002385,REP-000653,REPAIRED_BY
CLM-002386,CUS-000469,FILED_BY
CLM-002386,DEV-001110,USES_DEVICE
CLM-002387,CUS-002523,FILED_BY
CLM-002387,DEV-000355,USES_DEVICE
CLM-002387,REP-000507,REPAIRED_BY
CLM-002388,CUS-000699,FILED_BY
CLM-002388,DEV-001927,USES_DEVICE
CLM-002389,CUS-000371,FILED_BY
CLM-002389,DEV-001501,USES_DEVICE
CLM-002389,REP-000138,REPAIRED_BY
CLM-002390,CUS-002408,FILED_BY
CLM-002390,DEV-001571,USES_DEVICE
CLM-002391,CUS-001569,FILED_BY
CLM-002391,DEV-001063,USES_DEVICE
CLM-002392,CUS-001394,FILED_BY
CLM-002392,DEV-000998,USES_DEVICE
CLM-002393,CUS-001494,FILED_BY
CLM-002393,DEV-002155,USES_DEVICE
CLM-002393,REP-000324,REPAIRED_BY
CLM-002394,CUS-002963,FILED_BY
CLM-002394,DEV-001493,USES_DEVICE
CLM-002395,CUS-002612,FILED_BY
CLM-002395,DEV-001791,USES_DEVICE
CLM-002395,REP-000013,REPAIRED_BY
CLM-002396,CUS-002261,FILED_BY
CLM-002396,DEV-001497,USES_DEVICE
CLM-002396,REP-000200,REPAIRED_BY
CLM-002397,CUS-001985,FILED_BY
CLM-002397,DEV-002500,USES_DEVICE
CLM-002397,REP-000168,REPAIRED_BY
CLM-002398,CUS-002167,FILED_BY
CLM-002398,DEV-000869,USES_DEVICE
CLM-002399,CUS-000493,FILED_BY
CLM-002399,DEV-000419,USES_DEVICE
CLM-002399,REP-000130,REPAIRED_BY
CLM-002400,CUS-001278,FILED_BY
CLM-002400,DEV-002533,USES_DEVICE
CLM-002400,REP-000615,REPAIRED_BY
CLM-002401,CUS-001524,FILED_BY
CLM-002401,DEV-000283,USES_DEVICE
CLM-002402,CUS-002989,FILED_BY
CLM-002402,DEV-001081,USES_DEVICE
CLM-002402,REP-000404,REPAIRED_BY
CLM-002403,CUS-002045,FILED_BY
CLM-002403,DEV-001572,USES_DEVICE
CLM-002403,REP-000205,REPAIRED_BY
CLM-002404,CUS-001324,FILED_BY
CLM-002404,DEV-002372,USES_DEVICE
CLM-002404,REP-000627,REPAIRED_BY
CLM-002405,CUS-001802,FILED_BY
CLM-002405,DEV-000860,USES_DEVICE
CLM-002405,REP-000034,REPAIRED_BY
CLM-002406,CUS-001850,FILED_BY
CLM-002406,DEV-001898,USES_DEVICE
CLM-002406,REP-000080,REPAIRED_BY
CLM-002407,CUS-002755,FILED_BY
CLM-002407,DEV-000891,USES_DEVICE
CLM-002407,REP-000339,REPAIRED_BY
CLM-002408,CUS-002991,FILED_BY
CLM-002408,DEV-000885,USES_DEVICE
CLM-002409,CUS-000436,FILED_BY
CLM-002409,DEV-000272,USES_DEVICE
CLM-002409,REP-000008,REPAIRED_BY
CLM-002410,CUS-002210,FILED_BY
CLM-002410,DEV-000109,USES_DEVICE
CLM-002411,CUS-000395,FILED_BY
CLM-002411,DEV-000362,USES_DEVICE
CLM-002412,CUS-002300,FILED_BY
CLM-002412,DEV-002131,USES_DEVICE
CLM-002413,CUS-000746,FILED_BY
CLM-002413,DEV-002389,USES_DEVICE
CLM-002413,REP-000084,REPAIRED_BY
CLM-002414,CUS-002815,FILED_BY
CLM-002414,DEV-001961,USES_DEVICE
CLM-002415,CUS-001419,FILED_BY
CLM-002415,DEV-000831,USES_DEVICE
CLM-002416,CUS-000652,FILED_BY
CLM-002416,DEV-000297,USES_DEVICE
CLM-002416,REP-000021,REPAIRED_BY
CLM-002417,CUS-002229,FILED_BY
CLM-002417,DEV-000239,USES_DEVICE
CLM-002418,CUS-001977,FILED_BY
CLM-002418,DEV-002384,USES_DEVICE
CLM-002419,CUS-000466,FILED_BY
CLM-002419,DEV-000350,USES_DEVICE
CLM-002419,REP-000574,REPAIRED_BY
CLM-002420,CUS-000422,FILED_BY
CLM-002420,DEV-000717,USES_DEVICE
CLM-002421,CUS-001256,FILED_BY
CLM-002421,DEV-000440,USES_DEVICE
CLM-002421,REP-000327,REPAIRED_BY
CLM-002422,CUS-000785,FILED_BY
CLM-002422,DEV-002583,USES_DEVICE
CLM-002422,REP-000252,REPAIRED_BY
CLM-002423,CUS-002040,FILED_BY
CLM-002423,DEV-002217,USES_DEVICE
CLM-002424,CUS-000029,FILED_BY
CLM-002424,DEV-002800,USES_DEVICE
CLM-002424,REP-000317,REPAIRED_BY
CLM-002425,CUS-000098,FILED_BY
CLM-002425,DEV-002901,USES_DEVICE
CLM-002426,CUS-002170,FILED_BY
CLM-002426,DEV-000585,USES_DEVICE
CLM-002426,REP-000199,REPAIRED_BY
CLM-002427,CUS-000097,FILED_BY
CLM-002427,DEV-000682,USES_DEVICE
CLM-002428,CUS-001400,FILED_BY
CLM-002428,DEV-002107,USES_DEVICE
CLM-002428,REP-000456,REPAIRED_BY
CLM-002429,CUS-001138,FILED_BY
CLM-002429,DEV-000249,USES_DEVICE
CLM-002429,REP-000248,REPAIRED_BY
CLM-002430,CUS-002394,FILED_BY
CLM-002430,DEV-002140,USES_DEVICE
CLM-002431,CUS-002002,FILED_BY
CLM-002431,DEV-002402,USES_DEVICE
CLM-002432,CUS-000551,FILED_BY
CLM-002432,DEV-002605,USES_DEVICE
CLM-002432,REP-000376,REPAIRED_BY
CLM-002433,CUS-000943,FILED_BY
CLM-002433,DEV-001247,USES_DEVICE
CLM-002433,REP-000541,REPAIRED_BY
CLM-002434,CUS-001736,FILED_BY
CLM-002434,DEV-001085,USES_DEVICE
CLM-002435,CUS-000330,FILED_BY
CLM-002435,DEV-000857,USES_DEVICE
CLM-002436,CUS-002351,FILED_BY
CLM-002436,DEV-001050,USES_DEVICE
CLM-002436,REP-000167,REPAIRED_BY
CLM-002437,CUS-002603,FILED_BY
CLM-002437,DEV-000445,USES_DEVICE
CLM-002438,CUS-002178,FILED_BY
CLM-002438,DEV-001224,USES_DEVICE
CLM-002438,REP-000135,REPAIRED_BY
CLM-002439,CUS-000306,FILED_BY
CLM-002439,DEV-000701,USES_DEVICE
CLM-002440,CUS-002218,FILED_BY
CLM-002440,DEV-002344,USES_DEVICE
CLM-002440,REP-000058,REPAIRED_BY
CLM-002441,CUS-000715,FILED_BY
CLM-002441,DEV-002940,USES_DEVICE
CLM-002441,REP-000532,REPAIRED_BY
CLM-002442,CUS-000147,FILED_BY
CLM-002442,DEV-002506,USES_DEVICE
CLM-002442,REP-000391,REPAIRED_BY
CLM-002443,CUS-000153,FILED_BY
CLM-002443,DEV-000040,USES_DEVICE
CLM-002443,REP-000671,REPAIRED_BY
CLM-002444,CUS-000052,FILED_BY
CLM-002444,DEV-000325,USES_DEVICE
CLM-002445,CUS-001554,FILED_BY
CLM-002445,DEV-002132,USES_DEVICE
CLM-002446,CUS-002021,FILED_BY
CLM-002446,DEV-000571,USES_DEVICE
CLM-002446,REP-000061,REPAIRED_BY
CLM-002447,CUS-002058,FILED_BY
CLM-002447,DEV-002314,USES_DEVICE
CLM-002448,CUS-000211,FILED_BY
CLM-002448,DEV-001921,USES_DEVICE
CLM-002448,REP-000008,REPAIRED_BY
CLM-002449,CUS-001576,FILED_BY
CLM-002449,DEV-002317,USES_DEVICE
CLM-002450,CUS-001939,FILED_BY
CLM-002450,DEV-002709,USES_DEVICE
CLM-002451,CUS-000729,FILED_BY
CLM-002451,DEV-000855,USES_DEVICE
CLM-002452,CUS-001012,FILED_BY
CLM-002452,DEV-000132,USES_DEVICE
CLM-002452,REP-000046,REPAIRED_BY
CLM-002453,CUS-001932,FILED_BY
CLM-002453,DEV-002871,USES_DEVICE
CLM-002454,CUS-000054,FILED_BY
CLM-002454,DEV-001481,USES_DEVICE
CLM-002455,CUS-002495,FILED_BY
CLM-002455,DEV-002950,USES_DEVICE
CLM-002455,REP-000226,REPAIRED_BY
CLM-002456,CUS-002697,FILED_BY
CLM-002456,DEV-000969,USES_DEVICE
CLM-002456,REP-000425,REPAIRED_BY
CLM-002457,CUS-001681,FILED_BY
CLM-002457,DEV-000243,USES_DEVICE
CLM-002457,REP-000607,REPAIRED_BY
CLM-002458,CUS-001177,FILED_BY
CLM-002458,DEV-001533,USES_DEVICE
CLM-002459,CUS-002414,FILED_BY
CLM-002459,DEV-001369,USES_DEVICE
CLM-002459,REP-000338,REPAIRED_BY
CLM-002460,CUS-000652,FILED_BY
CLM-002460,DEV-000297,USES_DEVICE
CLM-002460,REP-000260,REPAIRED_BY
CLM-002461,CUS-000264,FILED_BY
CLM-002461,DEV-002373,USES_DEVICE
CLM-002462,CUS-000736,FILED_BY
CLM-002462,DEV-001668,USES_DEVICE
CLM-002462,REP-000065,REPAIRED_BY
CLM-002463,CUS-002319,FILED_BY
CLM-002463,DEV-002788,USES_DEVICE
CLM-002464,CUS-001200,FILED_BY
CLM-002464,DEV-001095,USES_DEVICE
CLM-002464,REP-000091,REPAIRED_BY
CLM-002465,CUS-000824,FILED_BY
CLM-002465,DEV-002808,USES_DEVICE
CLM-002465,REP-000127,REPAIRED_BY
CLM-002466,CUS-000577,FILED_BY
CLM-002466,DEV-002576,USES_DEVICE
CLM-002466,REP-000490,REPAIRED_BY
CLM-002467,CUS-001261,FILED_BY
CLM-002467,DEV-002186,USES_DEVICE
CLM-002467,REP-000343,REPAIRED_BY
CLM-002468,CUS-002166,FILED_BY
CLM-002468,DEV-000969,USES_DEVICE
CLM-002468,REP-000108,REPAIRED_BY
CLM-002469,CUS-001388,FILED_BY
CLM-002469,DEV-002826,USES_DEVICE
CLM-002470,CUS-001065,FILED_BY
CLM-002470,DEV-001846,USES_DEVICE
CLM-002470,REP-000472,REPAIRED_BY
CLM-002471,CUS-001855,FILED_BY
CLM-002471,DEV-001637,USES_DEVICE
CLM-002471,REP-000392,REPAIRED_BY
CLM-002472,CUS-001974,FILED_BY
CLM-002472,DEV-001202,USES_DEVICE
CLM-002472,REP-000661,REPAIRED_BY
CLM-002473,CUS-002293,FILED_BY
CLM-002473,DEV-002661,USES_DEVICE
CLM-002473,REP-000693,REPAIRED_BY
CLM-002474,CUS-001376,FILED_BY
CLM-002474,DEV-002680,USES_DEVICE
CLM-002474,REP-000134,REPAIRED_BY
CLM-002475,CUS-000767,FILED_BY
CLM-002475,DEV-000329,USES_DEVICE
CLM-002475,REP-000471,REPAIRED_BY
CLM-002476,CUS-002780,FILED_BY
CLM-002476,DEV-001881,USES_DEVICE
CLM-002476,REP-000181,REPAIRED_BY
CLM-002477,CUS-000799,FILED_BY
CLM-002477,DEV-001938,USES_DEVICE
CLM-002478,CUS-000007,FILED_BY
CLM-002478,DEV-001529,USES_DEVICE
CLM-002478,REP-000430,REPAIRED_BY
CLM-002479,CUS-000693,FILED_BY
CLM-002479,DEV-000186,USES_DEVICE
CLM-002479,REP-000361,REPAIRED_BY
CLM-002480,CUS-001305,FILED_BY
CLM-002480,DEV-002849,USES_DEVICE
CLM-002480,REP-000252,REPAIRED_BY
CLM-002481,CUS-000092,FILED_BY
CLM-002481,DEV-000664,USES_DEVICE
CLM-002482,CUS-002584,FILED_BY
CLM-002482,DEV-001268,USES_DEVICE
CLM-002483,CUS-002172,FILED_BY
CLM-002483,DEV-002675,USES_DEVICE
CLM-002483,REP-000026,REPAIRED_BY
CLM-002484,CUS-001174,FILED_BY
CLM-002484,DEV-000608,USES_DEVICE
CLM-002484,REP-000565,REPAIRED_BY
CLM-002485,CUS-002988,FILED_BY
CLM-002485,DEV-001443,USES_DEVICE
CLM-002485,REP-000697,REPAIRED_BY
CLM-002486,CUS-000752,FILED_BY
CLM-002486,DEV-001190,USES_DEVICE
CLM-002486,REP-000159,REPAIRED_BY
CLM-002487,CUS-002689,FILED_BY
CLM-002487,DEV-001989,USES_DEVICE
CLM-002487,REP-000327,REPAIRED_BY
CLM-002488,CUS-001789,FILED_BY
CLM-002488,DEV-002686,USES_DEVICE
CLM-002489,CUS-002811,FILED_BY
CLM-002489,DEV-002266,USES_DEVICE
CLM-002490,CUS-002670,FILED_BY
CLM-002490,DEV-002361,USES_DEVICE
CLM-002490,REP-000055,REPAIRED_BY
CLM-002491,CUS-002030,FILED_BY
CLM-002491,DEV-001488,USES_DEVICE
CLM-002491,REP-000027,REPAIRED_BY
CLM-002492,CUS-000482,FILED_BY
CLM-002492,DEV-002742,USES_DEVICE
CLM-002492,REP-000279,REPAIRED_BY
CLM-002493,CUS-000621,FILED_BY
CLM-002493,DEV-001498,USES_DEVICE
CLM-002493,REP-000647,REPAIRED_BY
CLM-002494,CUS-002596,FILED_BY
CLM-002494,DEV-001919,USES_DEVICE
CLM-002495,CUS-001461,FILED_BY
CLM-002495,DEV-000866,USES_DEVICE
CLM-002496,CUS-001738,FILED_BY
CLM-002496,DEV-001680,USES_DEVICE
CLM-002497,CUS-000169,FILED_BY
CLM-002497,DEV-000670,USES_DEVICE
CLM-002497,REP-000615,REPAIRED_BY
CLM-002498,CUS-000180,FILED_BY
CLM-002498,DEV-000822,USES_DEVICE
CLM-002499,CUS-001200,FILED_BY
CLM-002499,DEV-000108,USES_DEVICE
CLM-002499,REP-000514,REPAIRED_BY
CLM-002500,CUS-000414,FILED_BY
CLM-002500,DEV-001414,USES_DEVICE
CLM-002500,REP-000585,REPAIRED_BY
CLM-002501,CUS-002158,FILED_BY
CLM-002501,DEV-002653,USES_DEVICE
CLM-002502,CUS-001643,FILED_BY
CLM-002502,DEV-001127,USES_DEVICE
CLM-002503,CUS-000891,FILED_BY
CLM-002503,DEV-002428,USES_DEVICE
CLM-002503,REP-000344,REPAIRED_BY
CLM-002504,CUS-002788,FILED_BY
CLM-002504,DEV-002935,USES_DEVICE
CLM-002504,REP-000473,REPAIRED_BY
CLM-002505,CUS-001237,FILED_BY
CLM-002505,DEV-002249,USES_DEVICE
CLM-002505,REP-000581,REPAIRED_BY
CLM-002506,CUS-001564,FILED_BY
CLM-002506,DEV-000720,USES_DEVICE
CLM-002506,REP-000094,REPAIRED_BY
CLM-002507,CUS-000870,FILED_BY
CLM-002507,DEV-001856,USES_DEVICE
CLM-002507,REP-000449,REPAIRED_BY
CLM-002508,CUS-001281,FILED_BY
CLM-002508,DEV-001892,USES_DEVICE
CLM-002508,REP-000429,REPAIRED_BY
CLM-002509,CUS-002611,FILED_BY
CLM-002509,DEV-000858,USES_DEVICE
CLM-002510,CUS-001815,FILED_BY
CLM-002510,DEV-001331,USES_DEVICE
CLM-002511,CUS-002351,FILED_BY
CLM-002511,DEV-001050,USES_DEVICE
CLM-002511,REP-000547,REPAIRED_BY
CLM-002512,CUS-002546,FILED_BY
CLM-002512,DEV-001305,USES_DEVICE
CLM-002512,REP-000037,REPAIRED_BY
CLM-002513,CUS-001172,FILED_BY
CLM-002513,DEV-002572,USES_DEVICE
CLM-002514,CUS-002459,FILED_BY
CLM-002514,DEV-002899,USES_DEVICE
CLM-002515,CUS-002780,FILED_BY
CLM-002515,DEV-001193,USES_DEVICE
CLM-002516,CUS-002292,FILED_BY
CLM-002516,DEV-000931,USES_DEVICE
CLM-002517,CUS-001215,FILED_BY
CLM-002517,DEV-001349,USES_DEVICE
CLM-002518,CUS-001029,FILED_BY
CLM-002518,DEV-000766,USES_DEVICE
CLM-002519,CUS-000518,FILED_BY
CLM-002519,DEV-001126,USES_DEVICE
CLM-002519,REP-000307,REPAIRED_BY
CLM-002520,CUS-000324,FILED_BY
CLM-002520,DEV-001161,USES_DEVICE
CLM-002520,REP-000479,REPAIRED_BY
CLM-002521,CUS-000249,FILED_BY
CLM-002521,DEV-002508,USES_DEVICE
CLM-002521,REP-000366,REPAIRED_BY
CLM-002522,CUS-002755,FILED_BY
CLM-002522,DEV-000891,USES_DEVICE
CLM-002522,REP-000020,REPAIRED_BY
CLM-002523,CUS-001382,FILED_BY
CLM-002523,DEV-002794,USES_DEVICE
CLM-002523,REP-000511,REPAIRED_BY
CLM-002524,CUS-002411,FILED_BY
CLM-002524,DEV-001918,USES_DEVICE
CLM-002525,CUS-002221,FILED_BY
CLM-002525,DEV-001702,USES_DEVICE
CLM-002526,CUS-002280,FILED_BY
CLM-002526,DEV-000305,USES_DEVICE
CLM-002526,REP-000411,REPAIRED_BY
CLM-002527,CUS-002227,FILED_BY
CLM-002527,DEV-000767,USES_DEVICE
CLM-002527,REP-000605,REPAIRED_BY
CLM-002528,CUS-001713,FILED_BY
CLM-002528,DEV-001028,USES_DEVICE
CLM-002528,REP-000477,REPAIRED_BY
CLM-002529,CUS-001641,FILED_BY
CLM-002529,DEV-001463,USES_DEVICE
CLM-002529,REP-000673,REPAIRED_BY
CLM-002530,CUS-000978,FILED_BY
CLM-002530,DEV-000632,USES_DEVICE
CLM-002530,REP-000138,REPAIRED_BY
CLM-002531,CUS-002086,FILED_BY
CLM-002531,DEV-000070,USES_DEVICE
CLM-002532,CUS-000602,FILED_BY
CLM-002532,DEV-002004,USES_DEVICE
CLM-002532,REP-000488,REPAIRED_BY
CLM-002533,CUS-001443,FILED_BY
CLM-002533,DEV-001824,USES_DEVICE
CLM-002534,CUS-000201,FILED_BY
CLM-002534,DEV-002938,USES_DEVICE
CLM-002534,REP-000602,REPAIRED_BY
CLM-002535,CUS-001594,FILED_BY
CLM-002535,DEV-002729,USES_DEVICE
CLM-002535,REP-000147,REPAIRED_BY
CLM-002536,CUS-001635,FILED_BY
CLM-002536,DEV-002272,USES_DEVICE
CLM-002536,REP-000386,REPAIRED_BY
CLM-002537,CUS-001556,FILED_BY
CLM-002537,DEV-002420,USES_DEVICE
CLM-002537,REP-000244,REPAIRED_BY
CLM-002538,CUS-001551,FILED_BY
CLM-002538,DEV-000292,USES_DEVICE
CLM-002538,REP-000450,REPAIRED_BY
CLM-002539,CUS-001136,FILED_BY
CLM-002539,DEV-000609,USES_DEVICE
CLM-002539,REP-000259,REPAIRED_BY
CLM-002540,CUS-000638,FILED_BY
CLM-002540,DEV-001957,USES_DEVICE
CLM-002540,REP-000331,REPAIRED_BY
CLM-002541,CUS-001455,FILED_BY
CLM-002541,DEV-000498,USES_DEVICE
CLM-002542,CUS-002396,FILED_BY
CLM-002542,DEV-002085,USES_DEVICE
CLM-002543,CUS-002380,FILED_BY
CLM-002543,DEV-001056,USES_DEVICE
CLM-002543,REP-000187,REPAIRED_BY
CLM-002544,CUS-001066,FILED_BY
CLM-002544,DEV-000422,USES_DEVICE
CLM-002545,CUS-001755,FILED_BY
CLM-002545,DEV-001194,USES_DEVICE
CLM-002546,CUS-002996,FILED_BY
CLM-002546,DEV-001571,USES_DEVICE
CLM-002546,REP-000415,REPAIRED_BY
CLM-002547,CUS-001517,FILED_BY
CLM-002547,DEV-000744,USES_DEVICE
CLM-002547,REP-000115,REPAIRED_BY
CLM-002548,CUS-001834,FILED_BY
CLM-002548,DEV-001097,USES_DEVICE
CLM-002549,CUS-001288,FILED_BY
CLM-002549,DEV-001172,USES_DEVICE
CLM-002550,CUS-001200,FILED_BY
CLM-002550,DEV-000108,USES_DEVICE
CLM-002551,CUS-002986,FILED_BY
CLM-002551,DEV-000953,USES_DEVICE
CLM-002552,CUS-002450,FILED_BY
CLM-002552,DEV-001759,USES_DEVICE
CLM-002552,REP-000414,REPAIRED_BY
CLM-002553,CUS-002663,FILED_BY
CLM-002553,DEV-000682,USES_DEVICE
CLM-002553,REP-000205,REPAIRED_BY
CLM-002554,CUS-002473,FILED_BY
CLM-002554,DEV-000279,USES_DEVICE
CLM-002554,REP-000357,REPAIRED_BY
CLM-002555,CUS-001837,FILED_BY
CLM-002555,DEV-002487,USES_DEVICE
CLM-002555,REP-000380,REPAIRED_BY
CLM-002556,CUS-000447,FILED_BY
CLM-002556,DEV-001414,USES_DEVICE
CLM-002556,REP-000490,REPAIRED_BY
CLM-002557,CUS-002065,FILED_BY
CLM-002557,DEV-002921,USES_DEVICE
CLM-002558,CUS-001297,FILED_BY
CLM-002558,DEV-000173,USES_DEVICE
CLM-002558,REP-000193,REPAIRED_BY
CLM-002559,CUS-002097,FILED_BY
CLM-002559,DEV-001171,USES_DEVICE
CLM-002560,CUS-002904,FILED_BY
CLM-002560,DEV-000313,USES_DEVICE
CLM-002561,CUS-001564,FILED_BY
CLM-002561,DEV-001066,USES_DEVICE
CLM-002561,REP-000424,REPAIRED_BY
CLM-002562,CUS-002829,FILED_BY
CLM-002562,DEV-002524,USES_DEVICE
CLM-002562,REP-000066,REPAIRED_BY
CLM-002563,CUS-000848,FILED_BY
CLM-002563,DEV-002388,USES_DEVICE
CLM-002563,REP-000039,REPAIRED_BY
CLM-002564,CUS-000202,FILED_BY
CLM-002564,DEV-000250,USES_DEVICE
CLM-002565,CUS-001400,FILED_BY
CLM-002565,DEV-002107,USES_DEVICE
CLM-002566,CUS-000948,FILED_BY
CLM-002566,DEV-002309,USES_DEVICE
CLM-002567,CUS-001013,FILED_BY
CLM-002567,DEV-000479,USES_DEVICE
CLM-002567,REP-000532,REPAIRED_BY
CLM-002568,CUS-000464,FILED_BY
CLM-002568,DEV-002738,USES_DEVICE
CLM-002568,REP-000435,REPAIRED_BY
CLM-002569,CUS-001760,FILED_BY
CLM-002569,DEV-000451,USES_DEVICE
CLM-002570,CUS-002990,FILED_BY
CLM-002570,DEV-000009,USES_DEVICE
CLM-002571,CUS-001585,FILED_BY
CLM-002571,DEV-001011,USES_DEVICE
CLM-002571,REP-000330,REPAIRED_BY
CLM-002572,CUS-002862,FILED_BY
CLM-002572,DEV-002793,USES_DEVICE
CLM-002572,REP-000674,REPAIRED_BY
CLM-002573,CUS-000233,FILED_BY
CLM-002573,DEV-000790,USES_DEVICE
CLM-002574,CUS-001538,FILED_BY
CLM-002574,DEV-001350,USES_DEVICE
CLM-002574,REP-000052,REPAIRED_BY
CLM-002575,CUS-002660,FILED_BY
CLM-002575,DEV-001578,USES_DEVICE
CLM-002576,CUS-000730,FILED_BY
CLM-002576,DEV-000354,USES_DEVICE
CLM-002576,REP-000240,REPAIRED_BY
CLM-002577,CUS-000134,FILED_BY
CLM-002577,DEV-002897,USES_DEVICE
CLM-002577,REP-000400,REPAIRED_BY
CLM-002578,CUS-002011,FILED_BY
CLM-002578,DEV-002290,USES_DEVICE
CLM-002578,REP-000036,REPAIRED_BY
CLM-002579,CUS-000855,FILED_BY
CLM-002579,DEV-002962,USES_DEVICE
CLM-002580,CUS-002242,FILED_BY
CLM-002580,DEV-001644,USES_DEVICE
CLM-002580,REP-000072,REPAIRED_BY
CLM-002581,CUS-001747,FILED_BY
CLM-002581,DEV-001353,USES_DEVICE
CLM-002582,CUS-000175,FILED_BY
CLM-002582,DEV-000023,USES_DEVICE
CLM-002582,REP-000632,REPAIRED_BY
CLM-002583,CUS-001576,FILED_BY
CLM-002583,DEV-002317,USES_DEVICE
CLM-002583,REP-000689,REPAIRED_BY
CLM-002584,CUS-001959,FILED_BY
CLM-002584,DEV-002086,USES_DEVICE
CLM-002585,CUS-001978,FILED_BY
CLM-002585,DEV-001780,USES_DEVICE
CLM-002586,CUS-001093,FILED_BY
CLM-002586,DEV-000091,USES_DEVICE
CLM-002586,REP-000443,REPAIRED_BY
CLM-002587,CUS-000963,FILED_BY
CLM-002587,DEV-001268,USES_DEVICE
CLM-002587,REP-000488,REPAIRED_BY
CLM-002588,CUS-002406,FILED_BY
CLM-002588,DEV-002427,USES_DEVICE
CLM-002589,CUS-000645,FILED_BY
CLM-002589,DEV-000181,USES_DEVICE
CLM-002589,REP-000145,REPAIRED_BY
CLM-002590,CUS-001303,FILED_BY
CLM-002590,DEV-001758,USES_DEVICE
CLM-002590,REP-000212,REPAIRED_BY
CLM-002591,CUS-002803,FILED_BY
CLM-002591,DEV-001434,USES_DEVICE
CLM-002591,REP-000025,REPAIRED_BY
CLM-002592,CUS-002435,FILED_BY
CLM-002592,DEV-001004,USES_DEVICE
CLM-002593,CUS-002629,FILED_BY
CLM-002593,DEV-001295,USES_DEVICE
CLM-002593,REP-000374,REPAIRED_BY
CLM-002594,CUS-002101,FILED_BY
CLM-002594,DEV-000939,USES_DEVICE
CLM-002595,CUS-001272,FILED_BY
CLM-002595,DEV-001671,USES_DEVICE
CLM-002595,REP-000268,REPAIRED_BY
CLM-002596,CUS-000682,FILED_BY
CLM-002596,DEV-000072,USES_DEVICE
CLM-002596,REP-000302,REPAIRED_BY
CLM-002597,CUS-002350,FILED_BY
CLM-002597,DEV-000581,USES_DEVICE
CLM-002597,REP-000420,REPAIRED_BY
CLM-002598,CUS-001005,FILED_BY
CLM-002598,DEV-000653,USES_DEVICE
CLM-002599,CUS-001633,FILED_BY
CLM-002599,DEV-002048,USES_DEVICE
CLM-002599,REP-000442,REPAIRED_BY
CLM-002600,CUS-000248,FILED_BY
CLM-002600,DEV-002512,USES_DEVICE
CLM-002600,REP-000176,REPAIRED_BY
CLM-002601,CUS-002859,FILED_BY
CLM-002601,DEV-000533,USES_DEVICE
CLM-002602,CUS-000971,FILED_BY
CLM-002602,DEV-002650,USES_DEVICE
CLM-002602,REP-000636,REPAIRED_BY
CLM-002603,CUS-000369,FILED_BY
CLM-002603,DEV-001779,USES_DEVICE
CLM-002603,REP-000653,REPAIRED_BY
CLM-002604,CUS-000917,FILED_BY
CLM-002604,DEV-001015,USES_DEVICE
CLM-002604,REP-000003,REPAIRED_BY
CLM-002605,CUS-000116,FILED_BY
CLM-002605,DEV-000786,USES_DEVICE
CLM-002606,CUS-000772,FILED_BY
CLM-002606,DEV-001223,USES_DEVICE
CLM-002607,CUS-001718,FILED_BY
CLM-002607,DEV-000618,USES_DEVICE
CLM-002608,CUS-000159,FILED_BY
CLM-002608,DEV-001950,USES_DEVICE
CLM-002609,CUS-001467,FILED_BY
CLM-002609,DEV-000533,USES_DEVICE
CLM-002609,REP-000375,REPAIRED_BY
CLM-002610,CUS-002387,FILED_BY
CLM-002610,DEV-002553,USES_DEVICE
CLM-002611,CUS-000447,FILED_BY
CLM-002611,DEV-002858,USES_DEVICE
CLM-002612,CUS-001098,FILED_BY
CLM-002612,DEV-000567,USES_DEVICE
CLM-002613,CUS-000207,FILED_BY
CLM-002613,DEV-000102,USES_DEVICE
CLM-002613,REP-000529,REPAIRED_BY
CLM-002614,CUS-002965,FILED_BY
CLM-002614,DEV-001600,USES_DEVICE
CLM-002615,CUS-001818,FILED_BY
CLM-002615,DEV-000704,USES_DEVICE
CLM-002615,REP-000526,REPAIRED_BY
CLM-002616,CUS-002570,FILED_BY
CLM-002616,DEV-001041,USES_DEVICE
CLM-002617,CUS-001443,FILED_BY
CLM-002617,DEV-000615,USES_DEVICE
CLM-002617,REP-000681,REPAIRED_BY
CLM-002618,CUS-002772,FILED_BY
CLM-002618,DEV-000704,USES_DEVICE
CLM-002618,REP-000053,REPAIRED_BY
CLM-002619,CUS-002688,FILED_BY
CLM-002619,DEV-000683,USES_DEVICE
CLM-002619,REP-000114,REPAIRED_BY
CLM-002620,CUS-002394,FILED_BY
CLM-002620,DEV-002115,USES_DEVICE
CLM-002620,REP-000257,REPAIRED_BY
CLM-002621,CUS-001616,FILED_BY
CLM-002621,DEV-002660,USES_DEVICE
CLM-002621,REP-000503,REPAIRED_BY
CLM-002622,CUS-001012,FILED_BY
CLM-002622,DEV-000132,USES_DEVICE
CLM-002623,CUS-000462,FILED_BY
CLM-002623,DEV-002736,USES_DEVICE
CLM-002623,REP-000271,REPAIRED_BY
CLM-002624,CUS-000492,FILED_BY
CLM-002624,DEV-001208,USES_DEVICE
CLM-002624,REP-000077,REPAIRED_BY
CLM-002625,CUS-000626,FILED_BY
CLM-002625,DEV-001707,USES_DEVICE
CLM-002625,REP-000666,REPAIRED_BY
CLM-002626,CUS-002563,FILED_BY
CLM-002626,DEV-001544,USES_DEVICE
CLM-002627,CUS-000087,FILED_BY
CLM-002627,DEV-000345,USES_DEVICE
CLM-002627,REP-000387,REPAIRED_BY
CLM-002628,CUS-002464,FILED_BY
CLM-002628,DEV-000826,USES_DEVICE
CLM-002628,REP-000634,REPAIRED_BY
CLM-002629,CUS-002747,FILED_BY
CLM-002629,DEV-002300,USES_DEVICE
CLM-002629,REP-000522,REPAIRED_BY
CLM-002630,CUS-001827,FILED_BY
CLM-002630,DEV-002060,USES_DEVICE
CLM-002630,REP-000231,REPAIRED_BY
CLM-002631,CUS-001815,FILED_BY
CLM-002631,DEV-002834,USES_DEVICE
CLM-002632,CUS-001277,FILED_BY
CLM-002632,DEV-001967,USES_DEVICE
CLM-002632,REP-000305,REPAIRED_BY
CLM-002633,CUS-002014,FILED_BY
CLM-002633,DEV-000936,USES_DEVICE
CLM-002633,REP-000131,REPAIRED_BY
CLM-002634,CUS-000372,FILED_BY
CLM-002634,DEV-000547,USES_DEVICE
CLM-002635,CUS-002898,FILED_BY
CLM-002635,DEV-001954,USES_DEVICE
CLM-002635,REP-000062,REPAIRED_BY
CLM-002636,CUS-002303,FILED_BY
CLM-002636,DEV-000012,USES_DEVICE
CLM-002636,REP-000476,REPAIRED_BY
CLM-002637,CUS-000277,FILED_BY
CLM-002637,DEV-001398,USES_DEVICE
CLM-002637,REP-000679,REPAIRED_BY
CLM-002638,CUS-002755,FILED_BY
CLM-002638,DEV-000891,USES_DEVICE
CLM-002638,REP-000375,REPAIRED_BY
CLM-002639,CUS-002673,FILED_BY
CLM-002639,DEV-002300,USES_DEVICE
CLM-002640,CUS-001287,FILED_BY
CLM-002640,DEV-000862,USES_DEVICE
CLM-002640,REP-000464,REPAIRED_BY
CLM-002641,CUS-001687,FILED_BY
CLM-002641,DEV-001774,USES_DEVICE
CLM-002641,REP-000571,REPAIRED_BY
CLM-002642,CUS-002928,FILED_BY
CLM-002642,DEV-002935,USES_DEVICE
CLM-002642,REP-000331,REPAIRED_BY
CLM-002643,CUS-000672,FILED_BY
CLM-002643,DEV-002199,USES_DEVICE
CLM-002643,REP-000407,REPAIRED_BY
CLM-002644,CUS-001049,FILED_BY
CLM-002644,DEV-002108,USES_DEVICE
CLM-002644,REP-000057,REPAIRED_BY
CLM-002645,CUS-001945,FILED_BY
CLM-002645,DEV-000264,USES_DEVICE
CLM-002646,CUS-000220,FILED_BY
CLM-002646,DEV-000572,USES_DEVICE
CLM-002646,REP-000374,REPAIRED_BY
CLM-002647,CUS-001341,FILED_BY
CLM-002647,DEV-002850,USES_DEVICE
CLM-002647,REP-000517,REPAIRED_BY
CLM-002648,CUS-001731,FILED_BY
CLM-002648,DEV-001913,USES_DEVICE
CLM-002648,REP-000342,REPAIRED_BY
CLM-002649,CUS-000075,FILED_BY
CLM-002649,DEV-002304,USES_DEVICE
CLM-002649,REP-000090,REPAIRED_BY
CLM-002650,CUS-002338,FILED_BY
CLM-002650,DEV-000105,USES_DEVICE
CLM-002650,REP-000633,REPAIRED_BY
CLM-002651,CUS-000697,FILED_BY
CLM-002651,DEV-000732,USES_DEVICE
CLM-002652,CUS-002978,FILED_BY
CLM-002652,DEV-001325,USES_DEVICE
CLM-002652,REP-000201,REPAIRED_BY
CLM-002653,CUS-000782,FILED_BY
CLM-002653,DEV-002151,USES_DEVICE
CLM-002653,REP-000338,REPAIRED_BY
CLM-002654,CUS-001138,FILED_BY
CLM-002654,DEV-000299,USES_DEVICE
CLM-002654,REP-000117,REPAIRED_BY
CLM-002655,CUS-001520,FILED_BY
CLM-002655,DEV-002538,USES_DEVICE
CLM-002656,CUS-001123,FILED_BY
CLM-002656,DEV-002015,USES_DEVICE
CLM-002656,REP-000653,REPAIRED_BY
CLM-002657,CUS-001100,FILED_BY
CLM-002657,DEV-002025,USES_DEVICE
CLM-002658,CUS-001982,FILED_BY
CLM-002658,DEV-000326,USES_DEVICE
CLM-002659,CUS-001661,FILED_BY
CLM-002659,DEV-002460,USES_DEVICE
CLM-002659,REP-000076,REPAIRED_BY
CLM-002660,CUS-000493,FILED_BY
CLM-002660,DEV-000419,USES_DEVICE
CLM-002661,CUS-000734,FILED_BY
CLM-002661,DEV-000436,USES_DEVICE
CLM-002661,REP-000429,REPAIRED_BY
CLM-002662,CUS-002984,FILED_BY
CLM-002662,DEV-002939,USES_DEVICE
CLM-002662,REP-000607,REPAIRED_BY
CLM-002663,CUS-000226,FILED_BY
CLM-002663,DEV-001571,USES_DEVICE
CLM-002664,CUS-000338,FILED_BY
CLM-002664,DEV-000458,USES_DEVICE
CLM-002664,REP-000343,REPAIRED_BY
CLM-002665,CUS-000088,FILED_BY
CLM-002665,DEV-000491,USES_DEVICE
CLM-002665,REP-000349,REPAIRED_BY
CLM-002666,CUS-002978,FILED_BY
CLM-002666,DEV-001325,USES_DEVICE
CLM-002667,CUS-000901,FILED_BY
CLM-002667,DEV-002251,USES_DEVICE
CLM-002668,CUS-000885,FILED_BY
CLM-002668,DEV-000782,USES_DEVICE
CLM-002668,REP-000034,REPAIRED_BY
CLM-002669,CUS-001508,FILED_BY
CLM-002669,DEV-000782,USES_DEVICE
CLM-002670,CUS-001097,FILED_BY
CLM-002670,DEV-002396,USES_DEVICE
CLM-002671,CUS-001054,FILED_BY
CLM-002671,DEV-002483,USES_DEVICE
CLM-002671,REP-000692,REPAIRED_BY
CLM-002672,CUS-002727,FILED_BY
CLM-002672,DEV-001157,USES_DEVICE
CLM-002672,REP-000003,REPAIRED_BY
CLM-002673,CUS-001098,FILED_BY
CLM-002673,DEV-000567,USES_DEVICE
CLM-002673,REP-000225,REPAIRED_BY
CLM-002674,CUS-000931,FILED_BY
CLM-002674,DEV-001040,USES_DEVICE
CLM-002675,CUS-001866,FILED_BY
CLM-002675,DEV-002575,USES_DEVICE
CLM-002675,REP-000306,REPAIRED_BY
CLM-002676,CUS-002863,FILED_BY
CLM-002676,DEV-001579,USES_DEVICE
CLM-002676,REP-000666,REPAIRED_BY
CLM-002677,CUS-002665,FILED_BY
CLM-002677,DEV-000967,USES_DEVICE
CLM-002678,CUS-001478,FILED_BY
CLM-002678,DEV-000698,USES_DEVICE
CLM-002679,CUS-001669,FILED_BY
CLM-002679,DEV-002441,USES_DEVICE
CLM-002680,CUS-001736,FILED_BY
CLM-002680,DEV-001085,USES_DEVICE
CLM-002680,REP-000269,REPAIRED_BY
CLM-002681,CUS-001070,FILED_BY
CLM-002681,DEV-000035,USES_DEVICE
CLM-002681,REP-000500,REPAIRED_BY
CLM-002682,CUS-001966,FILED_BY
CLM-002682,DEV-002448,USES_DEVICE
CLM-002683,CUS-001058,FILED_BY
CLM-002683,DEV-000560,USES_DEVICE
CLM-002683,REP-000398,REPAIRED_BY
CLM-002684,CUS-001138,FILED_BY
CLM-002684,DEV-000335,USES_DEVICE
CLM-002684,REP-000190,REPAIRED_BY
CLM-002685,CUS-001994,FILED_BY
CLM-002685,DEV-000203,USES_DEVICE
CLM-002685,REP-000447,REPAIRED_BY
CLM-002686,CUS-002211,FILED_BY
CLM-002686,DEV-002921,USES_DEVICE
CLM-002687,CUS-002554,FILED_BY
CLM-002687,DEV-001447,USES_DEVICE
CLM-002688,CUS-001525,FILED_BY
CLM-002688,DEV-000025,USES_DEVICE
CLM-002688,REP-000601,REPAIRED_BY
CLM-002689,CUS-002754,FILED_BY
CLM-002689,DEV-000797,USES_DEVICE
CLM-002689,REP-000383,REPAIRED_BY
CLM-002690,CUS-000283,FILED_BY
CLM-002690,DEV-000359,USES_DEVICE
CLM-002690,REP-000418,REPAIRED_BY
CLM-002691,CUS-002479,FILED_BY
CLM-002691,DEV-000291,USES_DEVICE
CLM-002692,CUS-002576,FILED_BY
CLM-002692,DEV-002311,USES_DEVICE
CLM-002692,REP-000040,REPAIRED_BY
CLM-002693,CUS-001419,FILED_BY
CLM-002693,DEV-001526,USES_DEVICE
CLM-002694,CUS-002389,FILED_BY
CLM-002694,DEV-000529,USES_DEVICE
CLM-002694,REP-000457,REPAIRED_BY
CLM-002695,CUS-001982,FILED_BY
CLM-002695,DEV-000326,USES_DEVICE
CLM-002695,REP-000488,REPAIRED_BY
CLM-002696,CUS-001438,FILED_BY
CLM-002696,DEV-002923,USES_DEVICE
CLM-002696,REP-000199,REPAIRED_BY
CLM-002697,CUS-002618,FILED_BY
CLM-002697,DEV-001810,USES_DEVICE
CLM-002698,CUS-001588,FILED_BY
CLM-002698,DEV-001314,USES_DEVICE
CLM-002698,REP-000298,REPAIRED_BY
CLM-002699,CUS-002472,FILED_BY
CLM-002699,DEV-000156,USES_DEVICE
CLM-002700,CUS-001733,FILED_BY
CLM-002700,DEV-000290,USES_DEVICE
CLM-002701,CUS-000169,FILED_BY
CLM-002701,DEV-002864,USES_DEVICE
CLM-002702,CUS-000097,FILED_BY
CLM-002702,DEV-001838,USES_DEVICE
CLM-002703,CUS-001371,FILED_BY
CLM-002703,DEV-000105,USES_DEVICE
CLM-002703,REP-000650,REPAIRED_BY
CLM-002704,CUS-002185,FILED_BY
CLM-002704,DEV-001480,USES_DEVICE
CLM-002704,REP-000254,REPAIRED_BY
CLM-002705,CUS-001724,FILED_BY
CLM-002705,DEV-002757,USES_DEVICE
CLM-002705,REP-000402,REPAIRED_BY
CLM-002706,CUS-000988,FILED_BY
CLM-002706,DEV-001280,USES_DEVICE
CLM-002706,REP-000358,REPAIRED_BY
CLM-002707,CUS-001827,FILED_BY
CLM-002707,DEV-001108,USES_DEVICE
CLM-002707,REP-000047,REPAIRED_BY
CLM-002708,CUS-000682,FILED_BY
CLM-002708,DEV-000157,USES_DEVICE
CLM-002709,CUS-002097,FILED_BY
CLM-002709,DEV-001171,USES_DEVICE
CLM-002709,REP-000493,REPAIRED_BY
CLM-002710,CUS-001340,FILED_BY
CLM-002710,DEV-000513,USES_DEVICE
CLM-002711,CUS-002102,FILED_BY
CLM-002711,DEV-001458,USES_DEVICE
CLM-002711,REP-000079,REPAIRED_BY
CLM-002712,CUS-000944,FILED_BY
CLM-002712,DEV-001498,USES_DEVICE
CLM-002712,REP-000342,REPAIRED_BY
CLM-002713,CUS-001320,FILED_BY
CLM-002713,DEV-000334,USES_DEVICE
CLM-002713,REP-000460,REPAIRED_BY
CLM-002714,CUS-000733,FILED_BY
CLM-002714,DEV-002660,USES_DEVICE
CLM-002714,REP-000422,REPAIRED_BY
CLM-002715,CUS-001641,FILED_BY
CLM-002715,DEV-002288,USES_DEVICE
CLM-002715,REP-000497,REPAIRED_BY
CLM-002716,CUS-002913,FILED_BY
CLM-002716,DEV-001983,USES_DEVICE
CLM-002716,REP-000569,REPAIRED_BY
CLM-002717,CUS-000901,FILED_BY
CLM-002717,DEV-000635,USES_DEVICE
CLM-002718,CUS-000876,FILED_BY
CLM-002718,DEV-002601,USES_DEVICE
CLM-002719,CUS-000257,FILED_BY
CLM-002719,DEV-001380,USES_DEVICE
CLM-002719,REP-000071,REPAIRED_BY
CLM-002720,CUS-001043,FILED_BY
CLM-002720,DEV-001018,USES_DEVICE
CLM-002721,CUS-002216,FILED_BY
CLM-002721,DEV-000943,USES_DEVICE
CLM-002721,REP-000444,REPAIRED_BY
CLM-002722,CUS-002892,FILED_BY
CLM-002722,DEV-000045,USES_DEVICE
CLM-002723,CUS-002893,FILED_BY
CLM-002723,DEV-002013,USES_DEVICE
CLM-002723,REP-000329,REPAIRED_BY
CLM-002724,CUS-002781,FILED_BY
CLM-002724,DEV-000749,USES_DEVICE
CLM-002725,CUS-002616,FILED_BY
CLM-002725,DEV-000721,USES_DEVICE
CLM-002726,CUS-001581,FILED_BY
CLM-002726,DEV-002784,USES_DEVICE
CLM-002727,CUS-000302,FILED_BY
CLM-002727,DEV-000794,USES_DEVICE
CLM-002727,REP-000026,REPAIRED_BY
CLM-002728,CUS-001043,FILED_BY
CLM-002728,DEV-001447,USES_DEVICE
CLM-002729,CUS-001468,FILED_BY
CLM-002729,DEV-002658,USES_DEVICE
CLM-002729,REP-000550,REPAIRED_BY
CLM-002730,CUS-001407,FILED_BY
CLM-002730,DEV-001609,USES_DEVICE
CLM-002731,CUS-000853,FILED_BY
CLM-002731,DEV-000619,USES_DEVICE
CLM-002732,CUS-001935,FILED_BY
CLM-002732,DEV-001662,USES_DEVICE
CLM-002732,REP-000426,REPAIRED_BY
CLM-002733,CUS-002433,FILED_BY
CLM-002733,DEV-002119,USES_DEVICE
CLM-002733,REP-000043,REPAIRED_BY
CLM-002734,CUS-001342,FILED_BY
CLM-002734,DEV-001975,USES_DEVICE
CLM-002735,CUS-001733,FILED_BY
CLM-002735,DEV-000290,USES_DEVICE
CLM-002736,CUS-001123,FILED_BY
CLM-002736,DEV-002423,USES_DEVICE
CLM-002737,CUS-000656,FILED_BY
CLM-002737,DEV-002560,USES_DEVICE
CLM-002737,REP-000403,REPAIRED_BY
CLM-002738,CUS-000489,FILED_BY
CLM-002738,DEV-002515,USES_DEVICE
CLM-002738,REP-000095,REPAIRED_BY
CLM-002739,CUS-001687,FILED_BY
CLM-002739,DEV-001183,USES_DEVICE
CLM-002740,CUS-000211,FILED_BY
CLM-002740,DEV-001921,USES_DEVICE
CLM-002740,REP-000220,REPAIRED_BY
CLM-002741,CUS-000931,FILED_BY
CLM-002741,DEV-000869,USES_DEVICE
CLM-002741,REP-000111,REPAIRED_BY
CLM-002742,CUS-000939,FILED_BY
CLM-002742,DEV-000677,USES_DEVICE
CLM-002742,REP-000455,REPAIRED_BY
CLM-002743,CUS-001312,FILED_BY
CLM-002743,DEV-000682,USES_DEVICE
CLM-002744,CUS-000984,FILED_BY
CLM-002744,DEV-000629,USES_DEVICE
CLM-002745,CUS-002131,FILED_BY
CLM-002745,DEV-001938,USES_DEVICE
CLM-002745,REP-000101,REPAIRED_BY
CLM-002746,CUS-001273,FILED_BY
CLM-002746,DEV-000557,USES_DEVICE
CLM-002747,CUS-002965,FILED_BY
CLM-002747,DEV-002254,USES_DEVICE
CLM-002748,CUS-000381,FILED_BY
CLM-002748,DEV-002891,USES_DEVICE
CLM-002748,REP-000632,REPAIRED_BY
CLM-002749,CUS-000336,FILED_BY
CLM-002749,DEV-000749,USES_DEVICE
CLM-002750,CUS-002906,FILED_BY
CLM-002750,DEV-000654,USES_DEVICE
CLM-002751,CUS-000172,FILED_BY
CLM-002751,DEV-002662,USES_DEVICE
CLM-002751,REP-000466,REPAIRED_BY
CLM-002752,CUS-000675,FILED_BY
CLM-002752,DEV-001387,USES_DEVICE
CLM-002752,REP-000650,REPAIRED_BY
CLM-002753,CUS-000559,FILED_BY
CLM-002753,DEV-000015,USES_DEVICE
CLM-002753,REP-000372,REPAIRED_BY
CLM-002754,CUS-000330,FILED_BY
CLM-002754,DEV-000857,USES_DEVICE
CLM-002754,REP-000496,REPAIRED_BY
CLM-002755,CUS-000304,FILED_BY
CLM-002755,DEV-001117,USES_DEVICE
CLM-002755,REP-000081,REPAIRED_BY
CLM-002756,CUS-000075,FILED_BY
CLM-002756,DEV-002009,USES_DEVICE
CLM-002757,CUS-002272,FILED_BY
CLM-002757,DEV-001428,USES_DEVICE
CLM-002757,REP-000476,REPAIRED_BY
CLM-002758,CUS-002975,FILED_BY
CLM-002758,DEV-000287,USES_DEVICE
CLM-002759,CUS-000388,FILED_BY
CLM-002759,DEV-001807,USES_DEVICE
CLM-002760,CUS-000195,FILED_BY
CLM-002760,DEV-001745,USES_DEVICE
CLM-002760,REP-000241,REPAIRED_BY
CLM-002761,CUS-001633,FILED_BY
CLM-002761,DEV-001664,USES_DEVICE
CLM-002761,REP-000229,REPAIRED_BY
CLM-002762,CUS-001209,FILED_BY
CLM-002762,DEV-002365,USES_DEVICE
CLM-002762,REP-000675,REPAIRED_BY
CLM-002763,CUS-002082,FILED_BY
CLM-002763,DEV-001315,USES_DEVICE
CLM-002764,CUS-001218,FILED_BY
CLM-002764,DEV-002967,USES_DEVICE
CLM-002764,REP-000562,REPAIRED_BY
CLM-002765,CUS-002506,FILED_BY
CLM-002765,DEV-001917,USES_DEVICE
CLM-002765,REP-000699,REPAIRED_BY
CLM-002766,CUS-002814,FILED_BY
CLM-002766,DEV-002084,USES_DEVICE
CLM-002767,CUS-001518,FILED_BY
CLM-002767,DEV-001443,USES_DEVICE
CLM-002768,CUS-000869,FILED_BY
CLM-002768,DEV-001309,USES_DEVICE
CLM-002768,REP-000046,REPAIRED_BY
CLM-002769,CUS-002674,FILED_BY
CLM-002769,DEV-000072,USES_DEVICE
CLM-002769,REP-000560,REPAIRED_BY
CLM-002770,CUS-001760,FILED_BY
CLM-002770,DEV-000451,USES_DEVICE
CLM-002770,REP-000534,REPAIRED_BY
CLM-002771,CUS-001177,FILED_BY
CLM-002771,DEV-001403,USES_DEVICE
CLM-002772,CUS-000521,FILED_BY
CLM-002772,DEV-001971,USES_DEVICE
CLM-002773,CUS-002823,FILED_BY
CLM-002773,DEV-001046,USES_DEVICE
CLM-002773,REP-000408,REPAIRED_BY
CLM-002774,CUS-002477,FILED_BY
CLM-002774,DEV-000428,USES_DEVICE
CLM-002774,REP-000306,REPAIRED_BY
CLM-002775,CUS-001789,FILED_BY
CLM-002775,DEV-001794,USES_DEVICE
CLM-002775,REP-000202,REPAIRED_BY
CLM-002776,CUS-000509,FILED_BY
CLM-002776,DEV-001299,USES_DEVICE
CLM-002777,CUS-002373,FILED_BY
CLM-002777,DEV-001002,USES_DEVICE
CLM-002778,CUS-000239,FILED_BY
CLM-002778,DEV-000776,USES_DEVICE
CLM-002778,REP-000515,REPAIRED_BY
CLM-002779,CUS-002663,FILED_BY
CLM-002779,DEV-000682,USES_DEVICE
CLM-002779,REP-000623,REPAIRED_BY
CLM-002780,CUS-000813,FILED_BY
CLM-002780,DEV-001127,USES_DEVICE
CLM-002780,REP-000102,REPAIRED_BY
CLM-002781,CUS-002836,FILED_BY
CLM-002781,DEV-001832,USES_DEVICE
CLM-002781,REP-000334,REPAIRED_BY
CLM-002782,CUS-002736,FILED_BY
CLM-002782,DEV-000241,USES_DEVICE
CLM-002782,REP-000168,REPAIRED_BY
CLM-002783,CUS-002947,FILED_BY
CLM-002783,DEV-002699,USES_DEVICE
CLM-002784,CUS-000156,FILED_BY
CLM-002784,DEV-000149,USES_DEVICE
CLM-002784,REP-000655,REPAIRED_BY
CLM-002785,CUS-000059,FILED_BY
CLM-002785,DEV-001888,USES_DEVICE
CLM-002785,REP-000380,REPAIRED_BY
CLM-002786,CUS-000069,FILED_BY
CLM-002786,DEV-002195,USES_DEVICE
CLM-002786,REP-000639,REPAIRED_BY
CLM-002787,CUS-002351,FILED_BY
CLM-002787,DEV-001936,USES_DEVICE
CLM-002788,CUS-000364,FILED_BY
CLM-002788,DEV-002522,USES_DEVICE
CLM-002788,REP-000309,REPAIRED_BY
CLM-002789,CUS-001985,FILED_BY
CLM-002789,DEV-000985,USES_DEVICE
CLM-002789,REP-000141,REPAIRED_BY
CLM-002790,CUS-002115,FILED_BY
CLM-002790,DEV-001789,USES_DEVICE
CLM-002791,CUS-001082,FILED_BY
CLM-002791,DEV-000610,USES_DEVICE
CLM-002791,REP-000100,REPAIRED_BY
CLM-002792,CUS-000939,FILED_BY
CLM-002792,DEV-000677,USES_DEVICE
CLM-002792,REP-000400,REPAIRED_BY
CLM-002793,CUS-000465,FILED_BY
CLM-002793,DEV-000828,USES_DEVICE
CLM-002793,REP-000061,REPAIRED_BY
CLM-002794,CUS-000469,FILED_BY
CLM-002794,DEV-001666,USES_DEVICE
CLM-002794,REP-000178,REPAIRED_BY
CLM-002795,CUS-001138,FILED_BY
CLM-002795,DEV-001146,USES_DEVICE
CLM-002795,REP-000380,REPAIRED_BY
CLM-002796,CUS-001704,FILED_BY
CLM-002796,DEV-000365,USES_DEVICE
CLM-002796,REP-000634,REPAIRED_BY
CLM-002797,CUS-001374,FILED_BY
CLM-002797,DEV-000426,USES_DEVICE
CLM-002798,CUS-002226,FILED_BY
CLM-002798,DEV-000622,USES_DEVICE
CLM-002798,REP-000051,REPAIRED_BY
CLM-002799,CUS-000255,FILED_BY
CLM-002799,DEV-000136,USES_DEVICE
CLM-002799,REP-000010,REPAIRED_BY
CLM-002800,CUS-001233,FILED_BY
CLM-002800,DEV-000446,USES_DEVICE
CLM-002800,REP-000099,REPAIRED_BY
CLM-002801,CUS-002779,FILED_BY
CLM-002801,DEV-001100,USES_DEVICE
CLM-002801,REP-000202,REPAIRED_BY
CLM-002802,CUS-001265,FILED_BY
CLM-002802,DEV-000396,USES_DEVICE
CLM-002802,REP-000145,REPAIRED_BY
CLM-002803,CUS-002129,FILED_BY
CLM-002803,DEV-002300,USES_DEVICE
CLM-002804,CUS-002382,FILED_BY
CLM-002804,DEV-000405,USES_DEVICE
CLM-002805,CUS-002212,FILED_BY
CLM-002805,DEV-001278,USES_DEVICE
CLM-002805,REP-000251,REPAIRED_BY
CLM-002806,CUS-002936,FILED_BY
CLM-002806,DEV-001616,USES_DEVICE
CLM-002806,REP-000136,REPAIRED_BY
CLM-002807,CUS-002862,FILED_BY
CLM-002807,DEV-000346,USES_DEVICE
CLM-002807,REP-000310,REPAIRED_BY
CLM-002808,CUS-002851,FILED_BY
CLM-002808,DEV-001833,USES_DEVICE
CLM-002808,REP-000091,REPAIRED_BY
CLM-002809,CUS-000210,FILED_BY
CLM-002809,DEV-000610,USES_DEVICE
CLM-002809,REP-000655,REPAIRED_BY
CLM-002810,CUS-000600,FILED_BY
CLM-002810,DEV-002196,USES_DEVICE
CLM-002811,CUS-002862,FILED_BY
CLM-002811,DEV-002793,USES_DEVICE
CLM-002812,CUS-001088,FILED_BY
CLM-002812,DEV-001668,USES_DEVICE
CLM-002813,CUS-001559,FILED_BY
CLM-002813,DEV-001841,USES_DEVICE
CLM-002813,REP-000605,REPAIRED_BY
CLM-002814,CUS-001468,FILED_BY
CLM-002814,DEV-000383,USES_DEVICE
CLM-002815,CUS-000338,FILED_BY
CLM-002815,DEV-000458,USES_DEVICE
CLM-002816,CUS-002212,FILED_BY
CLM-002816,DEV-001278,USES_DEVICE
CLM-002816,REP-000579,REPAIRED_BY
CLM-002817,CUS-002379,FILED_BY
CLM-002817,DEV-001251,USES_DEVICE
CLM-002817,REP-000605,REPAIRED_BY
CLM-002818,CUS-000920,FILED_BY
CLM-002818,DEV-001166,USES_DEVICE
CLM-002818,REP-000496,REPAIRED_BY
CLM-002819,CUS-001707,FILED_BY
CLM-002819,DEV-001716,USES_DEVICE
CLM-002820,CUS-001815,FILED_BY
CLM-002820,DEV-001331,USES_DEVICE
CLM-002821,CUS-001977,FILED_BY
CLM-002821,DEV-002053,USES_DEVICE
CLM-002821,REP-000125,REPAIRED_BY
CLM-002822,CUS-002784,FILED_BY
CLM-002822,DEV-002186,USES_DEVICE
CLM-002822,REP-000183,REPAIRED_BY
CLM-002823,CUS-000313,FILED_BY
CLM-002823,DEV-002434,USES_DEVICE
CLM-002824,CUS-001725,FILED_BY
CLM-002824,DEV-002449,USES_DEVICE
CLM-002824,REP-000097,REPAIRED_BY
CLM-002825,CUS-000294,FILED_BY
CLM-002825,DEV-000644,USES_DEVICE
CLM-002825,REP-000219,REPAIRED_BY
CLM-002826,CUS-002172,FILED_BY
CLM-002826,DEV-002677,USES_DEVICE
CLM-002827,CUS-000993,FILED_BY
CLM-002827,DEV-000626,USES_DEVICE
CLM-002828,CUS-002041,FILED_BY
CLM-002828,DEV-001025,USES_DEVICE
CLM-002829,CUS-000066,FILED_BY
CLM-002829,DEV-000289,USES_DEVICE
CLM-002830,CUS-000446,FILED_BY
CLM-002830,DEV-000433,USES_DEVICE
CLM-002831,CUS-000360,FILED_BY
CLM-002831,DEV-001691,USES_DEVICE
CLM-002831,REP-000163,REPAIRED_BY
CLM-002832,CUS-000015,FILED_BY
CLM-002832,DEV-000084,USES_DEVICE
CLM-002833,CUS-001539,FILED_BY
CLM-002833,DEV-000726,USES_DEVICE
CLM-002833,REP-000225,REPAIRED_BY
CLM-002834,CUS-000013,FILED_BY
CLM-002834,DEV-000456,USES_DEVICE
CLM-002835,CUS-002435,FILED_BY
CLM-002835,DEV-001004,USES_DEVICE
CLM-002836,CUS-001941,FILED_BY
CLM-002836,DEV-001255,USES_DEVICE
CLM-002836,REP-000481,REPAIRED_BY
CLM-002837,CUS-000464,FILED_BY
CLM-002837,DEV-000922,USES_DEVICE
CLM-002837,REP-000670,REPAIRED_BY
CLM-002838,CUS-000566,FILED_BY
CLM-002838,DEV-001765,USES_DEVICE
CLM-002838,REP-000090,REPAIRED_BY
CLM-002839,CUS-000945,FILED_BY
CLM-002839,DEV-001627,USES_DEVICE
CLM-002839,REP-000149,REPAIRED_BY
CLM-002840,CUS-002303,FILED_BY
CLM-002840,DEV-001715,USES_DEVICE
CLM-002841,CUS-001699,FILED_BY
CLM-002841,DEV-000578,USES_DEVICE
CLM-002841,REP-000143,REPAIRED_BY
CLM-002842,CUS-001983,FILED_BY
CLM-002842,DEV-002761,USES_DEVICE
CLM-002843,CUS-001211,FILED_BY
CLM-002843,DEV-000058,USES_DEVICE
CLM-002843,REP-000275,REPAIRED_BY
CLM-002844,CUS-002958,FILED_BY
CLM-002844,DEV-000563,USES_DEVICE
CLM-002844,REP-000247,REPAIRED_BY
CLM-002845,CUS-002464,FILED_BY
CLM-002845,DEV-000174,USES_DEVICE
CLM-002845,REP-000690,REPAIRED_BY
CLM-002846,CUS-002923,FILED_BY
CLM-002846,DEV-002747,USES_DEVICE
CLM-002847,CUS-000457,FILED_BY
CLM-002847,DEV-002227,USES_DEVICE
CLM-002847,REP-000048,REPAIRED_BY
CLM-002848,CUS-000062,FILED_BY
CLM-002848,DEV-001275,USES_DEVICE
CLM-002849,CUS-001474,FILED_BY
CLM-002849,DEV-002648,USES_DEVICE
CLM-002850,CUS-000434,FILED_BY
CLM-002850,DEV-001549,USES_DEVICE
CLM-002850,REP-000248,REPAIRED_BY
CLM-002851,CUS-000534,FILED_BY
CLM-002851,DEV-001933,USES_DEVICE
CLM-002852,CUS-000990,FILED_BY
CLM-002852,DEV-000485,USES_DEVICE
CLM-002852,REP-000555,REPAIRED_BY
CLM-002853,CUS-002617,FILED_BY
CLM-002853,DEV-000383,USES_DEVICE
CLM-002854,CUS-001680,FILED_BY
CLM-002854,DEV-002125,USES_DEVICE
CLM-002854,REP-000103,REPAIRED_BY
CLM-002855,CUS-000891,FILED_BY
CLM-002855,DEV-001924,USES_DEVICE
CLM-002856,CUS-000865,FILED_BY
CLM-002856,DEV-001851,USES_DEVICE
CLM-002857,CUS-002953,FILED_BY
CLM-002857,DEV-000071,USES_DEVICE
CLM-002858,CUS-000506,FILED_BY
CLM-002858,DEV-000656,USES_DEVICE
CLM-002859,CUS-002126,FILED_BY
CLM-002859,DEV-000144,USES_DEVICE
CLM-002859,REP-000473,REPAIRED_BY
CLM-002860,CUS-002586,FILED_BY
CLM-002860,DEV-000270,USES_DEVICE
CLM-002860,REP-000665,REPAIRED_BY
CLM-002861,CUS-000571,FILED_BY
CLM-002861,DEV-000107,USES_DEVICE
CLM-002862,CUS-000891,FILED_BY
CLM-002862,DEV-001704,USES_DEVICE
CLM-002862,REP-000334,REPAIRED_BY
CLM-002863,CUS-002809,FILED_BY
CLM-002863,DEV-001360,USES_DEVICE
CLM-002863,REP-000315,REPAIRED_BY
CLM-002864,CUS-000954,FILED_BY
CLM-002864,DEV-000180,USES_DEVICE
CLM-002864,REP-000133,REPAIRED_BY
CLM-002865,CUS-001552,FILED_BY
CLM-002865,DEV-002320,USES_DEVICE
CLM-002866,CUS-000691,FILED_BY
CLM-002866,DEV-001740,USES_DEVICE
CLM-002866,REP-000415,REPAIRED_BY
CLM-002867,CUS-001967,FILED_BY
CLM-002867,DEV-001270,USES_DEVICE
CLM-002868,CUS-000479,FILED_BY
CLM-002868,DEV-001734,USES_DEVICE
CLM-002869,CUS-001898,FILED_BY
CLM-002869,DEV-000676,USES_DEVICE
CLM-002869,REP-000432,REPAIRED_BY
CLM-002870,CUS-000447,FILED_BY
CLM-002870,DEV-000667,USES_DEVICE
CLM-002870,REP-000014,REPAIRED_BY
CLM-002871,CUS-001996,FILED_BY
CLM-002871,DEV-001630,USES_DEVICE
CLM-002872,CUS-000099,FILED_BY
CLM-002872,DEV-000705,USES_DEVICE
CLM-002872,REP-000349,REPAIRED_BY
CLM-002873,CUS-001330,FILED_BY
CLM-002873,DEV-002878,USES_DEVICE
CLM-002874,CUS-000647,FILED_BY
CLM-002874,DEV-001531,USES_DEVICE
CLM-002874,REP-000424,REPAIRED_BY
CLM-002875,CUS-001138,FILED_BY
CLM-002875,DEV-000299,USES_DEVICE
CLM-002876,CUS-001365,FILED_BY
CLM-002876,DEV-002690,USES_DEVICE
CLM-002877,CUS-001525,FILED_BY
CLM-002877,DEV-000025,USES_DEVICE
CLM-002878,CUS-002245,FILED_BY
CLM-002878,DEV-001940,USES_DEVICE
CLM-002878,REP-000184,REPAIRED_BY
CLM-002879,CUS-000303,FILED_BY
CLM-002879,DEV-001473,USES_DEVICE
CLM-002880,CUS-001738,FILED_BY
CLM-002880,DEV-000467,USES_DEVICE
CLM-002881,CUS-000978,FILED_BY
CLM-002881,DEV-000053,USES_DEVICE
CLM-002881,REP-000233,REPAIRED_BY
CLM-002882,CUS-002990,FILED_BY
CLM-002882,DEV-000009,USES_DEVICE
CLM-002883,CUS-001385,FILED_BY
CLM-002883,DEV-000573,USES_DEVICE
CLM-002884,CUS-002408,FILED_BY
CLM-002884,DEV-001724,USES_DEVICE
CLM-002884,REP-000525,REPAIRED_BY
CLM-002885,CUS-000916,FILED_BY
CLM-002885,DEV-001281,USES_DEVICE
CLM-002885,REP-000626,REPAIRED_BY
CLM-002886,CUS-002668,FILED_BY
CLM-002886,DEV-001179,USES_DEVICE
CLM-002887,CUS-001670,FILED_BY
CLM-002887,DEV-001442,USES_DEVICE
CLM-002888,CUS-001808,FILED_BY
CLM-002888,DEV-002683,USES_DEVICE
CLM-002888,REP-000473,REPAIRED_BY
CLM-002889,CUS-000132,FILED_BY
CLM-002889,DEV-001632,USES_DEVICE
CLM-002889,REP-000586,REPAIRED_BY
CLM-002890,CUS-000748,FILED_BY
CLM-002890,DEV-002064,USES_DEVICE
CLM-002890,REP-000148,REPAIRED_BY
CLM-002891,CUS-002533,FILED_BY
CLM-002891,DEV-002713,USES_DEVICE
CLM-002892,CUS-001507,FILED_BY
CLM-002892,DEV-002207,USES_DEVICE
CLM-002892,REP-000579,REPAIRED_BY
CLM-002893,CUS-002656,FILED_BY
CLM-002893,DEV-001592,USES_DEVICE
CLM-002894,CUS-002018,FILED_BY
CLM-002894,DEV-001393,USES_DEVICE
CLM-002894,REP-000457,REPAIRED_BY
CLM-002895,CUS-002003,FILED_BY
CLM-002895,DEV-002165,USES_DEVICE
CLM-002895,REP-000389,REPAIRED_BY
CLM-002896,CUS-001337,FILED_BY
CLM-002896,DEV-000646,USES_DEVICE
CLM-002897,CUS-001360,FILED_BY
CLM-002897,DEV-001217,USES_DEVICE
CLM-002898,CUS-002113,FILED_BY
CLM-002898,DEV-001814,USES_DEVICE
CLM-002898,REP-000552,REPAIRED_BY
CLM-002899,CUS-000464,FILED_BY
CLM-002899,DEV-002738,USES_DEVICE
CLM-002899,REP-000046,REPAIRED_BY
CLM-002900,CUS-002472,FILED_BY
CLM-002900,DEV-000010,USES_DEVICE
CLM-002901,CUS-001932,FILED_BY
CLM-002901,DEV-000032,USES_DEVICE
CLM-002902,CUS-002306,FILED_BY
CLM-002902,DEV-000291,USES_DEVICE
CLM-002902,REP-000332,REPAIRED_BY
CLM-002903,CUS-000628,FILED_BY
CLM-002903,DEV-000897,USES_DEVICE
CLM-002903,REP-000534,REPAIRED_BY
CLM-002904,CUS-002748,FILED_BY
CLM-002904,DEV-002883,USES_DEVICE
CLM-002904,REP-000617,REPAIRED_BY
CLM-002905,CUS-000415,FILED_BY
CLM-002905,DEV-001476,USES_DEVICE
CLM-002905,REP-000081,REPAIRED_BY
CLM-002906,CUS-001166,FILED_BY
CLM-002906,DEV-001312,USES_DEVICE
CLM-002906,REP-000041,REPAIRED_BY
CLM-002907,CUS-000356,FILED_BY
CLM-002907,DEV-000418,USES_DEVICE
CLM-002907,REP-000317,REPAIRED_BY
CLM-002908,CUS-000249,FILED_BY
CLM-002908,DEV-002508,USES_DEVICE
CLM-002908,REP-000696,REPAIRED_BY
CLM-002909,CUS-000897,FILED_BY
CLM-002909,DEV-000197,USES_DEVICE
CLM-002909,REP-000048,REPAIRED_BY
CLM-002910,CUS-000694,FILED_BY
CLM-002910,DEV-002621,USES_DEVICE
CLM-002910,REP-000141,REPAIRED_BY
CLM-002911,CUS-001720,FILED_BY
CLM-002911,DEV-002958,USES_DEVICE
CLM-002911,REP-000270,REPAIRED_BY
CLM-002912,CUS-001880,FILED_BY
CLM-002912,DEV-000511,USES_DEVICE
CLM-002913,CUS-001763,FILED_BY
CLM-002913,DEV-002075,USES_DEVICE
CLM-002914,CUS-000508,FILED_BY
CLM-002914,DEV-001507,USES_DEVICE
CLM-002915,CUS-001513,FILED_BY
CLM-002915,DEV-000845,USES_DEVICE
CLM-002915,REP-000302,REPAIRED_BY
CLM-002916,CUS-002906,FILED_BY
CLM-002916,DEV-001189,USES_DEVICE
CLM-002917,CUS-001291,FILED_BY
CLM-002917,DEV-001854,USES_DEVICE
CLM-002918,CUS-002037,FILED_BY
CLM-002918,DEV-002142,USES_DEVICE
CLM-002918,REP-000562,REPAIRED_BY
CLM-002919,CUS-002007,FILED_BY
CLM-002919,DEV-001676,USES_DEVICE
CLM-002919,REP-000298,REPAIRED_BY
CLM-002920,CUS-001606,FILED_BY
CLM-002920,DEV-001723,USES_DEVICE
CLM-002920,REP-000008,REPAIRED_BY
CLM-002921,CUS-000451,FILED_BY
CLM-002921,DEV-001480,USES_DEVICE
CLM-002921,REP-000366,REPAIRED_BY
CLM-002922,CUS-000853,FILED_BY
CLM-002922,DEV-000619,USES_DEVICE
CLM-002923,CUS-001137,FILED_BY
CLM-002923,DEV-000538,USES_DEVICE
CLM-002923,REP-000441,REPAIRED_BY
CLM-002924,CUS-000544,FILED_BY
CLM-002924,DEV-000879,USES_DEVICE
CLM-002924,REP-000700,REPAIRED_BY
CLM-002925,CUS-000682,FILED_BY
CLM-002925,DEV-000900,USES_DEVICE
CLM-002925,REP-000307,REPAIRED_BY
CLM-002926,CUS-001187,FILED_BY
CLM-002926,DEV-002198,USES_DEVICE
CLM-002926,REP-000609,REPAIRED_BY
CLM-002927,CUS-002210,FILED_BY
CLM-002927,DEV-001426,USES_DEVICE
CLM-002927,REP-000488,REPAIRED_BY
CLM-002928,CUS-002842,FILED_BY
CLM-002928,DEV-002959,USES_DEVICE
CLM-002928,REP-000121,REPAIRED_BY
CLM-002929,CUS-000429,FILED_BY
CLM-002929,DEV-002805,USES_DEVICE
CLM-002929,REP-000597,REPAIRED_BY
CLM-002930,CUS-000979,FILED_BY
CLM-002930,DEV-000401,USES_DEVICE
CLM-002931,CUS-000951,FILED_BY
CLM-002931,DEV-002446,USES_DEVICE
CLM-002931,REP-000251,REPAIRED_BY
CLM-002932,CUS-001233,FILED_BY
CLM-002932,DEV-000446,USES_DEVICE
CLM-002933,CUS-002758,FILED_BY
CLM-002933,DEV-002516,USES_DEVICE
CLM-002934,CUS-002887,FILED_BY
CLM-002934,DEV-001734,USES_DEVICE
CLM-002935,CUS-001024,FILED_BY
CLM-002935,DEV-002203,USES_DEVICE
CLM-002935,REP-000506,REPAIRED_BY
CLM-002936,CUS-000210,FILED_BY
CLM-002936,DEV-000610,USES_DEVICE
CLM-002936,REP-000469,REPAIRED_BY
CLM-002937,CUS-001127,FILED_BY
CLM-002937,DEV-001319,USES_DEVICE
CLM-002938,CUS-000462,FILED_BY
CLM-002938,DEV-002935,USES_DEVICE
CLM-002939,CUS-000628,FILED_BY
CLM-002939,DEV-001564,USES_DEVICE
CLM-002939,REP-000144,REPAIRED_BY
CLM-002940,CUS-002835,FILED_BY
CLM-002940,DEV-001944,USES_DEVICE
CLM-002940,REP-000050,REPAIRED_BY
CLM-002941,CUS-001028,FILED_BY
CLM-002941,DEV-002598,USES_DEVICE
CLM-002941,REP-000165,REPAIRED_BY
CLM-002942,CUS-001461,FILED_BY
CLM-002942,DEV-000723,USES_DEVICE
CLM-002943,CUS-002004,FILED_BY
CLM-002943,DEV-001512,USES_DEVICE
CLM-002943,REP-000273,REPAIRED_BY
CLM-002944,CUS-002227,FILED_BY
CLM-002944,DEV-000052,USES_DEVICE
CLM-002944,REP-000663,REPAIRED_BY
CLM-002945,CUS-002327,FILED_BY
CLM-002945,DEV-000552,USES_DEVICE
CLM-002945,REP-000184,REPAIRED_BY
CLM-002946,CUS-002173,FILED_BY
CLM-002946,DEV-002855,USES_DEVICE
CLM-002946,REP-000357,REPAIRED_BY
CLM-002947,CUS-002534,FILED_BY
CLM-002947,DEV-000437,USES_DEVICE
CLM-002947,REP-000297,REPAIRED_BY
CLM-002948,CUS-000138,FILED_BY
CLM-002948,DEV-000112,USES_DEVICE
CLM-002948,REP-000141,REPAIRED_BY
CLM-002949,CUS-002844,FILED_BY
CLM-002949,DEV-000491,USES_DEVICE
CLM-002950,CUS-000719,FILED_BY
CLM-002950,DEV-000106,USES_DEVICE
CLM-002950,REP-000082,REPAIRED_BY
CLM-002951,CUS-000725,FILED_BY
CLM-002951,DEV-000884,USES_DEVICE
CLM-002951,REP-000278,REPAIRED_BY
CLM-002952,CUS-002555,FILED_BY
CLM-002952,DEV-001837,USES_DEVICE
CLM-002953,CUS-002389,FILED_BY
CLM-002953,DEV-000469,USES_DEVICE
CLM-002953,REP-000478,REPAIRED_BY
CLM-002954,CUS-000156,FILED_BY
CLM-002954,DEV-001918,USES_DEVICE
CLM-002955,CUS-001529,FILED_BY
CLM-002955,DEV-001734,USES_DEVICE
CLM-002955,REP-000455,REPAIRED_BY
CLM-002956,CUS-000067,FILED_BY
CLM-002956,DEV-001324,USES_DEVICE
CLM-002956,REP-000576,REPAIRED_BY
CLM-002957,CUS-000298,FILED_BY
CLM-002957,DEV-000088,USES_DEVICE
CLM-002957,REP-000472,REPAIRED_BY
CLM-002958,CUS-000035,FILED_BY
CLM-002958,DEV-001797,USES_DEVICE
CLM-002959,CUS-002650,FILED_BY
CLM-002959,DEV-002457,USES_DEVICE
CLM-002960,CUS-001789,FILED_BY
CLM-002960,DEV-001794,USES_DEVICE
CLM-002961,CUS-000256,FILED_BY
CLM-002961,DEV-000871,USES_DEVICE
CLM-002962,CUS-001239,FILED_BY
CLM-002962,DEV-000594,USES_DEVICE
CLM-002962,REP-000024,REPAIRED_BY
CLM-002963,CUS-000227,FILED_BY
CLM-002963,DEV-000610,USES_DEVICE
CLM-002964,CUS-000108,FILED_BY
CLM-002964,DEV-002133,USES_DEVICE
CLM-002964,REP-000613,REPAIRED_BY
CLM-002965,CUS-002771,FILED_BY
CLM-002965,DEV-002302,USES_DEVICE
CLM-002965,REP-000533,REPAIRED_BY
CLM-002966,CUS-000606,FILED_BY
CLM-002966,DEV-002418,USES_DEVICE
CLM-002966,REP-000163,REPAIRED_BY
CLM-002967,CUS-002136,FILED_BY
CLM-002967,DEV-000256,USES_DEVICE
CLM-002967,REP-000115,REPAIRED_BY
CLM-002968,CUS-002970,FILED_BY
CLM-002968,DEV-000370,USES_DEVICE
CLM-002969,CUS-000368,FILED_BY
CLM-002969,DEV-000047,USES_DEVICE
CLM-002970,CUS-001491,FILED_BY
CLM-002970,DEV-002310,USES_DEVICE
CLM-002970,REP-000103,REPAIRED_BY
CLM-002971,CUS-002930,FILED_BY
CLM-002971,DEV-000348,USES_DEVICE
CLM-002971,REP-000355,REPAIRED_BY
CLM-002972,CUS-002357,FILED_BY
CLM-002972,DEV-002548,USES_DEVICE
CLM-002973,CUS-000403,FILED_BY
CLM-002973,DEV-002722,USES_DEVICE
CLM-002974,CUS-000429,FILED_BY
CLM-002974,DEV-002805,USES_DEVICE
CLM-002974,REP-000388,REPAIRED_BY
CLM-002975,CUS-002272,FILED_BY
CLM-002975,DEV-001428,USES_DEVICE
CLM-002976,CUS-002244,FILED_BY
CLM-002976,DEV-001887,USES_DEVICE
CLM-002977,CUS-001329,FILED_BY
CLM-002977,DEV-002464,USES_DEVICE
CLM-002977,REP-000355,REPAIRED_BY
CLM-002978,CUS-001746,FILED_BY
CLM-002978,DEV-000412,USES_DEVICE
CLM-002979,CUS-001693,FILED_BY
CLM-002979,DEV-002617,USES_DEVICE
CLM-002979,REP-000637,REPAIRED_BY
CLM-002980,CUS-002292,FILED_BY
CLM-002980,DEV-002905,USES_DEVICE
CLM-002980,REP-000442,REPAIRED_BY
CLM-002981,CUS-002674,FILED_BY
CLM-002981,DEV-000072,USES_DEVICE
CLM-002981,REP-000267,REPAIRED_BY
CLM-002982,CUS-001298,FILED_BY
CLM-002982,DEV-002942,USES_DEVICE
CLM-002982,REP-000426,REPAIRED_BY
CLM-002983,CUS-002051,FILED_BY
CLM-002983,DEV-002789,USES_DEVICE
CLM-002983,REP-000389,REPAIRED_BY
CLM-002984,CUS-002057,FILED_BY
CLM-002984,DEV-001829,USES_DEVICE
CLM-002985,CUS-001436,FILED_BY
CLM-002985,DEV-002334,USES_DEVICE
CLM-002986,CUS-002579,FILED_BY
CLM-002986,DEV-000811,USES_DEVICE
CLM-002986,REP-000586,REPAIRED_BY
CLM-002987,CUS-001443,FILED_BY
CLM-002987,DEV-001824,USES_DEVICE
CLM-002988,CUS-002026,FILED_BY
CLM-002988,DEV-001943,USES_DEVICE
CLM-002989,CUS-002520,FILED_BY
CLM-002989,DEV-001617,USES_DEVICE
CLM-002989,REP-000059,REPAIRED_BY
CLM-002990,CUS-002996,FILED_BY
CLM-002990,DEV-000405,USES_DEVICE
CLM-002990,REP-000344,REPAIRED_BY
CLM-002991,CUS-000123,FILED_BY
CLM-002991,DEV-000960,USES_DEVICE
CLM-002992,CUS-001683,FILED_BY
CLM-002992,DEV-001059,USES_DEVICE
CLM-002992,REP-000140,REPAIRED_BY
CLM-002993,CUS-001445,FILED_BY
CLM-002993,DEV-001896,USES_DEVICE
CLM-002993,REP-000544,REPAIRED_BY
CLM-002994,CUS-000386,FILED_BY
CLM-002994,DEV-001955,USES_DEVICE
CLM-002994,REP-000524,REPAIRED_BY
CLM-002995,CUS-002101,FILED_BY
CLM-002995,DEV-001742,USES_DEVICE
CLM-002996,CUS-000705,FILED_BY
CLM-002996,DEV-000184,USES_DEVICE
CLM-002996,REP-000635,REPAIRED_BY
CLM-002997,CUS-002336,FILED_BY
CLM-002997,DEV-000403,USES_DEVICE
CLM-002998,CUS-000798,FILED_BY
CLM-002998,DEV-000318,USES_DEVICE
CLM-002999,CUS-002394,FILED_BY
CLM-002999,DEV-000083,USES_DEVICE
CLM-003000,CUS-002323,FILED_BY
CLM-003000,DEV-002167,USES_DEVICE
CLM-003001,CUS-001299,FILED_BY
CLM-003001,DEV-001477,USES_DEVICE
CLM-003002,CUS-000778,FILED_BY
CLM-003002,DEV-002258,USES_DEVICE
CLM-003003,CUS-001842,FILED_BY
CLM-003003,DEV-002703,USES_DEVICE
CLM-003004,CUS-001320,FILED_BY
CLM-003004,DEV-002623,USES_DEVICE
CLM-003004,REP-000358,REPAIRED_BY
CLM-003005,CUS-001312,FILED_BY
CLM-003005,DEV-000682,USES_DEVICE
CLM-003005,REP-000096,REPAIRED_BY
CLM-003006,CUS-001917,FILED_BY
CLM-003006,DEV-001214,USES_DEVICE
CLM-003007,CUS-000605,FILED_BY
CLM-003007,DEV-001524,USES_DEVICE
CLM-003007,REP-000314,REPAIRED_BY
CLM-003008,CUS-001882,FILED_BY
CLM-003008,DEV-002436,USES_DEVICE
CLM-003008,REP-000105,REPAIRED_BY
CLM-003009,CUS-000802,FILED_BY
CLM-003009,DEV-001654,USES_DEVICE
CLM-003010,CUS-002113,FILED_BY
CLM-003010,DEV-001145,USES_DEVICE
CLM-003010,REP-000212,REPAIRED_BY
CLM-003011,CUS-002004,FILED_BY
CLM-003011,DEV-002469,USES_DEVICE
CLM-003012,CUS-002306,FILED_BY
CLM-003012,DEV-002374,USES_DEVICE
CLM-003012,REP-000647,REPAIRED_BY
CLM-003013,CUS-000053,FILED_BY
CLM-003013,DEV-002077,USES_DEVICE
CLM-003013,REP-000288,REPAIRED_BY
CLM-003014,CUS-000676,FILED_BY
CLM-003014,DEV-000812,USES_DEVICE
CLM-003014,REP-000472,REPAIRED_BY
CLM-003015,CUS-001943,FILED_BY
CLM-003015,DEV-001157,USES_DEVICE
CLM-003015,REP-000221,REPAIRED_BY
CLM-003016,CUS-001517,FILED_BY
CLM-003016,DEV-000155,USES_DEVICE
CLM-003017,CUS-001422,FILED_BY
CLM-003017,DEV-000650,USES_DEVICE
CLM-003017,REP-000673,REPAIRED_BY
CLM-003018,CUS-002735,FILED_BY
CLM-003018,DEV-000959,USES_DEVICE
CLM-003019,CUS-001096,FILED_BY
CLM-003019,DEV-001110,USES_DEVICE
CLM-003019,REP-000311,REPAIRED_BY
CLM-003020,CUS-002526,FILED_BY
CLM-003020,DEV-002901,USES_DEVICE
CLM-003020,REP-000643,REPAIRED_BY
CLM-003021,CUS-002585,FILED_BY
CLM-003021,DEV-000527,USES_DEVICE
CLM-003022,CUS-000926,FILED_BY
CLM-003022,DEV-002500,USES_DEVICE
CLM-003022,REP-000172,REPAIRED_BY
CLM-003023,CUS-001409,FILED_BY
CLM-003023,DEV-002938,USES_DEVICE
CLM-003023,REP-000010,REPAIRED_BY
CLM-003024,CUS-000620,FILED_BY
CLM-003024,DEV-001094,USES_DEVICE
CLM-003024,REP-000142,REPAIRED_BY
CLM-003025,CUS-002032,FILED_BY
CLM-003025,DEV-000439,USES_DEVICE
CLM-003025,REP-000564,REPAIRED_BY
CLM-003026,CUS-000431,FILED_BY
CLM-003026,DEV-001133,USES_DEVICE
CLM-003027,CUS-000526,FILED_BY
CLM-003027,DEV-001623,USES_DEVICE
CLM-003027,REP-000045,REPAIRED_BY
CLM-003028,CUS-001924,FILED_BY
CLM-003028,DEV-000510,USES_DEVICE
CLM-003028,REP-000232,REPAIRED_BY
CLM-003029,CUS-000344,FILED_BY
CLM-003029,DEV-000078,USES_DEVICE
CLM-003030,CUS-000399,FILED_BY
CLM-003030,DEV-002903,USES_DEVICE
CLM-003030,REP-000539,REPAIRED_BY
CLM-003031,CUS-001660,FILED_BY
CLM-003031,DEV-002264,USES_DEVICE
CLM-003032,CUS-002709,FILED_BY
CLM-003032,DEV-000634,USES_DEVICE
CLM-003032,REP-000031,REPAIRED_BY
CLM-003033,CUS-001665,FILED_BY
CLM-003033,DEV-002032,USES_DEVICE
CLM-003033,REP-000132,REPAIRED_BY
CLM-003034,CUS-000358,FILED_BY
CLM-003034,DEV-001440,USES_DEVICE
CLM-003035,CUS-000641,FILED_BY
CLM-003035,DEV-002030,USES_DEVICE
CLM-003035,REP-000651,REPAIRED_BY
CLM-003036,CUS-001579,FILED_BY
CLM-003036,DEV-000996,USES_DEVICE
CLM-003036,REP-000018,REPAIRED_BY
CLM-003037,CUS-002300,FILED_BY
CLM-003037,DEV-002131,USES_DEVICE
CLM-003038,CUS-002032,FILED_BY
CLM-003038,DEV-000439,USES_DEVICE
CLM-003038,REP-000611,REPAIRED_BY
CLM-003039,CUS-000209,FILED_BY
CLM-003039,DEV-000563,USES_DEVICE
CLM-003039,REP-000482,REPAIRED_BY
CLM-003040,CUS-002019,FILED_BY
CLM-003040,DEV-000277,USES_DEVICE
CLM-003041,CUS-001951,FILED_BY
CLM-003041,DEV-001193,USES_DEVICE
CLM-003042,CUS-002581,FILED_BY
CLM-003042,DEV-001608,USES_DEVICE
CLM-003042,REP-000447,REPAIRED_BY
CLM-003043,CUS-001468,FILED_BY
CLM-003043,DEV-001867,USES_DEVICE
CLM-003043,REP-000256,REPAIRED_BY
CLM-003044,CUS-002649,FILED_BY
CLM-003044,DEV-000303,USES_DEVICE
CLM-003044,REP-000037,REPAIRED_BY
CLM-003045,CUS-002877,FILED_BY
CLM-003045,DEV-000275,USES_DEVICE
CLM-003046,CUS-000926,FILED_BY
CLM-003046,DEV-002500,USES_DEVICE
CLM-003046,REP-000501,REPAIRED_BY
CLM-003047,CUS-002573,FILED_BY
CLM-003047,DEV-002511,USES_DEVICE
CLM-003048,CUS-000784,FILED_BY
CLM-003048,DEV-002435,USES_DEVICE
CLM-003048,REP-000697,REPAIRED_BY
CLM-003049,CUS-001281,FILED_BY
CLM-003049,DEV-001892,USES_DEVICE
CLM-003049,REP-000592,REPAIRED_BY
CLM-003050,CUS-000645,FILED_BY
CLM-003050,DEV-000641,USES_DEVICE
CLM-003050,REP-000697,REPAIRED_BY
CLM-003051,CUS-000559,FILED_BY
CLM-003051,DEV-001876,USES_DEVICE
CLM-003052,CUS-001442,FILED_BY
CLM-003052,DEV-001237,USES_DEVICE
CLM-003053,CUS-002444,FILED_BY
CLM-003053,DEV-000798,USES_DEVICE
CLM-003054,CUS-002039,FILED_BY
CLM-003054,DEV-000732,USES_DEVICE
CLM-003055,CUS-000230,FILED_BY
CLM-003055,DEV-002796,USES_DEVICE
CLM-003056,CUS-002171,FILED_BY
CLM-003056,DEV-002470,USES_DEVICE
CLM-003057,CUS-000470,FILED_BY
CLM-003057,DEV-000574,USES_DEVICE
CLM-003058,CUS-001818,FILED_BY
CLM-003058,DEV-001448,USES_DEVICE
CLM-003058,REP-000021,REPAIRED_BY
CLM-003059,CUS-002167,FILED_BY
CLM-003059,DEV-001235,USES_DEVICE
CLM-003059,REP-000367,REPAIRED_BY
CLM-003060,CUS-001002,FILED_BY
CLM-003060,DEV-001694,USES_DEVICE
CLM-003060,REP-000641,REPAIRED_BY
CLM-003061,CUS-002175,FILED_BY
CLM-003061,DEV-001804,USES_DEVICE
CLM-003061,REP-000358,REPAIRED_BY
CLM-003062,CUS-000626,FILED_BY
CLM-003062,DEV-000934,USES_DEVICE
CLM-003063,CUS-000404,FILED_BY
CLM-003063,DEV-001472,USES_DEVICE
CLM-003063,REP-000020,REPAIRED_BY
CLM-003064,CUS-000323,FILED_BY
CLM-003064,DEV-002177,USES_DEVICE
CLM-003064,REP-000640,REPAIRED_BY
CLM-003065,CUS-000585,FILED_BY
CLM-003065,DEV-002146,USES_DEVICE
CLM-003065,REP-000301,REPAIRED_BY
CLM-003066,CUS-002482,FILED_BY
CLM-003066,DEV-001410,USES_DEVICE
CLM-003066,REP-000468,REPAIRED_BY
CLM-003067,CUS-000417,FILED_BY
CLM-003067,DEV-000568,USES_DEVICE
CLM-003067,REP-000106,REPAIRED_BY
CLM-003068,CUS-001216,FILED_BY
CLM-003068,DEV-002467,USES_DEVICE
CLM-003068,REP-000430,REPAIRED_BY
CLM-003069,CUS-002511,FILED_BY
CLM-003069,DEV-002380,USES_DEVICE
CLM-003069,REP-000027,REPAIRED_BY
CLM-003070,CUS-001059,FILED_BY
CLM-003070,DEV-002958,USES_DEVICE
CLM-003070,REP-000118,REPAIRED_BY
CLM-003071,CUS-002818,FILED_BY
CLM-003071,DEV-002864,USES_DEVICE
CLM-003072,CUS-002582,FILED_BY
CLM-003072,DEV-001247,USES_DEVICE
CLM-003072,REP-000113,REPAIRED_BY
CLM-003073,CUS-000454,FILED_BY
CLM-003073,DEV-001625,USES_DEVICE
CLM-003073,REP-000147,REPAIRED_BY
CLM-003074,CUS-002611,FILED_BY
CLM-003074,DEV-001835,USES_DEVICE
CLM-003074,REP-000195,REPAIRED_BY
CLM-003075,CUS-000030,FILED_BY
CLM-003075,DEV-001657,USES_DEVICE
CLM-003075,REP-000256,REPAIRED_BY
CLM-003076,CUS-001661,FILED_BY
CLM-003076,DEV-002460,USES_DEVICE
CLM-003077,CUS-000261,FILED_BY
CLM-003077,DEV-000389,USES_DEVICE
CLM-003078,CUS-000776,FILED_BY
CLM-003078,DEV-000584,USES_DEVICE
CLM-003079,CUS-002520,FILED_BY
CLM-003079,DEV-001617,USES_DEVICE
CLM-003079,REP-000426,REPAIRED_BY
CLM-003080,CUS-002756,FILED_BY
CLM-003080,DEV-001239,USES_DEVICE
CLM-003080,REP-000381,REPAIRED_BY
CLM-003081,CUS-001645,FILED_BY
CLM-003081,DEV-002536,USES_DEVICE
CLM-003082,CUS-001867,FILED_BY
CLM-003082,DEV-000533,USES_DEVICE
CLM-003083,CUS-002494,FILED_BY
CLM-003083,DEV-000727,USES_DEVICE
CLM-003084,CUS-002411,FILED_BY
CLM-003084,DEV-001918,USES_DEVICE
CLM-003085,CUS-002586,FILED_BY
CLM-003085,DEV-001983,USES_DEVICE
CLM-003086,CUS-001529,FILED_BY
CLM-003086,DEV-000800,USES_DEVICE
CLM-003087,CUS-000464,FILED_BY
CLM-003087,DEV-001048,USES_DEVICE
CLM-003087,REP-000432,REPAIRED_BY
CLM-003088,CUS-000936,FILED_BY
CLM-003088,DEV-001735,USES_DEVICE
CLM-003088,REP-000512,REPAIRED_BY
CLM-003089,CUS-002479,FILED_BY
CLM-003089,DEV-000989,USES_DEVICE
CLM-003089,REP-000083,REPAIRED_BY
CLM-003090,CUS-000220,FILED_BY
CLM-003090,DEV-000752,USES_DEVICE
CLM-003090,REP-000469,REPAIRED_BY
CLM-003091,CUS-001592,FILED_BY
CLM-003091,DEV-002459,USES_DEVICE
CLM-003092,CUS-000606,FILED_BY
CLM-003092,DEV-002418,USES_DEVICE
CLM-003093,CUS-002005,FILED_BY
CLM-003093,DEV-002278,USES_DEVICE
CLM-003093,REP-000175,REPAIRED_BY
CLM-003094,CUS-000521,FILED_BY
CLM-003094,DEV-001002,USES_DEVICE
CLM-003095,CUS-001030,FILED_BY
CLM-003095,DEV-000533,USES_DEVICE
CLM-003096,CUS-000071,FILED_BY
CLM-003096,DEV-002300,USES_DEVICE
CLM-003097,CUS-002604,FILED_BY
CLM-003097,DEV-000552,USES_DEVICE
CLM-003097,REP-000391,REPAIRED_BY
CLM-003098,CUS-002790,FILED_BY
CLM-003098,DEV-001074,USES_DEVICE
CLM-003098,REP-000050,REPAIRED_BY
CLM-003099,CUS-001946,FILED_BY
CLM-003099,DEV-001400,USES_DEVICE
CLM-003099,REP-000316,REPAIRED_BY
CLM-003100,CUS-000438,FILED_BY
CLM-003100,DEV-000583,USES_DEVICE
CLM-003100,REP-000088,REPAIRED_BY
CLM-003101,CUS-001180,FILED_BY
CLM-003101,DEV-001509,USES_DEVICE
CLM-003102,CUS-002513,FILED_BY
CLM-003102,DEV-000565,USES_DEVICE
CLM-003103,CUS-001172,FILED_BY
CLM-003103,DEV-000024,USES_DEVICE
CLM-003104,CUS-000406,FILED_BY
CLM-003104,DEV-002947,USES_DEVICE
CLM-003105,CUS-002229,FILED_BY
CLM-003105,DEV-000239,USES_DEVICE
CLM-003106,CUS-000980,FILED_BY
CLM-003106,DEV-000636,USES_DEVICE
CLM-003107,CUS-002228,FILED_BY
CLM-003107,DEV-001137,USES_DEVICE
CLM-003107,REP-000659,REPAIRED_BY
CLM-003108,CUS-001110,FILED_BY
CLM-003108,DEV-002300,USES_DEVICE
CLM-003109,CUS-001936,FILED_BY
CLM-003109,DEV-001632,USES_DEVICE
CLM-003109,REP-000305,REPAIRED_BY
CLM-003110,CUS-001374,FILED_BY
CLM-003110,DEV-000426,USES_DEVICE
CLM-003110,REP-000642,REPAIRED_BY
CLM-003111,CUS-001203,FILED_BY
CLM-003111,DEV-000886,USES_DEVICE
CLM-003111,REP-000208,REPAIRED_BY
CLM-003112,CUS-002665,FILED_BY
CLM-003112,DEV-001911,USES_DEVICE
CLM-003113,CUS-002437,FILED_BY
CLM-003113,DEV-002496,USES_DEVICE
CLM-003114,CUS-000293,FILED_BY
CLM-003114,DEV-002035,USES_DEVICE
CLM-003114,REP-000306,REPAIRED_BY
CLM-003115,CUS-001581,FILED_BY
CLM-003115,DEV-002784,USES_DEVICE
CLM-003115,REP-000517,REPAIRED_BY
CLM-003116,CUS-002815,FILED_BY
CLM-003116,DEV-001961,USES_DEVICE
CLM-003116,REP-000369,REPAIRED_BY
CLM-003117,CUS-000591,FILED_BY
CLM-003117,DEV-001504,USES_DEVICE
CLM-003117,REP-000435,REPAIRED_BY
CLM-003118,CUS-002733,FILED_BY
CLM-003118,DEV-001286,USES_DEVICE
CLM-003118,REP-000649,REPAIRED_BY
CLM-003119,CUS-000780,FILED_BY
CLM-003119,DEV-001414,USES_DEVICE
CLM-003120,CUS-000320,FILED_BY
CLM-003120,DEV-002714,USES_DEVICE
CLM-003121,CUS-001747,FILED_BY
CLM-003121,DEV-001353,USES_DEVICE
CLM-003121,REP-000042,REPAIRED_BY
CLM-003122,CUS-000726,FILED_BY
CLM-003122,DEV-001974,USES_DEVICE
CLM-003122,REP-000158,REPAIRED_BY
CLM-003123,CUS-001610,FILED_BY
CLM-003123,DEV-001749,USES_DEVICE
CLM-003124,CUS-000113,FILED_BY
CLM-003124,DEV-000735,USES_DEVICE
CLM-003125,CUS-000584,FILED_BY
CLM-003125,DEV-001897,USES_DEVICE
CLM-003126,CUS-002460,FILED_BY
CLM-003126,DEV-000133,USES_DEVICE
CLM-003127,CUS-000710,FILED_BY
CLM-003127,DEV-000607,USES_DEVICE
CLM-003128,CUS-000633,FILED_BY
CLM-003128,DEV-000789,USES_DEVICE
CLM-003128,REP-000045,REPAIRED_BY
CLM-003129,CUS-002023,FILED_BY
CLM-003129,DEV-000401,USES_DEVICE
CLM-003129,REP-000579,REPAIRED_BY
CLM-003130,CUS-002031,FILED_BY
CLM-003130,DEV-002200,USES_DEVICE
CLM-003130,REP-000542,REPAIRED_BY
CLM-003131,CUS-002976,FILED_BY
CLM-003131,DEV-001562,USES_DEVICE
CLM-003131,REP-000692,REPAIRED_BY
CLM-003132,CUS-001011,FILED_BY
CLM-003132,DEV-002385,USES_DEVICE
CLM-003133,CUS-002668,FILED_BY
CLM-003133,DEV-001948,USES_DEVICE
CLM-003133,REP-000409,REPAIRED_BY
CLM-003134,CUS-001985,FILED_BY
CLM-003134,DEV-000985,USES_DEVICE
CLM-003134,REP-000672,REPAIRED_BY
CLM-003135,CUS-000127,FILED_BY
CLM-003135,DEV-001578,USES_DEVICE
CLM-003135,REP-000480,REPAIRED_BY
CLM-003136,CUS-001523,FILED_BY
CLM-003136,DEV-001320,USES_DEVICE
CLM-003136,REP-000216,REPAIRED_BY
CLM-003137,CUS-002355,FILED_BY
CLM-003137,DEV-000567,USES_DEVICE
CLM-003138,CUS-002318,FILED_BY
CLM-003138,DEV-002849,USES_DEVICE
CLM-003138,REP-000662,REPAIRED_BY
CLM-003139,CUS-001842,FILED_BY
CLM-003139,DEV-000159,USES_DEVICE
CLM-003139,REP-000064,REPAIRED_BY
CLM-003140,CUS-001908,FILED_BY
CLM-003140,DEV-001299,USES_DEVICE
CLM-003141,CUS-001451,FILED_BY
CLM-003141,DEV-001938,USES_DEVICE
CLM-003141,REP-000042,REPAIRED_BY
CLM-003142,CUS-000873,FILED_BY
CLM-003142,DEV-002412,USES_DEVICE
CLM-003142,REP-000187,REPAIRED_BY
CLM-003143,CUS-001718,FILED_BY
CLM-003143,DEV-000606,USES_DEVICE
CLM-003143,REP-000547,REPAIRED_BY
CLM-003144,CUS-001576,FILED_BY
CLM-003144,DEV-002163,USES_DEVICE
CLM-003144,REP-000069,REPAIRED_BY
CLM-003145,CUS-001661,FILED_BY
CLM-003145,DEV-002167,USES_DEVICE
CLM-003145,REP-000032,REPAIRED_BY
CLM-003146,CUS-002299,FILED_BY
CLM-003146,DEV-001939,USES_DEVICE
CLM-003146,REP-000028,REPAIRED_BY
CLM-003147,CUS-002373,FILED_BY
CLM-003147,DEV-001002,USES_DEVICE
CLM-003147,REP-000262,REPAIRED_BY
CLM-003148,CUS-000267,FILED_BY
CLM-003148,DEV-002307,USES_DEVICE
CLM-003148,REP-000303,REPAIRED_BY
CLM-003149,CUS-001964,FILED_BY
CLM-003149,DEV-000872,USES_DEVICE
CLM-003149,REP-000097,REPAIRED_BY
CLM-003150,CUS-002595,FILED_BY
CLM-003150,DEV-000659,USES_DEVICE
CLM-003150,REP-000687,REPAIRED_BY
CLM-003151,CUS-002541,FILED_BY
CLM-003151,DEV-000097,USES_DEVICE
CLM-003151,REP-000353,REPAIRED_BY
CLM-003152,CUS-001432,FILED_BY
CLM-003152,DEV-000453,USES_DEVICE
CLM-003153,CUS-000769,FILED_BY
CLM-003153,DEV-001705,USES_DEVICE
CLM-003154,CUS-001238,FILED_BY
CLM-003154,DEV-001947,USES_DEVICE
CLM-003155,CUS-002642,FILED_BY
CLM-003155,DEV-001363,USES_DEVICE
CLM-003155,REP-000517,REPAIRED_BY
CLM-003156,CUS-002172,FILED_BY
CLM-003156,DEV-001556,USES_DEVICE
CLM-003156,REP-000250,REPAIRED_BY
CLM-003157,CUS-001200,FILED_BY
CLM-003157,DEV-001888,USES_DEVICE
CLM-003158,CUS-000475,FILED_BY
CLM-003158,DEV-000747,USES_DEVICE
CLM-003158,REP-000651,REPAIRED_BY
CLM-003159,CUS-000884,FILED_BY
CLM-003159,DEV-000218,USES_DEVICE
CLM-003160,CUS-001723,FILED_BY
CLM-003160,DEV-002253,USES_DEVICE
CLM-003160,REP-000273,REPAIRED_BY
CLM-003161,CUS-002994,FILED_BY
CLM-003161,DEV-000189,USES_DEVICE
CLM-003162,CUS-000543,FILED_BY
CLM-003162,DEV-002479,USES_DEVICE
CLM-003162,REP-000447,REPAIRED_BY
CLM-003163,CUS-000320,FILED_BY
CLM-003163,DEV-001060,USES_DEVICE
CLM-003163,REP-000011,REPAIRED_BY
CLM-003164,CUS-000767,FILED_BY
CLM-003164,DEV-001643,USES_DEVICE
CLM-003164,REP-000219,REPAIRED_BY
CLM-003165,CUS-002943,FILED_BY
CLM-003165,DEV-002192,USES_DEVICE
CLM-003165,REP-000681,REPAIRED_BY
CLM-003166,CUS-002707,FILED_BY
CLM-003166,DEV-000641,USES_DEVICE
CLM-003167,CUS-000902,FILED_BY
CLM-003167,DEV-001070,USES_DEVICE
CLM-003168,CUS-002133,FILED_BY
CLM-003168,DEV-002921,USES_DEVICE
CLM-003168,REP-000354,REPAIRED_BY
CLM-003169,CUS-002981,FILED_BY
CLM-003169,DEV-002204,USES_DEVICE
CLM-003169,REP-000165,REPAIRED_BY
CLM-003170,CUS-001882,FILED_BY
CLM-003170,DEV-002436,USES_DEVICE
CLM-003171,CUS-002958,FILED_BY
CLM-003171,DEV-000563,USES_DEVICE
CLM-003171,REP-000424,REPAIRED_BY
CLM-003172,CUS-002103,FILED_BY
CLM-003172,DEV-001125,USES_DEVICE
CLM-003172,REP-000086,REPAIRED_BY
CLM-003173,CUS-002899,FILED_BY
CLM-003173,DEV-002703,USES_DEVICE
CLM-003174,CUS-002801,FILED_BY
CLM-003174,DEV-000055,USES_DEVICE
CLM-003174,REP-000094,REPAIRED_BY
CLM-003175,CUS-000227,FILED_BY
CLM-003175,DEV-000610,USES_DEVICE
CLM-003175,REP-000658,REPAIRED_BY
CLM-003176,CUS-000298,FILED_BY
CLM-003176,DEV-000088,USES_DEVICE
CLM-003176,REP-000563,REPAIRED_BY
CLM-003177,CUS-001421,FILED_BY
CLM-003177,DEV-001691,USES_DEVICE
CLM-003177,REP-000277,REPAIRED_BY
CLM-003178,CUS-002344,FILED_BY
CLM-003178,DEV-001167,USES_DEVICE
CLM-003178,REP-000185,REPAIRED_BY
CLM-003179,CUS-000295,FILED_BY
CLM-003179,DEV-001803,USES_DEVICE
CLM-003180,CUS-000262,FILED_BY
CLM-003180,DEV-002762,USES_DEVICE
CLM-003180,REP-000313,REPAIRED_BY
CLM-003181,CUS-001874,FILED_BY
CLM-003181,DEV-000384,USES_DEVICE
CLM-003181,REP-000076,REPAIRED_BY
CLM-003182,CUS-001189,FILED_BY
CLM-003182,DEV-001115,USES_DEVICE
CLM-003182,REP-000075,REPAIRED_BY
CLM-003183,CUS-000566,FILED_BY
CLM-003183,DEV-002782,USES_DEVICE
CLM-003184,CUS-000493,FILED_BY
CLM-003184,DEV-000456,USES_DEVICE
CLM-003184,REP-000551,REPAIRED_BY
CLM-003185,CUS-002512,FILED_BY
CLM-003185,DEV-000012,USES_DEVICE
CLM-003185,REP-000088,REPAIRED_BY
CLM-003186,CUS-002378,FILED_BY
CLM-003186,DEV-000623,USES_DEVICE
CLM-003186,REP-000561,REPAIRED_BY
CLM-003187,CUS-001365,FILED_BY
CLM-003187,DEV-001103,USES_DEVICE
CLM-003187,REP-000404,REPAIRED_BY
CLM-003188,CUS-001677,FILED_BY
CLM-003188,DEV-001243,USES_DEVICE
CLM-003189,CUS-002793,FILED_BY
CLM-003189,DEV-002273,USES_DEVICE
CLM-003189,REP-000375,REPAIRED_BY
CLM-003190,CUS-000604,FILED_BY
CLM-003190,DEV-002622,USES_DEVICE
CLM-003191,CUS-002034,FILED_BY
CLM-003191,DEV-000430,USES_DEVICE
CLM-003192,CUS-002063,FILED_BY
CLM-003192,DEV-002379,USES_DEVICE
CLM-003193,CUS-002495,FILED_BY
CLM-003193,DEV-002950,USES_DEVICE
CLM-003194,CUS-002167,FILED_BY
CLM-003194,DEV-000869,USES_DEVICE
CLM-003195,CUS-001786,FILED_BY
CLM-003195,DEV-001922,USES_DEVICE
CLM-003195,REP-000045,REPAIRED_BY
CLM-003196,CUS-000865,FILED_BY
CLM-003196,DEV-001851,USES_DEVICE
CLM-003197,CUS-002725,FILED_BY
CLM-003197,DEV-000377,USES_DEVICE
CLM-003197,REP-000603,REPAIRED_BY
CLM-003198,CUS-002286,FILED_BY
CLM-003198,DEV-001810,USES_DEVICE
CLM-003198,REP-000443,REPAIRED_BY
CLM-003199,CUS-001939,FILED_BY
CLM-003199,DEV-000844,USES_DEVICE
CLM-003200,CUS-001325,FILED_BY
CLM-003200,DEV-001995,USES_DEVICE
CLM-003201,CUS-001870,FILED_BY
CLM-003201,DEV-000710,USES_DEVICE
CLM-003202,CUS-002013,FILED_BY
CLM-003202,DEV-002768,USES_DEVICE
CLM-003203,CUS-000981,FILED_BY
CLM-003203,DEV-002469,USES_DEVICE
CLM-003204,CUS-001618,FILED_BY
CLM-003204,DEV-002422,USES_DEVICE
CLM-003204,REP-000535,REPAIRED_BY
CLM-003205,CUS-002564,FILED_BY
CLM-003205,DEV-001672,USES_DEVICE
CLM-003205,REP-000606,REPAIRED_BY
CLM-003206,CUS-000804,FILED_BY
CLM-003206,DEV-002222,USES_DEVICE
CLM-003206,REP-000617,REPAIRED_BY
CLM-003207,CUS-002584,FILED_BY
CLM-003207,DEV-001268,USES_DEVICE
CLM-003207,REP-000523,REPAIRED_BY
CLM-003208,CUS-002546,FILED_BY
CLM-003208,DEV-001305,USES_DEVICE
CLM-003208,REP-000175,REPAIRED_BY
CLM-003209,CUS-000319,FILED_BY
CLM-003209,DEV-000549,USES_DEVICE
CLM-003210,CUS-002271,FILED_BY
CLM-003210,DEV-000878,USES_DEVICE
CLM-003211,CUS-002944,FILED_BY
CLM-003211,DEV-000748,USES_DEVICE
CLM-003212,CUS-002545,FILED_BY
CLM-003212,DEV-002551,USES_DEVICE
CLM-003212,REP-000270,REPAIRED_BY
CLM-003213,CUS-002398,FILED_BY
CLM-003213,DEV-001467,USES_DEVICE
CLM-003214,CUS-000700,FILED_BY
CLM-003214,DEV-000299,USES_DEVICE
CLM-003215,CUS-001649,FILED_BY
CLM-003215,DEV-000232,USES_DEVICE
CLM-003215,REP-000353,REPAIRED_BY
CLM-003216,CUS-002628,FILED_BY
CLM-003216,DEV-002669,USES_DEVICE
CLM-003216,REP-000289,REPAIRED_BY
CLM-003217,CUS-001654,FILED_BY
CLM-003217,DEV-002040,USES_DEVICE
CLM-003217,REP-000205,REPAIRED_BY
CLM-003218,CUS-002554,FILED_BY
CLM-003218,DEV-001337,USES_DEVICE
CLM-003219,CUS-001328,FILED_BY
CLM-003219,DEV-002592,USES_DEVICE
CLM-003220,CUS-002584,FILED_BY
CLM-003220,DEV-001743,USES_DEVICE
CLM-003221,CUS-000596,FILED_BY
CLM-003221,DEV-001299,USES_DEVICE
CLM-003222,CUS-001809,FILED_BY
CLM-003222,DEV-000195,USES_DEVICE
CLM-003223,CUS-000224,FILED_BY
CLM-003223,DEV-000706,USES_DEVICE
CLM-003224,CUS-000549,FILED_BY
CLM-003224,DEV-002575,USES_DEVICE
CLM-003224,REP-000107,REPAIRED_BY
CLM-003225,CUS-002486,FILED_BY
CLM-003225,DEV-000123,USES_DEVICE
CLM-003225,REP-000435,REPAIRED_BY
CLM-003226,CUS-002928,FILED_BY
CLM-003226,DEV-002935,USES_DEVICE
CLM-003227,CUS-000220,FILED_BY
CLM-003227,DEV-000752,USES_DEVICE
CLM-003228,CUS-001720,FILED_BY
CLM-003228,DEV-001856,USES_DEVICE
CLM-003228,REP-000507,REPAIRED_BY
CLM-003229,CUS-002381,FILED_BY
CLM-003229,DEV-001963,USES_DEVICE
CLM-003229,REP-000028,REPAIRED_BY
CLM-003230,CUS-001026,FILED_BY
CLM-003230,DEV-002259,USES_DEVICE
CLM-003230,REP-000532,REPAIRED_BY
CLM-003231,CUS-002929,FILED_BY
CLM-003231,DEV-002933,USES_DEVICE
CLM-003231,REP-000157,REPAIRED_BY
CLM-003232,CUS-000645,FILED_BY
CLM-003232,DEV-000391,USES_DEVICE
CLM-003233,CUS-000715,FILED_BY
CLM-003233,DEV-002940,USES_DEVICE
CLM-003233,REP-000331,REPAIRED_BY
CLM-003234,CUS-002638,FILED_BY
CLM-003234,DEV-002717,USES_DEVICE
CLM-003234,REP-000075,REPAIRED_BY
CLM-003235,CUS-002736,FILED_BY
CLM-003235,DEV-002028,USES_DEVICE
CLM-003235,REP-000594,REPAIRED_BY
CLM-003236,CUS-002045,FILED_BY
CLM-003236,DEV-000177,USES_DEVICE
CLM-003236,REP-000203,REPAIRED_BY
CLM-003237,CUS-000248,FILED_BY
CLM-003237,DEV-001490,USES_DEVICE
CLM-003238,CUS-001525,FILED_BY
CLM-003238,DEV-000025,USES_DEVICE
CLM-003238,REP-000291,REPAIRED_BY
CLM-003239,CUS-000356,FILED_BY
CLM-003239,DEV-001326,USES_DEVICE
CLM-003240,CUS-000639,FILED_BY
CLM-003240,DEV-002872,USES_DEVICE
CLM-003241,CUS-002523,FILED_BY
CLM-003241,DEV-000491,USES_DEVICE
CLM-003242,CUS-000325,FILED_BY
CLM-003242,DEV-001795,USES_DEVICE
CLM-003243,CUS-002845,FILED_BY
CLM-003243,DEV-002067,USES_DEVICE
CLM-003243,REP-000123,REPAIRED_BY
CLM-003244,CUS-002547,FILED_BY
CLM-003244,DEV-000615,USES_DEVICE
CLM-003245,CUS-001851,FILED_BY
CLM-003245,DEV-000488,USES_DEVICE
CLM-003245,REP-000099,REPAIRED_BY
CLM-003246,CUS-000760,FILED_BY
CLM-003246,DEV-001436,USES_DEVICE
CLM-003247,CUS-002614,FILED_BY
CLM-003247,DEV-001719,USES_DEVICE
CLM-003247,REP-000080,REPAIRED_BY
CLM-003248,CUS-000392,FILED_BY
CLM-003248,DEV-001647,USES_DEVICE
CLM-003249,CUS-000967,FILED_BY
CLM-003249,DEV-002158,USES_DEVICE
CLM-003250,CUS-000276,FILED_BY
CLM-003250,DEV-002590,USES_DEVICE
CLM-003251,CUS-000837,FILED_BY
CLM-003251,DEV-002092,USES_DEVICE
CLM-003251,REP-000145,REPAIRED_BY
CLM-003252,CUS-000636,FILED_BY
CLM-003252,DEV-002570,USES_DEVICE
CLM-003252,REP-000036,REPAIRED_BY
CLM-003253,CUS-001089,FILED_BY
CLM-003253,DEV-000740,USES_DEVICE
CLM-003253,REP-000520,REPAIRED_BY
CLM-003254,CUS-001442,FILED_BY
CLM-003254,DEV-001237,USES_DEVICE
CLM-003254,REP-000486,REPAIRED_BY
CLM-003255,CUS-000706,FILED_BY
CLM-003255,DEV-001946,USES_DEVICE
CLM-003255,REP-000699,REPAIRED_BY
CLM-003256,CUS-002123,FILED_BY
CLM-003256,DEV-001242,USES_DEVICE
CLM-003257,CUS-002884,FILED_BY
CLM-003257,DEV-000186,USES_DEVICE
CLM-003258,CUS-000801,FILED_BY
CLM-003258,DEV-001372,USES_DEVICE
CLM-003258,REP-000463,REPAIRED_BY
CLM-003259,CUS-000935,FILED_BY
CLM-003259,DEV-002747,USES_DEVICE
CLM-003260,CUS-002988,FILED_BY
CLM-003260,DEV-001186,USES_DEVICE
CLM-003260,REP-000176,REPAIRED_BY
CLM-003261,CUS-002727,FILED_BY
CLM-003261,DEV-001157,USES_DEVICE
CLM-003261,REP-000021,REPAIRED_BY
CLM-003262,CUS-000918,FILED_BY
CLM-003262,DEV-002464,USES_DEVICE
CLM-003262,REP-000307,REPAIRED_BY
CLM-003263,CUS-000330,FILED_BY
CLM-003263,DEV-000300,USES_DEVICE
CLM-003263,REP-000455,REPAIRED_BY
CLM-003264,CUS-000799,FILED_BY
CLM-003264,DEV-001938,USES_DEVICE
CLM-003264,REP-000432,REPAIRED_BY
CLM-003265,CUS-002665,FILED_BY
CLM-003265,DEV-000182,USES_DEVICE
CLM-003266,CUS-001439,FILED_BY
CLM-003266,DEV-000383,USES_DEVICE
CLM-003266,REP-000529,REPAIRED_BY
CLM-003267,CUS-001089,FILED_BY
CLM-003267,DEV-001345,USES_DEVICE
CLM-003268,CUS-001118,FILED_BY
CLM-003268,DEV-001571,USES_DEVICE
CLM-003269,CUS-002452,FILED_BY
CLM-003269,DEV-001653,USES_DEVICE
CLM-003270,CUS-000441,FILED_BY
CLM-003270,DEV-002792,USES_DEVICE
CLM-003270,REP-000491,REPAIRED_BY
CLM-003271,CUS-002753,FILED_BY
CLM-003271,DEV-001890,USES_DEVICE
CLM-003271,REP-000124,REPAIRED_BY
CLM-003272,CUS-000718,FILED_BY
CLM-003272,DEV-001222,USES_DEVICE
CLM-003272,REP-000246,REPAIRED_BY
CLM-003273,CUS-000324,FILED_BY
CLM-003273,DEV-002960,USES_DEVICE
CLM-003273,REP-000280,REPAIRED_BY
CLM-003274,CUS-002221,FILED_BY
CLM-003274,DEV-001702,USES_DEVICE
CLM-003275,CUS-001043,FILED_BY
CLM-003275,DEV-001447,USES_DEVICE
CLM-003275,REP-000608,REPAIRED_BY
CLM-003276,CUS-001933,FILED_BY
CLM-003276,DEV-001206,USES_DEVICE
CLM-003276,REP-000026,REPAIRED_BY
CLM-003277,CUS-000313,FILED_BY
CLM-003277,DEV-002434,USES_DEVICE
CLM-003277,REP-000335,REPAIRED_BY
CLM-003278,CUS-000777,FILED_BY
CLM-003278,DEV-001803,USES_DEVICE
CLM-003278,REP-000264,REPAIRED_BY
CLM-003279,CUS-000920,FILED_BY
CLM-003279,DEV-001166,USES_DEVICE
CLM-003279,REP-000626,REPAIRED_BY
CLM-003280,CUS-000194,FILED_BY
CLM-003280,DEV-001545,USES_DEVICE
CLM-003281,CUS-002758,FILED_BY
CLM-003281,DEV-002516,USES_DEVICE
CLM-003281,REP-000608,REPAIRED_BY
CLM-003282,CUS-000853,FILED_BY
CLM-003282,DEV-002448,USES_DEVICE
CLM-003283,CUS-001750,FILED_BY
CLM-003283,DEV-000586,USES_DEVICE
CLM-003284,CUS-000308,FILED_BY
CLM-003284,DEV-001703,USES_DEVICE
CLM-003284,REP-000565,REPAIRED_BY
CLM-003285,CUS-000746,FILED_BY
CLM-003285,DEV-002332,USES_DEVICE
CLM-003285,REP-000254,REPAIRED_BY
CLM-003286,CUS-000898,FILED_BY
CLM-003286,DEV-002852,USES_DEVICE
CLM-003286,REP-000050,REPAIRED_BY
CLM-003287,CUS-001080,FILED_BY
CLM-003287,DEV-000863,USES_DEVICE
CLM-003287,REP-000352,REPAIRED_BY
CLM-003288,CUS-001985,FILED_BY
CLM-003288,DEV-002500,USES_DEVICE
CLM-003289,CUS-002287,FILED_BY
CLM-003289,DEV-001990,USES_DEVICE
CLM-003290,CUS-002679,FILED_BY
CLM-003290,DEV-000867,USES_DEVICE
CLM-003291,CUS-002767,FILED_BY
CLM-003291,DEV-002386,USES_DEVICE
CLM-003291,REP-000279,REPAIRED_BY
CLM-003292,CUS-000867,FILED_BY
CLM-003292,DEV-001264,USES_DEVICE
CLM-003293,CUS-001438,FILED_BY
CLM-003293,DEV-002923,USES_DEVICE
CLM-003294,CUS-000066,FILED_BY
CLM-003294,DEV-000289,USES_DEVICE
CLM-003294,REP-000367,REPAIRED_BY
CLM-003295,CUS-002505,FILED_BY
CLM-003295,DEV-000246,USES_DEVICE
CLM-003295,REP-000481,REPAIRED_BY
CLM-003296,CUS-000108,FILED_BY
CLM-003296,DEV-002133,USES_DEVICE
CLM-003297,CUS-002365,FILED_BY
CLM-003297,DEV-000500,USES_DEVICE
CLM-003298,CUS-002617,FILED_BY
CLM-003298,DEV-002425,USES_DEVICE
CLM-003299,CUS-000953,FILED_BY
CLM-003299,DEV-000647,USES_DEVICE
CLM-003299,REP-000658,REPAIRED_BY
CLM-003300,CUS-001736,FILED_BY
CLM-003300,DEV-002396,USES_DEVICE
CLM-003300,REP-000469,REPAIRED_BY
CLM-003301,CUS-001965,FILED_BY
CLM-003301,DEV-002977,USES_DEVICE
CLM-003302,CUS-002277,FILED_BY
CLM-003302,DEV-002298,USES_DEVICE
CLM-003303,CUS-000990,FILED_BY
CLM-003303,DEV-000991,USES_DEVICE
CLM-003304,CUS-002040,FILED_BY
CLM-003304,DEV-000011,USES_DEVICE
CLM-003304,REP-000523,REPAIRED_BY
CLM-003305,CUS-001795,FILED_BY
CLM-003305,DEV-001516,USES_DEVICE
CLM-003305,REP-000008,REPAIRED_BY
CLM-003306,CUS-001937,FILED_BY
CLM-003306,DEV-001647,USES_DEVICE
CLM-003306,REP-000495,REPAIRED_BY
CLM-003307,CUS-001947,FILED_BY
CLM-003307,DEV-001462,USES_DEVICE
CLM-003307,REP-000042,REPAIRED_BY
CLM-003308,CUS-001409,FILED_BY
CLM-003308,DEV-002740,USES_DEVICE
CLM-003309,CUS-001094,FILED_BY
CLM-003309,DEV-002823,USES_DEVICE
CLM-003310,CUS-002631,FILED_BY
CLM-003310,DEV-001090,USES_DEVICE
CLM-003310,REP-000279,REPAIRED_BY
CLM-003311,CUS-001697,FILED_BY
CLM-003311,DEV-002238,USES_DEVICE
CLM-003311,REP-000021,REPAIRED_BY
CLM-003312,CUS-001481,FILED_BY
CLM-003312,DEV-002829,USES_DEVICE
CLM-003312,REP-000630,REPAIRED_BY
CLM-003313,CUS-002729,FILED_BY
CLM-003313,DEV-001583,USES_DEVICE
CLM-003314,CUS-001291,FILED_BY
CLM-003314,DEV-002749,USES_DEVICE
CLM-003314,REP-000079,REPAIRED_BY
CLM-003315,CUS-001004,FILED_BY
CLM-003315,DEV-000117,USES_DEVICE
CLM-003315,REP-000574,REPAIRED_BY
CLM-003316,CUS-000506,FILED_BY
CLM-003316,DEV-000656,USES_DEVICE
CLM-003316,REP-000463,REPAIRED_BY
CLM-003317,CUS-001700,FILED_BY
CLM-003317,DEV-000224,USES_DEVICE
CLM-003318,CUS-002955,FILED_BY
CLM-003318,DEV-001479,USES_DEVICE
CLM-003319,CUS-002299,FILED_BY
CLM-003319,DEV-001939,USES_DEVICE
CLM-003319,REP-000430,REPAIRED_BY
CLM-003320,CUS-001263,FILED_BY
CLM-003320,DEV-001659,USES_DEVICE
CLM-003321,CUS-000932,FILED_BY
CLM-003321,DEV-002448,USES_DEVICE
CLM-003321,REP-000270,REPAIRED_BY
CLM-003322,CUS-000501,FILED_BY
CLM-003322,DEV-001849,USES_DEVICE
CLM-003322,REP-000599,REPAIRED_BY
CLM-003323,CUS-001755,FILED_BY
CLM-003323,DEV-000892,USES_DEVICE
CLM-003324,CUS-001352,FILED_BY
CLM-003324,DEV-002025,USES_DEVICE
CLM-003325,CUS-001959,FILED_BY
CLM-003325,DEV-002086,USES_DEVICE
CLM-003325,REP-000650,REPAIRED_BY
CLM-003326,CUS-000282,FILED_BY
CLM-003326,DEV-000079,USES_DEVICE
CLM-003326,REP-000700,REPAIRED_BY
CLM-003327,CUS-000016,FILED_BY
CLM-003327,DEV-001261,USES_DEVICE
CLM-003327,REP-000357,REPAIRED_BY
CLM-003328,CUS-002437,FILED_BY
CLM-003328,DEV-002496,USES_DEVICE
CLM-003328,REP-000045,REPAIRED_BY
CLM-003329,CUS-001187,FILED_BY
CLM-003329,DEV-001175,USES_DEVICE
CLM-003329,REP-000561,REPAIRED_BY
CLM-003330,CUS-002406,FILED_BY
CLM-003330,DEV-002427,USES_DEVICE
CLM-003330,REP-000499,REPAIRED_BY
CLM-003331,CUS-000153,FILED_BY
CLM-003331,DEV-002020,USES_DEVICE
CLM-003332,CUS-002394,FILED_BY
CLM-003332,DEV-002140,USES_DEVICE
CLM-003332,REP-000281,REPAIRED_BY
CLM-003333,CUS-001041,FILED_BY
CLM-003333,DEV-002167,USES_DEVICE
CLM-003334,CUS-000481,FILED_BY
CLM-003334,DEV-001961,USES_DEVICE
CLM-003335,CUS-001633,FILED_BY
CLM-003335,DEV-002195,USES_DEVICE
CLM-003335,REP-000358,REPAIRED_BY
CLM-003336,CUS-001097,FILED_BY
CLM-003336,DEV-002221,USES_DEVICE
CLM-003337,CUS-002408,FILED_BY
CLM-003337,DEV-002187,USES_DEVICE
CLM-003338,CUS-000776,FILED_BY
CLM-003338,DEV-000349,USES_DEVICE
CLM-003338,REP-000282,REPAIRED_BY
CLM-003339,CUS-000971,FILED_BY
CLM-003339,DEV-002121,USES_DEVICE
CLM-003340,CUS-002175,FILED_BY
CLM-003340,DEV-001804,USES_DEVICE
CLM-003341,CUS-001350,FILED_BY
CLM-003341,DEV-001867,USES_DEVICE
CLM-003342,CUS-000512,FILED_BY
CLM-003342,DEV-002380,USES_DEVICE
CLM-003342,REP-000365,REPAIRED_BY
CLM-003343,CUS-002696,FILED_BY
CLM-003343,DEV-002959,USES_DEVICE
CLM-003343,REP-000448,REPAIRED_BY
CLM-003344,CUS-001928,FILED_BY
CLM-003344,DEV-001527,USES_DEVICE
CLM-003345,CUS-000741,FILED_BY
CLM-003345,DEV-001283,USES_DEVICE
CLM-003345,REP-000352,REPAIRED_BY
CLM-003346,CUS-000392,FILED_BY
CLM-003346,DEV-001900,USES_DEVICE
CLM-003346,REP-000036,REPAIRED_BY
CLM-003347,CUS-002408,FILED_BY
CLM-003347,DEV-001724,USES_DEVICE
CLM-003347,REP-000497,REPAIRED_BY
CLM-003348,CUS-001989,FILED_BY
CLM-003348,DEV-002138,USES_DEVICE
CLM-003348,REP-000596,REPAIRED_BY
CLM-003349,CUS-001363,FILED_BY
CLM-003349,DEV-002987,USES_DEVICE
CLM-003350,CUS-000097,FILED_BY
CLM-003350,DEV-001664,USES_DEVICE
CLM-003350,REP-000140,REPAIRED_BY
CLM-003351,CUS-002382,FILED_BY
CLM-003351,DEV-000405,USES_DEVICE
CLM-003351,REP-000602,REPAIRED_BY
CLM-003352,CUS-000320,FILED_BY
CLM-003352,DEV-001060,USES_DEVICE
CLM-003352,REP-000382,REPAIRED_BY
CLM-003353,CUS-001612,FILED_BY
CLM-003353,DEV-002164,USES_DEVICE
CLM-003353,REP-000104,REPAIRED_BY
CLM-003354,CUS-002514,FILED_BY
CLM-003354,DEV-001909,USES_DEVICE
CLM-003355,CUS-000292,FILED_BY
CLM-003355,DEV-002949,USES_DEVICE
CLM-003356,CUS-001819,FILED_BY
CLM-003356,DEV-002977,USES_DEVICE
CLM-003356,REP-000251,REPAIRED_BY
CLM-003357,CUS-001151,FILED_BY
CLM-003357,DEV-002614,USES_DEVICE
CLM-003357,REP-000698,REPAIRED_BY
CLM-003358,CUS-000566,FILED_BY
CLM-003358,DEV-001765,USES_DEVICE
CLM-003359,CUS-000754,FILED_BY
CLM-003359,DEV-000868,USES_DEVICE
CLM-003359,REP-000194,REPAIRED_BY
CLM-003360,CUS-002637,FILED_BY
CLM-003360,DEV-000064,USES_DEVICE
CLM-003360,REP-000005,REPAIRED_BY
CLM-003361,CUS-002292,FILED_BY
CLM-003361,DEV-000558,USES_DEVICE
CLM-003361,REP-000068,REPAIRED_BY
CLM-003362,CUS-002217,FILED_BY
CLM-003362,DEV-002405,USES_DEVICE
CLM-003363,CUS-000165,FILED_BY
CLM-003363,DEV-000268,USES_DEVICE
CLM-003364,CUS-000763,FILED_BY
CLM-003364,DEV-001205,USES_DEVICE
CLM-003364,REP-000595,REPAIRED_BY
CLM-003365,CUS-001087,FILED_BY
CLM-003365,DEV-001868,USES_DEVICE
CLM-003366,CUS-000358,FILED_BY
CLM-003366,DEV-001332,USES_DEVICE
CLM-003367,CUS-000763,FILED_BY
CLM-003367,DEV-001205,USES_DEVICE
CLM-003367,REP-000034,REPAIRED_BY
CLM-003368,CUS-002979,FILED_BY
CLM-003368,DEV-000884,USES_DEVICE
CLM-003369,CUS-002397,FILED_BY
CLM-003369,DEV-002675,USES_DEVICE
CLM-003370,CUS-000982,FILED_BY
CLM-003370,DEV-000337,USES_DEVICE
CLM-003371,CUS-000634,FILED_BY
CLM-003371,DEV-001678,USES_DEVICE
CLM-003372,CUS-002055,FILED_BY
CLM-003372,DEV-002911,USES_DEVICE
CLM-003373,CUS-000955,FILED_BY
CLM-003373,DEV-001155,USES_DEVICE
CLM-003374,CUS-000202,FILED_BY
CLM-003374,DEV-000250,USES_DEVICE
CLM-003374,REP-000443,REPAIRED_BY
CLM-003375,CUS-002870,FILED_BY
CLM-003375,DEV-000814,USES_DEVICE
CLM-003375,REP-000523,REPAIRED_BY
CLM-003376,CUS-002274,FILED_BY
CLM-003376,DEV-002767,USES_DEVICE
CLM-003377,CUS-001414,FILED_BY
CLM-003377,DEV-000136,USES_DEVICE
CLM-003377,REP-000317,REPAIRED_BY
CLM-003378,CUS-000088,FILED_BY
CLM-003378,DEV-000491,USES_DEVICE
CLM-003378,REP-000399,REPAIRED_BY
CLM-003379,CUS-000599,FILED_BY
CLM-003379,DEV-000864,USES_DEVICE
CLM-003379,REP-000475,REPAIRED_BY
CLM-003380,CUS-001357,FILED_BY
CLM-003380,DEV-002412,USES_DEVICE
CLM-003381,CUS-000521,FILED_BY
CLM-003381,DEV-001971,USES_DEVICE
CLM-003381,REP-000389,REPAIRED_BY
CLM-003382,CUS-000054,FILED_BY
CLM-003382,DEV-001481,USES_DEVICE
CLM-003382,REP-000155,REPAIRED_BY
CLM-003383,CUS-001419,FILED_BY
CLM-003383,DEV-001178,USES_DEVICE
CLM-003384,CUS-001687,FILED_BY
CLM-003384,DEV-001774,USES_DEVICE
CLM-003384,REP-000536,REPAIRED_BY
CLM-003385,CUS-002141,FILED_BY
CLM-003385,DEV-000543,USES_DEVICE
CLM-003386,CUS-000227,FILED_BY
CLM-003386,DEV-000175,USES_DEVICE
CLM-003386,REP-000641,REPAIRED_BY
CLM-003387,CUS-000698,FILED_BY
CLM-003387,DEV-002013,USES_DEVICE
CLM-003388,CUS-001617,FILED_BY
CLM-003388,DEV-000617,USES_DEVICE
CLM-003388,REP-000420,REPAIRED_BY
CLM-003389,CUS-001171,FILED_BY
CLM-003389,DEV-001759,USES_DEVICE
CLM-003389,REP-000258,REPAIRED_BY
CLM-003390,CUS-000848,FILED_BY
CLM-003390,DEV-002388,USES_DEVICE
CLM-003390,REP-000641,REPAIRED_BY
CLM-003391,CUS-002120,FILED_BY
CLM-003391,DEV-002901,USES_DEVICE
CLM-003391,REP-000499,REPAIRED_BY
CLM-003392,CUS-001795,FILED_BY
CLM-003392,DEV-001761,USES_DEVICE
CLM-003393,CUS-000559,FILED_BY
CLM-003393,DEV-001876,USES_DEVICE
CLM-003394,CUS-000561,FILED_BY
CLM-003394,DEV-002762,USES_DEVICE
CLM-003394,REP-000446,REPAIRED_BY
CLM-003395,CUS-002764,FILED_BY
CLM-003395,DEV-000750,USES_DEVICE
CLM-003395,REP-000015,REPAIRED_BY
CLM-003396,CUS-002637,FILED_BY
CLM-003396,DEV-000064,USES_DEVICE
CLM-003396,REP-000535,REPAIRED_BY
CLM-003397,CUS-002139,FILED_BY
CLM-003397,DEV-002686,USES_DEVICE
CLM-003397,REP-000438,REPAIRED_BY
CLM-003398,CUS-002112,FILED_BY
CLM-003398,DEV-002926,USES_DEVICE
CLM-003399,CUS-002974,FILED_BY
CLM-003399,DEV-001550,USES_DEVICE
CLM-003399,REP-000285,REPAIRED_BY
CLM-003400,CUS-002543,FILED_BY
CLM-003400,DEV-001149,USES_DEVICE
CLM-003401,CUS-002400,FILED_BY
CLM-003401,DEV-000150,USES_DEVICE
CLM-003402,CUS-001520,FILED_BY
CLM-003402,DEV-002538,USES_DEVICE
CLM-003402,REP-000506,REPAIRED_BY
CLM-003403,CUS-000729,FILED_BY
CLM-003403,DEV-002580,USES_DEVICE
CLM-003403,REP-000643,REPAIRED_BY
CLM-003404,CUS-001492,FILED_BY
CLM-003404,DEV-000295,USES_DEVICE
CLM-003405,CUS-001848,FILED_BY
CLM-003405,DEV-002259,USES_DEVICE
CLM-003406,CUS-002027,FILED_BY
CLM-003406,DEV-000646,USES_DEVICE
CLM-003406,REP-000113,REPAIRED_BY
CLM-003407,CUS-002324,FILED_BY
CLM-003407,DEV-001918,USES_DEVICE
CLM-003407,REP-000437,REPAIRED_BY
CLM-003408,CUS-002904,FILED_BY
CLM-003408,DEV-002891,USES_DEVICE
CLM-003408,REP-000353,REPAIRED_BY
CLM-003409,CUS-002540,FILED_BY
CLM-003409,DEV-002486,USES_DEVICE
CLM-003410,CUS-002133,FILED_BY
CLM-003410,DEV-002993,USES_DEVICE
CLM-003411,CUS-002078,FILED_BY
CLM-003411,DEV-001619,USES_DEVICE
CLM-003411,REP-000465,REPAIRED_BY
CLM-003412,CUS-001822,FILED_BY
CLM-003412,DEV-000004,USES_DEVICE
CLM-003412,REP-000163,REPAIRED_BY
CLM-003413,CUS-002005,FILED_BY
CLM-003413,DEV-002278,USES_DEVICE
CLM-003413,REP-000291,REPAIRED_BY
CLM-003414,CUS-002637,FILED_BY
CLM-003414,DEV-000425,USES_DEVICE
CLM-003414,REP-000279,REPAIRED_BY
CLM-003415,CUS-000426,FILED_BY
CLM-003415,DEV-001070,USES_DEVICE
CLM-003416,CUS-001694,FILED_BY
CLM-003416,DEV-000404,USES_DEVICE
CLM-003416,REP-000440,REPAIRED_BY
CLM-003417,CUS-001946,FILED_BY
CLM-003417,DEV-001400,USES_DEVICE
CLM-003418,CUS-001191,FILED_BY
CLM-003418,DEV-002240,USES_DEVICE
CLM-003419,CUS-002573,FILED_BY
CLM-003419,DEV-001632,USES_DEVICE
CLM-003419,REP-000192,REPAIRED_BY
CLM-003420,CUS-002163,FILED_BY
CLM-003420,DEV-002438,USES_DEVICE
CLM-003420,REP-000678,REPAIRED_BY
CLM-003421,CUS-002066,FILED_BY
CLM-003421,DEV-001076,USES_DEVICE
CLM-003422,CUS-002871,FILED_BY
CLM-003422,DEV-002039,USES_DEVICE
CLM-003422,REP-000033,REPAIRED_BY
CLM-003423,CUS-000499,FILED_BY
CLM-003423,DEV-002823,USES_DEVICE
CLM-003424,CUS-001295,FILED_BY
CLM-003424,DEV-001119,USES_DEVICE
CLM-003424,REP-000398,REPAIRED_BY
CLM-003425,CUS-001633,FILED_BY
CLM-003425,DEV-001684,USES_DEVICE
CLM-003426,CUS-002035,FILED_BY
CLM-003426,DEV-002925,USES_DEVICE
CLM-003427,CUS-000210,FILED_BY
CLM-003427,DEV-000610,USES_DEVICE
CLM-003428,CUS-000492,FILED_BY
CLM-003428,DEV-000850,USES_DEVICE
CLM-003429,CUS-000601,FILED_BY
CLM-003429,DEV-000028,USES_DEVICE
CLM-003430,CUS-002689,FILED_BY
CLM-003430,DEV-001346,USES_DEVICE
CLM-003430,REP-000529,REPAIRED_BY
CLM-003431,CUS-000757,FILED_BY
CLM-003431,DEV-001295,USES_DEVICE
CLM-003431,REP-000062,REPAIRED_BY
CLM-003432,CUS-002223,FILED_BY
CLM-003432,DEV-000646,USES_DEVICE
CLM-003433,CUS-000249,FILED_BY
CLM-003433,DEV-001683,USES_DEVICE
CLM-003434,CUS-001383,FILED_BY
CLM-003434,DEV-001532,USES_DEVICE
CLM-003434,REP-000620,REPAIRED_BY
CLM-003435,CUS-002314,FILED_BY
CLM-003435,DEV-000854,USES_DEVICE
CLM-003435,REP-000405,REPAIRED_BY
CLM-003436,CUS-002727,FILED_BY
CLM-003436,DEV-000451,USES_DEVICE
CLM-003436,REP-000209,REPAIRED_BY
CLM-003437,CUS-000648,FILED_BY
CLM-003437,DEV-000379,USES_DEVICE
CLM-003438,CUS-001376,FILED_BY
CLM-003438,DEV-002878,USES_DEVICE
CLM-003438,REP-000072,REPAIRED_BY
CLM-003439,CUS-000704,FILED_BY
CLM-003439,DEV-002283,USES_DEVICE
CLM-003439,REP-000469,REPAIRED_BY
CLM-003440,CUS-000866,FILED_BY
CLM-003440,DEV-000131,USES_DEVICE
CLM-003440,REP-000449,REPAIRED_BY
CLM-003441,CUS-001076,FILED_BY
CLM-003441,DEV-001554,USES_DEVICE
CLM-003441,REP-000444,REPAIRED_BY
CLM-003442,CUS-002237,FILED_BY
CLM-003442,DEV-002728,USES_DEVICE
CLM-003443,CUS-000125,FILED_BY
CLM-003443,DEV-000889,USES_DEVICE
CLM-003443,REP-000550,REPAIRED_BY
CLM-003444,CUS-000811,FILED_BY
CLM-003444,DEV-001700,USES_DEVICE
CLM-003444,REP-000133,REPAIRED_BY
CLM-003445,CUS-000463,FILED_BY
CLM-003445,DEV-000623,USES_DEVICE
CLM-003445,REP-000582,REPAIRED_BY
CLM-003446,CUS-000419,FILED_BY
CLM-003446,DEV-001367,USES_DEVICE
CLM-003446,REP-000436,REPAIRED_BY
CLM-003447,CUS-002753,FILED_BY
CLM-003447,DEV-001669,USES_DEVICE
CLM-003448,CUS-000847,FILED_BY
CLM-003448,DEV-002640,USES_DEVICE
CLM-003448,REP-000295,REPAIRED_BY
CLM-003449,CUS-002862,FILED_BY
CLM-003449,DEV-000362,USES_DEVICE
CLM-003449,REP-000597,REPAIRED_BY
CLM-003450,CUS-001477,FILED_BY
CLM-003450,DEV-000083,USES_DEVICE
CLM-003451,CUS-000942,FILED_BY
CLM-003451,DEV-002121,USES_DEVICE
CLM-003451,REP-000693,REPAIRED_BY
CLM-003452,CUS-001997,FILED_BY
CLM-003452,DEV-001437,USES_DEVICE
CLM-003452,REP-000319,REPAIRED_BY
CLM-003453,CUS-001924,FILED_BY
CLM-003453,DEV-001990,USES_DEVICE
CLM-003453,REP-000211,REPAIRED_BY
CLM-003454,CUS-001932,FILED_BY
CLM-003454,DEV-000032,USES_DEVICE
CLM-003455,CUS-000546,FILED_BY
CLM-003455,DEV-001788,USES_DEVICE
CLM-003456,CUS-001260,FILED_BY
CLM-003456,DEV-002374,USES_DEVICE
CLM-003457,CUS-000777,FILED_BY
CLM-003457,DEV-001803,USES_DEVICE
CLM-003457,REP-000299,REPAIRED_BY
CLM-003458,CUS-001903,FILED_BY
CLM-003458,DEV-001796,USES_DEVICE
CLM-003459,CUS-002794,FILED_BY
CLM-003459,DEV-001600,USES_DEVICE
CLM-003459,REP-000209,REPAIRED_BY
CLM-003460,CUS-000066,FILED_BY
CLM-003460,DEV-000289,USES_DEVICE
CLM-003460,REP-000192,REPAIRED_BY
CLM-003461,CUS-000234,FILED_BY
CLM-003461,DEV-002687,USES_DEVICE
CLM-003462,CUS-000774,FILED_BY
CLM-003462,DEV-000214,USES_DEVICE
CLM-003463,CUS-000941,FILED_BY
CLM-003463,DEV-002883,USES_DEVICE
CLM-003463,REP-000659,REPAIRED_BY
CLM-003464,CUS-000211,FILED_BY
CLM-003464,DEV-000918,USES_DEVICE
CLM-003465,CUS-000395,FILED_BY
CLM-003465,DEV-000362,USES_DEVICE
CLM-003466,CUS-000920,FILED_BY
CLM-003466,DEV-001166,USES_DEVICE
CLM-003466,REP-000121,REPAIRED_BY
CLM-003467,CUS-000809,FILED_BY
CLM-003467,DEV-002907,USES_DEVICE
CLM-003468,CUS-002284,FILED_BY
CLM-003468,DEV-000764,USES_DEVICE
CLM-003468,REP-000592,REPAIRED_BY
CLM-003469,CUS-001592,FILED_BY
CLM-003469,DEV-000490,USES_DEVICE
CLM-003470,CUS-002393,FILED_BY
CLM-003470,DEV-002664,USES_DEVICE
CLM-003471,CUS-002080,FILED_BY
CLM-003471,DEV-002844,USES_DEVICE
CLM-003471,REP-000254,REPAIRED_BY
CLM-003472,CUS-000280,FILED_BY
CLM-003472,DEV-000682,USES_DEVICE
CLM-003473,CUS-002030,FILED_BY
CLM-003473,DEV-001488,USES_DEVICE
CLM-003473,REP-000622,REPAIRED_BY
CLM-003474,CUS-000213,FILED_BY
CLM-003474,DEV-000262,USES_DEVICE
CLM-003474,REP-000131,REPAIRED_BY
CLM-003475,CUS-001361,FILED_BY
CLM-003475,DEV-001925,USES_DEVICE
CLM-003475,REP-000655,REPAIRED_BY
CLM-003476,CUS-000769,FILED_BY
CLM-003476,DEV-002150,USES_DEVICE
CLM-003476,REP-000085,REPAIRED_BY
CLM-003477,CUS-000406,FILED_BY
CLM-003477,DEV-000387,USES_DEVICE
CLM-003478,CUS-000415,FILED_BY
CLM-003478,DEV-001476,USES_DEVICE
CLM-003479,CUS-000473,FILED_BY
CLM-003479,DEV-001504,USES_DEVICE
CLM-003479,REP-000021,REPAIRED_BY
CLM-003480,CUS-002339,FILED_BY
CLM-003480,DEV-001198,USES_DEVICE
CLM-003481,CUS-000941,FILED_BY
CLM-003481,DEV-002883,USES_DEVICE
CLM-003481,REP-000038,REPAIRED_BY
CLM-003482,CUS-002511,FILED_BY
CLM-003482,DEV-002380,USES_DEVICE
CLM-003482,REP-000600,REPAIRED_BY
CLM-003483,CUS-001700,FILED_BY
CLM-003483,DEV-001720,USES_DEVICE
CLM-003483,REP-000008,REPAIRED_BY
CLM-003484,CUS-000151,FILED_BY
CLM-003484,DEV-000776,USES_DEVICE
CLM-003485,CUS-001820,FILED_BY
CLM-003485,DEV-002229,USES_DEVICE
CLM-003486,CUS-002055,FILED_BY
CLM-003486,DEV-002911,USES_DEVICE
CLM-003486,REP-000108,REPAIRED_BY
CLM-003487,CUS-002805,FILED_BY
CLM-003487,DEV-001618,USES_DEVICE
CLM-003488,CUS-000942,FILED_BY
CLM-003488,DEV-001862,USES_DEVICE
CLM-003488,REP-000215,REPAIRED_BY
CLM-003489,CUS-002587,FILED_BY
CLM-003489,DEV-002627,USES_DEVICE
CLM-003490,CUS-001534,FILED_BY
CLM-003490,DEV-001798,USES_DEVICE
CLM-003491,CUS-001239,FILED_BY
CLM-003491,DEV-000594,USES_DEVICE
CLM-003491,REP-000131,REPAIRED_BY
CLM-003492,CUS-001936,FILED_BY
CLM-003492,DEV-002568,USES_DEVICE
CLM-003493,CUS-000832,FILED_BY
CLM-003493,DEV-000163,USES_DEVICE
CLM-003493,REP-000514,REPAIRED_BY
CLM-003494,CUS-002806,FILED_BY
CLM-003494,DEV-001913,USES_DEVICE
CLM-003494,REP-000204,REPAIRED_BY
CLM-003495,CUS-001056,FILED_BY
CLM-003495,DEV-000036,USES_DEVICE
CLM-003496,CUS-001527,FILED_BY
CLM-003496,DEV-001071,USES_DEVICE
CLM-003497,CUS-002532,FILED_BY
CLM-003497,DEV-001704,USES_DEVICE
CLM-003497,REP-000617,REPAIRED_BY
CLM-003498,CUS-002801,FILED_BY
CLM-003498,DEV-002294,USES_DEVICE
CLM-003498,REP-000005,REPAIRED_BY
CLM-003499,CUS-000405,FILED_BY
CLM-003499,DEV-000242,USES_DEVICE
CLM-003499,REP-000650,REPAIRED_BY
CLM-003500,CUS-001659,FILED_BY
CLM-003500,DEV-001230,USES_DEVICE
CLM-003501,CUS-001431,FILED_BY
CLM-003501,DEV-001914,USES_DEVICE
CLM-003501,REP-000679,REPAIRED_BY
CLM-003502,CUS-002177,FILED_BY
CLM-003502,DEV-002687,USES_DEVICE
CLM-003503,CUS-001045,FILED_BY
CLM-003503,DEV-001876,USES_DEVICE
CLM-003503,REP-000381,REPAIRED_BY
CLM-003504,CUS-002231,FILED_BY
CLM-003504,DEV-001698,USES_DEVICE
CLM-003504,REP-000254,REPAIRED_BY
CLM-003505,CUS-001855,FILED_BY
CLM-003505,DEV-001637,USES_DEVICE
CLM-003505,REP-000540,REPAIRED_BY
CLM-003506,CUS-000304,FILED_BY
CLM-003506,DEV-002236,USES_DEVICE
CLM-003506,REP-000019,REPAIRED_BY
CLM-003507,CUS-001093,FILED_BY
CLM-003507,DEV-000230,USES_DEVICE
CLM-003507,REP-000023,REPAIRED_BY
CLM-003508,CUS-000091,FILED_BY
CLM-003508,DEV-002548,USES_DEVICE
CLM-003508,REP-000322,REPAIRED_BY
CLM-003509,CUS-000729,FILED_BY
CLM-003509,DEV-000855,USES_DEVICE
CLM-003509,REP-000548,REPAIRED_BY
CLM-003510,CUS-001517,FILED_BY
CLM-003510,DEV-000518,USES_DEVICE
CLM-003510,REP-000672,REPAIRED_BY
CLM-003511,CUS-000896,FILED_BY
CLM-003511,DEV-001886,USES_DEVICE
CLM-003511,REP-000186,REPAIRED_BY
CLM-003512,CUS-002829,FILED_BY
CLM-003512,DEV-001356,USES_DEVICE
CLM-003513,CUS-002844,FILED_BY
CLM-003513,DEV-001316,USES_DEVICE
CLM-003513,REP-000144,REPAIRED_BY
CLM-003514,CUS-001596,FILED_BY
CLM-003514,DEV-002363,USES_DEVICE
CLM-003514,REP-000504,REPAIRED_BY
CLM-003515,CUS-001858,FILED_BY
CLM-003515,DEV-002660,USES_DEVICE
CLM-003516,CUS-002857,FILED_BY
CLM-003516,DEV-001506,USES_DEVICE
CLM-003516,REP-000010,REPAIRED_BY
CLM-003517,CUS-000195,FILED_BY
CLM-003517,DEV-001745,USES_DEVICE
CLM-003518,CUS-001325,FILED_BY
CLM-003518,DEV-000403,USES_DEVICE
CLM-003518,REP-000276,REPAIRED_BY
CLM-003519,CUS-002490,FILED_BY
CLM-003519,DEV-000447,USES_DEVICE
CLM-003519,REP-000176,REPAIRED_BY
CLM-003520,CUS-002576,FILED_BY
CLM-003520,DEV-002311,USES_DEVICE
CLM-003521,CUS-000416,FILED_BY
CLM-003521,DEV-000003,USES_DEVICE
CLM-003521,REP-000540,REPAIRED_BY
CLM-003522,CUS-002591,FILED_BY
CLM-003522,DEV-001328,USES_DEVICE
CLM-003523,CUS-001556,FILED_BY
CLM-003523,DEV-002748,USES_DEVICE
CLM-003523,REP-000368,REPAIRED_BY
CLM-003524,CUS-002991,FILED_BY
CLM-003524,DEV-000885,USES_DEVICE
CLM-003525,CUS-001337,FILED_BY
CLM-003525,DEV-002953,USES_DEVICE
CLM-003525,REP-000219,REPAIRED_BY
CLM-003526,CUS-002443,FILED_BY
CLM-003526,DEV-000680,USES_DEVICE
CLM-003527,CUS-000457,FILED_BY
CLM-003527,DEV-000585,USES_DEVICE
CLM-003527,REP-000205,REPAIRED_BY
CLM-003528,CUS-000821,FILED_BY
CLM-003528,DEV-001089,USES_DEVICE
CLM-003528,REP-000270,REPAIRED_BY
CLM-003529,CUS-000504,FILED_BY
CLM-003529,DEV-001129,USES_DEVICE
CLM-003529,REP-000071,REPAIRED_BY
CLM-003530,CUS-002738,FILED_BY
CLM-003530,DEV-000072,USES_DEVICE
CLM-003530,REP-000592,REPAIRED_BY
CLM-003531,CUS-000787,FILED_BY
CLM-003531,DEV-001540,USES_DEVICE
CLM-003531,REP-000376,REPAIRED_BY
CLM-003532,CUS-000823,FILED_BY
CLM-003532,DEV-000747,USES_DEVICE
CLM-003533,CUS-001541,FILED_BY
CLM-003533,DEV-001856,USES_DEVICE
CLM-003533,REP-000522,REPAIRED_BY
CLM-003534,CUS-000079,FILED_BY
CLM-003534,DEV-001010,USES_DEVICE
CLM-003535,CUS-002432,FILED_BY
CLM-003535,DEV-000250,USES_DEVICE
CLM-003536,CUS-002354,FILED_BY
CLM-003536,DEV-000141,USES_DEVICE
CLM-003537,CUS-001191,FILED_BY
CLM-003537,DEV-000546,USES_DEVICE
CLM-003537,REP-000478,REPAIRED_BY
CLM-003538,CUS-002664,FILED_BY
CLM-003538,DEV-000966,USES_DEVICE
CLM-003538,REP-000043,REPAIRED_BY
CLM-003539,CUS-001370,FILED_BY
CLM-003539,DEV-002812,USES_DEVICE
CLM-003540,CUS-001018,FILED_BY
CLM-003540,DEV-002404,USES_DEVICE
CLM-003541,CUS-000279,FILED_BY
CLM-003541,DEV-000193,USES_DEVICE
CLM-003542,CUS-002921,FILED_BY
CLM-003542,DEV-002210,USES_DEVICE
CLM-003543,CUS-000484,FILED_BY
CLM-003543,DEV-002882,USES_DEVICE
CLM-003543,REP-000335,REPAIRED_BY
CLM-003544,CUS-001017,FILED_BY
CLM-003544,DEV-000696,USES_DEVICE
CLM-003545,CUS-002150,FILED_BY
CLM-003545,DEV-002527,USES_DEVICE
CLM-003546,CUS-002297,FILED_BY
CLM-003546,DEV-001030,USES_DEVICE
CLM-003546,REP-000069,REPAIRED_BY
CLM-003547,CUS-000107,FILED_BY
CLM-003547,DEV-002310,USES_DEVICE
CLM-003548,CUS-002214,FILED_BY
CLM-003548,DEV-002163,USES_DEVICE
CLM-003548,REP-000489,REPAIRED_BY
CLM-003549,CUS-002630,FILED_BY
CLM-003549,DEV-001241,USES_DEVICE
CLM-003550,CUS-001493,FILED_BY
CLM-003550,DEV-002202,USES_DEVICE
CLM-003551,CUS-000045,FILED_BY
CLM-003551,DEV-002736,USES_DEVICE
CLM-003552,CUS-000049,FILED_BY
CLM-003552,DEV-001076,USES_DEVICE
CLM-003553,CUS-000469,FILED_BY
CLM-003553,DEV-001991,USES_DEVICE
CLM-003553,REP-000360,REPAIRED_BY
CLM-003554,CUS-001403,FILED_BY
CLM-003554,DEV-001166,USES_DEVICE
CLM-003554,REP-000289,REPAIRED_BY
CLM-003555,CUS-002569,FILED_BY
CLM-003555,DEV-000546,USES_DEVICE
CLM-003555,REP-000469,REPAIRED_BY
CLM-003556,CUS-000450,FILED_BY
CLM-003556,DEV-002787,USES_DEVICE
CLM-003557,CUS-001782,FILED_BY
CLM-003557,DEV-000459,USES_DEVICE
CLM-003558,CUS-002974,FILED_BY
CLM-003558,DEV-001238,USES_DEVICE
CLM-003559,CUS-002915,FILED_BY
CLM-003559,DEV-000711,USES_DEVICE
CLM-003559,REP-000099,REPAIRED_BY
CLM-003560,CUS-002113,FILED_BY
CLM-003560,DEV-001145,USES_DEVICE
CLM-003560,REP-000168,REPAIRED_BY
CLM-003561,CUS-001128,FILED_BY
CLM-003561,DEV-000761,USES_DEVICE
CLM-003562,CUS-001454,FILED_BY
CLM-003562,DEV-001643,USES_DEVICE
CLM-003562,REP-000649,REPAIRED_BY
CLM-003563,CUS-002817,FILED_BY
CLM-003563,DEV-001464,USES_DEVICE
CLM-003564,CUS-001820,FILED_BY
CLM-003564,DEV-002229,USES_DEVICE
CLM-003564,REP-000636,REPAIRED_BY
CLM-003565,CUS-001603,FILED_BY
CLM-003565,DEV-001406,USES_DEVICE
CLM-003565,REP-000681,REPAIRED_BY
CLM-003566,CUS-002953,FILED_BY
CLM-003566,DEV-001870,USES_DEVICE
CLM-003567,CUS-000417,FILED_BY
CLM-003567,DEV-000568,USES_DEVICE
CLM-003567,REP-000575,REPAIRED_BY
CLM-003568,CUS-001085,FILED_BY
CLM-003568,DEV-002938,USES_DEVICE
CLM-003568,REP-000372,REPAIRED_BY
CLM-003569,CUS-000481,FILED_BY
CLM-003569,DEV-002718,USES_DEVICE
CLM-003569,REP-000584,REPAIRED_BY
CLM-003570,CUS-000307,FILED_BY
CLM-003570,DEV-002774,USES_DEVICE
CLM-003570,REP-000141,REPAIRED_BY
CLM-003571,CUS-000363,FILED_BY
CLM-003571,DEV-000691,USES_DEVICE
CLM-003571,REP-000079,REPAIRED_BY
CLM-003572,CUS-000656,FILED_BY
CLM-003572,DEV-002807,USES_DEVICE
CLM-003572,REP-000662,REPAIRED_BY
CLM-003573,CUS-001110,FILED_BY
CLM-003573,DEV-001401,USES_DEVICE
CLM-003573,REP-000611,REPAIRED_BY
CLM-003574,CUS-000593,FILED_BY
CLM-003574,DEV-002642,USES_DEVICE
CLM-003575,CUS-000523,FILED_BY
CLM-003575,DEV-002943,USES_DEVICE
CLM-003576,CUS-001331,FILED_BY
CLM-003576,DEV-000166,USES_DEVICE
CLM-003576,REP-000657,REPAIRED_BY
CLM-003577,CUS-001039,FILED_BY
CLM-003577,DEV-002985,USES_DEVICE
CLM-003578,CUS-001815,FILED_BY
CLM-003578,DEV-000522,USES_DEVICE
CLM-003579,CUS-001967,FILED_BY
CLM-003579,DEV-001270,USES_DEVICE
CLM-003580,CUS-000082,FILED_BY
CLM-003580,DEV-000612,USES_DEVICE
CLM-003580,REP-000216,REPAIRED_BY
CLM-003581,CUS-001942,FILED_BY
CLM-003581,DEV-002874,USES_DEVICE
CLM-003581,REP-000469,REPAIRED_BY
CLM-003582,CUS-002079,FILED_BY
CLM-003582,DEV-000952,USES_DEVICE
CLM-003583,CUS-001198,FILED_BY
CLM-003583,DEV-000526,USES_DEVICE
CLM-003583,REP-000475,REPAIRED_BY
CLM-003584,CUS-000757,FILED_BY
CLM-003584,DEV-001295,USES_DEVICE
CLM-003584,REP-000641,REPAIRED_BY
CLM-003585,CUS-001491,FILED_BY
CLM-003585,DEV-002310,USES_DEVICE
CLM-003585,REP-000668,REPAIRED_BY
CLM-003586,CUS-000868,FILED_BY
CLM-003586,DEV-002763,USES_DEVICE
CLM-003587,CUS-000901,FILED_BY
CLM-003587,DEV-001459,USES_DEVICE
CLM-003588,CUS-002817,FILED_BY
CLM-003588,DEV-001970,USES_DEVICE
CLM-003588,REP-000403,REPAIRED_BY
CLM-003589,CUS-000295,FILED_BY
CLM-003589,DEV-001803,USES_DEVICE
CLM-003589,REP-000005,REPAIRED_BY
CLM-003590,CUS-002573,FILED_BY
CLM-003590,DEV-000483,USES_DEVICE
CLM-003591,CUS-001076,FILED_BY
CLM-003591,DEV-001998,USES_DEVICE
CLM-003591,REP-000343,REPAIRED_BY
CLM-003592,CUS-002495,FILED_BY
CLM-003592,DEV-002950,USES_DEVICE
CLM-003593,CUS-001043,FILED_BY
CLM-003593,DEV-001447,USES_DEVICE
CLM-003593,REP-000050,REPAIRED_BY
CLM-003594,CUS-000987,FILED_BY
CLM-003594,DEV-001483,USES_DEVICE
CLM-003594,REP-000050,REPAIRED_BY
CLM-003595,CUS-000536,FILED_BY
CLM-003595,DEV-000153,USES_DEVICE
CLM-003596,CUS-002576,FILED_BY
CLM-003596,DEV-001045,USES_DEVICE
CLM-003597,CUS-002707,FILED_BY
CLM-003597,DEV-000641,USES_DEVICE
CLM-003597,REP-000025,REPAIRED_BY
CLM-003598,CUS-000828,FILED_BY
CLM-003598,DEV-001024,USES_DEVICE
CLM-003599,CUS-002816,FILED_BY
CLM-003599,DEV-002381,USES_DEVICE
CLM-003599,REP-000034,REPAIRED_BY
CLM-003600,CUS-001903,FILED_BY
CLM-003600,DEV-001796,USES_DEVICE
CLM-003600,REP-000088,REPAIRED_BY
CLM-003601,CUS-001070,FILED_BY
CLM-003601,DEV-000860,USES_DEVICE
CLM-003602,CUS-001191,FILED_BY
CLM-003602,DEV-002974,USES_DEVICE
CLM-003603,CUS-001494,FILED_BY
CLM-003603,DEV-000351,USES_DEVICE
CLM-003603,REP-000243,REPAIRED_BY
CLM-003604,CUS-001924,FILED_BY
CLM-003604,DEV-001990,USES_DEVICE
CLM-003604,REP-000550,REPAIRED_BY
CLM-003605,CUS-002231,FILED_BY
CLM-003605,DEV-001090,USES_DEVICE
CLM-003606,CUS-001048,FILED_BY
CLM-003606,DEV-000118,USES_DEVICE
CLM-003607,CUS-002855,FILED_BY
CLM-003607,DEV-002505,USES_DEVICE
CLM-003607,REP-000633,REPAIRED_BY
CLM-003608,CUS-002763,FILED_BY
CLM-003608,DEV-001558,USES_DEVICE
CLM-003608,REP-000458,REPAIRED_BY
CLM-003609,CUS-002736,FILED_BY
CLM-003609,DEV-002028,USES_DEVICE
CLM-003609,REP-000216,REPAIRED_BY
CLM-003610,CUS-001910,FILED_BY
CLM-003610,DEV-001119,USES_DEVICE
CLM-003610,REP-000150,REPAIRED_BY
CLM-003611,CUS-001395,FILED_BY
CLM-003611,DEV-002642,USES_DEVICE
CLM-003611,REP-000111,REPAIRED_BY
CLM-003612,CUS-001278,FILED_BY
CLM-003612,DEV-001146,USES_DEVICE
CLM-003612,REP-000462,REPAIRED_BY
CLM-003613,CUS-002184,FILED_BY
CLM-003613,DEV-000199,USES_DEVICE
CLM-003613,REP-000447,REPAIRED_BY
CLM-003614,CUS-002066,FILED_BY
CLM-003614,DEV-001076,USES_DEVICE
CLM-003614,REP-000310,REPAIRED_BY
CLM-003615,CUS-001707,FILED_BY
CLM-003615,DEV-001716,USES_DEVICE
CLM-003616,CUS-002478,FILED_BY
CLM-003616,DEV-002127,USES_DEVICE
CLM-003617,CUS-001648,FILED_BY
CLM-003617,DEV-001339,USES_DEVICE
CLM-003617,REP-000123,REPAIRED_BY
CLM-003618,CUS-000320,FILED_BY
CLM-003618,DEV-002617,USES_DEVICE
CLM-003618,REP-000411,REPAIRED_BY
CLM-003619,CUS-000917,FILED_BY
CLM-003619,DEV-002298,USES_DEVICE
CLM-003619,REP-000034,REPAIRED_BY
CLM-003620,CUS-002885,FILED_BY
CLM-003620,DEV-002622,USES_DEVICE
CLM-003620,REP-000692,REPAIRED_BY
CLM-003621,CUS-002004,FILED_BY
CLM-003621,DEV-002469,USES_DEVICE
CLM-003621,REP-000150,REPAIRED_BY
CLM-003622,CUS-000238,FILED_BY
CLM-003622,DEV-001058,USES_DEVICE
CLM-003623,CUS-002191,FILED_BY
CLM-003623,DEV-002450,USES_DEVICE
CLM-003624,CUS-002167,FILED_BY
CLM-003624,DEV-001235,USES_DEVICE
CLM-003624,REP-000030,REPAIRED_BY
CLM-003625,CUS-001972,FILED_BY
CLM-003625,DEV-002751,USES_DEVICE
CLM-003625,REP-000314,REPAIRED_BY
CLM-003626,CUS-001097,FILED_BY
CLM-003626,DEV-001212,USES_DEVICE
CLM-003626,REP-000104,REPAIRED_BY
CLM-003627,CUS-002846,FILED_BY
CLM-003627,DEV-000679,USES_DEVICE
CLM-003628,CUS-001483,FILED_BY
CLM-003628,DEV-000335,USES_DEVICE
CLM-003629,CUS-000506,FILED_BY
CLM-003629,DEV-000656,USES_DEVICE
CLM-003629,REP-000143,REPAIRED_BY
CLM-003630,CUS-002937,FILED_BY
CLM-003630,DEV-001803,USES_DEVICE
CLM-003631,CUS-000371,FILED_BY
CLM-003631,DEV-001501,USES_DEVICE
CLM-003631,REP-000444,REPAIRED_BY
CLM-003632,CUS-002733,FILED_BY
CLM-003632,DEV-000171,USES_DEVICE
CLM-003632,REP-000664,REPAIRED_BY
CLM-003633,CUS-001157,FILED_BY
CLM-003633,DEV-001967,USES_DEVICE
CLM-003633,REP-000045,REPAIRED_BY
CLM-003634,CUS-002929,FILED_BY
CLM-003634,DEV-001787,USES_DEVICE
CLM-003634,REP-000097,REPAIRED_BY
CLM-003635,CUS-001539,FILED_BY
CLM-003635,DEV-000726,USES_DEVICE
CLM-003636,CUS-002577,FILED_BY
CLM-003636,DEV-000272,USES_DEVICE
CLM-003636,REP-000628,REPAIRED_BY
CLM-003637,CUS-000370,FILED_BY
CLM-003637,DEV-002642,USES_DEVICE
CLM-003637,REP-000283,REPAIRED_BY
CLM-003638,CUS-001776,FILED_BY
CLM-003638,DEV-002047,USES_DEVICE
CLM-003638,REP-000310,REPAIRED_BY
CLM-003639,CUS-002171,FILED_BY
CLM-003639,DEV-002121,USES_DEVICE
CLM-003639,REP-000202,REPAIRED_BY
CLM-003640,CUS-000067,FILED_BY
CLM-003640,DEV-002077,USES_DEVICE
CLM-003640,REP-000527,REPAIRED_BY
CLM-003641,CUS-002745,FILED_BY
CLM-003641,DEV-000437,USES_DEVICE
CLM-003642,CUS-000518,FILED_BY
CLM-003642,DEV-001710,USES_DEVICE
CLM-003642,REP-000414,REPAIRED_BY
CLM-003643,CUS-000852,FILED_BY
CLM-003643,DEV-001697,USES_DEVICE
CLM-003644,CUS-002031,FILED_BY
CLM-003644,DEV-001412,USES_DEVICE
CLM-003644,REP-000328,REPAIRED_BY
CLM-003645,CUS-000943,FILED_BY
CLM-003645,DEV-002954,USES_DEVICE
CLM-003645,REP-000598,REPAIRED_BY
CLM-003646,CUS-002848,FILED_BY
CLM-003646,DEV-002367,USES_DEVICE
CLM-003647,CUS-001502,FILED_BY
CLM-003647,DEV-001952,USES_DEVICE
CLM-003647,REP-000494,REPAIRED_BY
CLM-003648,CUS-002819,FILED_BY
CLM-003648,DEV-000860,USES_DEVICE
CLM-003648,REP-000386,REPAIRED_BY
CLM-003649,CUS-001786,FILED_BY
CLM-003649,DEV-000119,USES_DEVICE
CLM-003650,CUS-001487,FILED_BY
CLM-003650,DEV-001179,USES_DEVICE
CLM-003650,REP-000525,REPAIRED_BY
CLM-003651,CUS-000536,FILED_BY
CLM-003651,DEV-000153,USES_DEVICE
CLM-003651,REP-000591,REPAIRED_BY
CLM-003652,CUS-000418,FILED_BY
CLM-003652,DEV-002964,USES_DEVICE
CLM-003653,CUS-001551,FILED_BY
CLM-003653,DEV-000210,USES_DEVICE
CLM-003654,CUS-002783,FILED_BY
CLM-003654,DEV-001835,USES_DEVICE
CLM-003654,REP-000556,REPAIRED_BY
CLM-003655,CUS-000055,FILED_BY
CLM-003655,DEV-000197,USES_DEVICE
CLM-003656,CUS-002416,FILED_BY
CLM-003656,DEV-001531,USES_DEVICE
CLM-003657,CUS-001750,FILED_BY
CLM-003657,DEV-002997,USES_DEVICE
CLM-003658,CUS-001443,FILED_BY
CLM-003658,DEV-000615,USES_DEVICE
CLM-003658,REP-000622,REPAIRED_BY
CLM-003659,CUS-002871,FILED_BY
CLM-003659,DEV-001595,USES_DEVICE
CLM-003659,REP-000159,REPAIRED_BY
CLM-003660,CUS-002960,FILED_BY
CLM-003660,DEV-000380,USES_DEVICE
CLM-003661,CUS-002735,FILED_BY
CLM-003661,DEV-000959,USES_DEVICE
CLM-003661,REP-000649,REPAIRED_BY
CLM-003662,CUS-000293,FILED_BY
CLM-003662,DEV-001548,USES_DEVICE
CLM-003662,REP-000314,REPAIRED_BY
CLM-003663,CUS-001712,FILED_BY
CLM-003663,DEV-000371,USES_DEVICE
CLM-003664,CUS-001259,FILED_BY
CLM-003664,DEV-001416,USES_DEVICE
CLM-003664,REP-000320,REPAIRED_BY
CLM-003665,CUS-002522,FILED_BY
CLM-003665,DEV-000220,USES_DEVICE
CLM-003665,REP-000588,REPAIRED_BY
CLM-003666,CUS-001929,FILED_BY
CLM-003666,DEV-000950,USES_DEVICE
CLM-003667,CUS-000381,FILED_BY
CLM-003667,DEV-002891,USES_DEVICE
CLM-003667,REP-000214,REPAIRED_BY
CLM-003668,CUS-002126,FILED_BY
CLM-003668,DEV-000758,USES_DEVICE
CLM-003669,CUS-002819,FILED_BY
CLM-003669,DEV-000016,USES_DEVICE
CLM-003670,CUS-002662,FILED_BY
CLM-003670,DEV-002482,USES_DEVICE
CLM-003671,CUS-000147,FILED_BY
CLM-003671,DEV-002506,USES_DEVICE
CLM-003672,CUS-001363,FILED_BY
CLM-003672,DEV-002605,USES_DEVICE
CLM-003672,REP-000643,REPAIRED_BY
CLM-003673,CUS-002060,FILED_BY
CLM-003673,DEV-002828,USES_DEVICE
CLM-003674,CUS-000419,FILED_BY
CLM-003674,DEV-002566,USES_DEVICE
CLM-003674,REP-000020,REPAIRED_BY
CLM-003675,CUS-000690,FILED_BY
CLM-003675,DEV-001392,USES_DEVICE
CLM-003675,REP-000668,REPAIRED_BY
CLM-003676,CUS-002126,FILED_BY
CLM-003676,DEV-002421,USES_DEVICE
CLM-003676,REP-000453,REPAIRED_BY
CLM-003677,CUS-000853,FILED_BY
CLM-003677,DEV-002448,USES_DEVICE
CLM-003677,REP-000417,REPAIRED_BY
CLM-003678,CUS-002985,FILED_BY
CLM-003678,DEV-000897,USES_DEVICE
CLM-003679,CUS-001123,FILED_BY
CLM-003679,DEV-001936,USES_DEVICE
CLM-003679,REP-000459,REPAIRED_BY
CLM-003680,CUS-002343,FILED_BY
CLM-003680,DEV-000452,USES_DEVICE
CLM-003681,CUS-001753,FILED_BY
CLM-003681,DEV-000376,USES_DEVICE
CLM-003682,CUS-002787,FILED_BY
CLM-003682,DEV-002110,USES_DEVICE
CLM-003683,CUS-001836,FILED_BY
CLM-003683,DEV-002926,USES_DEVICE
CLM-003683,REP-000616,REPAIRED_BY
CLM-003684,CUS-000641,FILED_BY
CLM-003684,DEV-002030,USES_DEVICE
CLM-003684,REP-000487,REPAIRED_BY
CLM-003685,CUS-001649,FILED_BY
CLM-003685,DEV-000232,USES_DEVICE
CLM-003686,CUS-000767,FILED_BY
CLM-003686,DEV-001739,USES_DEVICE
CLM-003686,REP-000540,REPAIRED_BY
CLM-003687,CUS-001808,FILED_BY
CLM-003687,DEV-002683,USES_DEVICE
CLM-003687,REP-000485,REPAIRED_BY
CLM-003688,CUS-000029,FILED_BY
CLM-003688,DEV-001894,USES_DEVICE
CLM-003689,CUS-001025,FILED_BY
CLM-003689,DEV-001207,USES_DEVICE
CLM-003689,REP-000025,REPAIRED_BY
CLM-003690,CUS-000104,FILED_BY
CLM-003690,DEV-002191,USES_DEVICE
CLM-003691,CUS-002018,FILED_BY
CLM-003691,DEV-001393,USES_DEVICE
CLM-003692,CUS-000604,FILED_BY
CLM-003692,DEV-002622,USES_DEVICE
CLM-003692,REP-000318,REPAIRED_BY
CLM-003693,CUS-000692,FILED_BY
CLM-003693,DEV-002281,USES_DEVICE
CLM-003694,CUS-001177,FILED_BY
CLM-003694,DEV-001403,USES_DEVICE
CLM-003695,CUS-001838,FILED_BY
CLM-003695,DEV-001629,USES_DEVICE
CLM-003696,CUS-002810,FILED_BY
CLM-003696,DEV-002440,USES_DEVICE
CLM-003697,CUS-002949,FILED_BY
CLM-003697,DEV-002126,USES_DEVICE
CLM-003697,REP-000548,REPAIRED_BY
CLM-003698,CUS-001123,FILED_BY
CLM-003698,DEV-001936,USES_DEVICE
CLM-003699,CUS-000918,FILED_BY
CLM-003699,DEV-002464,USES_DEVICE
CLM-003699,REP-000651,REPAIRED_BY
CLM-003700,CUS-001261,FILED_BY
CLM-003700,DEV-002661,USES_DEVICE
CLM-003700,REP-000465,REPAIRED_BY
CLM-003701,CUS-002648,FILED_BY
CLM-003701,DEV-000252,USES_DEVICE
CLM-003702,CUS-000088,FILED_BY
CLM-003702,DEV-000491,USES_DEVICE
CLM-003703,CUS-002933,FILED_BY
CLM-003703,DEV-001387,USES_DEVICE
CLM-003703,REP-000539,REPAIRED_BY
CLM-003704,CUS-002443,FILED_BY
CLM-003704,DEV-000202,USES_DEVICE
CLM-003704,REP-000089,REPAIRED_BY
CLM-003705,CUS-001477,FILED_BY
CLM-003705,DEV-002418,USES_DEVICE
CLM-003706,CUS-000308,FILED_BY
CLM-003706,DEV-000133,USES_DEVICE
CLM-003706,REP-000669,REPAIRED_BY
CLM-003707,CUS-002412,FILED_BY
CLM-003707,DEV-000617,USES_DEVICE
CLM-003708,CUS-002796,FILED_BY
CLM-003708,DEV-000968,USES_DEVICE
CLM-003708,REP-000200,REPAIRED_BY
CLM-003709,CUS-001933,FILED_BY
CLM-003709,DEV-000203,USES_DEVICE
CLM-003710,CUS-000327,FILED_BY
CLM-003710,DEV-002869,USES_DEVICE
CLM-003711,CUS-000639,FILED_BY
CLM-003711,DEV-002872,USES_DEVICE
CLM-003711,REP-000113,REPAIRED_BY
CLM-003712,CUS-000596,FILED_BY
CLM-003712,DEV-001354,USES_DEVICE
CLM-003713,CUS-000516,FILED_BY
CLM-003713,DEV-002287,USES_DEVICE
CLM-003713,REP-000679,REPAIRED_BY
CLM-003714,CUS-001697,FILED_BY
CLM-003714,DEV-001203,USES_DEVICE
CLM-003715,CUS-002408,FILED_BY
CLM-003715,DEV-000130,USES_DEVICE
CLM-003716,CUS-002516,FILED_BY
CLM-003716,DEV-002123,USES_DEVICE
CLM-003716,REP-000234,REPAIRED_BY
CLM-003717,CUS-001097,FILED_BY
CLM-003717,DEV-001212,USES_DEVICE
CLM-003717,REP-000303,REPAIRED_BY
CLM-003718,CUS-001009,FILED_BY
CLM-003718,DEV-000626,USES_DEVICE
CLM-003719,CUS-000351,FILED_BY
CLM-003719,DEV-001512,USES_DEVICE
CLM-003719,REP-000483,REPAIRED_BY
CLM-003720,CUS-002184,FILED_BY
CLM-003720,DEV-000199,USES_DEVICE
CLM-003720,REP-000554,REPAIRED_BY
CLM-003721,CUS-000067,FILED_BY
CLM-003721,DEV-002922,USES_DEVICE
CLM-003722,CUS-000095,FILED_BY
CLM-003722,DEV-002223,USES_DEVICE
CLM-003722,REP-000347,REPAIRED_BY
CLM-003723,CUS-002072,FILED_BY
CLM-003723,DEV-002005,USES_DEVICE
CLM-003723,REP-000179,REPAIRED_BY
CLM-003724,CUS-002626,FILED_BY
CLM-003724,DEV-001469,USES_DEVICE
CLM-003725,CUS-001289,FILED_BY
CLM-003725,DEV-000700,USES_DEVICE
CLM-003725,REP-000454,REPAIRED_BY
CLM-003726,CUS-001452,FILED_BY
CLM-003726,DEV-000503,USES_DEVICE
CLM-003727,CUS-001016,FILED_BY
CLM-003727,DEV-002004,USES_DEVICE
CLM-003727,REP-000521,REPAIRED_BY
CLM-003728,CUS-001450,FILED_BY
CLM-003728,DEV-002801,USES_DEVICE
CLM-003729,CUS-000804,FILED_BY
CLM-003729,DEV-002222,USES_DEVICE
CLM-003730,CUS-002766,FILED_BY
CLM-003730,DEV-001277,USES_DEVICE
CLM-003731,CUS-001223,FILED_BY
CLM-003731,DEV-000681,USES_DEVICE
CLM-003731,REP-000337,REPAIRED_BY
CLM-003732,CUS-000325,FILED_BY
CLM-003732,DEV-001491,USES_DEVICE
CLM-003732,REP-000605,REPAIRED_BY
CLM-003733,CUS-001438,FILED_BY
CLM-003733,DEV-002804,USES_DEVICE
CLM-003733,REP-000276,REPAIRED_BY
CLM-003734,CUS-000995,FILED_BY
CLM-003734,DEV-001584,USES_DEVICE
CLM-003735,CUS-001412,FILED_BY
CLM-003735,DEV-000620,USES_DEVICE
CLM-003735,REP-000157,REPAIRED_BY
CLM-003736,CUS-002118,FILED_BY
CLM-003736,DEV-001011,USES_DEVICE
CLM-003737,CUS-001070,FILED_BY
CLM-003737,DEV-000860,USES_DEVICE
CLM-003737,REP-000637,REPAIRED_BY
CLM-003738,CUS-001113,FILED_BY
CLM-003738,DEV-000173,USES_DEVICE
CLM-003738,REP-000238,REPAIRED_BY
CLM-003739,CUS-001338,FILED_BY
CLM-003739,DEV-000149,USES_DEVICE
CLM-003739,REP-000135,REPAIRED_BY
CLM-003740,CUS-000911,FILED_BY
CLM-003740,DEV-000963,USES_DEVICE
CLM-003740,REP-000439,REPAIRED_BY
CLM-003741,CUS-001137,FILED_BY
CLM-003741,DEV-000538,USES_DEVICE
CLM-003742,CUS-000052,FILED_BY
CLM-003742,DEV-000325,USES_DEVICE
CLM-003742,REP-000627,REPAIRED_BY
CLM-003743,CUS-002906,FILED_BY
CLM-003743,DEV-001559,USES_DEVICE
CLM-003743,REP-000001,REPAIRED_BY
CLM-003744,CUS-001070,FILED_BY
CLM-003744,DEV-000319,USES_DEVICE
CLM-003745,CUS-001318,FILED_BY
CLM-003745,DEV-001336,USES_DEVICE
CLM-003745,REP-000522,REPAIRED_BY
CLM-003746,CUS-002476,FILED_BY
CLM-003746,DEV-002975,USES_DEVICE
CLM-003747,CUS-002987,FILED_BY
CLM-003747,DEV-000867,USES_DEVICE
CLM-003748,CUS-001834,FILED_BY
CLM-003748,DEV-001097,USES_DEVICE
CLM-003748,REP-000135,REPAIRED_BY
CLM-003749,CUS-000807,FILED_BY
CLM-003749,DEV-000632,USES_DEVICE
CLM-003749,REP-000306,REPAIRED_BY
CLM-003750,CUS-000257,FILED_BY
CLM-003750,DEV-001811,USES_DEVICE
CLM-003751,CUS-002783,FILED_BY
CLM-003751,DEV-001835,USES_DEVICE
CLM-003752,CUS-000991,FILED_BY
CLM-003752,DEV-000412,USES_DEVICE
CLM-003752,REP-000438,REPAIRED_BY
CLM-003753,CUS-002171,FILED_BY
CLM-003753,DEV-002360,USES_DEVICE
CLM-003753,REP-000169,REPAIRED_BY
CLM-003754,CUS-000263,FILED_BY
CLM-003754,DEV-001179,USES_DEVICE
CLM-003754,REP-000029,REPAIRED_BY
CLM-003755,CUS-001375,FILED_BY
CLM-003755,DEV-000189,USES_DEVICE
CLM-003756,CUS-001713,FILED_BY
CLM-003756,DEV-001028,USES_DEVICE
CLM-003757,CUS-000616,FILED_BY
CLM-003757,DEV-000041,USES_DEVICE
CLM-003758,CUS-002852,FILED_BY
CLM-003758,DEV-000767,USES_DEVICE
CLM-003758,REP-000297,REPAIRED_BY
CLM-003759,CUS-001693,FILED_BY
CLM-003759,DEV-001941,USES_DEVICE
CLM-003760,CUS-000546,FILED_BY
CLM-003760,DEV-001228,USES_DEVICE
CLM-003760,REP-000578,REPAIRED_BY
CLM-003761,CUS-001438,FILED_BY
CLM-003761,DEV-002212,USES_DEVICE
CLM-003761,REP-000699,REPAIRED_BY
CLM-003762,CUS-001961,FILED_BY
CLM-003762,DEV-001874,USES_DEVICE
CLM-003763,CUS-002852,FILED_BY
CLM-003763,DEV-000767,USES_DEVICE
CLM-003764,CUS-001007,FILED_BY
CLM-003764,DEV-002124,USES_DEVICE
CLM-003765,CUS-000306,FILED_BY
CLM-003765,DEV-000701,USES_DEVICE
CLM-003765,REP-000286,REPAIRED_BY
CLM-003766,CUS-000816,FILED_BY
CLM-003766,DEV-000401,USES_DEVICE
CLM-003766,REP-000361,REPAIRED_BY
CLM-003767,CUS-001481,FILED_BY
CLM-003767,DEV-002829,USES_DEVICE
CLM-003767,REP-000121,REPAIRED_BY
CLM-003768,CUS-000833,FILED_BY
CLM-003768,DEV-002817,USES_DEVICE
CLM-003768,REP-000262,REPAIRED_BY
CLM-003769,CUS-000405,FILED_BY
CLM-003769,DEV-001575,USES_DEVICE
CLM-003770,CUS-001610,FILED_BY
CLM-003770,DEV-001749,USES_DEVICE
CLM-003770,REP-000145,REPAIRED_BY
CLM-003771,CUS-000229,FILED_BY
CLM-003771,DEV-001497,USES_DEVICE
CLM-003772,CUS-001677,FILED_BY
CLM-003772,DEV-001243,USES_DEVICE
CLM-003772,REP-000318,REPAIRED_BY
CLM-003773,CUS-000171,FILED_BY
CLM-003773,DEV-002064,USES_DEVICE
CLM-003774,CUS-000392,FILED_BY
CLM-003774,DEV-000352,USES_DEVICE
CLM-003774,REP-000533,REPAIRED_BY
CLM-003775,CUS-001092,FILED_BY
CLM-003775,DEV-002012,USES_DEVICE
CLM-003776,CUS-002675,FILED_BY
CLM-003776,DEV-002581,USES_DEVICE
CLM-003777,CUS-002110,FILED_BY
CLM-003777,DEV-001846,USES_DEVICE
CLM-003777,REP-000631,REPAIRED_BY
CLM-003778,CUS-002496,FILED_BY
CLM-003778,DEV-002474,USES_DEVICE
CLM-003779,CUS-000460,FILED_BY
CLM-003779,DEV-001421,USES_DEVICE
CLM-003779,REP-000018,REPAIRED_BY
CLM-003780,CUS-002504,FILED_BY
CLM-003780,DEV-001350,USES_DEVICE
CLM-003780,REP-000403,REPAIRED_BY
CLM-003781,CUS-000602,FILED_BY
CLM-003781,DEV-002004,USES_DEVICE
CLM-003782,CUS-001123,FILED_BY
CLM-003782,DEV-001936,USES_DEVICE
CLM-003783,CUS-000239,FILED_BY
CLM-003783,DEV-001432,USES_DEVICE
CLM-003783,REP-000067,REPAIRED_BY
CLM-003784,CUS-002964,FILED_BY
CLM-003784,DEV-002831,USES_DEVICE
CLM-003785,CUS-002007,FILED_BY
CLM-003785,DEV-001676,USES_DEVICE
CLM-003786,CUS-002244,FILED_BY
CLM-003786,DEV-001887,USES_DEVICE
CLM-003786,REP-000441,REPAIRED_BY
CLM-003787,CUS-000172,FILED_BY
CLM-003787,DEV-002662,USES_DEVICE
CLM-003788,CUS-002729,FILED_BY
CLM-003788,DEV-000042,USES_DEVICE
CLM-003788,REP-000681,REPAIRED_BY
CLM-003789,CUS-001966,FILED_BY
CLM-003789,DEV-002448,USES_DEVICE
CLM-003789,REP-000370,REPAIRED_BY
CLM-003790,CUS-000753,FILED_BY
CLM-003790,DEV-002655,USES_DEVICE
CLM-003790,REP-000492,REPAIRED_BY
CLM-003791,CUS-001363,FILED_BY
CLM-003791,DEV-002605,USES_DEVICE
CLM-003792,CUS-002769,FILED_BY
CLM-003792,DEV-002795,USES_DEVICE
CLM-003792,REP-000620,REPAIRED_BY
CLM-003793,CUS-002521,FILED_BY
CLM-003793,DEV-002362,USES_DEVICE
CLM-003794,CUS-002337,FILED_BY
CLM-003794,DEV-000828,USES_DEVICE
CLM-003794,REP-000331,REPAIRED_BY
CLM-003795,CUS-002812,FILED_BY
CLM-003795,DEV-001781,USES_DEVICE
CLM-003795,REP-000506,REPAIRED_BY
CLM-003796,CUS-002797,FILED_BY
CLM-003796,DEV-000794,USES_DEVICE
CLM-003796,REP-000679,REPAIRED_BY
CLM-003797,CUS-002472,FILED_BY
CLM-003797,DEV-001105,USES_DEVICE
CLM-003798,CUS-002325,FILED_BY
CLM-003798,DEV-002399,USES_DEVICE
CLM-003798,REP-000055,REPAIRED_BY
CLM-003799,CUS-001517,FILED_BY
CLM-003799,DEV-000518,USES_DEVICE
CLM-003799,REP-000504,REPAIRED_BY
CLM-003800,CUS-002816,FILED_BY
CLM-003800,DEV-002152,USES_DEVICE
CLM-003800,REP-000027,REPAIRED_BY
CLM-003801,CUS-001730,FILED_BY
CLM-003801,DEV-000512,USES_DEVICE
CLM-003801,REP-000461,REPAIRED_BY
CLM-003802,CUS-001943,FILED_BY
CLM-003802,DEV-001157,USES_DEVICE
CLM-003802,REP-000270,REPAIRED_BY
CLM-003803,CUS-001025,FILED_BY
CLM-003803,DEV-001047,USES_DEVICE
CLM-003804,CUS-000803,FILED_BY
CLM-003804,DEV-001662,USES_DEVICE
CLM-003805,CUS-000801,FILED_BY
CLM-003805,DEV-000188,USES_DEVICE
CLM-003806,CUS-001017,FILED_BY
CLM-003806,DEV-001748,USES_DEVICE
CLM-003807,CUS-000918,FILED_BY
CLM-003807,DEV-002464,USES_DEVICE
CLM-003807,REP-000028,REPAIRED_BY
CLM-003808,CUS-001580,FILED_BY
CLM-003808,DEV-001218,USES_DEVICE
CLM-003809,CUS-002282,FILED_BY
CLM-003809,DEV-000528,USES_DEVICE
CLM-003809,REP-000409,REPAIRED_BY
CLM-003810,CUS-002528,FILED_BY
CLM-003810,DEV-000319,USES_DEVICE
CLM-003811,CUS-001988,FILED_BY
CLM-003811,DEV-002146,USES_DEVICE
CLM-003812,CUS-001903,FILED_BY
CLM-003812,DEV-002867,USES_DEVICE
CLM-003812,REP-000180,REPAIRED_BY
CLM-003813,CUS-001720,FILED_BY
CLM-003813,DEV-001856,USES_DEVICE
CLM-003813,REP-000221,REPAIRED_BY
CLM-003814,CUS-000885,FILED_BY
CLM-003814,DEV-002903,USES_DEVICE
CLM-003815,CUS-001022,FILED_BY
CLM-003815,DEV-001353,USES_DEVICE
CLM-003816,CUS-000466,FILED_BY
CLM-003816,DEV-000350,USES_DEVICE
CLM-003817,CUS-000676,FILED_BY
CLM-003817,DEV-002553,USES_DEVICE
CLM-003817,REP-000496,REPAIRED_BY
CLM-003818,CUS-000143,FILED_BY
CLM-003818,DEV-001599,USES_DEVICE
CLM-003819,CUS-002852,FILED_BY
CLM-003819,DEV-000767,USES_DEVICE
CLM-003820,CUS-000597,FILED_BY
CLM-003820,DEV-000420,USES_DEVICE
CLM-003820,REP-000106,REPAIRED_BY
CLM-003821,CUS-000489,FILED_BY
CLM-003821,DEV-002515,USES_DEVICE
CLM-003822,CUS-002787,FILED_BY
CLM-003822,DEV-002411,USES_DEVICE
CLM-003822,REP-000387,REPAIRED_BY
CLM-003823,CUS-001932,FILED_BY
CLM-003823,DEV-002871,USES_DEVICE
CLM-003823,REP-000263,REPAIRED_BY
CLM-003824,CUS-001960,FILED_BY
CLM-003824,DEV-000203,USES_DEVICE
CLM-003824,REP-000537,REPAIRED_BY
CLM-003825,CUS-001140,FILED_BY
CLM-003825,DEV-002891,USES_DEVICE
CLM-003825,REP-000286,REPAIRED_BY
CLM-003826,CUS-001852,FILED_BY
CLM-003826,DEV-002699,USES_DEVICE
CLM-003826,REP-000527,REPAIRED_BY
CLM-003827,CUS-000853,FILED_BY
CLM-003827,DEV-000619,USES_DEVICE
CLM-003828,CUS-001736,FILED_BY
CLM-003828,DEV-001395,USES_DEVICE
CLM-003828,REP-000641,REPAIRED_BY
CLM-003829,CUS-002287,FILED_BY
CLM-003829,DEV-001990,USES_DEVICE
CLM-003829,REP-000127,REPAIRED_BY
CLM-003830,CUS-002514,FILED_BY
CLM-003830,DEV-001274,USES_DEVICE
CLM-003831,CUS-001694,FILED_BY
CLM-003831,DEV-002770,USES_DEVICE
CLM-003831,REP-000258,REPAIRED_BY
CLM-003832,CUS-002429,FILED_BY
CLM-003832,DEV-002011,USES_DEVICE
CLM-003832,REP-000472,REPAIRED_BY
CLM-003833,CUS-002131,FILED_BY
CLM-003833,DEV-001938,USES_DEVICE
CLM-003834,CUS-002221,FILED_BY
CLM-003834,DEV-001702,USES_DEVICE
CLM-003834,REP-000411,REPAIRED_BY
CLM-003835,CUS-001982,FILED_BY
CLM-003835,DEV-000326,USES_DEVICE
CLM-003835,REP-000097,REPAIRED_BY
CLM-003836,CUS-002659,FILED_BY
CLM-003836,DEV-000566,USES_DEVICE
CLM-003836,REP-000433,REPAIRED_BY
CLM-003837,CUS-000180,FILED_BY
CLM-003837,DEV-002672,USES_DEVICE
CLM-003837,REP-000275,REPAIRED_BY
CLM-003838,CUS-002033,FILED_BY
CLM-003838,DEV-000904,USES_DEVICE
CLM-003838,REP-000366,REPAIRED_BY
CLM-003839,CUS-000816,FILED_BY
CLM-003839,DEV-000401,USES_DEVICE
CLM-003840,CUS-000464,FILED_BY
CLM-003840,DEV-000135,USES_DEVICE
CLM-003840,REP-000283,REPAIRED_BY
CLM-003841,CUS-002561,FILED_BY
CLM-003841,DEV-000973,USES_DEVICE
CLM-003842,CUS-002662,FILED_BY
CLM-003842,DEV-001524,USES_DEVICE
CLM-003842,REP-000340,REPAIRED_BY
CLM-003843,CUS-000924,FILED_BY
CLM-003843,DEV-002808,USES_DEVICE
CLM-003843,REP-000394,REPAIRED_BY
CLM-003844,CUS-002026,FILED_BY
CLM-003844,DEV-000627,USES_DEVICE
CLM-003844,REP-000192,REPAIRED_BY
CLM-003845,CUS-001586,FILED_BY
CLM-003845,DEV-000858,USES_DEVICE
CLM-003845,REP-000073,REPAIRED_BY
CLM-003846,CUS-002411,FILED_BY
CLM-003846,DEV-001918,USES_DEVICE
CLM-003847,CUS-002736,FILED_BY
CLM-003847,DEV-001700,USES_DEVICE
CLM-003847,REP-000008,REPAIRED_BY
CLM-003848,CUS-001683,FILED_BY
CLM-003848,DEV-001993,USES_DEVICE
CLM-003849,CUS-000382,FILED_BY
CLM-003849,DEV-000280,USES_DEVICE
CLM-003849,REP-000201,REPAIRED_BY
CLM-003850,CUS-000788,FILED_BY
CLM-003850,DEV-002197,USES_DEVICE
CLM-003850,REP-000096,REPAIRED_BY
CLM-003851,CUS-002942,FILED_BY
CLM-003851,DEV-000864,USES_DEVICE
CLM-003851,REP-000115,REPAIRED_BY
CLM-003852,CUS-002635,FILED_BY
CLM-003852,DEV-000122,USES_DEVICE
CLM-003852,REP-000172,REPAIRED_BY
CLM-003853,CUS-000011,FILED_BY
CLM-003853,DEV-000049,USES_DEVICE
CLM-003854,CUS-002781,FILED_BY
CLM-003854,DEV-000749,USES_DEVICE
CLM-003854,REP-000477,REPAIRED_BY
CLM-003855,CUS-001826,FILED_BY
CLM-003855,DEV-000478,USES_DEVICE
CLM-003856,CUS-000449,FILED_BY
CLM-003856,DEV-001699,USES_DEVICE
CLM-003856,REP-000154,REPAIRED_BY
CLM-003857,CUS-002551,FILED_BY
CLM-003857,DEV-001868,USES_DEVICE
CLM-003857,REP-000126,REPAIRED_BY
CLM-003858,CUS-001728,FILED_BY
CLM-003858,DEV-002373,USES_DEVICE
CLM-003858,REP-000040,REPAIRED_BY
CLM-003859,CUS-000465,FILED_BY
CLM-003859,DEV-000107,USES_DEVICE
CLM-003859,REP-000355,REPAIRED_BY
CLM-003860,CUS-002628,FILED_BY
CLM-003860,DEV-002669,USES_DEVICE
CLM-003861,CUS-001067,FILED_BY
CLM-003861,DEV-001453,USES_DEVICE
CLM-003861,REP-000359,REPAIRED_BY
CLM-003862,CUS-000360,FILED_BY
CLM-003862,DEV-001632,USES_DEVICE
CLM-003862,REP-000164,REPAIRED_BY
CLM-003863,CUS-002665,FILED_BY
CLM-003863,DEV-000523,USES_DEVICE
CLM-003863,REP-000455,REPAIRED_BY
CLM-003864,CUS-000603,FILED_BY
CLM-003864,DEV-000483,USES_DEVICE
CLM-003865,CUS-001935,FILED_BY
CLM-003865,DEV-002879,USES_DEVICE
CLM-003865,REP-000012,REPAIRED_BY
CLM-003866,CUS-001058,FILED_BY
CLM-003866,DEV-000789,USES_DEVICE
CLM-003867,CUS-000226,FILED_BY
CLM-003867,DEV-002494,USES_DEVICE
CLM-003867,REP-000268,REPAIRED_BY
CLM-003868,CUS-002726,FILED_BY
CLM-003868,DEV-001601,USES_DEVICE
CLM-003869,CUS-001295,FILED_BY
CLM-003869,DEV-001119,USES_DEVICE
CLM-003869,REP-000033,REPAIRED_BY
CLM-003870,CUS-000961,FILED_BY
CLM-003870,DEV-001049,USES_DEVICE
CLM-003870,REP-000692,REPAIRED_BY
CLM-003871,CUS-002993,FILED_BY
CLM-003871,DEV-002443,USES_DEVICE
CLM-003871,REP-000529,REPAIRED_BY
CLM-003872,CUS-000666,FILED_BY
CLM-003872,DEV-002182,USES_DEVICE
CLM-003872,REP-000468,REPAIRED_BY
CLM-003873,CUS-001617,FILED_BY
CLM-003873,DEV-000509,USES_DEVICE
CLM-003874,CUS-002863,FILED_BY
CLM-003874,DEV-001579,USES_DEVICE
CLM-003874,REP-000438,REPAIRED_BY
CLM-003875,CUS-001850,FILED_BY
CLM-003875,DEV-001898,USES_DEVICE
CLM-003875,REP-000653,REPAIRED_BY
CLM-003876,CUS-002377,FILED_BY
CLM-003876,DEV-000835,USES_DEVICE
CLM-003876,REP-000603,REPAIRED_BY
CLM-003877,CUS-000505,FILED_BY
CLM-003877,DEV-000588,USES_DEVICE
CLM-003877,REP-000699,REPAIRED_BY
CLM-003878,CUS-000326,FILED_BY
CLM-003878,DEV-002810,USES_DEVICE
CLM-003878,REP-000047,REPAIRED_BY
CLM-003879,CUS-002072,FILED_BY
CLM-003879,DEV-002005,USES_DEVICE
CLM-003880,CUS-000070,FILED_BY
CLM-003880,DEV-001234,USES_DEVICE
CLM-003881,CUS-002903,FILED_BY
CLM-003881,DEV-001781,USES_DEVICE
CLM-003881,REP-000480,REPAIRED_BY
CLM-003882,CUS-000760,FILED_BY
CLM-003882,DEV-001148,USES_DEVICE
CLM-003882,REP-000551,REPAIRED_BY
CLM-003883,CUS-000021,FILED_BY
CLM-003883,DEV-002945,USES_DEVICE
CLM-003883,REP-000124,REPAIRED_BY
CLM-003884,CUS-000708,FILED_BY
CLM-003884,DEV-000584,USES_DEVICE
CLM-003885,CUS-002018,FILED_BY
CLM-003885,DEV-001361,USES_DEVICE
CLM-003885,REP-000358,REPAIRED_BY
CLM-003886,CUS-000704,FILED_BY
CLM-003886,DEV-002000,USES_DEVICE
CLM-003886,REP-000219,REPAIRED_BY
CLM-003887,CUS-002346,FILED_BY
CLM-003887,DEV-000968,USES_DEVICE
CLM-003887,REP-000004,REPAIRED_BY
CLM-003888,CUS-000623,FILED_BY
CLM-003888,DEV-001489,USES_DEVICE
CLM-003889,CUS-002382,FILED_BY
CLM-003889,DEV-001258,USES_DEVICE
CLM-003889,REP-000196,REPAIRED_BY
CLM-003890,CUS-000998,FILED_BY
CLM-003890,DEV-000153,USES_DEVICE
CLM-003890,REP-000066,REPAIRED_BY
CLM-003891,CUS-001684,FILED_BY
CLM-003891,DEV-000151,USES_DEVICE
CLM-003892,CUS-002343,FILED_BY
CLM-003892,DEV-000452,USES_DEVICE
CLM-003893,CUS-002828,FILED_BY
CLM-003893,DEV-001017,USES_DEVICE
CLM-003893,REP-000237,REPAIRED_BY
CLM-003894,CUS-000462,FILED_BY
CLM-003894,DEV-002549,USES_DEVICE
CLM-003894,REP-000252,REPAIRED_BY
CLM-003895,CUS-002961,FILED_BY
CLM-003895,DEV-000209,USES_DEVICE
CLM-003895,REP-000092,REPAIRED_BY
CLM-003896,CUS-000059,FILED_BY
CLM-003896,DEV-001888,USES_DEVICE
CLM-003896,REP-000015,REPAIRED_BY
CLM-003897,CUS-000511,FILED_BY
CLM-003897,DEV-001219,USES_DEVICE
CLM-003897,REP-000159,REPAIRED_BY
CLM-003898,CUS-000785,FILED_BY
CLM-003898,DEV-002583,USES_DEVICE
CLM-003899,CUS-000989,FILED_BY
CLM-003899,DEV-002134,USES_DEVICE
CLM-003900,CUS-000984,FILED_BY
CLM-003900,DEV-002676,USES_DEVICE
CLM-003900,REP-000315,REPAIRED_BY
CLM-003901,CUS-002102,FILED_BY
CLM-003901,DEV-001458,USES_DEVICE
CLM-003901,REP-000533,REPAIRED_BY
CLM-003902,CUS-002725,FILED_BY
CLM-003902,DEV-000188,USES_DEVICE
CLM-003902,REP-000070,REPAIRED_BY
CLM-003903,CUS-000745,FILED_BY
CLM-003903,DEV-001669,USES_DEVICE
CLM-003903,REP-000425,REPAIRED_BY
CLM-003904,CUS-000328,FILED_BY
CLM-003904,DEV-001223,USES_DEVICE
CLM-003904,REP-000275,REPAIRED_BY
CLM-003905,CUS-001269,FILED_BY
CLM-003905,DEV-001234,USES_DEVICE
CLM-003906,CUS-001925,FILED_BY
CLM-003906,DEV-001417,USES_DEVICE
CLM-003907,CUS-001748,FILED_BY
CLM-003907,DEV-000705,USES_DEVICE
CLM-003907,REP-000224,REPAIRED_BY
CLM-003908,CUS-001555,FILED_BY
CLM-003908,DEV-001688,USES_DEVICE
CLM-003908,REP-000688,REPAIRED_BY
CLM-003909,CUS-001687,FILED_BY
CLM-003909,DEV-001183,USES_DEVICE
CLM-003909,REP-000111,REPAIRED_BY
CLM-003910,CUS-000282,FILED_BY
CLM-003910,DEV-000079,USES_DEVICE
CLM-003910,REP-000156,REPAIRED_BY
CLM-003911,CUS-000509,FILED_BY
CLM-003911,DEV-001299,USES_DEVICE
CLM-003911,REP-000419,REPAIRED_BY
CLM-003912,CUS-002665,FILED_BY
CLM-003912,DEV-001911,USES_DEVICE
CLM-003912,REP-000633,REPAIRED_BY
CLM-003913,CUS-001815,FILED_BY
CLM-003913,DEV-001331,USES_DEVICE
CLM-003913,REP-000233,REPAIRED_BY
CLM-003914,CUS-002933,FILED_BY
CLM-003914,DEV-001387,USES_DEVICE
CLM-003915,CUS-002217,FILED_BY
CLM-003915,DEV-001359,USES_DEVICE
CLM-003915,REP-000089,REPAIRED_BY
CLM-003916,CUS-000207,FILED_BY
CLM-003916,DEV-002011,USES_DEVICE
CLM-003917,CUS-001420,FILED_BY
CLM-003917,DEV-000882,USES_DEVICE
CLM-003917,REP-000090,REPAIRED_BY
CLM-003918,CUS-002399,FILED_BY
CLM-003918,DEV-001428,USES_DEVICE
CLM-003918,REP-000240,REPAIRED_BY
CLM-003919,CUS-001517,FILED_BY
CLM-003919,DEV-000155,USES_DEVICE
CLM-003919,REP-000114,REPAIRED_BY
CLM-003920,CUS-001692,FILED_BY
CLM-003920,DEV-001224,USES_DEVICE
CLM-003921,CUS-000079,FILED_BY
CLM-003921,DEV-002295,USES_DEVICE
CLM-003921,REP-000059,REPAIRED_BY
CLM-003922,CUS-002557,FILED_BY
CLM-003922,DEV-001533,USES_DEVICE
CLM-003922,REP-000041,REPAIRED_BY
CLM-003923,CUS-002400,FILED_BY
CLM-003923,DEV-000150,USES_DEVICE
CLM-003923,REP-000158,REPAIRED_BY
CLM-003924,CUS-002645,FILED_BY
CLM-003924,DEV-002322,USES_DEVICE
CLM-003924,REP-000490,REPAIRED_BY
CLM-003925,CUS-002696,FILED_BY
CLM-003925,DEV-002959,USES_DEVICE
CLM-003925,REP-000174,REPAIRED_BY
CLM-003926,CUS-000615,FILED_BY
CLM-003926,DEV-001657,USES_DEVICE
CLM-003926,REP-000460,REPAIRED_BY
CLM-003927,CUS-000650,FILED_BY
CLM-003927,DEV-000860,USES_DEVICE
CLM-003927,REP-000048,REPAIRED_BY
CLM-003928,CUS-000872,FILED_BY
CLM-003928,DEV-002135,USES_DEVICE
CLM-003929,CUS-001124,FILED_BY
CLM-003929,DEV-002958,USES_DEVICE
CLM-003929,REP-000603,REPAIRED_BY
CLM-003930,CUS-002607,FILED_BY
CLM-003930,DEV-002172,USES_DEVICE
CLM-003931,CUS-002218,FILED_BY
CLM-003931,DEV-002344,USES_DEVICE
CLM-003931,REP-000331,REPAIRED_BY
CLM-003932,CUS-000054,FILED_BY
CLM-003932,DEV-000766,USES_DEVICE
CLM-003932,REP-000673,REPAIRED_BY
CLM-003933,CUS-000637,FILED_BY
CLM-003933,DEV-002999,USES_DEVICE
CLM-003934,CUS-001147,FILED_BY
CLM-003934,DEV-001427,USES_DEVICE
CLM-003934,REP-000232,REPAIRED_BY
CLM-003935,CUS-000030,FILED_BY
CLM-003935,DEV-002941,USES_DEVICE
CLM-003935,REP-000321,REPAIRED_BY
CLM-003936,CUS-000051,FILED_BY
CLM-003936,DEV-002534,USES_DEVICE
CLM-003937,CUS-000836,FILED_BY
CLM-003937,DEV-002298,USES_DEVICE
CLM-003938,CUS-000773,FILED_BY
CLM-003938,DEV-001084,USES_DEVICE
CLM-003938,REP-000410,REPAIRED_BY
CLM-003939,CUS-001887,FILED_BY
CLM-003939,DEV-002121,USES_DEVICE
CLM-003939,REP-000565,REPAIRED_BY
CLM-003940,CUS-000779,FILED_BY
CLM-003940,DEV-001060,USES_DEVICE
CLM-003940,REP-000323,REPAIRED_BY
CLM-003941,CUS-001518,FILED_BY
CLM-003941,DEV-002015,USES_DEVICE
CLM-003942,CUS-002444,FILED_BY
CLM-003942,DEV-000798,USES_DEVICE
CLM-003942,REP-000228,REPAIRED_BY
CLM-003943,CUS-002472,FILED_BY
CLM-003943,DEV-000156,USES_DEVICE
CLM-003944,CUS-001443,FILED_BY
CLM-003944,DEV-000615,USES_DEVICE
CLM-003944,REP-000064,REPAIRED_BY
CLM-003945,CUS-002585,FILED_BY
CLM-003945,DEV-000738,USES_DEVICE
CLM-003946,CUS-002303,FILED_BY
CLM-003946,DEV-002183,USES_DEVICE
CLM-003946,REP-000192,REPAIRED_BY
CLM-003947,CUS-001308,FILED_BY
CLM-003947,DEV-002402,USES_DEVICE
CLM-003947,REP-000417,REPAIRED_BY
CLM-003948,CUS-001895,FILED_BY
CLM-003948,DEV-002919,USES_DEVICE
CLM-003949,CUS-002930,FILED_BY
CLM-003949,DEV-000348,USES_DEVICE
CLM-003949,REP-000497,REPAIRED_BY
CLM-003950,CUS-001965,FILED_BY
CLM-003950,DEV-000470,USES_DEVICE
CLM-003950,REP-000545,REPAIRED_BY
CLM-003951,CUS-001870,FILED_BY
CLM-003951,DEV-000710,USES_DEVICE
CLM-003951,REP-000298,REPAIRED_BY
CLM-003952,CUS-002088,FILED_BY
CLM-003952,DEV-001742,USES_DEVICE
CLM-003952,REP-000551,REPAIRED_BY
CLM-003953,CUS-002091,FILED_BY
CLM-003953,DEV-001897,USES_DEVICE
CLM-003953,REP-000194,REPAIRED_BY
CLM-003954,CUS-002779,FILED_BY
CLM-003954,DEV-001100,USES_DEVICE
CLM-003954,REP-000024,REPAIRED_BY
CLM-003955,CUS-000537,FILED_BY
CLM-003955,DEV-001591,USES_DEVICE
CLM-003955,REP-000055,REPAIRED_BY
CLM-003956,CUS-001598,FILED_BY
CLM-003956,DEV-001238,USES_DEVICE
CLM-003957,CUS-001329,FILED_BY
CLM-003957,DEV-002464,USES_DEVICE
CLM-003957,REP-000158,REPAIRED_BY
CLM-003958,CUS-002220,FILED_BY
CLM-003958,DEV-002968,USES_DEVICE
CLM-003958,REP-000447,REPAIRED_BY
CLM-003959,CUS-002625,FILED_BY
CLM-003959,DEV-000549,USES_DEVICE
CLM-003960,CUS-002309,FILED_BY
CLM-003960,DEV-001179,USES_DEVICE
CLM-003961,CUS-001511,FILED_BY
CLM-003961,DEV-000446,USES_DEVICE
CLM-003961,REP-000618,REPAIRED_BY
CLM-003962,CUS-001477,FILED_BY
CLM-003962,DEV-002418,USES_DEVICE
CLM-003963,CUS-002197,FILED_BY
CLM-003963,DEV-002237,USES_DEVICE
CLM-003964,CUS-002952,FILED_BY
CLM-003964,DEV-002007,USES_DEVICE
CLM-003964,REP-000623,REPAIRED_BY
CLM-003965,CUS-000596,FILED_BY
CLM-003965,DEV-001354,USES_DEVICE
CLM-003966,CUS-002057,FILED_BY
CLM-003966,DEV-000829,USES_DEVICE
CLM-003966,REP-000108,REPAIRED_BY
CLM-003967,CUS-002246,FILED_BY
CLM-003967,DEV-001540,USES_DEVICE
CLM-003968,CUS-002143,FILED_BY
CLM-003968,DEV-001256,USES_DEVICE
CLM-003968,REP-000401,REPAIRED_BY
CLM-003969,CUS-002292,FILED_BY
CLM-003969,DEV-002905,USES_DEVICE
CLM-003970,CUS-001836,FILED_BY
CLM-003970,DEV-002965,USES_DEVICE
CLM-003971,CUS-000805,FILED_BY
CLM-003971,DEV-000421,USES_DEVICE
CLM-003971,REP-000333,REPAIRED_BY
CLM-003972,CUS-000583,FILED_BY
CLM-003972,DEV-000548,USES_DEVICE
CLM-003973,CUS-000248,FILED_BY
CLM-003973,DEV-000182,USES_DEVICE
CLM-003974,CUS-002047,FILED_BY
CLM-003974,DEV-000363,USES_DEVICE
CLM-003974,REP-000335,REPAIRED_BY
CLM-003975,CUS-001937,FILED_BY
CLM-003975,DEV-001546,USES_DEVICE
CLM-003976,CUS-000545,FILED_BY
CLM-003976,DEV-002934,USES_DEVICE
CLM-003976,REP-000085,REPAIRED_BY
CLM-003977,CUS-000326,FILED_BY
CLM-003977,DEV-002810,USES_DEVICE
CLM-003978,CUS-000832,FILED_BY
CLM-003978,DEV-000163,USES_DEVICE
CLM-003979,CUS-001164,FILED_BY
CLM-003979,DEV-002116,USES_DEVICE
CLM-003979,REP-000059,REPAIRED_BY
CLM-003980,CUS-000269,FILED_BY
CLM-003980,DEV-001639,USES_DEVICE
CLM-003981,CUS-001621,FILED_BY
CLM-003981,DEV-000802,USES_DEVICE
CLM-003981,REP-000326,REPAIRED_BY
CLM-003982,CUS-001727,FILED_BY
CLM-003982,DEV-002210,USES_DEVICE
CLM-003982,REP-000157,REPAIRED_BY
CLM-003983,CUS-001713,FILED_BY
CLM-003983,DEV-001028,USES_DEVICE
CLM-003984,CUS-000178,FILED_BY
CLM-003984,DEV-001046,USES_DEVICE
CLM-003984,REP-000684,REPAIRED_BY
CLM-003985,CUS-000308,FILED_BY
CLM-003985,DEV-001863,USES_DEVICE
CLM-003986,CUS-001328,FILED_BY
CLM-003986,DEV-002899,USES_DEVICE
CLM-003987,CUS-001529,FILED_BY
CLM-003987,DEV-000800,USES_DEVICE
CLM-003988,CUS-002663,FILED_BY
CLM-003988,DEV-000966,USES_DEVICE
CLM-003988,REP-000445,REPAIRED_BY
CLM-003989,CUS-001367,FILED_BY
CLM-003989,DEV-001621,USES_DEVICE
CLM-003989,REP-000261,REPAIRED_BY
CLM-003990,CUS-000686,FILED_BY
CLM-003990,DEV-002707,USES_DEVICE
CLM-003990,REP-000438,REPAIRED_BY
CLM-003991,CUS-002721,FILED_BY
CLM-003991,DEV-001384,USES_DEVICE
CLM-003992,CUS-001520,FILED_BY
CLM-003992,DEV-000427,USES_DEVICE
CLM-003993,CUS-000038,FILED_BY
CLM-003993,DEV-000680,USES_DEVICE
CLM-003994,CUS-000875,FILED_BY
CLM-003994,DEV-000741,USES_DEVICE
CLM-003995,CUS-001086,FILED_BY
CLM-003995,DEV-000206,USES_DEVICE
CLM-003995,REP-000433,REPAIRED_BY
CLM-003996,CUS-001562,FILED_BY
CLM-003996,DEV-001736,USES_DEVICE
CLM-003996,REP-000136,REPAIRED_BY
CLM-003997,CUS-002748,FILED_BY
CLM-003997,DEV-000805,USES_DEVICE
CLM-003998,CUS-000560,FILED_BY
CLM-003998,DEV-001416,USES_DEVICE
CLM-003998,REP-000007,REPAIRED_BY
CLM-003999,CUS-000783,FILED_BY
CLM-003999,DEV-002293,USES_DEVICE
CLM-003999,REP-000098,REPAIRED_BY
CLM-004000,CUS-000436,FILED_BY
CLM-004000,DEV-000272,USES_DEVICE
CLM-004000,REP-000115,REPAIRED_BY
CLM-004001,CUS-000702,FILED_BY
CLM-004001,DEV-000610,USES_DEVICE
CLM-004001,REP-000605,REPAIRED_BY
CLM-004002,CUS-001737,FILED_BY
CLM-004002,DEV-002395,USES_DEVICE
CLM-004002,REP-000450,REPAIRED_BY
CLM-004003,CUS-000305,FILED_BY
CLM-004003,DEV-001002,USES_DEVICE
CLM-004003,REP-000497,REPAIRED_BY
CLM-004004,CUS-000107,FILED_BY
CLM-004004,DEV-001529,USES_DEVICE
CLM-004004,REP-000292,REPAIRED_BY
CLM-004005,CUS-001232,FILED_BY
CLM-004005,DEV-000425,USES_DEVICE
CLM-004006,CUS-001099,FILED_BY
CLM-004006,DEV-002554,USES_DEVICE
CLM-004007,CUS-002516,FILED_BY
CLM-004007,DEV-002011,USES_DEVICE
CLM-004008,CUS-002756,FILED_BY
CLM-004008,DEV-000386,USES_DEVICE
CLM-004008,REP-000582,REPAIRED_BY
CLM-004009,CUS-001976,FILED_BY
CLM-004009,DEV-002958,USES_DEVICE
CLM-004010,CUS-001914,FILED_BY
CLM-004010,DEV-003000,USES_DEVICE
CLM-004010,REP-000244,REPAIRED_BY
CLM-004011,CUS-002221,FILED_BY
CLM-004011,DEV-000996,USES_DEVICE
CLM-004012,CUS-001398,FILED_BY
CLM-004012,DEV-002376,USES_DEVICE
CLM-004012,REP-000554,REPAIRED_BY
CLM-004013,CUS-000574,FILED_BY
CLM-004013,DEV-002465,USES_DEVICE
CLM-004014,CUS-002725,FILED_BY
CLM-004014,DEV-000377,USES_DEVICE
CLM-004015,CUS-002416,FILED_BY
CLM-004015,DEV-001531,USES_DEVICE
CLM-004016,CUS-000645,FILED_BY
CLM-004016,DEV-000181,USES_DEVICE
CLM-004017,CUS-000386,FILED_BY
CLM-004017,DEV-000683,USES_DEVICE
CLM-004017,REP-000174,REPAIRED_BY
CLM-004018,CUS-000608,FILED_BY
CLM-004018,DEV-002374,USES_DEVICE
CLM-004019,CUS-001161,FILED_BY
CLM-004019,DEV-000876,USES_DEVICE
CLM-004019,REP-000446,REPAIRED_BY
CLM-004020,CUS-001215,FILED_BY
CLM-004020,DEV-001349,USES_DEVICE
CLM-004021,CUS-001477,FILED_BY
CLM-004021,DEV-002159,USES_DEVICE
CLM-004021,REP-000655,REPAIRED_BY
CLM-004022,CUS-001827,FILED_BY
CLM-004022,DEV-002020,USES_DEVICE
CLM-004022,REP-000058,REPAIRED_BY
CLM-004023,CUS-000813,FILED_BY
CLM-004023,DEV-002894,USES_DEVICE
CLM-004023,REP-000178,REPAIRED_BY
CLM-004024,CUS-002285,FILED_BY
CLM-004024,DEV-000587,USES_DEVICE
CLM-004025,CUS-001002,FILED_BY
CLM-004025,DEV-002510,USES_DEVICE
CLM-004025,REP-000078,REPAIRED_BY
CLM-004026,CUS-000349,FILED_BY
CLM-004026,DEV-000281,USES_DEVICE
CLM-004026,REP-000451,REPAIRED_BY
CLM-004027,CUS-002007,FILED_BY
CLM-004027,DEV-001676,USES_DEVICE
CLM-004027,REP-000065,REPAIRED_BY
CLM-004028,CUS-001952,FILED_BY
CLM-004028,DEV-000103,USES_DEVICE
CLM-004029,CUS-001936,FILED_BY
CLM-004029,DEV-001584,USES_DEVICE
CLM-004029,REP-000499,REPAIRED_BY
CLM-004030,CUS-001930,FILED_BY
CLM-004030,DEV-001749,USES_DEVICE
CLM-004031,CUS-001102,FILED_BY
CLM-004031,DEV-002910,USES_DEVICE
CLM-004031,REP-000246,REPAIRED_BY
CLM-004032,CUS-002490,FILED_BY
CLM-004032,DEV-002586,USES_DEVICE
CLM-004033,CUS-000234,FILED_BY
CLM-004033,DEV-002044,USES_DEVICE
CLM-004033,REP-000691,REPAIRED_BY
CLM-004034,CUS-002903,FILED_BY
CLM-004034,DEV-000612,USES_DEVICE
CLM-004035,CUS-000965,FILED_BY
CLM-004035,DEV-001429,USES_DEVICE
CLM-004035,REP-000514,REPAIRED_BY
CLM-004036,CUS-002394,FILED_BY
CLM-004036,DEV-002278,USES_DEVICE
CLM-004036,REP-000618,REPAIRED_BY
CLM-004037,CUS-001568,FILED_BY
CLM-004037,DEV-002890,USES_DEVICE
CLM-004038,CUS-000157,FILED_BY
CLM-004038,DEV-002355,USES_DEVICE
CLM-004039,CUS-001013,FILED_BY
CLM-004039,DEV-001408,USES_DEVICE
CLM-004040,CUS-002754,FILED_BY
CLM-004040,DEV-000797,USES_DEVICE
CLM-004040,REP-000151,REPAIRED_BY
CLM-004041,CUS-002756,FILED_BY
CLM-004041,DEV-001239,USES_DEVICE
CLM-004041,REP-000048,REPAIRED_BY
CLM-004042,CUS-001639,FILED_BY
CLM-004042,DEV-001978,USES_DEVICE
CLM-004042,REP-000003,REPAIRED_BY
CLM-004043,CUS-002709,FILED_BY
CLM-004043,DEV-000634,USES_DEVICE
CLM-004043,REP-000158,REPAIRED_BY
CLM-004044,CUS-002443,FILED_BY
CLM-004044,DEV-000202,USES_DEVICE
CLM-004045,CUS-002254,FILED_BY
CLM-004045,DEV-001027,USES_DEVICE
CLM-004045,REP-000571,REPAIRED_BY
CLM-004046,CUS-001789,FILED_BY
CLM-004046,DEV-000877,USES_DEVICE
CLM-004046,REP-000467,REPAIRED_BY
CLM-004047,CUS-000514,FILED_BY
CLM-004047,DEV-000879,USES_DEVICE
CLM-004047,REP-000224,REPAIRED_BY
CLM-004048,CUS-000579,FILED_BY
CLM-004048,DEV-001601,USES_DEVICE
CLM-004049,CUS-000113,FILED_BY
CLM-004049,DEV-002031,USES_DEVICE
CLM-004050,CUS-001521,FILED_BY
CLM-004050,DEV-002417,USES_DEVICE
CLM-004051,CUS-000953,FILED_BY
CLM-004051,DEV-002678,USES_DEVICE
CLM-004051,REP-000590,REPAIRED_BY
CLM-004052,CUS-002625,FILED_BY
CLM-004052,DEV-000549,USES_DEVICE
CLM-004053,CUS-002263,FILED_BY
CLM-004053,DEV-002798,USES_DEVICE
CLM-004054,CUS-001148,FILED_BY
CLM-004054,DEV-000310,USES_DEVICE
CLM-004055,CUS-001557,FILED_BY
CLM-004055,DEV-000939,USES_DEVICE
CLM-004056,CUS-001627,FILED_BY
CLM-004056,DEV-002724,USES_DEVICE
CLM-004056,REP-000022,REPAIRED_BY
CLM-004057,CUS-001415,FILED_BY
CLM-004057,DEV-001625,USES_DEVICE
CLM-004058,CUS-002645,FILED_BY
CLM-004058,DEV-002062,USES_DEVICE
CLM-004059,CUS-002277,FILED_BY
CLM-004059,DEV-002298,USES_DEVICE
CLM-004059,REP-000695,REPAIRED_BY
CLM-004060,CUS-000002,FILED_BY
CLM-004060,DEV-001440,USES_DEVICE
CLM-004060,REP-000545,REPAIRED_BY
CLM-004061,CUS-000616,FILED_BY
CLM-004061,DEV-000041,USES_DEVICE
CLM-004062,CUS-001085,FILED_BY
CLM-004062,DEV-001610,USES_DEVICE
CLM-004062,REP-000006,REPAIRED_BY
CLM-004063,CUS-000675,FILED_BY
CLM-004063,DEV-002928,USES_DEVICE
CLM-004064,CUS-001254,FILED_BY
CLM-004064,DEV-002441,USES_DEVICE
CLM-004064,REP-000169,REPAIRED_BY
CLM-004065,CUS-002021,FILED_BY
CLM-004065,DEV-000571,USES_DEVICE
CLM-004065,REP-000419,REPAIRED_BY
CLM-004066,CUS-002428,FILED_BY
CLM-004066,DEV-000165,USES_DEVICE
CLM-004066,REP-000330,REPAIRED_BY
CLM-004067,CUS-001652,FILED_BY
CLM-004067,DEV-001933,USES_DEVICE
CLM-004067,REP-000232,REPAIRED_BY
CLM-004068,CUS-000338,FILED_BY
CLM-004068,DEV-002249,USES_DEVICE
CLM-004068,REP-000077,REPAIRED_BY
CLM-004069,CUS-000719,FILED_BY
CLM-004069,DEV-002637,USES_DEVICE
CLM-004069,REP-000379,REPAIRED_BY
CLM-004070,CUS-001270,FILED_BY
CLM-004070,DEV-002407,USES_DEVICE
CLM-004070,REP-000151,REPAIRED_BY
CLM-004071,CUS-001927,FILED_BY
CLM-004071,DEV-002945,USES_DEVICE
CLM-004072,CUS-002059,FILED_BY
CLM-004072,DEV-000752,USES_DEVICE
CLM-004073,CUS-001055,FILED_BY
CLM-004073,DEV-000331,USES_DEVICE
CLM-004073,REP-000323,REPAIRED_BY
CLM-004074,CUS-000860,FILED_BY
CLM-004074,DEV-002492,USES_DEVICE
CLM-004075,CUS-000729,FILED_BY
CLM-004075,DEV-002580,USES_DEVICE
CLM-004075,REP-000396,REPAIRED_BY
CLM-004076,CUS-000048,FILED_BY
CLM-004076,DEV-000598,USES_DEVICE
CLM-004077,CUS-001815,FILED_BY
CLM-004077,DEV-001331,USES_DEVICE
CLM-004077,REP-000587,REPAIRED_BY
CLM-004078,CUS-002857,FILED_BY
CLM-004078,DEV-001506,USES_DEVICE
CLM-004079,CUS-000787,FILED_BY
CLM-004079,DEV-001540,USES_DEVICE
CLM-004079,REP-000226,REPAIRED_BY
CLM-004080,CUS-002954,FILED_BY
CLM-004080,DEV-000383,USES_DEVICE
CLM-004081,CUS-001963,FILED_BY
CLM-004081,DEV-001978,USES_DEVICE
CLM-004082,CUS-000261,FILED_BY
CLM-004082,DEV-000968,USES_DEVICE
CLM-004082,REP-000133,REPAIRED_BY
CLM-004083,CUS-000444,FILED_BY
CLM-004083,DEV-000128,USES_DEVICE
CLM-004084,CUS-001669,FILED_BY
CLM-004084,DEV-000765,USES_DEVICE
CLM-004085,CUS-002221,FILED_BY
CLM-004085,DEV-000996,USES_DEVICE
CLM-004085,REP-000562,REPAIRED_BY
CLM-004086,CUS-000584,FILED_BY
CLM-004086,DEV-001352,USES_DEVICE
CLM-004086,REP-000451,REPAIRED_BY
CLM-004087,CUS-002766,FILED_BY
CLM-004087,DEV-001736,USES_DEVICE
CLM-004088,CUS-002181,FILED_BY
CLM-004088,DEV-001196,USES_DEVICE
CLM-004088,REP-000012,REPAIRED_BY
CLM-004089,CUS-002284,FILED_BY
CLM-004089,DEV-000764,USES_DEVICE
CLM-004090,CUS-000762,FILED_BY
CLM-004090,DEV-000458,USES_DEVICE
CLM-004091,CUS-002065,FILED_BY
CLM-004091,DEV-001206,USES_DEVICE
CLM-004092,CUS-000648,FILED_BY
CLM-004092,DEV-000379,USES_DEVICE
CLM-004092,REP-000523,REPAIRED_BY
CLM-004093,CUS-002707,FILED_BY
CLM-004093,DEV-000641,USES_DEVICE
CLM-004093,REP-000107,REPAIRED_BY
CLM-004094,CUS-000110,FILED_BY
CLM-004094,DEV-000962,USES_DEVICE
CLM-004094,REP-000072,REPAIRED_BY
CLM-004095,CUS-002311,FILED_BY
CLM-004095,DEV-001879,USES_DEVICE
CLM-004095,REP-000303,REPAIRED_BY
CLM-004096,CUS-002041,FILED_BY
CLM-004096,DEV-001025,USES_DEVICE
CLM-004096,REP-000202,REPAIRED_BY
CLM-004097,CUS-001827,FILED_BY
CLM-004097,DEV-002020,USES_DEVICE
CLM-004098,CUS-001291,FILED_BY
CLM-004098,DEV-002749,USES_DEVICE
CLM-004099,CUS-001435,FILED_BY
CLM-004099,DEV-001437,USES_DEVICE
CLM-004099,REP-000597,REPAIRED_BY
CLM-004100,CUS-001851,FILED_BY
CLM-004100,DEV-000488,USES_DEVICE
CLM-004100,REP-000369,REPAIRED_BY
CLM-004101,CUS-001928,FILED_BY
CLM-004101,DEV-002618,USES_DEVICE
CLM-004102,CUS-000049,FILED_BY
CLM-004102,DEV-000948,USES_DEVICE
CLM-004103,CUS-000624,FILED_BY
CLM-004103,DEV-000028,USES_DEVICE
CLM-004103,REP-000299,REPAIRED_BY
CLM-004104,CUS-000895,FILED_BY
CLM-004104,DEV-000272,USES_DEVICE
CLM-004104,REP-000540,REPAIRED_BY
CLM-004105,CUS-001069,FILED_BY
CLM-004105,DEV-001299,USES_DEVICE
CLM-004105,REP-000389,REPAIRED_BY
CLM-004106,CUS-000106,FILED_BY
CLM-004106,DEV-000867,USES_DEVICE
CLM-004107,CUS-002972,FILED_BY
CLM-004107,DEV-000798,USES_DEVICE
CLM-004107,REP-000085,REPAIRED_BY
CLM-004108,CUS-000810,FILED_BY
CLM-004108,DEV-000795,USES_DEVICE
CLM-004108,REP-000205,REPAIRED_BY
CLM-004109,CUS-002396,FILED_BY
CLM-004109,DEV-002085,USES_DEVICE
CLM-004109,REP-000634,REPAIRED_BY
CLM-004110,CUS-000220,FILED_BY
CLM-004110,DEV-000572,USES_DEVICE
CLM-004110,REP-000058,REPAIRED_BY
CLM-004111,CUS-002996,FILED_BY
CLM-004111,DEV-001571,USES_DEVICE
CLM-004111,REP-000689,REPAIRED_BY
CLM-004112,CUS-002843,FILED_BY
CLM-004112,DEV-000115,USES_DEVICE
CLM-004112,REP-000449,REPAIRED_BY
CLM-004113,CUS-000957,FILED_BY
CLM-004113,DEV-001311,USES_DEVICE
CLM-004113,REP-000645,REPAIRED_BY
CLM-004114,CUS-001039,FILED_BY
CLM-004114,DEV-002985,USES_DEVICE
CLM-004114,REP-000290,REPAIRED_BY
CLM-004115,CUS-000230,FILED_BY
CLM-004115,DEV-000350,USES_DEVICE
CLM-004115,REP-000433,REPAIRED_BY
CLM-004116,CUS-002429,FILED_BY
CLM-004116,DEV-000880,USES_DEVICE
CLM-004117,CUS-000095,FILED_BY
CLM-004117,DEV-000059,USES_DEVICE
CLM-004118,CUS-002477,FILED_BY
CLM-004118,DEV-002041,USES_DEVICE
CLM-004118,REP-000325,REPAIRED_BY
CLM-004119,CUS-002113,FILED_BY
CLM-004119,DEV-000474,USES_DEVICE
CLM-004119,REP-000093,REPAIRED_BY
CLM-004120,CUS-000127,FILED_BY
CLM-004120,DEV-001578,USES_DEVICE
CLM-004121,CUS-001376,FILED_BY
CLM-004121,DEV-002680,USES_DEVICE
CLM-004122,CUS-000710,FILED_BY
CLM-004122,DEV-000073,USES_DEVICE
CLM-004123,CUS-002672,FILED_BY
CLM-004123,DEV-001055,USES_DEVICE
CLM-004124,CUS-001759,FILED_BY
CLM-004124,DEV-001019,USES_DEVICE
CLM-004124,REP-000602,REPAIRED_BY
CLM-004125,CUS-002659,FILED_BY
CLM-004125,DEV-002991,USES_DEVICE
CLM-004125,REP-000549,REPAIRED_BY
CLM-004126,CUS-002936,FILED_BY
CLM-004126,DEV-001634,USES_DEVICE
CLM-004126,REP-000286,REPAIRED_BY
CLM-004127,CUS-001782,FILED_BY
CLM-004127,DEV-000459,USES_DEVICE
CLM-004128,CUS-000640,FILED_BY
CLM-004128,DEV-002674,USES_DEVICE
CLM-004129,CUS-001878,FILED_BY
CLM-004129,DEV-001113,USES_DEVICE
CLM-004130,CUS-002707,FILED_BY
CLM-004130,DEV-000641,USES_DEVICE
CLM-004131,CUS-000773,FILED_BY
CLM-004131,DEV-000722,USES_DEVICE
CLM-004131,REP-000650,REPAIRED_BY
CLM-004132,CUS-001329,FILED_BY
CLM-004132,DEV-002464,USES_DEVICE
CLM-004132,REP-000664,REPAIRED_BY
CLM-004133,CUS-002021,FILED_BY
CLM-004133,DEV-000571,USES_DEVICE
CLM-004133,REP-000062,REPAIRED_BY
CLM-004134,CUS-002842,FILED_BY
CLM-004134,DEV-002959,USES_DEVICE
CLM-004135,CUS-002982,FILED_BY
CLM-004135,DEV-001878,USES_DEVICE
CLM-004136,CUS-001661,FILED_BY
CLM-004136,DEV-002096,USES_DEVICE
CLM-004137,CUS-000700,FILED_BY
CLM-004137,DEV-000299,USES_DEVICE
CLM-004137,REP-000036,REPAIRED_BY
CLM-004138,CUS-000712,FILED_BY
CLM-004138,DEV-000569,USES_DEVICE
CLM-004139,CUS-001890,FILED_BY
CLM-004139,DEV-002974,USES_DEVICE
CLM-004139,REP-000109,REPAIRED_BY
CLM-004140,CUS-002303,FILED_BY
CLM-004140,DEV-000611,USES_DEVICE
CLM-004140,REP-000440,REPAIRED_BY
CLM-004141,CUS-002459,FILED_BY
CLM-004141,DEV-002899,USES_DEVICE
CLM-004142,CUS-001680,FILED_BY
CLM-004142,DEV-002125,USES_DEVICE
CLM-004143,CUS-001453,FILED_BY
CLM-004143,DEV-002672,USES_DEVICE
CLM-004143,REP-000356,REPAIRED_BY
CLM-004144,CUS-001690,FILED_BY
CLM-004144,DEV-000434,USES_DEVICE
CLM-004145,CUS-002665,FILED_BY
CLM-004145,DEV-001911,USES_DEVICE
CLM-004146,CUS-001996,FILED_BY
CLM-004146,DEV-001630,USES_DEVICE
CLM-004147,CUS-000450,FILED_BY
CLM-004147,DEV-001983,USES_DEVICE
CLM-004147,REP-000385,REPAIRED_BY
CLM-004148,CUS-002646,FILED_BY
CLM-004148,DEV-000051,USES_DEVICE
CLM-004148,REP-000465,REPAIRED_BY
CLM-004149,CUS-001376,FILED_BY
CLM-004149,DEV-002683,USES_DEVICE
CLM-004150,CUS-000261,FILED_BY
CLM-004150,DEV-002672,USES_DEVICE
CLM-004150,REP-000383,REPAIRED_BY
CLM-004151,CUS-002490,FILED_BY
CLM-004151,DEV-002586,USES_DEVICE
CLM-004151,REP-000618,REPAIRED_BY
CLM-004152,CUS-001563,FILED_BY
CLM-004152,DEV-000237,USES_DEVICE
CLM-004153,CUS-000156,FILED_BY
CLM-004153,DEV-000935,USES_DEVICE
CLM-004154,CUS-002547,FILED_BY
CLM-004154,DEV-000615,USES_DEVICE
CLM-004154,REP-000152,REPAIRED_BY
CLM-004155,CUS-001723,FILED_BY
CLM-004155,DEV-001046,USES_DEVICE
CLM-004155,REP-000576,REPAIRED_BY
CLM-004156,CUS-002566,FILED_BY
CLM-004156,DEV-002310,USES_DEVICE
CLM-004157,CUS-000342,FILED_BY
CLM-004157,DEV-000437,USES_DEVICE
CLM-004158,CUS-001990,FILED_BY
CLM-004158,DEV-002881,USES_DEVICE
CLM-004159,CUS-001200,FILED_BY
CLM-004159,DEV-001095,USES_DEVICE
CLM-004159,REP-000152,REPAIRED_BY
CLM-004160,CUS-002902,FILED_BY
CLM-004160,DEV-001219,USES_DEVICE
CLM-004160,REP-000352,REPAIRED_BY
CLM-004161,CUS-001232,FILED_BY
CLM-004161,DEV-000425,USES_DEVICE
CLM-004161,REP-000284,REPAIRED_BY
CLM-004162,CUS-001498,FILED_BY
CLM-004162,DEV-000670,USES_DEVICE
CLM-004162,REP-000653,REPAIRED_BY
CLM-004163,CUS-002307,FILED_BY
CLM-004163,DEV-000303,USES_DEVICE
CLM-004163,REP-000276,REPAIRED_BY
CLM-004164,CUS-001864,FILED_BY
CLM-004164,DEV-002674,USES_DEVICE
CLM-004165,CUS-001465,FILED_BY
CLM-004165,DEV-000317,USES_DEVICE
CLM-004165,REP-000022,REPAIRED_BY
CLM-004166,CUS-001858,FILED_BY
CLM-004166,DEV-000695,USES_DEVICE
CLM-004166,REP-000134,REPAIRED_BY
CLM-004167,CUS-000932,FILED_BY
CLM-004167,DEV-002448,USES_DEVICE
CLM-004168,CUS-000046,FILED_BY
CLM-004168,DEV-000673,USES_DEVICE
CLM-004169,CUS-002904,FILED_BY
CLM-004169,DEV-002891,USES_DEVICE
CLM-004170,CUS-002125,FILED_BY
CLM-004170,DEV-002595,USES_DEVICE
CLM-004170,REP-000107,REPAIRED_BY
CLM-004171,CUS-000094,FILED_BY
CLM-004171,DEV-001922,USES_DEVICE
CLM-004171,REP-000239,REPAIRED_BY
CLM-004172,CUS-002350,FILED_BY
CLM-004172,DEV-001569,USES_DEVICE
CLM-004173,CUS-000949,FILED_BY
CLM-004173,DEV-001246,USES_DEVICE
CLM-004174,CUS-002767,FILED_BY
CLM-004174,DEV-002386,USES_DEVICE
CLM-004174,REP-000075,REPAIRED_BY
CLM-004175,CUS-001024,FILED_BY
CLM-004175,DEV-002484,USES_DEVICE
CLM-004175,REP-000299,REPAIRED_BY
CLM-004176,CUS-000363,FILED_BY
CLM-004176,DEV-002031,USES_DEVICE
CLM-004177,CUS-000594,FILED_BY
CLM-004177,DEV-000978,USES_DEVICE
CLM-004177,REP-000474,REPAIRED_BY
CLM-004178,CUS-000078,FILED_BY
CLM-004178,DEV-000502,USES_DEVICE
CLM-004179,CUS-002242,FILED_BY
CLM-004179,DEV-002937,USES_DEVICE
CLM-004179,REP-000292,REPAIRED_BY
CLM-004180,CUS-002546,FILED_BY
CLM-004180,DEV-000483,USES_DEVICE
CLM-004180,REP-000601,REPAIRED_BY
CLM-004181,CUS-001329,FILED_BY
CLM-004181,DEV-002684,USES_DEVICE
CLM-004181,REP-000331,REPAIRED_BY
CLM-004182,CUS-001676,FILED_BY
CLM-004182,DEV-002844,USES_DEVICE
CLM-004182,REP-000378,REPAIRED_BY
CLM-004183,CUS-002366,FILED_BY
CLM-004183,DEV-002380,USES_DEVICE
CLM-004183,REP-000534,REPAIRED_BY
CLM-004184,CUS-001085,FILED_BY
CLM-004184,DEV-001610,USES_DEVICE
CLM-004185,CUS-002895,FILED_BY
CLM-004185,DEV-001717,USES_DEVICE
CLM-004185,REP-000230,REPAIRED_BY
CLM-004186,CUS-000392,FILED_BY
CLM-004186,DEV-002868,USES_DEVICE
CLM-004186,REP-000409,REPAIRED_BY
CLM-004187,CUS-000864,FILED_BY
CLM-004187,DEV-000115,USES_DEVICE
CLM-004187,REP-000106,REPAIRED_BY
CLM-004188,CUS-000305,FILED_BY
CLM-004188,DEV-001002,USES_DEVICE
CLM-004188,REP-000528,REPAIRED_BY
CLM-004189,CUS-000107,FILED_BY
CLM-004189,DEV-002310,USES_DEVICE
CLM-004190,CUS-002397,FILED_BY
CLM-004190,DEV-002675,USES_DEVICE
CLM-004191,CUS-002379,FILED_BY
CLM-004191,DEV-000820,USES_DEVICE
CLM-004191,REP-000587,REPAIRED_BY
CLM-004192,CUS-002037,FILED_BY
CLM-004192,DEV-002142,USES_DEVICE
CLM-004192,REP-000404,REPAIRED_BY
CLM-004193,CUS-002640,FILED_BY
CLM-004193,DEV-002447,USES_DEVICE
CLM-004194,CUS-000418,FILED_BY
CLM-004194,DEV-002964,USES_DEVICE
CLM-004195,CUS-002040,FILED_BY
CLM-004195,DEV-001306,USES_DEVICE
CLM-004195,REP-000167,REPAIRED_BY
CLM-004196,CUS-001395,FILED_BY
CLM-004196,DEV-002642,USES_DEVICE
CLM-004196,REP-000454,REPAIRED_BY
CLM-004197,CUS-002131,FILED_BY
CLM-004197,DEV-001938,USES_DEVICE
CLM-004197,REP-000424,REPAIRED_BY
CLM-004198,CUS-002366,FILED_BY
CLM-004198,DEV-002161,USES_DEVICE
CLM-004199,CUS-002245,FILED_BY
CLM-004199,DEV-001538,USES_DEVICE
CLM-004199,REP-000130,REPAIRED_BY
CLM-004200,CUS-001392,FILED_BY
CLM-004200,DEV-000541,USES_DEVICE
CLM-004200,REP-000425,REPAIRED_BY
CLM-004201,CUS-001723,FILED_BY
CLM-004201,DEV-002446,USES_DEVICE
CLM-004202,CUS-000180,FILED_BY
CLM-004202,DEV-000822,USES_DEVICE
CLM-004203,CUS-000590,FILED_BY
CLM-004203,DEV-002468,USES_DEVICE
CLM-004204,CUS-000468,FILED_BY
CLM-004204,DEV-002213,USES_DEVICE
CLM-004204,REP-000075,REPAIRED_BY
CLM-004205,CUS-000201,FILED_BY
CLM-004205,DEV-002938,USES_DEVICE
CLM-004206,CUS-000465,FILED_BY
CLM-004206,DEV-000107,USES_DEVICE
CLM-004206,REP-000362,REPAIRED_BY
CLM-004207,CUS-000050,FILED_BY
CLM-004207,DEV-002193,USES_DEVICE
CLM-004208,CUS-001895,FILED_BY
CLM-004208,DEV-000340,USES_DEVICE
CLM-004209,CUS-002218,FILED_BY
CLM-004209,DEV-002344,USES_DEVICE
CLM-004209,REP-000507,REPAIRED_BY
CLM-004210,CUS-001285,FILED_BY
CLM-004210,DEV-000884,USES_DEVICE
CLM-004211,CUS-001551,FILED_BY
CLM-004211,DEV-000210,USES_DEVICE
CLM-004211,REP-000625,REPAIRED_BY
CLM-004212,CUS-001434,FILED_BY
CLM-004212,DEV-001792,USES_DEVICE
CLM-004213,CUS-001702,FILED_BY
CLM-004213,DEV-002344,USES_DEVICE
CLM-004214,CUS-002233,FILED_BY
CLM-004214,DEV-002736,USES_DEVICE
CLM-004215,CUS-001370,FILED_BY
CLM-004215,DEV-002812,USES_DEVICE
CLM-004216,CUS-000987,FILED_BY
CLM-004216,DEV-001483,USES_DEVICE
CLM-004216,REP-000538,REPAIRED_BY
CLM-004217,CUS-000131,FILED_BY
CLM-004217,DEV-000903,USES_DEVICE
CLM-004217,REP-000357,REPAIRED_BY
CLM-004218,CUS-002993,FILED_BY
CLM-004218,DEV-001145,USES_DEVICE
CLM-004218,REP-000689,REPAIRED_BY
CLM-004219,CUS-000037,FILED_BY
CLM-004219,DEV-000817,USES_DEVICE
CLM-004219,REP-000689,REPAIRED_BY
CLM-004220,CUS-000054,FILED_BY
CLM-004220,DEV-000766,USES_DEVICE
CLM-004221,CUS-002740,FILED_BY
CLM-004221,DEV-002739,USES_DEVICE
CLM-004222,CUS-000915,FILED_BY
CLM-004222,DEV-001589,USES_DEVICE
CLM-004222,REP-000124,REPAIRED_BY
CLM-004223,CUS-002668,FILED_BY
CLM-004223,DEV-000101,USES_DEVICE
CLM-004224,CUS-002567,FILED_BY
CLM-004224,DEV-000080,USES_DEVICE
CLM-004225,CUS-000258,FILED_BY
CLM-004225,DEV-001706,USES_DEVICE
CLM-004226,CUS-002504,FILED_BY
CLM-004226,DEV-002423,USES_DEVICE
CLM-004226,REP-000428,REPAIRED_BY
CLM-004227,CUS-001507,FILED_BY
CLM-004227,DEV-002207,USES_DEVICE
CLM-004227,REP-000486,REPAIRED_BY
CLM-004228,CUS-002460,FILED_BY
CLM-004228,DEV-000133,USES_DEVICE
CLM-004228,REP-000273,REPAIRED_BY
CLM-004229,CUS-002709,FILED_BY
CLM-004229,DEV-001383,USES_DEVICE
CLM-004229,REP-000515,REPAIRED_BY
CLM-004230,CUS-001363,FILED_BY
CLM-004230,DEV-002722,USES_DEVICE
CLM-004230,REP-000265,REPAIRED_BY
CLM-004231,CUS-000521,FILED_BY
CLM-004231,DEV-001971,USES_DEVICE
CLM-004231,REP-000668,REPAIRED_BY
CLM-004232,CUS-001037,FILED_BY
CLM-004232,DEV-002851,USES_DEVICE
CLM-004232,REP-000337,REPAIRED_BY
CLM-004233,CUS-001937,FILED_BY
CLM-004233,DEV-000941,USES_DEVICE
CLM-004233,REP-000076,REPAIRED_BY
CLM-004234,CUS-000482,FILED_BY
CLM-004234,DEV-002742,USES_DEVICE
CLM-004235,CUS-002212,FILED_BY
CLM-004235,DEV-000160,USES_DEVICE
CLM-004235,REP-000174,REPAIRED_BY
CLM-004236,CUS-000289,FILED_BY
CLM-004236,DEV-002761,USES_DEVICE
CLM-004236,REP-000395,REPAIRED_BY
CLM-004237,CUS-001718,FILED_BY
CLM-004237,DEV-000967,USES_DEVICE
CLM-004237,REP-000237,REPAIRED_BY
CLM-004238,CUS-002925,FILED_BY
CLM-004238,DEV-002296,USES_DEVICE
CLM-004239,CUS-001515,FILED_BY
CLM-004239,DEV-000411,USES_DEVICE
CLM-004239,REP-000601,REPAIRED_BY
CLM-004240,CUS-000981,FILED_BY
CLM-004240,DEV-002469,USES_DEVICE
CLM-004241,CUS-001410,FILED_BY
CLM-004241,DEV-002866,USES_DEVICE
CLM-004241,REP-000507,REPAIRED_BY
CLM-004242,CUS-000007,FILED_BY
CLM-004242,DEV-000840,USES_DEVICE
CLM-004242,REP-000280,REPAIRED_BY
CLM-004243,CUS-000036,FILED_BY
CLM-004243,DEV-001658,USES_DEVICE
CLM-004244,CUS-002414,FILED_BY
CLM-004244,DEV-001369,USES_DEVICE
CLM-004244,REP-000230,REPAIRED_BY
CLM-004245,CUS-002755,FILED_BY
CLM-004245,DEV-000891,USES_DEVICE
CLM-004246,CUS-001851,FILED_BY
CLM-004246,DEV-001304,USES_DEVICE
CLM-004247,CUS-002566,FILED_BY
CLM-004247,DEV-002314,USES_DEVICE
CLM-004247,REP-000486,REPAIRED_BY
CLM-004248,CUS-002532,FILED_BY
CLM-004248,DEV-000778,USES_DEVICE
CLM-004249,CUS-001171,FILED_BY
CLM-004249,DEV-000858,USES_DEVICE
CLM-004249,REP-000067,REPAIRED_BY
CLM-004250,CUS-002733,FILED_BY
CLM-004250,DEV-001461,USES_DEVICE
CLM-004251,CUS-000545,FILED_BY
CLM-004251,DEV-002934,USES_DEVICE
CLM-004251,REP-000007,REPAIRED_BY
CLM-004252,CUS-002079,FILED_BY
CLM-004252,DEV-000481,USES_DEVICE
CLM-004253,CUS-000783,FILED_BY
CLM-004253,DEV-002293,USES_DEVICE
CLM-004253,REP-000372,REPAIRED_BY
CLM-004254,CUS-000324,FILED_BY
CLM-004254,DEV-000310,USES_DEVICE
CLM-004255,CUS-001633,FILED_BY
CLM-004255,DEV-002195,USES_DEVICE
CLM-004255,REP-000017,REPAIRED_BY
CLM-004256,CUS-001550,FILED_BY
CLM-004256,DEV-000758,USES_DEVICE
CLM-004256,REP-000432,REPAIRED_BY
CLM-004257,CUS-000799,FILED_BY
CLM-004257,DEV-001761,USES_DEVICE
CLM-004258,CUS-001049,FILED_BY
CLM-004258,DEV-000536,USES_DEVICE
CLM-004258,REP-000198,REPAIRED_BY
CLM-004259,CUS-001138,FILED_BY
CLM-004259,DEV-000299,USES_DEVICE
CLM-004259,REP-000220,REPAIRED_BY
CLM-004260,CUS-002362,FILED_BY
CLM-004260,DEV-000869,USES_DEVICE
CLM-004261,CUS-000865,FILED_BY
CLM-004261,DEV-001851,USES_DEVICE
CLM-004261,REP-000230,REPAIRED_BY
CLM-004262,CUS-001059,FILED_BY
CLM-004262,DEV-002958,USES_DEVICE
CLM-004263,CUS-001661,FILED_BY
CLM-004263,DEV-002096,USES_DEVICE
CLM-004263,REP-000076,REPAIRED_BY
CLM-004264,CUS-002620,FILED_BY
CLM-004264,DEV-002707,USES_DEVICE
CLM-004264,REP-000351,REPAIRED_BY
CLM-004265,CUS-000749,FILED_BY
CLM-004265,DEV-000356,USES_DEVICE
CLM-004266,CUS-001029,FILED_BY
CLM-004266,DEV-002309,USES_DEVICE
CLM-004266,REP-000015,REPAIRED_BY
CLM-004267,CUS-000520,FILED_BY
CLM-004267,DEV-000561,USES_DEVICE
CLM-004268,CUS-002023,FILED_BY
CLM-004268,DEV-000401,USES_DEVICE
CLM-004268,REP-000476,REPAIRED_BY
CLM-004269,CUS-002887,FILED_BY
CLM-004269,DEV-001734,USES_DEVICE
CLM-004270,CUS-001543,FILED_BY
CLM-004270,DEV-002128,USES_DEVICE
CLM-004270,REP-000300,REPAIRED_BY
CLM-004271,CUS-002026,FILED_BY
CLM-004271,DEV-000627,USES_DEVICE
CLM-004271,REP-000319,REPAIRED_BY
CLM-004272,CUS-002497,FILED_BY
CLM-004272,DEV-002339,USES_DEVICE
CLM-004272,REP-000195,REPAIRED_BY
CLM-004273,CUS-001524,FILED_BY
CLM-004273,DEV-000326,USES_DEVICE
CLM-004274,CUS-000756,FILED_BY
CLM-004274,DEV-002121,USES_DEVICE
CLM-004274,REP-000511,REPAIRED_BY
CLM-004275,CUS-002448,FILED_BY
CLM-004275,DEV-000264,USES_DEVICE
CLM-004275,REP-000420,REPAIRED_BY
CLM-004276,CUS-000744,FILED_BY
CLM-004276,DEV-000205,USES_DEVICE
CLM-004276,REP-000608,REPAIRED_BY
CLM-004277,CUS-000512,FILED_BY
CLM-004277,DEV-002380,USES_DEVICE
CLM-004277,REP-000105,REPAIRED_BY
CLM-004278,CUS-002243,FILED_BY
CLM-004278,DEV-001304,USES_DEVICE
CLM-004279,CUS-002365,FILED_BY
CLM-004279,DEV-002653,USES_DEVICE
CLM-004279,REP-000623,REPAIRED_BY
CLM-004280,CUS-002346,FILED_BY
CLM-004280,DEV-002019,USES_DEVICE
CLM-004280,REP-000467,REPAIRED_BY
CLM-004281,CUS-000137,FILED_BY
CLM-004281,DEV-000078,USES_DEVICE
CLM-004282,CUS-002535,FILED_BY
CLM-004282,DEV-000726,USES_DEVICE
CLM-004282,REP-000384,REPAIRED_BY
CLM-004283,CUS-000641,FILED_BY
CLM-004283,DEV-002030,USES_DEVICE
CLM-004283,REP-000020,REPAIRED_BY
CLM-004284,CUS-001882,FILED_BY
CLM-004284,DEV-002436,USES_DEVICE
CLM-004284,REP-000513,REPAIRED_BY
CLM-004285,CUS-002170,FILED_BY
CLM-004285,DEV-000585,USES_DEVICE
CLM-004285,REP-000056,REPAIRED_BY
CLM-004286,CUS-002544,FILED_BY
CLM-004286,DEV-001938,USES_DEVICE
CLM-004286,REP-000148,REPAIRED_BY
CLM-004287,CUS-001818,FILED_BY
CLM-004287,DEV-001448,USES_DEVICE
CLM-004287,REP-000121,REPAIRED_BY
CLM-004288,CUS-002756,FILED_BY
CLM-004288,DEV-001239,USES_DEVICE
CLM-004289,CUS-001671,FILED_BY
CLM-004289,DEV-001215,USES_DEVICE
CLM-004289,REP-000491,REPAIRED_BY
CLM-004290,CUS-002476,FILED_BY
CLM-004290,DEV-002839,USES_DEVICE
CLM-004290,REP-000491,REPAIRED_BY
CLM-004291,CUS-001686,FILED_BY
CLM-004291,DEV-002314,USES_DEVICE
CLM-004292,CUS-000072,FILED_BY
CLM-004292,DEV-002006,USES_DEVICE
CLM-004292,REP-000258,REPAIRED_BY
CLM-004293,CUS-002811,FILED_BY
CLM-004293,DEV-002819,USES_DEVICE
CLM-004293,REP-000181,REPAIRED_BY
CLM-004294,CUS-000257,FILED_BY
CLM-004294,DEV-001380,USES_DEVICE
CLM-004295,CUS-002885,FILED_BY
CLM-004295,DEV-002622,USES_DEVICE
CLM-004295,REP-000471,REPAIRED_BY
CLM-004296,CUS-001658,FILED_BY
CLM-004296,DEV-001760,USES_DEVICE
CLM-004296,REP-000110,REPAIRED_BY
CLM-004297,CUS-002444,FILED_BY
CLM-004297,DEV-001953,USES_DEVICE
CLM-004297,REP-000265,REPAIRED_BY
CLM-004298,CUS-002518,FILED_BY
CLM-004298,DEV-001336,USES_DEVICE
CLM-004298,REP-000468,REPAIRED_BY
CLM-004299,CUS-000021,FILED_BY
CLM-004299,DEV-002071,USES_DEVICE
CLM-004299,REP-000066,REPAIRED_BY
CLM-004300,CUS-002019,FILED_BY
CLM-004300,DEV-000277,USES_DEVICE
CLM-004300,REP-000131,REPAIRED_BY
CLM-004301,CUS-002496,FILED_BY
CLM-004301,DEV-002474,USES_DEVICE
CLM-004302,CUS-002299,FILED_BY
CLM-004302,DEV-000273,USES_DEVICE
CLM-004303,CUS-001187,FILED_BY
CLM-004303,DEV-002198,USES_DEVICE
CLM-004303,REP-000482,REPAIRED_BY
CLM-004304,CUS-002903,FILED_BY
CLM-004304,DEV-001781,USES_DEVICE
CLM-004304,REP-000140,REPAIRED_BY
CLM-004305,CUS-000559,FILED_BY
CLM-004305,DEV-001876,USES_DEVICE
CLM-004306,CUS-000633,FILED_BY
CLM-004306,DEV-001907,USES_DEVICE
CLM-004306,REP-000009,REPAIRED_BY
CLM-004307,CUS-000855,FILED_BY
CLM-004307,DEV-002962,USES_DEVICE
CLM-004307,REP-000211,REPAIRED_BY
CLM-004308,CUS-000568,FILED_BY
CLM-004308,DEV-001996,USES_DEVICE
CLM-004308,REP-000453,REPAIRED_BY
CLM-004309,CUS-000163,FILED_BY
CLM-004309,DEV-002603,USES_DEVICE
CLM-004309,REP-000018,REPAIRED_BY
CLM-004310,CUS-000060,FILED_BY
CLM-004310,DEV-002165,USES_DEVICE
CLM-004310,REP-000616,REPAIRED_BY
CLM-004311,CUS-000550,FILED_BY
CLM-004311,DEV-000937,USES_DEVICE
CLM-004312,CUS-002913,FILED_BY
CLM-004312,DEV-001329,USES_DEVICE
CLM-004313,CUS-000632,FILED_BY
CLM-004313,DEV-001235,USES_DEVICE
CLM-004314,CUS-002544,FILED_BY
CLM-004314,DEV-001938,USES_DEVICE
CLM-004315,CUS-001187,FILED_BY
CLM-004315,DEV-001692,USES_DEVICE
CLM-004316,CUS-000368,FILED_BY
CLM-004316,DEV-002322,USES_DEVICE
CLM-004316,REP-000100,REPAIRED_BY
CLM-004317,CUS-002890,FILED_BY
CLM-004317,DEV-002350,USES_DEVICE
CLM-004318,CUS-002337,FILED_BY
CLM-004318,DEV-000403,USES_DEVICE
CLM-004319,CUS-000873,FILED_BY
CLM-004319,DEV-002607,USES_DEVICE
CLM-004319,REP-000614,REPAIRED_BY
CLM-004320,CUS-001075,FILED_BY
CLM-004320,DEV-002951,USES_DEVICE
CLM-004320,REP-000018,REPAIRED_BY
CLM-004321,CUS-000048,FILED_BY
CLM-004321,DEV-000598,USES_DEVICE
CLM-004322,CUS-002885,FILED_BY
CLM-004322,DEV-000582,USES_DEVICE
CLM-004322,REP-000668,REPAIRED_BY
CLM-004323,CUS-001842,FILED_BY
CLM-004323,DEV-000420,USES_DEVICE
CLM-004323,REP-000309,REPAIRED_BY
CLM-004324,CUS-001917,FILED_BY
CLM-004324,DEV-001214,USES_DEVICE
CLM-004324,REP-000663,REPAIRED_BY
CLM-004325,CUS-002996,FILED_BY
CLM-004325,DEV-000507,USES_DEVICE
CLM-004326,CUS-000742,FILED_BY
CLM-004326,DEV-002358,USES_DEVICE
CLM-004327,CUS-000510,FILED_BY
CLM-004327,DEV-002797,USES_DEVICE
CLM-004328,CUS-002910,FILED_BY
CLM-004328,DEV-001830,USES_DEVICE
CLM-004329,CUS-000833,FILED_BY
CLM-004329,DEV-002654,USES_DEVICE
CLM-004329,REP-000067,REPAIRED_BY
CLM-004330,CUS-002863,FILED_BY
CLM-004330,DEV-001292,USES_DEVICE
CLM-004331,CUS-002127,FILED_BY
CLM-004331,DEV-001454,USES_DEVICE
CLM-004332,CUS-000824,FILED_BY
CLM-004332,DEV-002808,USES_DEVICE
CLM-004333,CUS-000593,FILED_BY
CLM-004333,DEV-002540,USES_DEVICE
CLM-004334,CUS-000440,FILED_BY
CLM-004334,DEV-000303,USES_DEVICE
CLM-004334,REP-000525,REPAIRED_BY
CLM-004335,CUS-002476,FILED_BY
CLM-004335,DEV-000146,USES_DEVICE
CLM-004335,REP-000197,REPAIRED_BY
CLM-004336,CUS-000762,FILED_BY
CLM-004336,DEV-000458,USES_DEVICE
CLM-004336,REP-000555,REPAIRED_BY
CLM-004337,CUS-002573,FILED_BY
CLM-004337,DEV-000483,USES_DEVICE
CLM-004338,CUS-000596,FILED_BY
CLM-004338,DEV-001354,USES_DEVICE
CLM-004339,CUS-000632,FILED_BY
CLM-004339,DEV-001235,USES_DEVICE
CLM-004339,REP-000528,REPAIRED_BY
CLM-004340,CUS-001138,FILED_BY
CLM-004340,DEV-001146,USES_DEVICE
CLM-004340,REP-000358,REPAIRED_BY
CLM-004341,CUS-001271,FILED_BY
CLM-004341,DEV-001178,USES_DEVICE
CLM-004341,REP-000357,REPAIRED_BY
CLM-004342,CUS-000087,FILED_BY
CLM-004342,DEV-000345,USES_DEVICE
CLM-004342,REP-000482,REPAIRED_BY
CLM-004343,CUS-002173,FILED_BY
CLM-004343,DEV-002855,USES_DEVICE
CLM-004343,REP-000083,REPAIRED_BY
CLM-004344,CUS-002205,FILED_BY
CLM-004344,DEV-001504,USES_DEVICE
CLM-004344,REP-000304,REPAIRED_BY
CLM-004345,CUS-001002,FILED_BY
CLM-004345,DEV-001677,USES_DEVICE
CLM-004346,CUS-002648,FILED_BY
CLM-004346,DEV-000252,USES_DEVICE
CLM-004347,CUS-001596,FILED_BY
CLM-004347,DEV-002265,USES_DEVICE
CLM-004347,REP-000077,REPAIRED_BY
CLM-004348,CUS-001768,FILED_BY
CLM-004348,DEV-000109,USES_DEVICE
CLM-004348,REP-000041,REPAIRED_BY
CLM-004349,CUS-000013,FILED_BY
CLM-004349,DEV-000456,USES_DEVICE
CLM-004350,CUS-001293,FILED_BY
CLM-004350,DEV-000730,USES_DEVICE
CLM-004350,REP-000355,REPAIRED_BY
CLM-004351,CUS-000982,FILED_BY
CLM-004351,DEV-000337,USES_DEVICE
CLM-004352,CUS-002065,FILED_BY
CLM-004352,DEV-001499,USES_DEVICE
CLM-004352,REP-000497,REPAIRED_BY
CLM-004353,CUS-002429,FILED_BY
CLM-004353,DEV-000880,USES_DEVICE
CLM-004354,CUS-001577,FILED_BY
CLM-004354,DEV-001267,USES_DEVICE
CLM-004355,CUS-002845,FILED_BY
CLM-004355,DEV-001279,USES_DEVICE
CLM-004356,CUS-001145,FILED_BY
CLM-004356,DEV-002008,USES_DEVICE
CLM-004356,REP-000583,REPAIRED_BY
CLM-004357,CUS-001398,FILED_BY
CLM-004357,DEV-002376,USES_DEVICE
CLM-004358,CUS-000520,FILED_BY
CLM-004358,DEV-000561,USES_DEVICE
CLM-004359,CUS-002428,FILED_BY
CLM-004359,DEV-000165,USES_DEVICE
CLM-004360,CUS-002082,FILED_BY
CLM-004360,DEV-001315,USES_DEVICE
CLM-004360,REP-000348,REPAIRED_BY
CLM-004361,CUS-000334,FILED_BY
CLM-004361,DEV-000761,USES_DEVICE
CLM-004362,CUS-002706,FILED_BY
CLM-004362,DEV-001031,USES_DEVICE
CLM-004362,REP-000599,REPAIRED_BY
CLM-004363,CUS-001423,FILED_BY
CLM-004363,DEV-002952,USES_DEVICE
CLM-004364,CUS-002996,FILED_BY
CLM-004364,DEV-001571,USES_DEVICE
CLM-004364,REP-000441,REPAIRED_BY
CLM-004365,CUS-000710,FILED_BY
CLM-004365,DEV-001964,USES_DEVICE
CLM-004365,REP-000426,REPAIRED_BY
CLM-004366,CUS-002336,FILED_BY
CLM-004366,DEV-000080,USES_DEVICE
CLM-004367,CUS-000637,FILED_BY
CLM-004367,DEV-002999,USES_DEVICE
CLM-004368,CUS-000654,FILED_BY
CLM-004368,DEV-002333,USES_DEVICE
CLM-004368,REP-000031,REPAIRED_BY
CLM-004369,CUS-002125,FILED_BY
CLM-004369,DEV-002941,USES_DEVICE
CLM-004370,CUS-002058,FILED_BY
CLM-004370,DEV-002314,USES_DEVICE
CLM-004370,REP-000528,REPAIRED_BY
CLM-004371,CUS-000369,FILED_BY
CLM-004371,DEV-001779,USES_DEVICE
CLM-004371,REP-000065,REPAIRED_BY
CLM-004372,CUS-001829,FILED_BY
CLM-004372,DEV-001740,USES_DEVICE
CLM-004372,REP-000055,REPAIRED_BY
CLM-004373,CUS-000506,FILED_BY
CLM-004373,DEV-000656,USES_DEVICE
CLM-004373,REP-000635,REPAIRED_BY
CLM-004374,CUS-002996,FILED_BY
CLM-004374,DEV-001784,USES_DEVICE
CLM-004375,CUS-000345,FILED_BY
CLM-004375,DEV-000535,USES_DEVICE
CLM-004375,REP-000001,REPAIRED_BY
CLM-004376,CUS-000876,FILED_BY
CLM-004376,DEV-002601,USES_DEVICE
CLM-004377,CUS-000826,FILED_BY
CLM-004377,DEV-000932,USES_DEVICE
CLM-004377,REP-000665,REPAIRED_BY
CLM-004378,CUS-001318,FILED_BY
CLM-004378,DEV-000447,USES_DEVICE
CLM-004379,CUS-001600,FILED_BY
CLM-004379,DEV-002819,USES_DEVICE
CLM-004380,CUS-001892,FILED_BY
CLM-004380,DEV-001293,USES_DEVICE
CLM-004380,REP-000386,REPAIRED_BY
CLM-004381,CUS-001905,FILED_BY
CLM-004381,DEV-002223,USES_DEVICE
CLM-004381,REP-000054,REPAIRED_BY
CLM-004382,CUS-000239,FILED_BY
CLM-004382,DEV-000729,USES_DEVICE
CLM-004382,REP-000016,REPAIRED_BY
CLM-004383,CUS-002419,FILED_BY
CLM-004383,DEV-002638,USES_DEVICE
CLM-004383,REP-000651,REPAIRED_BY
CLM-004384,CUS-000230,FILED_BY
CLM-004384,DEV-002796,USES_DEVICE
CLM-004384,REP-000356,REPAIRED_BY
CLM-004385,CUS-002729,FILED_BY
CLM-004385,DEV-002476,USES_DEVICE
CLM-004386,CUS-001508,FILED_BY
CLM-004386,DEV-000782,USES_DEVICE
CLM-004386,REP-000339,REPAIRED_BY
CLM-004387,CUS-000066,FILED_BY
CLM-004387,DEV-000289,USES_DEVICE
CLM-004387,REP-000131,REPAIRED_BY
CLM-004388,CUS-001580,FILED_BY
CLM-004388,DEV-001529,USES_DEVICE
CLM-004389,CUS-000813,FILED_BY
CLM-004389,DEV-002894,USES_DEVICE
CLM-004389,REP-000085,REPAIRED_BY
CLM-004390,CUS-002850,FILED_BY
CLM-004390,DEV-000461,USES_DEVICE
CLM-004390,REP-000068,REPAIRED_BY
CLM-004391,CUS-001371,FILED_BY
CLM-004391,DEV-000105,USES_DEVICE
CLM-004391,REP-000312,REPAIRED_BY
CLM-004392,CUS-001399,FILED_BY
CLM-004392,DEV-000258,USES_DEVICE
CLM-004393,CUS-002801,FILED_BY
CLM-004393,DEV-001238,USES_DEVICE
CLM-004393,REP-000243,REPAIRED_BY
CLM-004394,CUS-002506,FILED_BY
CLM-004394,DEV-001917,USES_DEVICE
CLM-004395,CUS-001231,FILED_BY
CLM-004395,DEV-000700,USES_DEVICE
CLM-004395,REP-000517,REPAIRED_BY
CLM-004396,CUS-000736,FILED_BY
CLM-004396,DEV-001668,USES_DEVICE
CLM-004396,REP-000097,REPAIRED_BY
CLM-004397,CUS-002231,FILED_BY
CLM-004397,DEV-001090,USES_DEVICE
CLM-004397,REP-000314,REPAIRED_BY
CLM-004398,CUS-001513,FILED_BY
CLM-004398,DEV-002266,USES_DEVICE
CLM-004399,CUS-001110,FILED_BY
CLM-004399,DEV-001401,USES_DEVICE
CLM-004400,CUS-001196,FILED_BY
CLM-004400,DEV-001200,USES_DEVICE
CLM-004401,CUS-000149,FILED_BY
CLM-004401,DEV-002465,USES_DEVICE
CLM-004401,REP-000053,REPAIRED_BY
CLM-004402,CUS-002805,FILED_BY
CLM-004402,DEV-002812,USES_DEVICE
CLM-004402,REP-000357,REPAIRED_BY
CLM-004403,CUS-001633,FILED_BY
CLM-004403,DEV-002195,USES_DEVICE
CLM-004403,REP-000595,REPAIRED_BY
CLM-004404,CUS-002159,FILED_BY
CLM-004404,DEV-002937,USES_DEVICE
CLM-004405,CUS-000123,FILED_BY
CLM-004405,DEV-002717,USES_DEVICE
CLM-004405,REP-000407,REPAIRED_BY
CLM-004406,CUS-001048,FILED_BY
CLM-004406,DEV-001990,USES_DEVICE
CLM-004406,REP-000212,REPAIRED_BY
CLM-004407,CUS-002023,FILED_BY
CLM-004407,DEV-000317,USES_DEVICE
CLM-004408,CUS-002967,FILED_BY
CLM-004408,DEV-000820,USES_DEVICE
CLM-004409,CUS-002089,FILED_BY
CLM-004409,DEV-002951,USES_DEVICE
CLM-004409,REP-000100,REPAIRED_BY
CLM-004410,CUS-000603,FILED_BY
CLM-004410,DEV-000483,USES_DEVICE
CLM-004410,REP-000140,REPAIRED_BY
CLM-004411,CUS-001174,FILED_BY
CLM-004411,DEV-000608,USES_DEVICE
CLM-004411,REP-000440,REPAIRED_BY
CLM-004412,CUS-001427,FILED_BY
CLM-004412,DEV-002443,USES_DEVICE
CLM-004412,REP-000446,REPAIRED_BY
CLM-004413,CUS-001858,FILED_BY
CLM-004413,DEV-000695,USES_DEVICE
CLM-004413,REP-000574,REPAIRED_BY
CLM-004414,CUS-000915,FILED_BY
CLM-004414,DEV-001589,USES_DEVICE
CLM-004415,CUS-000307,FILED_BY
CLM-004415,DEV-002774,USES_DEVICE
CLM-004416,CUS-002822,FILED_BY
CLM-004416,DEV-002377,USES_DEVICE
CLM-004416,REP-000010,REPAIRED_BY
CLM-004417,CUS-002320,FILED_BY
CLM-004417,DEV-002377,USES_DEVICE
CLM-004418,CUS-001612,FILED_BY
CLM-004418,DEV-001840,USES_DEVICE
CLM-004418,REP-000092,REPAIRED_BY
CLM-004419,CUS-001965,FILED_BY
CLM-004419,DEV-002977,USES_DEVICE
CLM-004419,REP-000417,REPAIRED_BY
CLM-004420,CUS-001873,FILED_BY
CLM-004420,DEV-002999,USES_DEVICE
CLM-004420,REP-000399,REPAIRED_BY
CLM-004421,CUS-000475,FILED_BY
CLM-004421,DEV-000747,USES_DEVICE
CLM-004422,CUS-000776,FILED_BY
CLM-004422,DEV-002625,USES_DEVICE
CLM-004422,REP-000686,REPAIRED_BY
CLM-004423,CUS-001200,FILED_BY
CLM-004423,DEV-001095,USES_DEVICE
CLM-004424,CUS-000067,FILED_BY
CLM-004424,DEV-002077,USES_DEVICE
CLM-004425,CUS-001687,FILED_BY
CLM-004425,DEV-001774,USES_DEVICE
CLM-004426,CUS-002532,FILED_BY
CLM-004426,DEV-002085,USES_DEVICE
CLM-004426,REP-000086,REPAIRED_BY
CLM-004427,CUS-002942,FILED_BY
CLM-004427,DEV-000864,USES_DEVICE
CLM-004427,REP-000253,REPAIRED_BY
CLM-004428,CUS-002306,FILED_BY
CLM-004428,DEV-000291,USES_DEVICE
CLM-004428,REP-000065,REPAIRED_BY
CLM-004429,CUS-002949,FILED_BY
CLM-004429,DEV-001905,USES_DEVICE
CLM-004429,REP-000613,REPAIRED_BY
CLM-004430,CUS-000469,FILED_BY
CLM-004430,DEV-000494,USES_DEVICE
CLM-004430,REP-000356,REPAIRED_BY
CLM-004431,CUS-002686,FILED_BY
CLM-004431,DEV-001487,USES_DEVICE
CLM-004431,REP-000633,REPAIRED_BY
CLM-004432,CUS-002506,FILED_BY
CLM-004432,DEV-001740,USES_DEVICE
CLM-004432,REP-000022,REPAIRED_BY
CLM-004433,CUS-000776,FILED_BY
CLM-004433,DEV-002862,USES_DEVICE
CLM-004434,CUS-000799,FILED_BY
CLM-004434,DEV-001761,USES_DEVICE
CLM-004434,REP-000151,REPAIRED_BY
CLM-004435,CUS-000887,FILED_BY
CLM-004435,DEV-001273,USES_DEVICE
CLM-004436,CUS-000036,FILED_BY
CLM-004436,DEV-001658,USES_DEVICE
CLM-004436,REP-000663,REPAIRED_BY
CLM-004437,CUS-000788,FILED_BY
CLM-004437,DEV-002901,USES_DEVICE
CLM-004437,REP-000336,REPAIRED_BY
CLM-004438,CUS-002733,FILED_BY
CLM-004438,DEV-001286,USES_DEVICE
CLM-004439,CUS-002965,FILED_BY
CLM-004439,DEV-001600,USES_DEVICE
CLM-004439,REP-000130,REPAIRED_BY
CLM-004440,CUS-002677,FILED_BY
CLM-004440,DEV-002803,USES_DEVICE
CLM-004441,CUS-001848,FILED_BY
CLM-004441,DEV-001760,USES_DEVICE
CLM-004442,CUS-001231,FILED_BY
CLM-004442,DEV-002650,USES_DEVICE
CLM-004442,REP-000414,REPAIRED_BY
CLM-004443,CUS-002347,FILED_BY
CLM-004443,DEV-002192,USES_DEVICE
CLM-004443,REP-000059,REPAIRED_BY
CLM-004444,CUS-002045,FILED_BY
CLM-004444,DEV-000177,USES_DEVICE
CLM-004444,REP-000119,REPAIRED_BY
CLM-004445,CUS-000221,FILED_BY
CLM-004445,DEV-002971,USES_DEVICE
CLM-004445,REP-000635,REPAIRED_BY
CLM-004446,CUS-002826,FILED_BY
CLM-004446,DEV-000637,USES_DEVICE
CLM-004446,REP-000294,REPAIRED_BY
CLM-004447,CUS-000313,FILED_BY
CLM-004447,DEV-001274,USES_DEVICE
CLM-004447,REP-000413,REPAIRED_BY
CLM-004448,CUS-002792,FILED_BY
CLM-004448,DEV-001604,USES_DEVICE
CLM-004448,REP-000164,REPAIRED_BY
CLM-004449,CUS-000430,FILED_BY
CLM-004449,DEV-002567,USES_DEVICE
CLM-004450,CUS-002611,FILED_BY
CLM-004450,DEV-000858,USES_DEVICE
CLM-004450,REP-000136,REPAIRED_BY
CLM-004451,CUS-002366,FILED_BY
CLM-004451,DEV-002380,USES_DEVICE
CLM-004451,REP-000319,REPAIRED_BY
CLM-004452,CUS-001432,FILED_BY
CLM-004452,DEV-000453,USES_DEVICE
CLM-004452,REP-000320,REPAIRED_BY
CLM-004453,CUS-000475,FILED_BY
CLM-004453,DEV-001544,USES_DEVICE
CLM-004453,REP-000054,REPAIRED_BY
CLM-004454,CUS-001575,FILED_BY
CLM-004454,DEV-002112,USES_DEVICE
CLM-004455,CUS-002952,FILED_BY
CLM-004455,DEV-000651,USES_DEVICE
CLM-004456,CUS-002610,FILED_BY
CLM-004456,DEV-001243,USES_DEVICE
CLM-004457,CUS-000207,FILED_BY
CLM-004457,DEV-002011,USES_DEVICE
CLM-004457,REP-000550,REPAIRED_BY
CLM-004458,CUS-002910,FILED_BY
CLM-004458,DEV-000628,USES_DEVICE
CLM-004458,REP-000179,REPAIRED_BY
CLM-004459,CUS-001491,FILED_BY
CLM-004459,DEV-002310,USES_DEVICE
CLM-004459,REP-000666,REPAIRED_BY
CLM-004460,CUS-002004,FILED_BY
CLM-004460,DEV-001512,USES_DEVICE
CLM-004461,CUS-001025,FILED_BY
CLM-004461,DEV-001047,USES_DEVICE
CLM-004461,REP-000680,REPAIRED_BY
CLM-004462,CUS-000518,FILED_BY
CLM-004462,DEV-002045,USES_DEVICE
CLM-004462,REP-000021,REPAIRED_BY
CLM-004463,CUS-001915,FILED_BY
CLM-004463,DEV-001448,USES_DEVICE
CLM-004463,REP-000606,REPAIRED_BY
CLM-004464,CUS-001009,FILED_BY
CLM-004464,DEV-000626,USES_DEVICE
CLM-004465,CUS-002895,FILED_BY
CLM-004465,DEV-001717,USES_DEVICE
CLM-004466,CUS-000604,FILED_BY
CLM-004466,DEV-002622,USES_DEVICE
CLM-004467,CUS-002303,FILED_BY
CLM-004467,DEV-000611,USES_DEVICE
CLM-004467,REP-000602,REPAIRED_BY
CLM-004468,CUS-000201,FILED_BY
CLM-004468,DEV-002938,USES_DEVICE
CLM-004469,CUS-002040,FILED_BY
CLM-004469,DEV-000011,USES_DEVICE
CLM-004470,CUS-002873,FILED_BY
CLM-004470,DEV-000095,USES_DEVICE
CLM-004470,REP-000295,REPAIRED_BY
CLM-004471,CUS-002999,FILED_BY
CLM-004471,DEV-002387,USES_DEVICE
CLM-004471,REP-000687,REPAIRED_BY
CLM-004472,CUS-001981,FILED_BY
CLM-004472,DEV-002378,USES_DEVICE
CLM-004472,REP-000199,REPAIRED_BY
CLM-004473,CUS-001402,FILED_BY
CLM-004473,DEV-001826,USES_DEVICE
CLM-004473,REP-000088,REPAIRED_BY
CLM-004474,CUS-002322,FILED_BY
CLM-004474,DEV-000588,USES_DEVICE
CLM-004475,CUS-001254,FILED_BY
CLM-004475,DEV-002246,USES_DEVICE
CLM-004475,REP-000393,REPAIRED_BY
CLM-004476,CUS-000518,FILED_BY
CLM-004476,DEV-001126,USES_DEVICE
CLM-004477,CUS-002739,FILED_BY
CLM-004477,DEV-000938,USES_DEVICE
CLM-004477,REP-000091,REPAIRED_BY
CLM-004478,CUS-000717,FILED_BY
CLM-004478,DEV-001559,USES_DEVICE
CLM-004479,CUS-001065,FILED_BY
CLM-004479,DEV-000706,USES_DEVICE
CLM-004480,CUS-002472,FILED_BY
CLM-004480,DEV-001105,USES_DEVICE
CLM-004480,REP-000463,REPAIRED_BY
CLM-004481,CUS-002362,FILED_BY
CLM-004481,DEV-002683,USES_DEVICE
CLM-004481,REP-000638,REPAIRED_BY
CLM-004482,CUS-002952,FILED_BY
CLM-004482,DEV-002021,USES_DEVICE
CLM-004482,REP-000425,REPAIRED_BY
CLM-004483,CUS-002224,FILED_BY
CLM-004483,DEV-001740,USES_DEVICE
CLM-004483,REP-000324,REPAIRED_BY
CLM-004484,CUS-001227,FILED_BY
CLM-004484,DEV-000239,USES_DEVICE
CLM-004484,REP-000353,REPAIRED_BY
CLM-004485,CUS-000079,FILED_BY
CLM-004485,DEV-002295,USES_DEVICE
CLM-004485,REP-000215,REPAIRED_BY
CLM-004486,CUS-002177,FILED_BY
CLM-004486,DEV-002687,USES_DEVICE
CLM-004486,REP-000311,REPAIRED_BY
CLM-004487,CUS-001864,FILED_BY
CLM-004487,DEV-002497,USES_DEVICE
CLM-004487,REP-000642,REPAIRED_BY
CLM-004488,CUS-002209,FILED_BY
CLM-004488,DEV-000998,USES_DEVICE
CLM-004489,CUS-002443,FILED_BY
CLM-004489,DEV-002107,USES_DEVICE
CLM-004489,REP-000576,REPAIRED_BY
CLM-004490,CUS-001759,FILED_BY
CLM-004490,DEV-001001,USES_DEVICE
CLM-004491,CUS-001599,FILED_BY
CLM-004491,DEV-000048,USES_DEVICE
CLM-004492,CUS-001115,FILED_BY
CLM-004492,DEV-000213,USES_DEVICE
CLM-004492,REP-000272,REPAIRED_BY
CLM-004493,CUS-002809,FILED_BY
CLM-004493,DEV-000269,USES_DEVICE
CLM-004493,REP-000393,REPAIRED_BY
CLM-004494,CUS-001819,FILED_BY
CLM-004494,DEV-002977,USES_DEVICE
CLM-004494,REP-000483,REPAIRED_BY
CLM-004495,CUS-001676,FILED_BY
CLM-004495,DEV-002844,USES_DEVICE
CLM-004495,REP-000245,REPAIRED_BY
CLM-004496,CUS-001829,FILED_BY
CLM-004496,DEV-001740,USES_DEVICE
CLM-004496,REP-000676,REPAIRED_BY
CLM-004497,CUS-001863,FILED_BY
CLM-004497,DEV-001646,USES_DEVICE
CLM-004497,REP-000396,REPAIRED_BY
CLM-004498,CUS-001086,FILED_BY
CLM-004498,DEV-002858,USES_DEVICE
CLM-004498,REP-000028,REPAIRED_BY
CLM-004499,CUS-001295,FILED_BY
CLM-004499,DEV-001125,USES_DEVICE
CLM-004500,CUS-001851,FILED_BY
CLM-004500,DEV-000488,USES_DEVICE
CLM-004500,REP-000380,REPAIRED_BY
CLM-004501,CUS-002439,FILED_BY
CLM-004501,DEV-002027,USES_DEVICE
CLM-004501,REP-000377,REPAIRED_BY
CLM-004502,CUS-002885,FILED_BY
CLM-004502,DEV-000582,USES_DEVICE
CLM-004503,CUS-002180,FILED_BY
CLM-004503,DEV-002021,USES_DEVICE
CLM-004504,CUS-000965,FILED_BY
CLM-004504,DEV-001429,USES_DEVICE
CLM-004504,REP-000191,REPAIRED_BY
CLM-004505,CUS-001991,FILED_BY
CLM-004505,DEV-001637,USES_DEVICE
CLM-004505,REP-000400,REPAIRED_BY
CLM-004506,CUS-000980,FILED_BY
CLM-004506,DEV-001453,USES_DEVICE
CLM-004506,REP-000265,REPAIRED_BY
CLM-004507,CUS-000910,FILED_BY
CLM-004507,DEV-001451,USES_DEVICE
CLM-004507,REP-000170,REPAIRED_BY
CLM-004508,CUS-002213,FILED_BY
CLM-004508,DEV-001974,USES_DEVICE
CLM-004509,CUS-001170,FILED_BY
CLM-004509,DEV-001385,USES_DEVICE
CLM-004510,CUS-002172,FILED_BY
CLM-004510,DEV-002403,USES_DEVICE
CLM-004510,REP-000509,REPAIRED_BY
CLM-004511,CUS-000716,FILED_BY
CLM-004511,DEV-000441,USES_DEVICE
CLM-004512,CUS-002686,FILED_BY
CLM-004512,DEV-001423,USES_DEVICE
CLM-004512,REP-000505,REPAIRED_BY
CLM-004513,CUS-001635,FILED_BY
CLM-004513,DEV-002272,USES_DEVICE
CLM-004513,REP-000196,REPAIRED_BY
CLM-004514,CUS-001522,FILED_BY
CLM-004514,DEV-001990,USES_DEVICE
CLM-004514,REP-000694,REPAIRED_BY
CLM-004515,CUS-001927,FILED_BY
CLM-004515,DEV-001153,USES_DEVICE
CLM-004516,CUS-001287,FILED_BY
CLM-004516,DEV-002457,USES_DEVICE
CLM-004516,REP-000177,REPAIRED_BY
CLM-004517,CUS-000087,FILED_BY
CLM-004517,DEV-000345,USES_DEVICE
CLM-004517,REP-000652,REPAIRED_BY
CLM-004518,CUS-000267,FILED_BY
CLM-004518,DEV-002307,USES_DEVICE
CLM-004518,REP-000279,REPAIRED_BY
CLM-004519,CUS-001704,FILED_BY
CLM-004519,DEV-001805,USES_DEVICE
CLM-004519,REP-000498,REPAIRED_BY
CLM-004520,CUS-002390,FILED_BY
CLM-004520,DEV-002973,USES_DEVICE
CLM-004521,CUS-000804,FILED_BY
CLM-004521,DEV-002673,USES_DEVICE
CLM-004521,REP-000492,REPAIRED_BY
CLM-004522,CUS-001278,FILED_BY
CLM-004522,DEV-000783,USES_DEVICE
CLM-004522,REP-000205,REPAIRED_BY
CLM-004523,CUS-001831,FILED_BY
CLM-004523,DEV-000646,USES_DEVICE
CLM-004523,REP-000025,REPAIRED_BY
CLM-004524,CUS-002926,FILED_BY
CLM-004524,DEV-001179,USES_DEVICE
CLM-004524,REP-000589,REPAIRED_BY
CLM-004525,CUS-002850,FILED_BY
CLM-004525,DEV-000461,USES_DEVICE
CLM-004526,CUS-001750,FILED_BY
CLM-004526,DEV-001692,USES_DEVICE
CLM-004526,REP-000269,REPAIRED_BY
CLM-004527,CUS-000850,FILED_BY
CLM-004527,DEV-002226,USES_DEVICE
CLM-004528,CUS-001990,FILED_BY
CLM-004528,DEV-001373,USES_DEVICE
CLM-004528,REP-000005,REPAIRED_BY
CLM-004529,CUS-001227,FILED_BY
CLM-004529,DEV-000239,USES_DEVICE
CLM-004530,CUS-000171,FILED_BY
CLM-004530,DEV-002064,USES_DEVICE
CLM-004530,REP-000017,REPAIRED_BY
CLM-004531,CUS-001951,FILED_BY
CLM-004531,DEV-002237,USES_DEVICE
CLM-004532,CUS-002878,FILED_BY
CLM-004532,DEV-002696,USES_DEVICE
CLM-004533,CUS-002239,FILED_BY
CLM-004533,DEV-002144,USES_DEVICE
CLM-004533,REP-000462,REPAIRED_BY
CLM-004534,CUS-002019,FILED_BY
CLM-004534,DEV-000277,USES_DEVICE
CLM-004534,REP-000418,REPAIRED_BY
CLM-004535,CUS-002539,FILED_BY
CLM-004535,DEV-000183,USES_DEVICE
CLM-004536,CUS-002210,FILED_BY
CLM-004536,DEV-001200,USES_DEVICE
CLM-004537,CUS-000554,FILED_BY
CLM-004537,DEV-000093,USES_DEVICE
CLM-004537,REP-000225,REPAIRED_BY
CLM-004538,CUS-002495,FILED_BY
CLM-004538,DEV-002950,USES_DEVICE
CLM-004539,CUS-000748,FILED_BY
CLM-004539,DEV-002186,USES_DEVICE
CLM-004539,REP-000377,REPAIRED_BY
CLM-004540,CUS-002526,FILED_BY
CLM-004540,DEV-002901,USES_DEVICE
CLM-004540,REP-000613,REPAIRED_BY
CLM-004541,CUS-002823,FILED_BY
CLM-004541,DEV-001729,USES_DEVICE
CLM-004541,REP-000306,REPAIRED_BY
CLM-004542,CUS-001802,FILED_BY
CLM-004542,DEV-002613,USES_DEVICE
CLM-004542,REP-000148,REPAIRED_BY
CLM-004543,CUS-000329,FILED_BY
CLM-004543,DEV-001854,USES_DEVICE
CLM-004543,REP-000449,REPAIRED_BY
CLM-004544,CUS-000813,FILED_BY
CLM-004544,DEV-001559,USES_DEVICE
CLM-004544,REP-000456,REPAIRED_BY
CLM-004545,CUS-002595,FILED_BY
CLM-004545,DEV-000659,USES_DEVICE
CLM-004546,CUS-000158,FILED_BY
CLM-004546,DEV-002733,USES_DEVICE
CLM-004546,REP-000282,REPAIRED_BY
CLM-004547,CUS-000161,FILED_BY
CLM-004547,DEV-001824,USES_DEVICE
CLM-004547,REP-000319,REPAIRED_BY
CLM-004548,CUS-001808,FILED_BY
CLM-004548,DEV-001291,USES_DEVICE
CLM-004548,REP-000435,REPAIRED_BY
CLM-004549,CUS-002832,FILED_BY
CLM-004549,DEV-002097,USES_DEVICE
CLM-004549,REP-000218,REPAIRED_BY
CLM-004550,CUS-000610,FILED_BY
CLM-004550,DEV-000362,USES_DEVICE
CLM-004550,REP-000028,REPAIRED_BY
CLM-004551,CUS-001301,FILED_BY
CLM-004551,DEV-002893,USES_DEVICE
CLM-004551,REP-000699,REPAIRED_BY
CLM-004552,CUS-000964,FILED_BY
CLM-004552,DEV-001695,USES_DEVICE
CLM-004553,CUS-000058,FILED_BY
CLM-004553,DEV-002080,USES_DEVICE
CLM-004553,REP-000570,REPAIRED_BY
CLM-004554,CUS-001557,FILED_BY
CLM-004554,DEV-001024,USES_DEVICE
CLM-004554,REP-000400,REPAIRED_BY
CLM-004555,CUS-002437,FILED_BY
CLM-004555,DEV-002496,USES_DEVICE
CLM-004556,CUS-002804,FILED_BY
CLM-004556,DEV-002711,USES_DEVICE
CLM-004557,CUS-000379,FILED_BY
CLM-004557,DEV-002505,USES_DEVICE
CLM-004557,REP-000229,REPAIRED_BY
CLM-004558,CUS-001552,FILED_BY
CLM-004558,DEV-002509,USES_DEVICE
CLM-004558,REP-000034,REPAIRED_BY
CLM-004559,CUS-000615,FILED_BY
CLM-004559,DEV-002335,USES_DEVICE
CLM-004559,REP-000193,REPAIRED_BY
CLM-004560,CUS-001442,FILED_BY
CLM-004560,DEV-001282,USES_DEVICE
CLM-004561,CUS-001700,FILED_BY
CLM-004561,DEV-001720,USES_DEVICE
CLM-004562,CUS-000238,FILED_BY
CLM-004562,DEV-001058,USES_DEVICE
CLM-004562,REP-000074,REPAIRED_BY
CLM-004563,CUS-002173,FILED_BY
CLM-004563,DEV-000136,USES_DEVICE
CLM-004564,CUS-002515,FILED_BY
CLM-004564,DEV-000334,USES_DEVICE
CLM-004564,REP-000085,REPAIRED_BY
CLM-004565,CUS-001762,FILED_BY
CLM-004565,DEV-001888,USES_DEVICE
CLM-004565,REP-000137,REPAIRED_BY
CLM-004566,CUS-002776,FILED_BY
CLM-004566,DEV-001305,USES_DEVICE
CLM-004567,CUS-002569,FILED_BY
CLM-004567,DEV-002203,USES_DEVICE
CLM-004568,CUS-000868,FILED_BY
CLM-004568,DEV-000438,USES_DEVICE
CLM-004569,CUS-002930,FILED_BY
CLM-004569,DEV-000348,USES_DEVICE
CLM-004569,REP-000659,REPAIRED_BY
CLM-004570,CUS-000870,FILED_BY
CLM-004570,DEV-002303,USES_DEVICE
CLM-004570,REP-000291,REPAIRED_BY
CLM-004571,CUS-000191,FILED_BY
CLM-004571,DEV-002472,USES_DEVICE
CLM-004572,CUS-002092,FILED_BY
CLM-004572,DEV-001328,USES_DEVICE
CLM-004572,REP-000575,REPAIRED_BY
CLM-004573,CUS-002024,FILED_BY
CLM-004573,DEV-002339,USES_DEVICE
CLM-004573,REP-000157,REPAIRED_BY
CLM-004574,CUS-001145,FILED_BY
CLM-004574,DEV-001125,USES_DEVICE
CLM-004575,CUS-001086,FILED_BY
CLM-004575,DEV-000572,USES_DEVICE
CLM-004576,CUS-002689,FILED_BY
CLM-004576,DEV-000534,USES_DEVICE
CLM-004576,REP-000261,REPAIRED_BY
CLM-004577,CUS-001440,FILED_BY
CLM-004577,DEV-002807,USES_DEVICE
CLM-004577,REP-000432,REPAIRED_BY
CLM-004578,CUS-002025,FILED_BY
CLM-004578,DEV-000465,USES_DEVICE
CLM-004578,REP-000300,REPAIRED_BY
CLM-004579,CUS-000331,FILED_BY
CLM-004579,DEV-000080,USES_DEVICE
CLM-004580,CUS-001455,FILED_BY
CLM-004580,DEV-001110,USES_DEVICE
CLM-004581,CUS-002107,FILED_BY
CLM-004581,DEV-001915,USES_DEVICE
CLM-004581,REP-000673,REPAIRED_BY
CLM-004582,CUS-001689,FILED_BY
CLM-004582,DEV-002234,USES_DEVICE
CLM-004582,REP-000156,REPAIRED_BY
CLM-004583,CUS-001771,FILED_BY
CLM-004583,DEV-002772,USES_DEVICE
CLM-004583,REP-000555,REPAIRED_BY
CLM-004584,CUS-001207,FILED_BY
CLM-004584,DEV-001682,USES_DEVICE
CLM-004584,REP-000318,REPAIRED_BY
CLM-004585,CUS-000656,FILED_BY
CLM-004585,DEV-002807,USES_DEVICE
CLM-004585,REP-000089,REPAIRED_BY
CLM-004586,CUS-002615,FILED_BY
CLM-004586,DEV-002405,USES_DEVICE
CLM-004586,REP-000681,REPAIRED_BY
CLM-004587,CUS-001045,FILED_BY
CLM-004587,DEV-001876,USES_DEVICE
CLM-004587,REP-000528,REPAIRED_BY
CLM-004588,CUS-000178,FILED_BY
CLM-004588,DEV-001046,USES_DEVICE
CLM-004589,CUS-000596,FILED_BY
CLM-004589,DEV-002679,USES_DEVICE
CLM-004589,REP-000513,REPAIRED_BY
CLM-004590,CUS-002163,FILED_BY
CLM-004590,DEV-002436,USES_DEVICE
CLM-004590,REP-000640,REPAIRED_BY
CLM-004591,CUS-001056,FILED_BY
CLM-004591,DEV-000036,USES_DEVICE
CLM-004592,CUS-001610,FILED_BY
CLM-004592,DEV-001749,USES_DEVICE
CLM-004593,CUS-001377,FILED_BY
CLM-004593,DEV-001181,USES_DEVICE
CLM-004593,REP-000475,REPAIRED_BY
CLM-004594,CUS-000464,FILED_BY
CLM-004594,DEV-002738,USES_DEVICE
CLM-004595,CUS-001800,FILED_BY
CLM-004595,DEV-000528,USES_DEVICE
CLM-004596,CUS-001187,FILED_BY
CLM-004596,DEV-002198,USES_DEVICE
CLM-004596,REP-000457,REPAIRED_BY
CLM-004597,CUS-000349,FILED_BY
CLM-004597,DEV-001853,USES_DEVICE
CLM-004598,CUS-000505,FILED_BY
CLM-004598,DEV-000215,USES_DEVICE
CLM-004599,CUS-000712,FILED_BY
CLM-004599,DEV-000569,USES_DEVICE
CLM-004599,REP-000025,REPAIRED_BY
CLM-004600,CUS-002444,FILED_BY
CLM-004600,DEV-002021,USES_DEVICE
CLM-004600,REP-000117,REPAIRED_BY
CLM-004601,CUS-001069,FILED_BY
CLM-004601,DEV-001299,USES_DEVICE
CLM-004601,REP-000601,REPAIRED_BY
CLM-004602,CUS-000951,FILED_BY
CLM-004602,DEV-002446,USES_DEVICE
CLM-004603,CUS-002101,FILED_BY
CLM-004603,DEV-002835,USES_DEVICE
CLM-004604,CUS-000590,FILED_BY
CLM-004604,DEV-002468,USES_DEVICE
CLM-004605,CUS-001437,FILED_BY
CLM-004605,DEV-001895,USES_DEVICE
CLM-004605,REP-000234,REPAIRED_BY
CLM-004606,CUS-002295,FILED_BY
CLM-004606,DEV-001128,USES_DEVICE
CLM-004606,REP-000123,REPAIRED_BY
CLM-004607,CUS-001558,FILED_BY
CLM-004607,DEV-002402,USES_DEVICE
CLM-004608,CUS-002816,FILED_BY
CLM-004608,DEV-001009,USES_DEVICE
CLM-004609,CUS-000981,FILED_BY
CLM-004609,DEV-000663,USES_DEVICE
CLM-004609,REP-000564,REPAIRED_BY
CLM-004610,CUS-001432,FILED_BY
CLM-004610,DEV-000453,USES_DEVICE
CLM-004611,CUS-000919,FILED_BY
CLM-004611,DEV-002934,USES_DEVICE
CLM-004612,CUS-002899,FILED_BY
CLM-004612,DEV-002703,USES_DEVICE
CLM-004613,CUS-001978,FILED_BY
CLM-004613,DEV-002369,USES_DEVICE
CLM-004614,CUS-001976,FILED_BY
CLM-004614,DEV-001624,USES_DEVICE
CLM-004615,CUS-000804,FILED_BY
CLM-004615,DEV-002222,USES_DEVICE
CLM-004615,REP-000283,REPAIRED_BY
CLM-004616,CUS-000828,FILED_BY
CLM-004616,DEV-002600,USES_DEVICE
CLM-004616,REP-000266,REPAIRED_BY
CLM-004617,CUS-000079,FILED_BY
CLM-004617,DEV-001010,USES_DEVICE
CLM-004617,REP-000463,REPAIRED_BY
CLM-004618,CUS-002000,FILED_BY
CLM-004618,DEV-000835,USES_DEVICE
CLM-004618,REP-000020,REPAIRED_BY
CLM-004619,CUS-002208,FILED_BY
CLM-004619,DEV-000153,USES_DEVICE
CLM-004620,CUS-002581,FILED_BY
CLM-004620,DEV-001608,USES_DEVICE
CLM-004620,REP-000441,REPAIRED_BY
CLM-004621,CUS-002469,FILED_BY
CLM-004621,DEV-002059,USES_DEVICE
CLM-004621,REP-000060,REPAIRED_BY
CLM-004622,CUS-001319,FILED_BY
CLM-004622,DEV-000064,USES_DEVICE
CLM-004622,REP-000347,REPAIRED_BY
CLM-004623,CUS-000359,FILED_BY
CLM-004623,DEV-000531,USES_DEVICE
CLM-004624,CUS-001510,FILED_BY
CLM-004624,DEV-001540,USES_DEVICE
CLM-004625,CUS-000716,FILED_BY
CLM-004625,DEV-000441,USES_DEVICE
CLM-004625,REP-000029,REPAIRED_BY
CLM-004626,CUS-002513,FILED_BY
CLM-004626,DEV-000121,USES_DEVICE
CLM-004626,REP-000523,REPAIRED_BY
CLM-004627,CUS-001261,FILED_BY
CLM-004627,DEV-002661,USES_DEVICE
CLM-004628,CUS-001598,FILED_BY
CLM-004628,DEV-001238,USES_DEVICE
CLM-004628,REP-000301,REPAIRED_BY
CLM-004629,CUS-001936,FILED_BY
CLM-004629,DEV-001632,USES_DEVICE
CLM-004629,REP-000102,REPAIRED_BY
CLM-004630,CUS-001292,FILED_BY
CLM-004630,DEV-001148,USES_DEVICE
CLM-004631,CUS-001105,FILED_BY
CLM-004631,DEV-001880,USES_DEVICE
CLM-004631,REP-000285,REPAIRED_BY
CLM-004632,CUS-001218,FILED_BY
CLM-004632,DEV-000548,USES_DEVICE
CLM-004632,REP-000281,REPAIRED_BY
CLM-004633,CUS-000323,FILED_BY
CLM-004633,DEV-002209,USES_DEVICE
CLM-004634,CUS-002246,FILED_BY
CLM-004634,DEV-002762,USES_DEVICE
CLM-004634,REP-000555,REPAIRED_BY
CLM-004635,CUS-000943,FILED_BY
CLM-004635,DEV-001236,USES_DEVICE
CLM-004636,CUS-000760,FILED_BY
CLM-004636,DEV-001436,USES_DEVICE
CLM-004636,REP-000456,REPAIRED_BY
CLM-004637,CUS-001907,FILED_BY
CLM-004637,DEV-001330,USES_DEVICE
CLM-004637,REP-000139,REPAIRED_BY
CLM-004638,CUS-002766,FILED_BY
CLM-004638,DEV-002527,USES_DEVICE
CLM-004639,CUS-002948,FILED_BY
CLM-004639,DEV-001778,USES_DEVICE
CLM-004640,CUS-002987,FILED_BY
CLM-004640,DEV-000867,USES_DEVICE
CLM-004640,REP-000313,REPAIRED_BY
CLM-004641,CUS-001330,FILED_BY
CLM-004641,DEV-002878,USES_DEVICE
CLM-004641,REP-000238,REPAIRED_BY
CLM-004642,CUS-002397,FILED_BY
CLM-004642,DEV-002421,USES_DEVICE
CLM-004643,CUS-001196,FILED_BY
CLM-004643,DEV-001200,USES_DEVICE
CLM-004644,CUS-001403,FILED_BY
CLM-004644,DEV-001166,USES_DEVICE
CLM-004645,CUS-001951,FILED_BY
CLM-004645,DEV-001193,USES_DEVICE
CLM-004645,REP-000075,REPAIRED_BY
CLM-004646,CUS-002493,FILED_BY
CLM-004646,DEV-000132,USES_DEVICE
CLM-004646,REP-000636,REPAIRED_BY
CLM-004647,CUS-002921,FILED_BY
CLM-004647,DEV-002210,USES_DEVICE
CLM-004647,REP-000244,REPAIRED_BY
CLM-004648,CUS-002263,FILED_BY
CLM-004648,DEV-001842,USES_DEVICE
CLM-004648,REP-000279,REPAIRED_BY
CLM-004649,CUS-002623,FILED_BY
CLM-004649,DEV-002779,USES_DEVICE
CLM-004649,REP-000253,REPAIRED_BY
CLM-004650,CUS-002469,FILED_BY
CLM-004650,DEV-001351,USES_DEVICE
CLM-004650,REP-000122,REPAIRED_BY
CLM-004651,CUS-002709,FILED_BY
CLM-004651,DEV-001383,USES_DEVICE
CLM-004652,CUS-001765,FILED_BY
CLM-004652,DEV-002501,USES_DEVICE
CLM-004652,REP-000626,REPAIRED_BY
CLM-004653,CUS-000924,FILED_BY
CLM-004653,DEV-002259,USES_DEVICE
CLM-004654,CUS-000608,FILED_BY
CLM-004654,DEV-002014,USES_DEVICE
CLM-004654,REP-000147,REPAIRED_BY
CLM-004655,CUS-002885,FILED_BY
CLM-004655,DEV-000582,USES_DEVICE
CLM-004656,CUS-000239,FILED_BY
CLM-004656,DEV-001432,USES_DEVICE
CLM-004657,CUS-001694,FILED_BY
CLM-004657,DEV-000404,USES_DEVICE
CLM-004658,CUS-002142,FILED_BY
CLM-004658,DEV-000071,USES_DEVICE
CLM-004659,CUS-001162,FILED_BY
CLM-004659,DEV-000951,USES_DEVICE
CLM-004659,REP-000261,REPAIRED_BY
CLM-004660,CUS-000277,FILED_BY
CLM-004660,DEV-001441,USES_DEVICE
CLM-004660,REP-000195,REPAIRED_BY
CLM-004661,CUS-000754,FILED_BY
CLM-004661,DEV-000868,USES_DEVICE
CLM-004662,CUS-001974,FILED_BY
CLM-004662,DEV-000368,USES_DEVICE
CLM-004663,CUS-002327,FILED_BY
CLM-004663,DEV-000337,USES_DEVICE
CLM-004664,CUS-002725,FILED_BY
CLM-004664,DEV-000377,USES_DEVICE
CLM-004664,REP-000255,REPAIRED_BY
CLM-004665,CUS-002668,FILED_BY
CLM-004665,DEV-001179,USES_DEVICE
CLM-004666,CUS-000924,FILED_BY
CLM-004666,DEV-002808,USES_DEVICE
CLM-004666,REP-000423,REPAIRED_BY
CLM-004667,CUS-002954,FILED_BY
CLM-004667,DEV-000383,USES_DEVICE
CLM-004667,REP-000480,REPAIRED_BY
CLM-004668,CUS-002643,FILED_BY
CLM-004668,DEV-002165,USES_DEVICE
CLM-004668,REP-000603,REPAIRED_BY
CLM-004669,CUS-002606,FILED_BY
CLM-004669,DEV-000549,USES_DEVICE
CLM-004669,REP-000551,REPAIRED_BY
CLM-004670,CUS-002603,FILED_BY
CLM-004670,DEV-000445,USES_DEVICE
CLM-004670,REP-000159,REPAIRED_BY
CLM-004671,CUS-000125,FILED_BY
CLM-004671,DEV-000358,USES_DEVICE
CLM-004672,CUS-000616,FILED_BY
CLM-004672,DEV-001298,USES_DEVICE
CLM-004673,CUS-002396,FILED_BY
CLM-004673,DEV-002085,USES_DEVICE
CLM-004673,REP-000441,REPAIRED_BY
CLM-004674,CUS-000392,FILED_BY
CLM-004674,DEV-000352,USES_DEVICE
CLM-004675,CUS-001281,FILED_BY
CLM-004675,DEV-001892,USES_DEVICE
CLM-004676,CUS-001826,FILED_BY
CLM-004676,DEV-000478,USES_DEVICE
CLM-004677,CUS-002640,FILED_BY
CLM-004677,DEV-002447,USES_DEVICE
CLM-004677,REP-000452,REPAIRED_BY
CLM-004678,CUS-002910,FILED_BY
CLM-004678,DEV-001830,USES_DEVICE
CLM-004678,REP-000534,REPAIRED_BY
CLM-004679,CUS-000819,FILED_BY
CLM-004679,DEV-002917,USES_DEVICE
CLM-004680,CUS-001774,FILED_BY
CLM-004680,DEV-002815,USES_DEVICE
CLM-004680,REP-000133,REPAIRED_BY
CLM-004681,CUS-000241,FILED_BY
CLM-004681,DEV-002737,USES_DEVICE
CLM-004682,CUS-000338,FILED_BY
CLM-004682,DEV-000156,USES_DEVICE
CLM-004682,REP-000627,REPAIRED_BY
CLM-004683,CUS-001396,FILED_BY
CLM-004683,DEV-002369,USES_DEVICE
CLM-004684,CUS-002212,FILED_BY
CLM-004684,DEV-000160,USES_DEVICE
CLM-004685,CUS-001846,FILED_BY
CLM-004685,DEV-002896,USES_DEVICE
CLM-004685,REP-000094,REPAIRED_BY
CLM-004686,CUS-000512,FILED_BY
CLM-004686,DEV-000571,USES_DEVICE
CLM-004686,REP-000533,REPAIRED_BY
CLM-004687,CUS-001518,FILED_BY
CLM-004687,DEV-001443,USES_DEVICE
CLM-004687,REP-000700,REPAIRED_BY
CLM-004688,CUS-001076,FILED_BY
CLM-004688,DEV-002776,USES_DEVICE
CLM-004689,CUS-002055,FILED_BY
CLM-004689,DEV-002911,USES_DEVICE
CLM-004689,REP-000086,REPAIRED_BY
CLM-004690,CUS-001631,FILED_BY
CLM-004690,DEV-001492,USES_DEVICE
CLM-004690,REP-000356,REPAIRED_BY
CLM-004691,CUS-002608,FILED_BY
CLM-004691,DEV-000727,USES_DEVICE
CLM-004691,REP-000625,REPAIRED_BY
CLM-004692,CUS-000919,FILED_BY
CLM-004692,DEV-002934,USES_DEVICE
CLM-004692,REP-000583,REPAIRED_BY
CLM-004693,CUS-002185,FILED_BY
CLM-004693,DEV-001095,USES_DEVICE
CLM-004693,REP-000146,REPAIRED_BY
CLM-004694,CUS-002459,FILED_BY
CLM-004694,DEV-002731,USES_DEVICE
CLM-004695,CUS-000470,FILED_BY
CLM-004695,DEV-000838,USES_DEVICE
CLM-004696,CUS-000282,FILED_BY
CLM-004696,DEV-000792,USES_DEVICE
CLM-004696,REP-000319,REPAIRED_BY
CLM-004697,CUS-001277,FILED_BY
CLM-004697,DEV-002949,USES_DEVICE
CLM-004697,REP-000450,REPAIRED_BY
CLM-004698,CUS-000084,FILED_BY
CLM-004698,DEV-001398,USES_DEVICE
CLM-004698,REP-000689,REPAIRED_BY
CLM-004699,CUS-002874,FILED_BY
CLM-004699,DEV-001361,USES_DEVICE
CLM-004700,CUS-002224,FILED_BY
CLM-004700,DEV-001268,USES_DEVICE
CLM-004701,CUS-001056,FILED_BY
CLM-004701,DEV-000802,USES_DEVICE
CLM-004702,CUS-000998,FILED_BY
CLM-004702,DEV-000153,USES_DEVICE
CLM-004702,REP-000151,REPAIRED_BY
CLM-004703,CUS-002379,FILED_BY
CLM-004703,DEV-001251,USES_DEVICE
CLM-004703,REP-000232,REPAIRED_BY
CLM-004704,CUS-001778,FILED_BY
CLM-004704,DEV-001609,USES_DEVICE
CLM-004704,REP-000534,REPAIRED_BY
CLM-004705,CUS-000386,FILED_BY
CLM-004705,DEV-002270,USES_DEVICE
CLM-004706,CUS-001384,FILED_BY
CLM-004706,DEV-000367,USES_DEVICE
CLM-004707,CUS-000096,FILED_BY
CLM-004707,DEV-002315,USES_DEVICE
CLM-004708,CUS-000826,FILED_BY
CLM-004708,DEV-001753,USES_DEVICE
CLM-004708,REP-000025,REPAIRED_BY
CLM-004709,CUS-001215,FILED_BY
CLM-004709,DEV-002286,USES_DEVICE
CLM-004709,REP-000344,REPAIRED_BY
CLM-004710,CUS-002685,FILED_BY
CLM-004710,DEV-001989,USES_DEVICE
CLM-004710,REP-000094,REPAIRED_BY
CLM-004711,CUS-002686,FILED_BY
CLM-004711,DEV-001831,USES_DEVICE
CLM-004711,REP-000297,REPAIRED_BY
CLM-004712,CUS-002280,FILED_BY
CLM-004712,DEV-000305,USES_DEVICE
CLM-004713,CUS-000952,FILED_BY
CLM-004713,DEV-001487,USES_DEVICE
CLM-004713,REP-000586,REPAIRED_BY
CLM-004714,CUS-000308,FILED_BY
CLM-004714,DEV-001703,USES_DEVICE
CLM-004715,CUS-000729,FILED_BY
CLM-004715,DEV-002580,USES_DEVICE
CLM-004715,REP-000187,REPAIRED_BY
CLM-004716,CUS-001671,FILED_BY
CLM-004716,DEV-001759,USES_DEVICE
CLM-004717,CUS-002970,FILED_BY
CLM-004717,DEV-002453,USES_DEVICE
CLM-004717,REP-000594,REPAIRED_BY
CLM-004718,CUS-000710,FILED_BY
CLM-004718,DEV-001523,USES_DEVICE
CLM-004718,REP-000456,REPAIRED_BY
CLM-004719,CUS-000024,FILED_BY
CLM-004719,DEV-000970,USES_DEVICE
CLM-004720,CUS-000768,FILED_BY
CLM-004720,DEV-002912,USES_DEVICE
CLM-004720,REP-000470,REPAIRED_BY
CLM-004721,CUS-002944,FILED_BY
CLM-004721,DEV-000476,USES_DEVICE
CLM-004721,REP-000576,REPAIRED_BY
CLM-004722,CUS-002958,FILED_BY
CLM-004722,DEV-000894,USES_DEVICE
CLM-004722,REP-000069,REPAIRED_BY
CLM-004723,CUS-001398,FILED_BY
CLM-004723,DEV-002376,USES_DEVICE
CLM-004723,REP-000661,REPAIRED_BY
CLM-004724,CUS-001728,FILED_BY
CLM-004724,DEV-002805,USES_DEVICE
CLM-004725,CUS-002804,FILED_BY
CLM-004725,DEV-000090,USES_DEVICE
CLM-004725,REP-000602,REPAIRED_BY
CLM-004726,CUS-000172,FILED_BY
CLM-004726,DEV-002379,USES_DEVICE
CLM-004726,REP-000357,REPAIRED_BY
CLM-004727,CUS-000384,FILED_BY
CLM-004727,DEV-002807,USES_DEVICE
CLM-004728,CUS-000270,FILED_BY
CLM-004728,DEV-000381,USES_DEVICE
CLM-004728,REP-000618,REPAIRED_BY
CLM-004729,CUS-002394,FILED_BY
CLM-004729,DEV-002101,USES_DEVICE
CLM-004729,REP-000517,REPAIRED_BY
CLM-004730,CUS-001048,FILED_BY
CLM-004730,DEV-002250,USES_DEVICE
CLM-004730,REP-000475,REPAIRED_BY
CLM-004731,CUS-001347,FILED_BY
CLM-004731,DEV-000358,USES_DEVICE
CLM-004732,CUS-002616,FILED_BY
CLM-004732,DEV-002065,USES_DEVICE
CLM-004733,CUS-000884,FILED_BY
CLM-004733,DEV-000218,USES_DEVICE
CLM-004734,CUS-001667,FILED_BY
CLM-004734,DEV-002322,USES_DEVICE
CLM-004734,REP-000551,REPAIRED_BY
CLM-004735,CUS-000574,FILED_BY
CLM-004735,DEV-000197,USES_DEVICE
CLM-004735,REP-000460,REPAIRED_BY
CLM-004736,CUS-001804,FILED_BY
CLM-004736,DEV-002019,USES_DEVICE
CLM-004736,REP-000318,REPAIRED_BY
CLM-004737,CUS-000112,FILED_BY
CLM-004737,DEV-001802,USES_DEVICE
CLM-004738,CUS-002276,FILED_BY
CLM-004738,DEV-002320,USES_DEVICE
CLM-004739,CUS-000924,FILED_BY
CLM-004739,DEV-002344,USES_DEVICE
CLM-004739,REP-000278,REPAIRED_BY
CLM-004740,CUS-001400,FILED_BY
CLM-004740,DEV-000539,USES_DEVICE
CLM-004741,CUS-000165,FILED_BY
CLM-004741,DEV-002238,USES_DEVICE
CLM-004742,CUS-002911,FILED_BY
CLM-004742,DEV-002433,USES_DEVICE
CLM-004742,REP-000497,REPAIRED_BY
CLM-004743,CUS-000985,FILED_BY
CLM-004743,DEV-002308,USES_DEVICE
CLM-004743,REP-000409,REPAIRED_BY
CLM-004744,CUS-000852,FILED_BY
CLM-004744,DEV-002016,USES_DEVICE
CLM-004745,CUS-002723,FILED_BY
CLM-004745,DEV-000638,USES_DEVICE
CLM-004746,CUS-002686,FILED_BY
CLM-004746,DEV-001423,USES_DEVICE
CLM-004747,CUS-002846,FILED_BY
CLM-004747,DEV-000679,USES_DEVICE
CLM-004747,REP-000405,REPAIRED_BY
CLM-004748,CUS-001218,FILED_BY
CLM-004748,DEV-000135,USES_DEVICE
CLM-004748,REP-000135,REPAIRED_BY
CLM-004749,CUS-001755,FILED_BY
CLM-004749,DEV-001194,USES_DEVICE
CLM-004750,CUS-001513,FILED_BY
CLM-004750,DEV-002266,USES_DEVICE
CLM-004750,REP-000682,REPAIRED_BY
CLM-004751,CUS-001425,FILED_BY
CLM-004751,DEV-001476,USES_DEVICE
CLM-004751,REP-000458,REPAIRED_BY
CLM-004752,CUS-001669,FILED_BY
CLM-004752,DEV-000765,USES_DEVICE
CLM-004752,REP-000582,REPAIRED_BY
CLM-004753,CUS-001687,FILED_BY
CLM-004753,DEV-000718,USES_DEVICE
CLM-004754,CUS-002603,FILED_BY
CLM-004754,DEV-000445,USES_DEVICE
CLM-004754,REP-000397,REPAIRED_BY
CLM-004755,CUS-000959,FILED_BY
CLM-004755,DEV-002023,USES_DEVICE
CLM-004756,CUS-001894,FILED_BY
CLM-004756,DEV-001682,USES_DEVICE
CLM-004757,CUS-000352,FILED_BY
CLM-004757,DEV-000622,USES_DEVICE
CLM-004757,REP-000352,REPAIRED_BY
CLM-004758,CUS-001724,FILED_BY
CLM-004758,DEV-000241,USES_DEVICE
CLM-004758,REP-000614,REPAIRED_BY
CLM-004759,CUS-001147,FILED_BY
CLM-004759,DEV-002156,USES_DEVICE
CLM-004760,CUS-002804,FILED_BY
CLM-004760,DEV-002711,USES_DEVICE
CLM-004760,REP-000379,REPAIRED_BY
CLM-004761,CUS-002984,FILED_BY
CLM-004761,DEV-002368,USES_DEVICE
CLM-004761,REP-000218,REPAIRED_BY
CLM-004762,CUS-002948,FILED_BY
CLM-004762,DEV-001778,USES_DEVICE
CLM-004762,REP-000530,REPAIRED_BY
CLM-004763,CUS-001990,FILED_BY
CLM-004763,DEV-001373,USES_DEVICE
CLM-004763,REP-000050,REPAIRED_BY
CLM-004764,CUS-001536,FILED_BY
CLM-004764,DEV-002712,USES_DEVICE
CLM-004765,CUS-000581,FILED_BY
CLM-004765,DEV-000712,USES_DEVICE
CLM-004765,REP-000151,REPAIRED_BY
CLM-004766,CUS-001882,FILED_BY
CLM-004766,DEV-001969,USES_DEVICE
CLM-004767,CUS-002120,FILED_BY
CLM-004767,DEV-000820,USES_DEVICE
CLM-004767,REP-000346,REPAIRED_BY
CLM-004768,CUS-001569,FILED_BY
CLM-004768,DEV-001063,USES_DEVICE
CLM-004768,REP-000660,REPAIRED_BY
CLM-004769,CUS-001122,FILED_BY
CLM-004769,DEV-001232,USES_DEVICE
CLM-004770,CUS-001650,FILED_BY
CLM-004770,DEV-000932,USES_DEVICE
CLM-004771,CUS-001095,FILED_BY
CLM-004771,DEV-000225,USES_DEVICE
CLM-004772,CUS-001061,FILED_BY
CLM-004772,DEV-001577,USES_DEVICE
CLM-004773,CUS-000039,FILED_BY
CLM-004773,DEV-000179,USES_DEVICE
CLM-004774,CUS-001085,FILED_BY
CLM-004774,DEV-001610,USES_DEVICE
CLM-004774,REP-000004,REPAIRED_BY
CLM-004775,CUS-002299,FILED_BY
CLM-004775,DEV-000793,USES_DEVICE
CLM-004775,REP-000234,REPAIRED_BY
CLM-004776,CUS-001452,FILED_BY
CLM-004776,DEV-000503,USES_DEVICE
CLM-004777,CUS-001234,FILED_BY
CLM-004777,DEV-002580,USES_DEVICE
CLM-004778,CUS-002630,FILED_BY
CLM-004778,DEV-000340,USES_DEVICE
CLM-004778,REP-000246,REPAIRED_BY
CLM-004779,CUS-002735,FILED_BY
CLM-004779,DEV-000959,USES_DEVICE
CLM-004780,CUS-001723,FILED_BY
CLM-004780,DEV-002446,USES_DEVICE
CLM-004780,REP-000569,REPAIRED_BY
CLM-004781,CUS-001272,FILED_BY
CLM-004781,DEV-001671,USES_DEVICE
CLM-004782,CUS-000902,FILED_BY
CLM-004782,DEV-002923,USES_DEVICE
CLM-004782,REP-000676,REPAIRED_BY
CLM-004783,CUS-002443,FILED_BY
CLM-004783,DEV-000202,USES_DEVICE
CLM-004783,REP-000387,REPAIRED_BY
CLM-004784,CUS-002130,FILED_BY
CLM-004784,DEV-000498,USES_DEVICE
CLM-004785,CUS-000311,FILED_BY
CLM-004785,DEV-000392,USES_DEVICE
CLM-004785,REP-000509,REPAIRED_BY
CLM-004786,CUS-001842,FILED_BY
CLM-004786,DEV-002223,USES_DEVICE
CLM-004787,CUS-001403,FILED_BY
CLM-004787,DEV-000189,USES_DEVICE
CLM-004788,CUS-001170,FILED_BY
CLM-004788,DEV-001663,USES_DEVICE
CLM-004788,REP-000266,REPAIRED_BY
CLM-004789,CUS-002283,FILED_BY
CLM-004789,DEV-001377,USES_DEVICE
CLM-004789,REP-000194,REPAIRED_BY
CLM-004790,CUS-001880,FILED_BY
CLM-004790,DEV-000511,USES_DEVICE
CLM-004790,REP-000676,REPAIRED_BY
CLM-004791,CUS-001556,FILED_BY
CLM-004791,DEV-002728,USES_DEVICE
CLM-004791,REP-000122,REPAIRED_BY
CLM-004792,CUS-001525,FILED_BY
CLM-004792,DEV-000025,USES_DEVICE
CLM-004792,REP-000380,REPAIRED_BY
CLM-004793,CUS-001743,FILED_BY
CLM-004793,DEV-001089,USES_DEVICE
CLM-004793,REP-000129,REPAIRED_BY
CLM-004794,CUS-002255,FILED_BY
CLM-004794,DEV-002007,USES_DEVICE
CLM-004795,CUS-001318,FILED_BY
CLM-004795,DEV-001336,USES_DEVICE
CLM-004796,CUS-000995,FILED_BY
CLM-004796,DEV-001584,USES_DEVICE
CLM-004796,REP-000223,REPAIRED_BY
CLM-004797,CUS-000604,FILED_BY
CLM-004797,DEV-002622,USES_DEVICE
CLM-004798,CUS-002763,FILED_BY
CLM-004798,DEV-001558,USES_DEVICE
CLM-004798,REP-000545,REPAIRED_BY
CLM-004799,CUS-002685,FILED_BY
CLM-004799,DEV-001989,USES_DEVICE
CLM-004799,REP-000471,REPAIRED_BY
CLM-004800,CUS-001414,FILED_BY
CLM-004800,DEV-000136,USES_DEVICE
CLM-004800,REP-000312,REPAIRED_BY
CLM-004801,CUS-000281,FILED_BY
CLM-004801,DEV-000618,USES_DEVICE
CLM-004801,REP-000402,REPAIRED_BY
CLM-004802,CUS-001606,FILED_BY
CLM-004802,DEV-001723,USES_DEVICE
CLM-004802,REP-000358,REPAIRED_BY
CLM-004803,CUS-000059,FILED_BY
CLM-004803,DEV-000039,USES_DEVICE
CLM-004804,CUS-000013,FILED_BY
CLM-004804,DEV-000282,USES_DEVICE
CLM-004804,REP-000619,REPAIRED_BY
CLM-004805,CUS-002816,FILED_BY
CLM-004805,DEV-002381,USES_DEVICE
CLM-004805,REP-000383,REPAIRED_BY
CLM-004806,CUS-000864,FILED_BY
CLM-004806,DEV-000115,USES_DEVICE
CLM-004806,REP-000467,REPAIRED_BY
CLM-004807,CUS-000559,FILED_BY
CLM-004807,DEV-001876,USES_DEVICE
CLM-004807,REP-000540,REPAIRED_BY
CLM-004808,CUS-001702,FILED_BY
CLM-004808,DEV-002344,USES_DEVICE
CLM-004808,REP-000317,REPAIRED_BY
CLM-004809,CUS-002497,FILED_BY
CLM-004809,DEV-002761,USES_DEVICE
CLM-004809,REP-000512,REPAIRED_BY
CLM-004810,CUS-002843,FILED_BY
CLM-004810,DEV-000115,USES_DEVICE
CLM-004811,CUS-001577,FILED_BY
CLM-004811,DEV-002432,USES_DEVICE
CLM-004812,CUS-000449,FILED_BY
CLM-004812,DEV-001368,USES_DEVICE
CLM-004812,REP-000455,REPAIRED_BY
CLM-004813,CUS-001514,FILED_BY
CLM-004813,DEV-001937,USES_DEVICE
CLM-004813,REP-000606,REPAIRED_BY
CLM-004814,CUS-002924,FILED_BY
CLM-004814,DEV-000096,USES_DEVICE
CLM-004814,REP-000523,REPAIRED_BY
CLM-004815,CUS-002320,FILED_BY
CLM-004815,DEV-000024,USES_DEVICE
CLM-004816,CUS-001576,FILED_BY
CLM-004816,DEV-002391,USES_DEVICE
CLM-004817,CUS-002868,FILED_BY
CLM-004817,DEV-002911,USES_DEVICE
CLM-004818,CUS-002954,FILED_BY
CLM-004818,DEV-003000,USES_DEVICE
CLM-004818,REP-000490,REPAIRED_BY
CLM-004819,CUS-001121,FILED_BY
CLM-004819,DEV-001671,USES_DEVICE
CLM-004819,REP-000114,REPAIRED_BY
CLM-004820,CUS-002486,FILED_BY
CLM-004820,DEV-000749,USES_DEVICE
CLM-004820,REP-000045,REPAIRED_BY
CLM-004821,CUS-002881,FILED_BY
CLM-004821,DEV-002143,USES_DEVICE
CLM-004821,REP-000471,REPAIRED_BY
CLM-004822,CUS-000298,FILED_BY
CLM-004822,DEV-000088,USES_DEVICE
CLM-004822,REP-000488,REPAIRED_BY
CLM-004823,CUS-001712,FILED_BY
CLM-004823,DEV-001756,USES_DEVICE
CLM-004823,REP-000674,REPAIRED_BY
CLM-004824,CUS-002639,FILED_BY
CLM-004824,DEV-000150,USES_DEVICE
CLM-004825,CUS-000764,FILED_BY
CLM-004825,DEV-000748,USES_DEVICE
CLM-004826,CUS-002217,FILED_BY
CLM-004826,DEV-002581,USES_DEVICE
CLM-004826,REP-000115,REPAIRED_BY
CLM-004827,CUS-002070,FILED_BY
CLM-004827,DEV-000239,USES_DEVICE
CLM-004828,CUS-002409,FILED_BY
CLM-004828,DEV-000638,USES_DEVICE
CLM-004829,CUS-002241,FILED_BY
CLM-004829,DEV-002508,USES_DEVICE
CLM-004829,REP-000657,REPAIRED_BY
CLM-004830,CUS-001634,FILED_BY
CLM-004830,DEV-002737,USES_DEVICE
CLM-004831,CUS-001138,FILED_BY
CLM-004831,DEV-001938,USES_DEVICE
CLM-004831,REP-000457,REPAIRED_BY
CLM-004832,CUS-001455,FILED_BY
CLM-004832,DEV-001110,USES_DEVICE
CLM-004832,REP-000014,REPAIRED_BY
CLM-004833,CUS-001003,FILED_BY
CLM-004833,DEV-001905,USES_DEVICE
CLM-004834,CUS-000999,FILED_BY
CLM-004834,DEV-001586,USES_DEVICE
CLM-004834,REP-000078,REPAIRED_BY
CLM-004835,CUS-000338,FILED_BY
CLM-004835,DEV-002249,USES_DEVICE
CLM-004835,REP-000276,REPAIRED_BY
CLM-004836,CUS-000836,FILED_BY
CLM-004836,DEV-002298,USES_DEVICE
CLM-004836,REP-000281,REPAIRED_BY
CLM-004837,CUS-002979,FILED_BY
CLM-004837,DEV-002156,USES_DEVICE
CLM-004838,CUS-001818,FILED_BY
CLM-004838,DEV-001448,USES_DEVICE
CLM-004839,CUS-001998,FILED_BY
CLM-004839,DEV-002607,USES_DEVICE
CLM-004840,CUS-000087,FILED_BY
CLM-004840,DEV-001211,USES_DEVICE
CLM-004840,REP-000026,REPAIRED_BY
CLM-004841,CUS-000967,FILED_BY
CLM-004841,DEV-002158,USES_DEVICE
CLM-004841,REP-000635,REPAIRED_BY
CLM-004842,CUS-002013,FILED_BY
CLM-004842,DEV-000518,USES_DEVICE
CLM-004842,REP-000052,REPAIRED_BY
CLM-004843,CUS-001652,FILED_BY
CLM-004843,DEV-001933,USES_DEVICE
CLM-004843,REP-000280,REPAIRED_BY
CLM-004844,CUS-002060,FILED_BY
CLM-004844,DEV-002454,USES_DEVICE
CLM-004844,REP-000461,REPAIRED_BY
CLM-004845,CUS-002520,FILED_BY
CLM-004845,DEV-001430,USES_DEVICE
CLM-004845,REP-000609,REPAIRED_BY
CLM-004846,CUS-000344,FILED_BY
CLM-004846,DEV-001846,USES_DEVICE
CLM-004846,REP-000424,REPAIRED_BY
CLM-004847,CUS-002400,FILED_BY
CLM-004847,DEV-000150,USES_DEVICE
CLM-004847,REP-000576,REPAIRED_BY
CLM-004848,CUS-002446,FILED_BY
CLM-004848,DEV-000377,USES_DEVICE
CLM-004849,CUS-002662,FILED_BY
CLM-004849,DEV-002482,USES_DEVICE
CLM-004849,REP-000262,REPAIRED_BY
CLM-004850,CUS-000044,FILED_BY
CLM-004850,DEV-001208,USES_DEVICE
CLM-004851,CUS-001700,FILED_BY
CLM-004851,DEV-000224,USES_DEVICE
CLM-004851,REP-000011,REPAIRED_BY
CLM-004852,CUS-001029,FILED_BY
CLM-004852,DEV-001145,USES_DEVICE
CLM-004853,CUS-001468,FILED_BY
CLM-004853,DEV-000383,USES_DEVICE
CLM-004853,REP-000309,REPAIRED_BY
CLM-004854,CUS-002963,FILED_BY
CLM-004854,DEV-001493,USES_DEVICE
CLM-004854,REP-000361,REPAIRED_BY
CLM-004855,CUS-002978,FILED_BY
CLM-004855,DEV-001325,USES_DEVICE
CLM-004856,CUS-002255,FILED_BY
CLM-004856,DEV-002007,USES_DEVICE
CLM-004857,CUS-002618,FILED_BY
CLM-004857,DEV-001810,USES_DEVICE
CLM-004858,CUS-002568,FILED_BY
CLM-004858,DEV-002494,USES_DEVICE
CLM-004858,REP-000245,REPAIRED_BY
CLM-004859,CUS-002057,FILED_BY
CLM-004859,DEV-000829,USES_DEVICE
CLM-004860,CUS-001517,FILED_BY
CLM-004860,DEV-000744,USES_DEVICE
CLM-004860,REP-000005,REPAIRED_BY
CLM-004861,CUS-001697,FILED_BY
CLM-004861,DEV-001049,USES_DEVICE
CLM-004862,CUS-002126,FILED_BY
CLM-004862,DEV-000144,USES_DEVICE
CLM-004862,REP-000163,REPAIRED_BY
CLM-004863,CUS-000125,FILED_BY
CLM-004863,DEV-000889,USES_DEVICE
CLM-004864,CUS-001261,FILED_BY
CLM-004864,DEV-002186,USES_DEVICE
CLM-004864,REP-000518,REPAIRED_BY
CLM-004865,CUS-001782,FILED_BY
CLM-004865,DEV-000459,USES_DEVICE
CLM-004865,REP-000586,REPAIRED_BY
CLM-004866,CUS-002980,FILED_BY
CLM-004866,DEV-002628,USES_DEVICE
CLM-004867,CUS-000207,FILED_BY
CLM-004867,DEV-002011,USES_DEVICE
CLM-004867,REP-000604,REPAIRED_BY
CLM-004868,CUS-000753,FILED_BY
CLM-004868,DEV-002655,USES_DEVICE
CLM-004868,REP-000587,REPAIRED_BY
CLM-004869,CUS-000523,FILED_BY
CLM-004869,DEV-002943,USES_DEVICE
CLM-004869,REP-000400,REPAIRED_BY
CLM-004870,CUS-000704,FILED_BY
CLM-004870,DEV-002283,USES_DEVICE
CLM-004871,CUS-001875,FILED_BY
CLM-004871,DEV-002856,USES_DEVICE
CLM-004871,REP-000374,REPAIRED_BY
CLM-004872,CUS-000392,FILED_BY
CLM-004872,DEV-000352,USES_DEVICE
CLM-004873,CUS-000870,FILED_BY
CLM-004873,DEV-002303,USES_DEVICE
CLM-004874,CUS-000868,FILED_BY
CLM-004874,DEV-002763,USES_DEVICE
CLM-004874,REP-000021,REPAIRED_BY
CLM-004875,CUS-000586,FILED_BY
CLM-004875,DEV-001278,USES_DEVICE
CLM-004876,CUS-001671,FILED_BY
CLM-004876,DEV-001759,USES_DEVICE
CLM-004877,CUS-000596,FILED_BY
CLM-004877,DEV-001299,USES_DEVICE
CLM-004878,CUS-001802,FILED_BY
CLM-004878,DEV-000860,USES_DEVICE
CLM-004878,REP-000256,REPAIRED_BY
CLM-004879,CUS-000643,FILED_BY
CLM-004879,DEV-001104,USES_DEVICE
CLM-004879,REP-000360,REPAIRED_BY
CLM-004880,CUS-002430,FILED_BY
CLM-004880,DEV-002400,USES_DEVICE
CLM-004880,REP-000221,REPAIRED_BY
CLM-004881,CUS-002088,FILED_BY
CLM-004881,DEV-001742,USES_DEVICE
CLM-004881,REP-000151,REPAIRED_BY
CLM-004882,CUS-000574,FILED_BY
CLM-004882,DEV-000197,USES_DEVICE
CLM-004882,REP-000675,REPAIRED_BY
CLM-004883,CUS-002099,FILED_BY
CLM-004883,DEV-000019,USES_DEVICE
CLM-004884,CUS-002265,FILED_BY
CLM-004884,DEV-001271,USES_DEVICE
CLM-004885,CUS-002215,FILED_BY
CLM-004885,DEV-000899,USES_DEVICE
CLM-004886,CUS-000366,FILED_BY
CLM-004886,DEV-002046,USES_DEVICE
CLM-004886,REP-000613,REPAIRED_BY
CLM-004887,CUS-000883,FILED_BY
CLM-004887,DEV-002014,USES_DEVICE
CLM-004888,CUS-001726,FILED_BY
CLM-004888,DEV-002302,USES_DEVICE
CLM-004889,CUS-001653,FILED_BY
CLM-004889,DEV-002536,USES_DEVICE
CLM-004889,REP-000409,REPAIRED_BY
CLM-004890,CUS-002832,FILED_BY
CLM-004890,DEV-002097,USES_DEVICE
CLM-004891,CUS-000430,FILED_BY
CLM-004891,DEV-002025,USES_DEVICE
CLM-004892,CUS-002543,FILED_BY
CLM-004892,DEV-000819,USES_DEVICE
CLM-004893,CUS-001110,FILED_BY
CLM-004893,DEV-002300,USES_DEVICE
CLM-004893,REP-000325,REPAIRED_BY
CLM-004894,CUS-001988,FILED_BY
CLM-004894,DEV-002146,USES_DEVICE
CLM-004894,REP-000179,REPAIRED_BY
CLM-004895,CUS-000013,FILED_BY
CLM-004895,DEV-002510,USES_DEVICE
CLM-004895,REP-000629,REPAIRED_BY
CLM-004896,CUS-000642,FILED_BY
CLM-004896,DEV-002137,USES_DEVICE
CLM-004896,REP-000554,REPAIRED_BY
CLM-004897,CUS-000404,FILED_BY
CLM-004897,DEV-001472,USES_DEVICE
CLM-004898,CUS-000488,FILED_BY
CLM-004898,DEV-000901,USES_DEVICE
CLM-004899,CUS-002668,FILED_BY
CLM-004899,DEV-001179,USES_DEVICE
CLM-004900,CUS-002758,FILED_BY
CLM-004900,DEV-002315,USES_DEVICE
CLM-004900,REP-000146,REPAIRED_BY
CLM-004901,CUS-001518,FILED_BY
CLM-004901,DEV-001038,USES_DEVICE
CLM-004901,REP-000495,REPAIRED_BY
CLM-004902,CUS-000403,FILED_BY
CLM-004902,DEV-001308,USES_DEVICE
CLM-004903,CUS-000248,FILED_BY
CLM-004903,DEV-001490,USES_DEVICE
CLM-004903,REP-000131,REPAIRED_BY
CLM-004904,CUS-002816,FILED_BY
CLM-004904,DEV-002152,USES_DEVICE
CLM-004905,CUS-002320,FILED_BY
CLM-004905,DEV-000024,USES_DEVICE
CLM-004905,REP-000422,REPAIRED_BY
CLM-004906,CUS-001894,FILED_BY
CLM-004906,DEV-002205,USES_DEVICE
CLM-004906,REP-000247,REPAIRED_BY
CLM-004907,CUS-002380,FILED_BY
CLM-004907,DEV-001056,USES_DEVICE
CLM-004907,REP-000449,REPAIRED_BY
CLM-004908,CUS-002596,FILED_BY
CLM-004908,DEV-001919,USES_DEVICE
CLM-004909,CUS-002838,FILED_BY
CLM-004909,DEV-001750,USES_DEVICE
CLM-004909,REP-000167,REPAIRED_BY
CLM-004910,CUS-001998,FILED_BY
CLM-004910,DEV-000560,USES_DEVICE
CLM-004910,REP-000489,REPAIRED_BY
CLM-004911,CUS-000073,FILED_BY
CLM-004911,DEV-001399,USES_DEVICE
CLM-004911,REP-000261,REPAIRED_BY
CLM-004912,CUS-000770,FILED_BY
CLM-004912,DEV-001259,USES_DEVICE
CLM-004913,CUS-000800,FILED_BY
CLM-004913,DEV-000898,USES_DEVICE
CLM-004913,REP-000207,REPAIRED_BY
CLM-004914,CUS-000418,FILED_BY
CLM-004914,DEV-002964,USES_DEVICE
CLM-004915,CUS-000256,FILED_BY
CLM-004915,DEV-000871,USES_DEVICE
CLM-004916,CUS-002018,FILED_BY
CLM-004916,DEV-001393,USES_DEVICE
CLM-004916,REP-000580,REPAIRED_BY
CLM-004917,CUS-002542,FILED_BY
CLM-004917,DEV-000309,USES_DEVICE
CLM-004918,CUS-001928,FILED_BY
CLM-004918,DEV-001527,USES_DEVICE
CLM-004918,REP-000511,REPAIRED_BY
CLM-004919,CUS-000359,FILED_BY
CLM-004919,DEV-001604,USES_DEVICE
CLM-004920,CUS-002555,FILED_BY
CLM-004920,DEV-000396,USES_DEVICE
CLM-004921,CUS-002360,FILED_BY
CLM-004921,DEV-001883,USES_DEVICE
CLM-004921,REP-000169,REPAIRED_BY
CLM-004922,CUS-000053,FILED_BY
CLM-004922,DEV-002077,USES_DEVICE
CLM-004923,CUS-001529,FILED_BY
CLM-004923,DEV-000800,USES_DEVICE
CLM-004923,REP-000190,REPAIRED_BY
CLM-004924,CUS-002828,FILED_BY
CLM-004924,DEV-001830,USES_DEVICE
CLM-004925,CUS-000257,FILED_BY
CLM-004925,DEV-001811,USES_DEVICE
CLM-004926,CUS-001191,FILED_BY
CLM-004926,DEV-002974,USES_DEVICE
CLM-004927,CUS-000555,FILED_BY
CLM-004927,DEV-002021,USES_DEVICE
CLM-004928,CUS-001550,FILED_BY
CLM-004928,DEV-001630,USES_DEVICE
CLM-004928,REP-000676,REPAIRED_BY
CLM-004929,CUS-000386,FILED_BY
CLM-004929,DEV-001955,USES_DEVICE
CLM-004929,REP-000192,REPAIRED_BY
CLM-004930,CUS-001518,FILED_BY
CLM-004930,DEV-002218,USES_DEVICE
CLM-004931,CUS-002887,FILED_BY
CLM-004931,DEV-001734,USES_DEVICE
CLM-004932,CUS-002251,FILED_BY
CLM-004932,DEV-002053,USES_DEVICE
CLM-004933,CUS-001290,FILED_BY
CLM-004933,DEV-001801,USES_DEVICE
CLM-004933,REP-000354,REPAIRED_BY
CLM-004934,CUS-000161,FILED_BY
CLM-004934,DEV-001824,USES_DEVICE
CLM-004935,CUS-001187,FILED_BY
CLM-004935,DEV-002198,USES_DEVICE
CLM-004936,CUS-002367,FILED_BY
CLM-004936,DEV-000173,USES_DEVICE
CLM-004936,REP-000163,REPAIRED_BY
CLM-004937,CUS-001892,FILED_BY
CLM-004937,DEV-000664,USES_DEVICE
CLM-004938,CUS-000869,FILED_BY
CLM-004938,DEV-001309,USES_DEVICE
CLM-004939,CUS-002062,FILED_BY
CLM-004939,DEV-001375,USES_DEVICE
CLM-004940,CUS-000230,FILED_BY
CLM-004940,DEV-002796,USES_DEVICE
CLM-004940,REP-000336,REPAIRED_BY
CLM-004941,CUS-000799,FILED_BY
CLM-004941,DEV-001938,USES_DEVICE
CLM-004941,REP-000196,REPAIRED_BY
CLM-004942,CUS-001906,FILED_BY
CLM-004942,DEV-000596,USES_DEVICE
CLM-004942,REP-000394,REPAIRED_BY
CLM-004943,CUS-000700,FILED_BY
CLM-004943,DEV-000299,USES_DEVICE
CLM-004943,REP-000423,REPAIRED_BY
CLM-004944,CUS-001029,FILED_BY
CLM-004944,DEV-002309,USES_DEVICE
CLM-004944,REP-000007,REPAIRED_BY
CLM-004945,CUS-001082,FILED_BY
CLM-004945,DEV-002821,USES_DEVICE
CLM-004945,REP-000047,REPAIRED_BY
CLM-004946,CUS-001575,FILED_BY
CLM-004946,DEV-001473,USES_DEVICE
CLM-004946,REP-000205,REPAIRED_BY
CLM-004947,CUS-001082,FILED_BY
CLM-004947,DEV-002821,USES_DEVICE
CLM-004948,CUS-001377,FILED_BY
CLM-004948,DEV-002629,USES_DEVICE
CLM-004949,CUS-002298,FILED_BY
CLM-004949,DEV-002086,USES_DEVICE
CLM-004949,REP-000214,REPAIRED_BY
CLM-004950,CUS-000158,FILED_BY
CLM-004950,DEV-001570,USES_DEVICE
CLM-004951,CUS-002437,FILED_BY
CLM-004951,DEV-002496,USES_DEVICE
CLM-004951,REP-000569,REPAIRED_BY
CLM-004952,CUS-002573,FILED_BY
CLM-004952,DEV-001632,USES_DEVICE
CLM-004953,CUS-001859,FILED_BY
CLM-004953,DEV-001966,USES_DEVICE
CLM-004954,CUS-000883,FILED_BY
CLM-004954,DEV-002014,USES_DEVICE
CLM-004954,REP-000394,REPAIRED_BY
CLM-004955,CUS-002407,FILED_BY
CLM-004955,DEV-002031,USES_DEVICE
CLM-004955,REP-000202,REPAIRED_BY
CLM-004956,CUS-002809,FILED_BY
CLM-004956,DEV-000203,USES_DEVICE
CLM-004956,REP-000603,REPAIRED_BY
CLM-004957,CUS-002216,FILED_BY
CLM-004957,DEV-000943,USES_DEVICE
CLM-004958,CUS-000059,FILED_BY
CLM-004958,DEV-000039,USES_DEVICE
CLM-004959,CUS-001006,FILED_BY
CLM-004959,DEV-000242,USES_DEVICE
CLM-004960,CUS-000388,FILED_BY
CLM-004960,DEV-001807,USES_DEVICE
CLM-004960,REP-000040,REPAIRED_BY
CLM-004961,CUS-001585,FILED_BY
CLM-004961,DEV-001034,USES_DEVICE
CLM-004961,REP-000571,REPAIRED_BY
CLM-004962,CUS-001086,FILED_BY
CLM-004962,DEV-002858,USES_DEVICE
CLM-004963,CUS-001473,FILED_BY
CLM-004963,DEV-001672,USES_DEVICE
CLM-004964,CUS-000591,FILED_BY
CLM-004964,DEV-002903,USES_DEVICE
CLM-004965,CUS-001241,FILED_BY
CLM-004965,DEV-002747,USES_DEVICE
CLM-004965,REP-000247,REPAIRED_BY
CLM-004966,CUS-001690,FILED_BY
CLM-004966,DEV-000088,USES_DEVICE
CLM-004966,REP-000492,REPAIRED_BY
CLM-004967,CUS-000484,FILED_BY
CLM-004967,DEV-002349,USES_DEVICE
CLM-004968,CUS-000360,FILED_BY
CLM-004968,DEV-001632,USES_DEVICE
CLM-004969,CUS-002993,FILED_BY
CLM-004969,DEV-001145,USES_DEVICE
CLM-004970,CUS-002585,FILED_BY
CLM-004970,DEV-000527,USES_DEVICE
CLM-004971,CUS-001852,FILED_BY
CLM-004971,DEV-001101,USES_DEVICE
CLM-004972,CUS-000462,FILED_BY
CLM-004972,DEV-002935,USES_DEVICE
CLM-004972,REP-000014,REPAIRED_BY
CLM-004973,CUS-002733,FILED_BY
CLM-004973,DEV-000553,USES_DEVICE
CLM-004973,REP-000148,REPAIRED_BY
CLM-004974,CUS-000492,FILED_BY
CLM-004974,DEV-001208,USES_DEVICE
CLM-004974,REP-000615,REPAIRED_BY
CLM-004975,CUS-002511,FILED_BY
CLM-004975,DEV-001353,USES_DEVICE
CLM-004976,CUS-000438,FILED_BY
CLM-004976,DEV-002898,USES_DEVICE
CLM-004977,CUS-000926,FILED_BY
CLM-004977,DEV-001376,USES_DEVICE
CLM-004977,REP-000649,REPAIRED_BY
CLM-004978,CUS-001712,FILED_BY
CLM-004978,DEV-000155,USES_DEVICE
CLM-004978,REP-000174,REPAIRED_BY
CLM-004979,CUS-001402,FILED_BY
CLM-004979,DEV-001151,USES_DEVICE
CLM-004979,REP-000199,REPAIRED_BY
CLM-004980,CUS-001045,FILED_BY
CLM-004980,DEV-001876,USES_DEVICE
CLM-004981,CUS-002201,FILED_BY
CLM-004981,DEV-000541,USES_DEVICE
CLM-004981,REP-000234,REPAIRED_BY
CLM-004982,CUS-002392,FILED_BY
CLM-004982,DEV-002894,USES_DEVICE
CLM-004983,CUS-001029,FILED_BY
CLM-004983,DEV-000766,USES_DEVICE
CLM-004983,REP-000692,REPAIRED_BY
CLM-004984,CUS-001725,FILED_BY
CLM-004984,DEV-000230,USES_DEVICE
CLM-004984,REP-000253,REPAIRED_BY
CLM-004985,CUS-002203,FILED_BY
CLM-004985,DEV-000634,USES_DEVICE
CLM-004986,CUS-002003,FILED_BY
CLM-004986,DEV-002165,USES_DEVICE
CLM-004986,REP-000481,REPAIRED_BY
CLM-004987,CUS-000901,FILED_BY
CLM-004987,DEV-001129,USES_DEVICE
CLM-004988,CUS-002561,FILED_BY
CLM-004988,DEV-001999,USES_DEVICE
CLM-004988,REP-000487,REPAIRED_BY
CLM-004989,CUS-000358,FILED_BY
CLM-004989,DEV-001332,USES_DEVICE
CLM-004990,CUS-002193,FILED_BY
CLM-004990,DEV-001993,USES_DEVICE
CLM-004990,REP-000555,REPAIRED_BY
CLM-004991,CUS-002072,FILED_BY
CLM-004991,DEV-002005,USES_DEVICE
CLM-004991,REP-000633,REPAIRED_BY
CLM-004992,CUS-002265,FILED_BY
CLM-004992,DEV-000093,USES_DEVICE
CLM-004993,CUS-002139,FILED_BY
CLM-004993,DEV-000642,USES_DEVICE
CLM-004994,CUS-000233,FILED_BY
CLM-004994,DEV-002675,USES_DEVICE
CLM-004994,REP-000361,REPAIRED_BY
CLM-004995,CUS-000232,FILED_BY
CLM-004995,DEV-000036,USES_DEVICE
CLM-004996,CUS-000605,FILED_BY
CLM-004996,DEV-001524,USES_DEVICE
CLM-004997,CUS-001080,FILED_BY
CLM-004997,DEV-001124,USES_DEVICE
CLM-004998,CUS-000518,FILED_BY
CLM-004998,DEV-002045,USES_DEVICE
CLM-004998,REP-000415,REPAIRED_BY
CLM-004999,CUS-001631,FILED_BY
CLM-004999,DEV-001649,USES_DEVICE
CLM-005000,CUS-001054,FILED_BY
CLM-005000,DEV-001530,USES_DEVICE
CLM-005001,CUS-002408,FILED_BY
CLM-005001,DEV-000130,USES_DEVICE
CLM-005002,CUS-000067,FILED_BY
CLM-005002,DEV-001324,USES_DEVICE
CLM-005003,CUS-001837,FILED_BY
CLM-005003,DEV-002487,USES_DEVICE
CLM-005003,REP-000431,REPAIRED_BY
CLM-005004,CUS-002781,FILED_BY
CLM-005004,DEV-001227,USES_DEVICE
CLM-005005,CUS-002796,FILED_BY
CLM-005005,DEV-000968,USES_DEVICE
CLM-005006,CUS-001271,FILED_BY
CLM-005006,DEV-001178,USES_DEVICE
CLM-005007,CUS-000249,FILED_BY
CLM-005007,DEV-001683,USES_DEVICE
CLM-005007,REP-000543,REPAIRED_BY
CLM-005008,CUS-001871,FILED_BY
CLM-005008,DEV-000237,USES_DEVICE
CLM-005008,REP-000161,REPAIRED_BY
CLM-005009,CUS-002075,FILED_BY
CLM-005009,DEV-002278,USES_DEVICE
CLM-005009,REP-000623,REPAIRED_BY
CLM-005010,CUS-001736,FILED_BY
CLM-005010,DEV-000941,USES_DEVICE
CLM-005010,REP-000074,REPAIRED_BY
CLM-005011,CUS-001412,FILED_BY
CLM-005011,DEV-000620,USES_DEVICE
CLM-005011,REP-000243,REPAIRED_BY
CLM-005012,CUS-000585,FILED_BY
CLM-005012,DEV-002663,USES_DEVICE
CLM-005013,CUS-001524,FILED_BY
CLM-005013,DEV-000326,USES_DEVICE
CLM-005013,REP-000585,REPAIRED_BY
CLM-005014,CUS-000067,FILED_BY
CLM-005014,DEV-001324,USES_DEVICE
CLM-005014,REP-000221,REPAIRED_BY
CLM-005015,CUS-000195,FILED_BY
CLM-005015,DEV-001745,USES_DEVICE
CLM-005016,CUS-001650,FILED_BY
CLM-005016,DEV-000932,USES_DEVICE
CLM-005016,REP-000411,REPAIRED_BY
CLM-005017,CUS-000944,FILED_BY
CLM-005017,DEV-001498,USES_DEVICE
CLM-005017,REP-000047,REPAIRED_BY
CLM-005018,CUS-001410,FILED_BY
CLM-005018,DEV-000894,USES_DEVICE
CLM-005019,CUS-000066,FILED_BY
CLM-005019,DEV-000289,USES_DEVICE
CLM-005019,REP-000567,REPAIRED_BY
CLM-005020,CUS-002797,FILED_BY
CLM-005020,DEV-002185,USES_DEVICE
CLM-005020,REP-000605,REPAIRED_BY
CLM-005021,CUS-000990,FILED_BY
CLM-005021,DEV-000991,USES_DEVICE
CLM-005021,REP-000125,REPAIRED_BY
CLM-005022,CUS-002476,FILED_BY
CLM-005022,DEV-002839,USES_DEVICE
CLM-005023,CUS-000621,FILED_BY
CLM-005023,DEV-001498,USES_DEVICE
CLM-005023,REP-000271,REPAIRED_BY
CLM-005024,CUS-001930,FILED_BY
CLM-005024,DEV-002173,USES_DEVICE
CLM-005025,CUS-001659,FILED_BY
CLM-005025,DEV-001230,USES_DEVICE
CLM-005026,CUS-000493,FILED_BY
CLM-005026,DEV-000456,USES_DEVICE
CLM-005026,REP-000329,REPAIRED_BY
CLM-005027,CUS-002104,FILED_BY
CLM-005027,DEV-001967,USES_DEVICE
CLM-005027,REP-000015,REPAIRED_BY
CLM-005028,CUS-001498,FILED_BY
CLM-005028,DEV-002837,USES_DEVICE
CLM-005028,REP-000025,REPAIRED_BY
CLM-005029,CUS-001270,FILED_BY
CLM-005029,DEV-000614,USES_DEVICE
CLM-005030,CUS-001989,FILED_BY
CLM-005030,DEV-000459,USES_DEVICE
CLM-005030,REP-000465,REPAIRED_BY
CLM-005031,CUS-001268,FILED_BY
CLM-005031,DEV-002239,USES_DEVICE
CLM-005032,CUS-002251,FILED_BY
CLM-005032,DEV-002053,USES_DEVICE
CLM-005032,REP-000072,REPAIRED_BY
CLM-005033,CUS-001285,FILED_BY
CLM-005033,DEV-000884,USES_DEVICE
CLM-005034,CUS-002794,FILED_BY
CLM-005034,DEV-001600,USES_DEVICE
CLM-005034,REP-000264,REPAIRED_BY
CLM-005035,CUS-000308,FILED_BY
CLM-005035,DEV-001703,USES_DEVICE
CLM-005036,CUS-002074,FILED_BY
CLM-005036,DEV-001533,USES_DEVICE
CLM-005036,REP-000192,REPAIRED_BY
CLM-005037,CUS-001288,FILED_BY
CLM-005037,DEV-001172,USES_DEVICE
CLM-005037,REP-000046,REPAIRED_BY
CLM-005038,CUS-002658,FILED_BY
CLM-005038,DEV-002173,USES_DEVICE
CLM-005038,REP-000412,REPAIRED_BY
CLM-005039,CUS-001887,FILED_BY
CLM-005039,DEV-002121,USES_DEVICE
CLM-005040,CUS-000759,FILED_BY
CLM-005040,DEV-002293,USES_DEVICE
CLM-005040,REP-000625,REPAIRED_BY
CLM-005041,CUS-002635,FILED_BY
CLM-005041,DEV-000122,USES_DEVICE
CLM-005042,CUS-002153,FILED_BY
CLM-005042,DEV-001911,USES_DEVICE
CLM-005043,CUS-002181,FILED_BY
CLM-005043,DEV-001694,USES_DEVICE
CLM-005043,REP-000108,REPAIRED_BY
CLM-005044,CUS-000371,FILED_BY
CLM-005044,DEV-001176,USES_DEVICE
CLM-005044,REP-000154,REPAIRED_BY
CLM-005045,CUS-001192,FILED_BY
CLM-005045,DEV-000309,USES_DEVICE
CLM-005045,REP-000075,REPAIRED_BY
CLM-005046,CUS-000444,FILED_BY
CLM-005046,DEV-001283,USES_DEVICE
CLM-005047,CUS-002021,FILED_BY
CLM-005047,DEV-000571,USES_DEVICE
CLM-005048,CUS-002014,FILED_BY
CLM-005048,DEV-000936,USES_DEVICE
CLM-005048,REP-000649,REPAIRED_BY
CLM-005049,CUS-002930,FILED_BY
CLM-005049,DEV-000742,USES_DEVICE
CLM-005049,REP-000038,REPAIRED_BY
CLM-005050,CUS-000667,FILED_BY
CLM-005050,DEV-001445,USES_DEVICE
CLM-005050,REP-000215,REPAIRED_BY
CLM-005051,CUS-002258,FILED_BY
CLM-005051,DEV-001333,USES_DEVICE
CLM-005051,REP-000195,REPAIRED_BY
CLM-005052,CUS-002605,FILED_BY
CLM-005052,DEV-002486,USES_DEVICE
CLM-005052,REP-000383,REPAIRED_BY
CLM-005053,CUS-000953,FILED_BY
CLM-005053,DEV-000647,USES_DEVICE
CLM-005053,REP-000170,REPAIRED_BY
CLM-005054,CUS-001628,FILED_BY
CLM-005054,DEV-001563,USES_DEVICE
CLM-005055,CUS-000307,FILED_BY
CLM-005055,DEV-000606,USES_DEVICE
CLM-005055,REP-000141,REPAIRED_BY
CLM-005056,CUS-001541,FILED_BY
CLM-005056,DEV-001856,USES_DEVICE
CLM-005057,CUS-001374,FILED_BY
CLM-005057,DEV-000426,USES_DEVICE
CLM-005058,CUS-002446,FILED_BY
CLM-005058,DEV-002298,USES_DEVICE
CLM-005058,REP-000221,REPAIRED_BY
CLM-005059,CUS-000981,FILED_BY
CLM-005059,DEV-000663,USES_DEVICE
CLM-005060,CUS-001245,FILED_BY
CLM-005060,DEV-000219,USES_DEVICE
CLM-005061,CUS-002410,FILED_BY
CLM-005061,DEV-001751,USES_DEVICE
CLM-005061,REP-000078,REPAIRED_BY
CLM-005062,CUS-002865,FILED_BY
CLM-005062,DEV-000430,USES_DEVICE
CLM-005063,CUS-000190,FILED_BY
CLM-005063,DEV-002556,USES_DEVICE
CLM-005064,CUS-002252,FILED_BY
CLM-005064,DEV-001296,USES_DEVICE
CLM-005065,CUS-001347,FILED_BY
CLM-005065,DEV-000577,USES_DEVICE
CLM-005065,REP-000359,REPAIRED_BY
CLM-005066,CUS-000899,FILED_BY
CLM-005066,DEV-001593,USES_DEVICE
CLM-005066,REP-000619,REPAIRED_BY
CLM-005067,CUS-000510,FILED_BY
CLM-005067,DEV-001276,USES_DEVICE
CLM-005068,CUS-002653,FILED_BY
CLM-005068,DEV-001598,USES_DEVICE
CLM-005068,REP-000376,REPAIRED_BY
CLM-005069,CUS-002825,FILED_BY
CLM-005069,DEV-000150,USES_DEVICE
CLM-005070,CUS-002209,FILED_BY
CLM-005070,DEV-000998,USES_DEVICE
CLM-005070,REP-000276,REPAIRED_BY
CLM-005071,CUS-001002,FILED_BY
CLM-005071,DEV-001694,USES_DEVICE
CLM-005071,REP-000265,REPAIRED_BY
CLM-005072,CUS-001635,FILED_BY
CLM-005072,DEV-002272,USES_DEVICE
CLM-005072,REP-000019,REPAIRED_BY
CLM-005073,CUS-002969,FILED_BY
CLM-005073,DEV-002959,USES_DEVICE
CLM-005074,CUS-001839,FILED_BY
CLM-005074,DEV-001705,USES_DEVICE
CLM-005075,CUS-002862,FILED_BY
CLM-005075,DEV-002793,USES_DEVICE
CLM-005076,CUS-000436,FILED_BY
CLM-005076,DEV-000272,USES_DEVICE
CLM-005077,CUS-000864,FILED_BY
CLM-005077,DEV-000115,USES_DEVICE
CLM-005077,REP-000648,REPAIRED_BY
CLM-005078,CUS-001651,FILED_BY
CLM-005078,DEV-001500,USES_DEVICE
CLM-005079,CUS-000555,FILED_BY
CLM-005079,DEV-000257,USES_DEVICE
CLM-005079,REP-000228,REPAIRED_BY
CLM-005080,CUS-002003,FILED_BY
CLM-005080,DEV-002165,USES_DEVICE
CLM-005080,REP-000673,REPAIRED_BY
CLM-005081,CUS-002397,FILED_BY
CLM-005081,DEV-002424,USES_DEVICE
CLM-005082,CUS-000746,FILED_BY
CLM-005082,DEV-002389,USES_DEVICE
CLM-005082,REP-000646,REPAIRED_BY
CLM-005083,CUS-002077,FILED_BY
CLM-005083,DEV-000720,USES_DEVICE
CLM-005083,REP-000585,REPAIRED_BY
CLM-005084,CUS-000521,FILED_BY
CLM-005084,DEV-001971,USES_DEVICE
CLM-005084,REP-000060,REPAIRED_BY
CLM-005085,CUS-002496,FILED_BY
CLM-005085,DEV-001006,USES_DEVICE
CLM-005085,REP-000057,REPAIRED_BY
CLM-005086,CUS-001699,FILED_BY
CLM-005086,DEV-000566,USES_DEVICE
CLM-005087,CUS-001084,FILED_BY
CLM-005087,DEV-001595,USES_DEVICE
CLM-005087,REP-000176,REPAIRED_BY
CLM-005088,CUS-001556,FILED_BY
CLM-005088,DEV-002748,USES_DEVICE
CLM-005088,REP-000155,REPAIRED_BY
CLM-005089,CUS-000372,FILED_BY
CLM-005089,DEV-000547,USES_DEVICE
CLM-005089,REP-000377,REPAIRED_BY
CLM-005090,CUS-002928,FILED_BY
CLM-005090,DEV-002176,USES_DEVICE
CLM-005090,REP-000021,REPAIRED_BY
CLM-005091,CUS-001949,FILED_BY
CLM-005091,DEV-002726,USES_DEVICE
CLM-005092,CUS-001352,FILED_BY
CLM-005092,DEV-002025,USES_DEVICE
CLM-005093,CUS-002062,FILED_BY
CLM-005093,DEV-001375,USES_DEVICE
CLM-005093,REP-000300,REPAIRED_BY
CLM-005094,CUS-000227,FILED_BY
CLM-005094,DEV-002707,USES_DEVICE
CLM-005095,CUS-000763,FILED_BY
CLM-005095,DEV-001205,USES_DEVICE
CLM-005096,CUS-001379,FILED_BY
CLM-005096,DEV-002949,USES_DEVICE
CLM-005096,REP-000536,REPAIRED_BY
CLM-005097,CUS-001719,FILED_BY
CLM-005097,DEV-000669,USES_DEVICE
CLM-005098,CUS-002730,FILED_BY
CLM-005098,DEV-001958,USES_DEVICE
CLM-005098,REP-000240,REPAIRED_BY
CLM-005099,CUS-000213,FILED_BY
CLM-005099,DEV-000262,USES_DEVICE
CLM-005099,REP-000311,REPAIRED_BY
CLM-005100,CUS-002236,FILED_BY
CLM-005100,DEV-001863,USES_DEVICE
CLM-005101,CUS-001396,FILED_BY
CLM-005101,DEV-002369,USES_DEVICE
CLM-005102,CUS-000508,FILED_BY
CLM-005102,DEV-001508,USES_DEVICE
CLM-005102,REP-000405,REPAIRED_BY
CLM-005103,CUS-001229,FILED_BY
CLM-005103,DEV-002907,USES_DEVICE
CLM-005104,CUS-001154,FILED_BY
CLM-005104,DEV-000737,USES_DEVICE
CLM-005104,REP-000135,REPAIRED_BY
CLM-005105,CUS-002552,FILED_BY
CLM-005105,DEV-002161,USES_DEVICE
CLM-005105,REP-000194,REPAIRED_BY
CLM-005106,CUS-001481,FILED_BY
CLM-005106,DEV-002829,USES_DEVICE
CLM-005106,REP-000006,REPAIRED_BY
CLM-005107,CUS-002584,FILED_BY
CLM-005107,DEV-001743,USES_DEVICE
CLM-005107,REP-000565,REPAIRED_BY
CLM-005108,CUS-001563,FILED_BY
CLM-005108,DEV-002723,USES_DEVICE
CLM-005109,CUS-002756,FILED_BY
CLM-005109,DEV-002561,USES_DEVICE
CLM-005109,REP-000012,REPAIRED_BY
CLM-005110,CUS-001399,FILED_BY
CLM-005110,DEV-000258,USES_DEVICE
CLM-005110,REP-000139,REPAIRED_BY
CLM-005111,CUS-002254,FILED_BY
CLM-005111,DEV-002764,USES_DEVICE
CLM-005112,CUS-001928,FILED_BY
CLM-005112,DEV-001527,USES_DEVICE
CLM-005112,REP-000454,REPAIRED_BY
CLM-005113,CUS-001479,FILED_BY
CLM-005113,DEV-002670,USES_DEVICE
CLM-005113,REP-000056,REPAIRED_BY
CLM-005114,CUS-000410,FILED_BY
CLM-005114,DEV-001836,USES_DEVICE
CLM-005114,REP-000530,REPAIRED_BY
CLM-005115,CUS-000473,FILED_BY
CLM-005115,DEV-001504,USES_DEVICE
CLM-005115,REP-000090,REPAIRED_BY
CLM-005116,CUS-000079,FILED_BY
CLM-005116,DEV-001010,USES_DEVICE
CLM-005117,CUS-001011,FILED_BY
CLM-005117,DEV-002385,USES_DEVICE
CLM-005117,REP-000072,REPAIRED_BY
CLM-005118,CUS-000917,FILED_BY
CLM-005118,DEV-001015,USES_DEVICE
CLM-005118,REP-000119,REPAIRED_BY
CLM-005119,CUS-000646,FILED_BY
CLM-005119,DEV-000677,USES_DEVICE
CLM-005120,CUS-002208,FILED_BY
CLM-005120,DEV-002981,USES_DEVICE
CLM-005120,REP-000217,REPAIRED_BY
CLM-005121,CUS-000608,FILED_BY
CLM-005121,DEV-002374,USES_DEVICE
CLM-005121,REP-000298,REPAIRED_BY
CLM-005122,CUS-000977,FILED_BY
CLM-005122,DEV-002131,USES_DEVICE
CLM-005123,CUS-001096,FILED_BY
CLM-005123,DEV-001110,USES_DEVICE
CLM-005123,REP-000593,REPAIRED_BY
CLM-005124,CUS-000963,FILED_BY
CLM-005124,DEV-001969,USES_DEVICE
CLM-005125,CUS-000143,FILED_BY
CLM-005125,DEV-001266,USES_DEVICE
CLM-005125,REP-000165,REPAIRED_BY
CLM-005126,CUS-000605,FILED_BY
CLM-005126,DEV-002055,USES_DEVICE
CLM-005126,REP-000640,REPAIRED_BY
CLM-005127,CUS-001382,FILED_BY
CLM-005127,DEV-002794,USES_DEVICE
CLM-005128,CUS-001049,FILED_BY
CLM-005128,DEV-000536,USES_DEVICE
CLM-005128,REP-000302,REPAIRED_BY
CLM-005129,CUS-001182,FILED_BY
CLM-005129,DEV-000665,USES_DEVICE
CLM-005130,CUS-002014,FILED_BY
CLM-005130,DEV-002210,USES_DEVICE
CLM-005130,REP-000459,REPAIRED_BY
CLM-005131,CUS-000141,FILED_BY
CLM-005131,DEV-001801,USES_DEVICE
CLM-005131,REP-000651,REPAIRED_BY
CLM-005132,CUS-000126,FILED_BY
CLM-005132,DEV-000114,USES_DEVICE
CLM-005133,CUS-002432,FILED_BY
CLM-005133,DEV-000284,USES_DEVICE
CLM-005133,REP-000667,REPAIRED_BY
CLM-005134,CUS-000774,FILED_BY
CLM-005134,DEV-000214,USES_DEVICE
CLM-005135,CUS-001057,FILED_BY
CLM-005135,DEV-002917,USES_DEVICE
CLM-005135,REP-000426,REPAIRED_BY
CLM-005136,CUS-000436,FILED_BY
CLM-005136,DEV-000045,USES_DEVICE
CLM-005137,CUS-002874,FILED_BY
CLM-005137,DEV-000970,USES_DEVICE
CLM-005138,CUS-002160,FILED_BY
CLM-005138,DEV-000020,USES_DEVICE
CLM-005138,REP-000694,REPAIRED_BY
CLM-005139,CUS-000655,FILED_BY
CLM-005139,DEV-000521,USES_DEVICE
CLM-005139,REP-000473,REPAIRED_BY
CLM-005140,CUS-000891,FILED_BY
CLM-005140,DEV-002803,USES_DEVICE
CLM-005140,REP-000112,REPAIRED_BY
CLM-005141,CUS-000292,FILED_BY
CLM-005141,DEV-002464,USES_DEVICE
CLM-005142,CUS-002747,FILED_BY
CLM-005142,DEV-002627,USES_DEVICE
CLM-005142,REP-000219,REPAIRED_BY
CLM-005143,CUS-002562,FILED_BY
CLM-005143,DEV-001422,USES_DEVICE
CLM-005143,REP-000181,REPAIRED_BY
CLM-005144,CUS-002781,FILED_BY
CLM-005144,DEV-001227,USES_DEVICE
CLM-005144,REP-000251,REPAIRED_BY
CLM-005145,CUS-001551,FILED_BY
CLM-005145,DEV-000292,USES_DEVICE
CLM-005145,REP-000191,REPAIRED_BY
CLM-005146,CUS-000133,FILED_BY
CLM-005146,DEV-000462,USES_DEVICE
CLM-005146,REP-000053,REPAIRED_BY
CLM-005147,CUS-000643,FILED_BY
CLM-005147,DEV-001104,USES_DEVICE
CLM-005147,REP-000158,REPAIRED_BY
CLM-005148,CUS-000054,FILED_BY
CLM-005148,DEV-001481,USES_DEVICE
CLM-005149,CUS-000469,FILED_BY
CLM-005149,DEV-001110,USES_DEVICE
CLM-005149,REP-000033,REPAIRED_BY
CLM-005150,CUS-002070,FILED_BY
CLM-005150,DEV-001722,USES_DEVICE
CLM-005150,REP-000531,REPAIRED_BY
CLM-005151,CUS-001560,FILED_BY
CLM-005151,DEV-000808,USES_DEVICE
CLM-005151,REP-000250,REPAIRED_BY
CLM-005152,CUS-001059,FILED_BY
CLM-005152,DEV-002958,USES_DEVICE
CLM-005152,REP-000195,REPAIRED_BY
CLM-005153,CUS-000666,FILED_BY
CLM-005153,DEV-002017,USES_DEVICE
CLM-005153,REP-000149,REPAIRED_BY
CLM-005154,CUS-000785,FILED_BY
CLM-005154,DEV-000429,USES_DEVICE
CLM-005154,REP-000611,REPAIRED_BY
CLM-005155,CUS-001212,FILED_BY
CLM-005155,DEV-002661,USES_DEVICE
CLM-005156,CUS-001102,FILED_BY
CLM-005156,DEV-000499,USES_DEVICE
CLM-005157,CUS-001012,FILED_BY
CLM-005157,DEV-000207,USES_DEVICE
CLM-005158,CUS-002057,FILED_BY
CLM-005158,DEV-002405,USES_DEVICE
CLM-005158,REP-000090,REPAIRED_BY
CLM-005159,CUS-001949,FILED_BY
CLM-005159,DEV-002726,USES_DEVICE
CLM-005159,REP-000126,REPAIRED_BY
CLM-005160,CUS-001191,FILED_BY
CLM-005160,DEV-002240,USES_DEVICE
CLM-005160,REP-000266,REPAIRED_BY
CLM-005161,CUS-001320,FILED_BY
CLM-005161,DEV-000334,USES_DEVICE
CLM-005161,REP-000535,REPAIRED_BY
CLM-005162,CUS-001898,FILED_BY
CLM-005162,DEV-000676,USES_DEVICE
CLM-005163,CUS-002388,FILED_BY
CLM-005163,DEV-001010,USES_DEVICE
CLM-005163,REP-000572,REPAIRED_BY
CLM-005164,CUS-002450,FILED_BY
CLM-005164,DEV-001958,USES_DEVICE
CLM-005164,REP-000423,REPAIRED_BY
CLM-005165,CUS-000850,FILED_BY
CLM-005165,DEV-002226,USES_DEVICE
CLM-005165,REP-000612,REPAIRED_BY
CLM-005166,CUS-001494,FILED_BY
CLM-005166,DEV-000351,USES_DEVICE
CLM-005166,REP-000414,REPAIRED_BY
CLM-005167,CUS-002574,FILED_BY
CLM-005167,DEV-000319,USES_DEVICE
CLM-005168,CUS-000125,FILED_BY
CLM-005168,DEV-001294,USES_DEVICE
CLM-005168,REP-000330,REPAIRED_BY
CLM-005169,CUS-001606,FILED_BY
CLM-005169,DEV-001937,USES_DEVICE
CLM-005169,REP-000308,REPAIRED_BY
CLM-005170,CUS-000768,FILED_BY
CLM-005170,DEV-002912,USES_DEVICE
CLM-005170,REP-000038,REPAIRED_BY
CLM-005171,CUS-000283,FILED_BY
CLM-005171,DEV-000359,USES_DEVICE
CLM-005171,REP-000683,REPAIRED_BY
CLM-005172,CUS-001225,FILED_BY
CLM-005172,DEV-000074,USES_DEVICE
CLM-005172,REP-000661,REPAIRED_BY
CLM-005173,CUS-001391,FILED_BY
CLM-005173,DEV-000284,USES_DEVICE
CLM-005173,REP-000127,REPAIRED_BY
CLM-005174,CUS-000504,FILED_BY
CLM-005174,DEV-002910,USES_DEVICE
CLM-005174,REP-000606,REPAIRED_BY
CLM-005175,CUS-001268,FILED_BY
CLM-005175,DEV-002820,USES_DEVICE
CLM-005176,CUS-000705,FILED_BY
CLM-005176,DEV-000184,USES_DEVICE
CLM-005176,REP-000690,REPAIRED_BY
CLM-005177,CUS-001612,FILED_BY
CLM-005177,DEV-001840,USES_DEVICE
CLM-005178,CUS-002510,FILED_BY
CLM-005178,DEV-000958,USES_DEVICE
CLM-005179,CUS-002486,FILED_BY
CLM-005179,DEV-000054,USES_DEVICE
CLM-005180,CUS-000935,FILED_BY
CLM-005180,DEV-002747,USES_DEVICE
CLM-005180,REP-000015,REPAIRED_BY
CLM-005181,CUS-001563,FILED_BY
CLM-005181,DEV-001736,USES_DEVICE
CLM-005182,CUS-001797,FILED_BY
CLM-005182,DEV-002890,USES_DEVICE
CLM-005182,REP-000654,REPAIRED_BY
CLM-005183,CUS-001291,FILED_BY
CLM-005183,DEV-002749,USES_DEVICE
CLM-005184,CUS-002729,FILED_BY
CLM-005184,DEV-001583,USES_DEVICE
CLM-005185,CUS-001930,FILED_BY
CLM-005185,DEV-001749,USES_DEVICE
CLM-005185,REP-000459,REPAIRED_BY
CLM-005186,CUS-000870,FILED_BY
CLM-005186,DEV-002303,USES_DEVICE
CLM-005187,CUS-000910,FILED_BY
CLM-005187,DEV-001451,USES_DEVICE
CLM-005188,CUS-001207,FILED_BY
CLM-005188,DEV-001682,USES_DEVICE
CLM-005189,CUS-000912,FILED_BY
CLM-005189,DEV-001251,USES_DEVICE
CLM-005190,CUS-000030,FILED_BY
CLM-005190,DEV-002941,USES_DEVICE
CLM-005191,CUS-002557,FILED_BY
CLM-005191,DEV-002086,USES_DEVICE
CLM-005192,CUS-001539,FILED_BY
CLM-005192,DEV-000726,USES_DEVICE
CLM-005192,REP-000414,REPAIRED_BY
CLM-005193,CUS-001749,FILED_BY
CLM-005193,DEV-001220,USES_DEVICE
CLM-005194,CUS-000753,FILED_BY
CLM-005194,DEV-002020,USES_DEVICE
CLM-005195,CUS-001446,FILED_BY
CLM-005195,DEV-001276,USES_DEVICE
CLM-005196,CUS-001425,FILED_BY
CLM-005196,DEV-001476,USES_DEVICE
CLM-005196,REP-000249,REPAIRED_BY
CLM-005197,CUS-000464,FILED_BY
CLM-005197,DEV-002948,USES_DEVICE
CLM-005198,CUS-000428,FILED_BY
CLM-005198,DEV-002814,USES_DEVICE
CLM-005198,REP-000335,REPAIRED_BY
CLM-005199,CUS-001255,FILED_BY
CLM-005199,DEV-002739,USES_DEVICE
CLM-005199,REP-000136,REPAIRED_BY
CLM-005200,CUS-002825,FILED_BY
CLM-005200,DEV-000123,USES_DEVICE
CLM-005200,REP-000616,REPAIRED_BY
CLM-005201,CUS-001126,FILED_BY
CLM-005201,DEV-002353,USES_DEVICE
CLM-005202,CUS-001936,FILED_BY
CLM-005202,DEV-001632,USES_DEVICE
CLM-005202,REP-000348,REPAIRED_BY
CLM-005203,CUS-000939,FILED_BY
CLM-005203,DEV-000677,USES_DEVICE
CLM-005203,REP-000352,REPAIRED_BY
CLM-005204,CUS-000911,FILED_BY
CLM-005204,DEV-000963,USES_DEVICE
CLM-005204,REP-000399,REPAIRED_BY
CLM-005205,CUS-000838,FILED_BY
CLM-005205,DEV-001517,USES_DEVICE
CLM-005205,REP-000354,REPAIRED_BY
CLM-005206,CUS-002060,FILED_BY
CLM-005206,DEV-002454,USES_DEVICE
CLM-005206,REP-000128,REPAIRED_BY
CLM-005207,CUS-002652,FILED_BY
CLM-005207,DEV-001812,USES_DEVICE
CLM-005207,REP-000271,REPAIRED_BY
CLM-005208,CUS-002560,FILED_BY
CLM-005208,DEV-000123,USES_DEVICE
CLM-005208,REP-000102,REPAIRED_BY
CLM-005209,CUS-001107,FILED_BY
CLM-005209,DEV-002083,USES_DEVICE
CLM-005209,REP-000662,REPAIRED_BY
CLM-005210,CUS-001291,FILED_BY
CLM-005210,DEV-002749,USES_DEVICE
CLM-005210,REP-000219,REPAIRED_BY
CLM-005211,CUS-001697,FILED_BY
CLM-005211,DEV-002238,USES_DEVICE
CLM-005212,CUS-001424,FILED_BY
CLM-005212,DEV-002118,USES_DEVICE
CLM-005212,REP-000370,REPAIRED_BY
CLM-005213,CUS-002556,FILED_BY
CLM-005213,DEV-000947,USES_DEVICE
CLM-005213,REP-000388,REPAIRED_BY
CLM-005214,CUS-002496,FILED_BY
CLM-005214,DEV-002474,USES_DEVICE
CLM-005214,REP-000189,REPAIRED_BY
CLM-005215,CUS-002442,FILED_BY
CLM-005215,DEV-001612,USES_DEVICE
CLM-005215,REP-000692,REPAIRED_BY
CLM-005216,CUS-001064,FILED_BY
CLM-005216,DEV-002095,USES_DEVICE
CLM-005217,CUS-000037,FILED_BY
CLM-005217,DEV-000817,USES_DEVICE
CLM-005218,CUS-000325,FILED_BY
CLM-005218,DEV-001789,USES_DEVICE
CLM-005219,CUS-000072,FILED_BY
CLM-005219,DEV-001505,USES_DEVICE
CLM-005220,CUS-002101,FILED_BY
CLM-005220,DEV-000898,USES_DEVICE
CLM-005220,REP-000579,REPAIRED_BY
CLM-005221,CUS-002240,FILED_BY
CLM-005221,DEV-002923,USES_DEVICE
CLM-005221,REP-000310,REPAIRED_BY
CLM-005222,CUS-001508,FILED_BY
CLM-005222,DEV-000782,USES_DEVICE
CLM-005223,CUS-000571,FILED_BY
CLM-005223,DEV-000107,USES_DEVICE
CLM-005223,REP-000489,REPAIRED_BY
CLM-005224,CUS-002028,FILED_BY
CLM-005224,DEV-002126,USES_DEVICE
CLM-005224,REP-000259,REPAIRED_BY
CLM-005225,CUS-000969,FILED_BY
CLM-005225,DEV-001894,USES_DEVICE
CLM-005226,CUS-002112,FILED_BY
CLM-005226,DEV-000205,USES_DEVICE
CLM-005226,REP-000125,REPAIRED_BY
CLM-005227,CUS-000090,FILED_BY
CLM-005227,DEV-000734,USES_DEVICE
CLM-005228,CUS-001592,FILED_BY
CLM-005228,DEV-002514,USES_DEVICE
CLM-005229,CUS-000011,FILED_BY
CLM-005229,DEV-000049,USES_DEVICE
CLM-005229,REP-000192,REPAIRED_BY
CLM-005230,CUS-002871,FILED_BY
CLM-005230,DEV-002039,USES_DEVICE
CLM-005230,REP-000228,REPAIRED_BY
CLM-005231,CUS-002552,FILED_BY
CLM-005231,DEV-001857,USES_DEVICE
CLM-005231,REP-000632,REPAIRED_BY
CLM-005232,CUS-002495,FILED_BY
CLM-005232,DEV-000855,USES_DEVICE
CLM-005232,REP-000361,REPAIRED_BY
CLM-005233,CUS-000895,FILED_BY
CLM-005233,DEV-000814,USES_DEVICE
CLM-005233,REP-000213,REPAIRED_BY
CLM-005234,CUS-000880,FILED_BY
CLM-005234,DEV-000632,USES_DEVICE
CLM-005235,CUS-000373,FILED_BY
CLM-005235,DEV-001591,USES_DEVICE
CLM-005235,REP-000386,REPAIRED_BY
CLM-005236,CUS-001598,FILED_BY
CLM-005236,DEV-000896,USES_DEVICE
CLM-005236,REP-000074,REPAIRED_BY
CLM-005237,CUS-002758,FILED_BY
CLM-005237,DEV-002315,USES_DEVICE
CLM-005237,REP-000583,REPAIRED_BY
CLM-005238,CUS-000282,FILED_BY
CLM-005238,DEV-000879,USES_DEVICE
CLM-005239,CUS-002312,FILED_BY
CLM-005239,DEV-000303,USES_DEVICE
CLM-005239,REP-000691,REPAIRED_BY
CLM-005240,CUS-001079,FILED_BY
CLM-005240,DEV-000088,USES_DEVICE
CLM-005241,CUS-002070,FILED_BY
CLM-005241,DEV-002303,USES_DEVICE
CLM-005242,CUS-002934,FILED_BY
CLM-005242,DEV-001613,USES_DEVICE
CLM-005243,CUS-002903,FILED_BY
CLM-005243,DEV-000612,USES_DEVICE
CLM-005243,REP-000238,REPAIRED_BY
CLM-005244,CUS-001975,FILED_BY
CLM-005244,DEV-000418,USES_DEVICE
CLM-005245,CUS-002585,FILED_BY
CLM-005245,DEV-001064,USES_DEVICE
CLM-005246,CUS-002364,FILED_BY
CLM-005246,DEV-000145,USES_DEVICE
CLM-005246,REP-000248,REPAIRED_BY
CLM-005247,CUS-000325,FILED_BY
CLM-005247,DEV-001789,USES_DEVICE
CLM-005247,REP-000181,REPAIRED_BY
CLM-005248,CUS-001013,FILED_BY
CLM-005248,DEV-000479,USES_DEVICE
CLM-005248,REP-000506,REPAIRED_BY
CLM-005249,CUS-002520,FILED_BY
CLM-005249,DEV-001617,USES_DEVICE
CLM-005249,REP-000010,REPAIRED_BY
CLM-005250,CUS-000726,FILED_BY
CLM-005250,DEV-001974,USES_DEVICE
CLM-005250,REP-000287,REPAIRED_BY
CLM-005251,CUS-002497,FILED_BY
CLM-005251,DEV-002339,USES_DEVICE
CLM-005252,CUS-002306,FILED_BY
CLM-005252,DEV-000622,USES_DEVICE
CLM-005252,REP-000200,REPAIRED_BY
CLM-005253,CUS-001477,FILED_BY
CLM-005253,DEV-000083,USES_DEVICE
CLM-005254,CUS-001757,FILED_BY
CLM-005254,DEV-001502,USES_DEVICE
CLM-005255,CUS-002293,FILED_BY
CLM-005255,DEV-002651,USES_DEVICE
CLM-005256,CUS-001953,FILED_BY
CLM-005256,DEV-001469,USES_DEVICE
CLM-005256,REP-000346,REPAIRED_BY
CLM-005257,CUS-001305,FILED_BY
CLM-005257,DEV-002452,USES_DEVICE
CLM-005258,CUS-001134,FILED_BY
CLM-005258,DEV-000487,USES_DEVICE
CLM-005259,CUS-002914,FILED_BY
CLM-005259,DEV-001476,USES_DEVICE
CLM-005259,REP-000572,REPAIRED_BY
CLM-005260,CUS-001171,FILED_BY
CLM-005260,DEV-000858,USES_DEVICE
CLM-005261,CUS-000106,FILED_BY
CLM-005261,DEV-000867,USES_DEVICE
CLM-005262,CUS-000943,FILED_BY
CLM-005262,DEV-001247,USES_DEVICE
CLM-005262,REP-000235,REPAIRED_BY
CLM-005263,CUS-000457,FILED_BY
CLM-005263,DEV-000585,USES_DEVICE
CLM-005264,CUS-000637,FILED_BY
CLM-005264,DEV-002999,USES_DEVICE
CLM-005264,REP-000696,REPAIRED_BY
CLM-005265,CUS-002330,FILED_BY
CLM-005265,DEV-001513,USES_DEVICE
CLM-005265,REP-000242,REPAIRED_BY
CLM-005266,CUS-000981,FILED_BY
CLM-005266,DEV-002469,USES_DEVICE
CLM-005266,REP-000007,REPAIRED_BY
CLM-005267,CUS-002240,FILED_BY
CLM-005267,DEV-000149,USES_DEVICE
CLM-005268,CUS-000699,FILED_BY
CLM-005268,DEV-001927,USES_DEVICE
CLM-005268,REP-000301,REPAIRED_BY
CLM-005269,CUS-000696,FILED_BY
CLM-005269,DEV-002043,USES_DEVICE
CLM-005269,REP-000197,REPAIRED_BY
CLM-005270,CUS-002492,FILED_BY
CLM-005270,DEV-002257,USES_DEVICE
CLM-005271,CUS-002236,FILED_BY
CLM-005271,DEV-001219,USES_DEVICE
CLM-005271,REP-000646,REPAIRED_BY
CLM-005272,CUS-002029,FILED_BY
CLM-005272,DEV-002401,USES_DEVICE
CLM-005273,CUS-001392,FILED_BY
CLM-005273,DEV-002342,USES_DEVICE
CLM-005274,CUS-002196,FILED_BY
CLM-005274,DEV-001986,USES_DEVICE
CLM-005275,CUS-001331,FILED_BY
CLM-005275,DEV-000166,USES_DEVICE
CLM-005275,REP-000068,REPAIRED_BY
CLM-005276,CUS-002955,FILED_BY
CLM-005276,DEV-002582,USES_DEVICE
CLM-005276,REP-000296,REPAIRED_BY
CLM-005277,CUS-002479,FILED_BY
CLM-005277,DEV-000989,USES_DEVICE
CLM-005278,CUS-001022,FILED_BY
CLM-005278,DEV-000022,USES_DEVICE
CLM-005278,REP-000025,REPAIRED_BY
CLM-005279,CUS-002516,FILED_BY
CLM-005279,DEV-002123,USES_DEVICE
CLM-005279,REP-000251,REPAIRED_BY
CLM-005280,CUS-001965,FILED_BY
CLM-005280,DEV-002977,USES_DEVICE
CLM-005280,REP-000306,REPAIRED_BY
CLM-005281,CUS-002367,FILED_BY
CLM-005281,DEV-000173,USES_DEVICE
CLM-005281,REP-000417,REPAIRED_BY
CLM-005282,CUS-001513,FILED_BY
CLM-005282,DEV-002266,USES_DEVICE
CLM-005282,REP-000557,REPAIRED_BY
CLM-005283,CUS-002709,FILED_BY
CLM-005283,DEV-001702,USES_DEVICE
CLM-005283,REP-000176,REPAIRED_BY
CLM-005284,CUS-001596,FILED_BY
CLM-005284,DEV-002265,USES_DEVICE
CLM-005285,CUS-002351,FILED_BY
CLM-005285,DEV-001050,USES_DEVICE
CLM-005285,REP-000312,REPAIRED_BY
CLM-005286,CUS-002378,FILED_BY
CLM-005286,DEV-002446,USES_DEVICE
CLM-005286,REP-000045,REPAIRED_BY
CLM-005287,CUS-002996,FILED_BY
CLM-005287,DEV-001784,USES_DEVICE
CLM-005287,REP-000346,REPAIRED_BY
CLM-005288,CUS-001559,FILED_BY
CLM-005288,DEV-000312,USES_DEVICE
CLM-005288,REP-000332,REPAIRED_BY
CLM-005289,CUS-002089,FILED_BY
CLM-005289,DEV-000948,USES_DEVICE
CLM-005289,REP-000638,REPAIRED_BY
CLM-005290,CUS-002401,FILED_BY
CLM-005290,DEV-001327,USES_DEVICE
CLM-005291,CUS-002721,FILED_BY
CLM-005291,DEV-001384,USES_DEVICE
CLM-005292,CUS-000769,FILED_BY
CLM-005292,DEV-002150,USES_DEVICE
CLM-005292,REP-000534,REPAIRED_BY
CLM-005293,CUS-001143,FILED_BY
CLM-005293,DEV-000653,USES_DEVICE
CLM-005293,REP-000189,REPAIRED_BY
CLM-005294,CUS-001758,FILED_BY
CLM-005294,DEV-000673,USES_DEVICE
CLM-005295,CUS-000952,FILED_BY
CLM-005295,DEV-001603,USES_DEVICE
CLM-005295,REP-000182,REPAIRED_BY
CLM-005296,CUS-001687,FILED_BY
CLM-005296,DEV-001183,USES_DEVICE
CLM-005296,REP-000436,REPAIRED_BY
CLM-005297,CUS-001275,FILED_BY
CLM-005297,DEV-002949,USES_DEVICE
CLM-005297,REP-000005,REPAIRED_BY
CLM-005298,CUS-000384,FILED_BY
CLM-005298,DEV-002807,USES_DEVICE
CLM-005298,REP-000679,REPAIRED_BY
CLM-005299,CUS-001158,FILED_BY
CLM-005299,DEV-000046,USES_DEVICE
CLM-005300,CUS-000200,FILED_BY
CLM-005300,DEV-001067,USES_DEVICE
CLM-005300,REP-000631,REPAIRED_BY
CLM-005301,CUS-000660,FILED_BY
CLM-005301,DEV-001921,USES_DEVICE
CLM-005301,REP-000637,REPAIRED_BY
CLM-005302,CUS-000710,FILED_BY
CLM-005302,DEV-000073,USES_DEVICE
CLM-005302,REP-000033,REPAIRED_BY
CLM-005303,CUS-001160,FILED_BY
CLM-005303,DEV-001676,USES_DEVICE
CLM-005304,CUS-000789,FILED_BY
CLM-005304,DEV-001706,USES_DEVICE
CLM-005304,REP-000090,REPAIRED_BY
CLM-005305,CUS-001892,FILED_BY
CLM-005305,DEV-002801,USES_DEVICE
CLM-005306,CUS-001337,FILED_BY
CLM-005306,DEV-002150,USES_DEVICE
CLM-005306,REP-000064,REPAIRED_BY
CLM-005307,CUS-001218,FILED_BY
CLM-005307,DEV-002967,USES_DEVICE
CLM-005307,REP-000611,REPAIRED_BY
CLM-005308,CUS-000987,FILED_BY
CLM-005308,DEV-001483,USES_DEVICE
CLM-005309,CUS-000072,FILED_BY
CLM-005309,DEV-001505,USES_DEVICE
CLM-005310,CUS-002203,FILED_BY
CLM-005310,DEV-002672,USES_DEVICE
CLM-005311,CUS-001478,FILED_BY
CLM-005311,DEV-002280,USES_DEVICE
CLM-005311,REP-000297,REPAIRED_BY
CLM-005312,CUS-002246,FILED_BY
CLM-005312,DEV-001457,USES_DEVICE
CLM-005312,REP-000546,REPAIRED_BY
CLM-005313,CUS-001245,FILED_BY
CLM-005313,DEV-000219,USES_DEVICE
CLM-005313,REP-000390,REPAIRED_BY
CLM-005314,CUS-000982,FILED_BY
CLM-005314,DEV-000337,USES_DEVICE
CLM-005314,REP-000520,REPAIRED_BY
CLM-005315,CUS-002817,FILED_BY
CLM-005315,DEV-001464,USES_DEVICE
CLM-005315,REP-000374,REPAIRED_BY
CLM-005316,CUS-002443,FILED_BY
CLM-005316,DEV-002558,USES_DEVICE
CLM-005317,CUS-001927,FILED_BY
CLM-005317,DEV-002945,USES_DEVICE
CLM-005317,REP-000564,REPAIRED_BY
CLM-005318,CUS-000710,FILED_BY
CLM-005318,DEV-001523,USES_DEVICE
CLM-005318,REP-000431,REPAIRED_BY
CLM-005319,CUS-000502,FILED_BY
CLM-005319,DEV-001571,USES_DEVICE
CLM-005319,REP-000111,REPAIRED_BY
CLM-005320,CUS-000580,FILED_BY
CLM-005320,DEV-000544,USES_DEVICE
CLM-005321,CUS-000519,FILED_BY
CLM-005321,DEV-002411,USES_DEVICE
CLM-005321,REP-000356,REPAIRED_BY
CLM-005322,CUS-001392,FILED_BY
CLM-005322,DEV-000541,USES_DEVICE
CLM-005322,REP-000135,REPAIRED_BY
CLM-005323,CUS-000602,FILED_BY
CLM-005323,DEV-000029,USES_DEVICE
CLM-005324,CUS-002988,FILED_BY
CLM-005324,DEV-000010,USES_DEVICE
CLM-005324,REP-000307,REPAIRED_BY
CLM-005325,CUS-001706,FILED_BY
CLM-005325,DEV-001974,USES_DEVICE
CLM-005325,REP-000302,REPAIRED_BY
CLM-005326,CUS-000731,FILED_BY
CLM-005326,DEV-001379,USES_DEVICE
CLM-005326,REP-000433,REPAIRED_BY
CLM-005327,CUS-001779,FILED_BY
CLM-005327,DEV-001917,USES_DEVICE
CLM-005327,REP-000530,REPAIRED_BY
CLM-005328,CUS-000550,FILED_BY
CLM-005328,DEV-000098,USES_DEVICE
CLM-005328,REP-000037,REPAIRED_BY
CLM-005329,CUS-000759,FILED_BY
CLM-005329,DEV-002293,USES_DEVICE
CLM-005329,REP-000118,REPAIRED_BY
CLM-005330,CUS-002252,FILED_BY
CLM-005330,DEV-001296,USES_DEVICE
CLM-005331,CUS-000205,FILED_BY
CLM-005331,DEV-001307,USES_DEVICE
CLM-005332,CUS-000666,FILED_BY
CLM-005332,DEV-002017,USES_DEVICE
CLM-005332,REP-000382,REPAIRED_BY
CLM-005333,CUS-000321,FILED_BY
CLM-005333,DEV-002037,USES_DEVICE
CLM-005333,REP-000412,REPAIRED_BY
CLM-005334,CUS-002920,FILED_BY
CLM-005334,DEV-001500,USES_DEVICE
CLM-005335,CUS-000524,FILED_BY
CLM-005335,DEV-000541,USES_DEVICE
CLM-005336,CUS-000764,FILED_BY
CLM-005336,DEV-000748,USES_DEVICE
CLM-005337,CUS-001991,FILED_BY
CLM-005337,DEV-001637,USES_DEVICE
CLM-005338,CUS-001600,FILED_BY
CLM-005338,DEV-002819,USES_DEVICE
CLM-005338,REP-000189,REPAIRED_BY
CLM-005339,CUS-002496,FILED_BY
CLM-005339,DEV-002275,USES_DEVICE
CLM-005339,REP-000437,REPAIRED_BY
CLM-005340,CUS-002945,FILED_BY
CLM-005340,DEV-000825,USES_DEVICE
CLM-005340,REP-000675,REPAIRED_BY
CLM-005341,CUS-000257,FILED_BY
CLM-005341,DEV-001811,USES_DEVICE
CLM-005341,REP-000452,REPAIRED_BY
CLM-005342,CUS-000029,FILED_BY
CLM-005342,DEV-002800,USES_DEVICE
CLM-005343,CUS-002522,FILED_BY
CLM-005343,DEV-001678,USES_DEVICE
CLM-005344,CUS-002469,FILED_BY
CLM-005344,DEV-002247,USES_DEVICE
CLM-005344,REP-000065,REPAIRED_BY
CLM-005345,CUS-002500,FILED_BY
CLM-005345,DEV-001834,USES_DEVICE
CLM-005346,CUS-000701,FILED_BY
CLM-005346,DEV-001812,USES_DEVICE
CLM-005347,CUS-001999,FILED_BY
CLM-005347,DEV-000147,USES_DEVICE
CLM-005347,REP-000145,REPAIRED_BY
CLM-005348,CUS-000605,FILED_BY
CLM-005348,DEV-002938,USES_DEVICE
CLM-005348,REP-000654,REPAIRED_BY
CLM-005349,CUS-000527,FILED_BY
CLM-005349,DEV-001916,USES_DEVICE
CLM-005349,REP-000251,REPAIRED_BY
CLM-005350,CUS-000733,FILED_BY
CLM-005350,DEV-002660,USES_DEVICE
CLM-005351,CUS-001259,FILED_BY
CLM-005351,DEV-001127,USES_DEVICE
CLM-005351,REP-000182,REPAIRED_BY
CLM-005352,CUS-001121,FILED_BY
CLM-005352,DEV-001671,USES_DEVICE
CLM-005352,REP-000155,REPAIRED_BY
CLM-005353,CUS-001259,FILED_BY
CLM-005353,DEV-001127,USES_DEVICE
CLM-005353,REP-000067,REPAIRED_BY
CLM-005354,CUS-000392,FILED_BY
CLM-005354,DEV-000352,USES_DEVICE
CLM-005355,CUS-002399,FILED_BY
CLM-005355,DEV-001428,USES_DEVICE
CLM-005356,CUS-002040,FILED_BY
CLM-005356,DEV-001306,USES_DEVICE
CLM-005357,CUS-000218,FILED_BY
CLM-005357,DEV-001583,USES_DEVICE
CLM-005357,REP-000593,REPAIRED_BY
CLM-005358,CUS-002967,FILED_BY
CLM-005358,DEV-002073,USES_DEVICE
CLM-005358,REP-000568,REPAIRED_BY
CLM-005359,CUS-001543,FILED_BY
CLM-005359,DEV-000789,USES_DEVICE
CLM-005360,CUS-000642,FILED_BY
CLM-005360,DEV-002137,USES_DEVICE
CLM-005361,CUS-002774,FILED_BY
CLM-005361,DEV-002959,USES_DEVICE
CLM-005362,CUS-000163,FILED_BY
CLM-005362,DEV-002603,USES_DEVICE
CLM-005363,CUS-001011,FILED_BY
CLM-005363,DEV-002385,USES_DEVICE
CLM-005363,REP-000488,REPAIRED_BY
CLM-005364,CUS-000325,FILED_BY
CLM-005364,DEV-001789,USES_DEVICE
CLM-005364,REP-000268,REPAIRED_BY
CLM-005365,CUS-001865,FILED_BY
CLM-005365,DEV-001283,USES_DEVICE
CLM-005365,REP-000433,REPAIRED_BY
CLM-005366,CUS-001380,FILED_BY
CLM-005366,DEV-000695,USES_DEVICE
CLM-005366,REP-000131,REPAIRED_BY
CLM-005367,CUS-000476,FILED_BY
CLM-005367,DEV-000694,USES_DEVICE
CLM-005368,CUS-001704,FILED_BY
CLM-005368,DEV-002569,USES_DEVICE
CLM-005368,REP-000133,REPAIRED_BY
CLM-005369,CUS-000992,FILED_BY
CLM-005369,DEV-001422,USES_DEVICE
CLM-005369,REP-000448,REPAIRED_BY
CLM-005370,CUS-001367,FILED_BY
CLM-005370,DEV-001621,USES_DEVICE
CLM-005371,CUS-000661,FILED_BY
CLM-005371,DEV-001474,USES_DEVICE
CLM-005372,CUS-002290,FILED_BY
CLM-005372,DEV-002562,USES_DEVICE
CLM-005373,CUS-002338,FILED_BY
CLM-005373,DEV-000105,USES_DEVICE
CLM-005374,CUS-001508,FILED_BY
CLM-005374,DEV-002379,USES_DEVICE
CLM-005374,REP-000565,REPAIRED_BY
CLM-005375,CUS-002408,FILED_BY
CLM-005375,DEV-000130,USES_DEVICE
CLM-005375,REP-000210,REPAIRED_BY
CLM-005376,CUS-002408,FILED_BY
CLM-005376,DEV-002187,USES_DEVICE
CLM-005376,REP-000661,REPAIRED_BY
CLM-005377,CUS-000432,FILED_BY
CLM-005377,DEV-002311,USES_DEVICE
CLM-005378,CUS-002130,FILED_BY
CLM-005378,DEV-000498,USES_DEVICE
CLM-005379,CUS-002211,FILED_BY
CLM-005379,DEV-002137,USES_DEVICE
CLM-005380,CUS-000416,FILED_BY
CLM-005380,DEV-002105,USES_DEVICE
CLM-005381,CUS-002596,FILED_BY
CLM-005381,DEV-001919,USES_DEVICE
CLM-005382,CUS-000066,FILED_BY
CLM-005382,DEV-000289,USES_DEVICE
CLM-005382,REP-000351,REPAIRED_BY
CLM-005383,CUS-000902,FILED_BY
CLM-005383,DEV-002923,USES_DEVICE
CLM-005383,REP-000548,REPAIRED_BY
CLM-005384,CUS-000820,FILED_BY
CLM-005384,DEV-001184,USES_DEVICE
CLM-005385,CUS-001676,FILED_BY
CLM-005385,DEV-000535,USES_DEVICE
CLM-005385,REP-000549,REPAIRED_BY
CLM-005386,CUS-002377,FILED_BY
CLM-005386,DEV-002381,USES_DEVICE
CLM-005386,REP-000038,REPAIRED_BY
CLM-005387,CUS-002029,FILED_BY
CLM-005387,DEV-002401,USES_DEVICE
CLM-005388,CUS-001861,FILED_BY
CLM-005388,DEV-002433,USES_DEVICE
CLM-005389,CUS-000518,FILED_BY
CLM-005389,DEV-002045,USES_DEVICE
CLM-005389,REP-000068,REPAIRED_BY
CLM-005390,CUS-000763,FILED_BY
CLM-005390,DEV-001266,USES_DEVICE
CLM-005390,REP-000394,REPAIRED_BY
CLM-005391,CUS-002274,FILED_BY
CLM-005391,DEV-001158,USES_DEVICE
CLM-005392,CUS-000294,FILED_BY
CLM-005392,DEV-000644,USES_DEVICE
CLM-005393,CUS-000891,FILED_BY
CLM-005393,DEV-002428,USES_DEVICE
CLM-005394,CUS-001203,FILED_BY
CLM-005394,DEV-000886,USES_DEVICE
CLM-005394,REP-000583,REPAIRED_BY
CLM-005395,CUS-000308,FILED_BY
CLM-005395,DEV-001863,USES_DEVICE
CLM-005396,CUS-000386,FILED_BY
CLM-005396,DEV-002270,USES_DEVICE
CLM-005396,REP-000070,REPAIRED_BY
CLM-005397,CUS-001327,FILED_BY
CLM-005397,DEV-002062,USES_DEVICE
CLM-005398,CUS-001633,FILED_BY
CLM-005398,DEV-002048,USES_DEVICE
CLM-005398,REP-000229,REPAIRED_BY
CLM-005399,CUS-001420,FILED_BY
CLM-005399,DEV-000325,USES_DEVICE
CLM-005399,REP-000060,REPAIRED_BY
CLM-005400,CUS-000915,FILED_BY
CLM-005400,DEV-001589,USES_DEVICE
CLM-005400,REP-000488,REPAIRED_BY
CLM-005401,CUS-000694,FILED_BY
CLM-005401,DEV-001888,USES_DEVICE
CLM-005401,REP-000501,REPAIRED_BY
CLM-005402,CUS-000342,FILED_BY
CLM-005402,DEV-001543,USES_DEVICE
CLM-005403,CUS-001959,FILED_BY
CLM-005403,DEV-002756,USES_DEVICE
CLM-005403,REP-000530,REPAIRED_BY
CLM-005404,CUS-002243,FILED_BY
CLM-005404,DEV-001304,USES_DEVICE
CLM-005404,REP-000140,REPAIRED_BY
CLM-005405,CUS-000025,FILED_BY
CLM-005405,DEV-001774,USES_DEVICE
CLM-005405,REP-000630,REPAIRED_BY
CLM-005406,CUS-002325,FILED_BY
CLM-005406,DEV-001569,USES_DEVICE
CLM-005406,REP-000115,REPAIRED_BY
CLM-005407,CUS-001727,FILED_BY
CLM-005407,DEV-002210,USES_DEVICE
CLM-005408,CUS-000232,FILED_BY
CLM-005408,DEV-001455,USES_DEVICE
CLM-005409,CUS-002668,FILED_BY
CLM-005409,DEV-000048,USES_DEVICE
CLM-005410,CUS-001017,FILED_BY
CLM-005410,DEV-000696,USES_DEVICE
CLM-005410,REP-000268,REPAIRED_BY
CLM-005411,CUS-001786,FILED_BY
CLM-005411,DEV-001922,USES_DEVICE
CLM-005412,CUS-000213,FILED_BY
CLM-005412,DEV-000262,USES_DEVICE
CLM-005412,REP-000274,REPAIRED_BY
CLM-005413,CUS-002559,FILED_BY
CLM-005413,DEV-001048,USES_DEVICE
CLM-005414,CUS-001680,FILED_BY
CLM-005414,DEV-002125,USES_DEVICE
CLM-005415,CUS-002360,FILED_BY
CLM-005415,DEV-001883,USES_DEVICE
CLM-005416,CUS-001649,FILED_BY
CLM-005416,DEV-000014,USES_DEVICE
CLM-005417,CUS-001045,FILED_BY
CLM-005417,DEV-001876,USES_DEVICE
CLM-005418,CUS-001022,FILED_BY
CLM-005418,DEV-000822,USES_DEVICE
CLM-005418,REP-000601,REPAIRED_BY
CLM-005419,CUS-001057,FILED_BY
CLM-005419,DEV-000876,USES_DEVICE
CLM-005419,REP-000386,REPAIRED_BY
CLM-005420,CUS-000769,FILED_BY
CLM-005420,DEV-002150,USES_DEVICE
CLM-005421,CUS-001748,FILED_BY
CLM-005421,DEV-002168,USES_DEVICE
CLM-005422,CUS-002101,FILED_BY
CLM-005422,DEV-001742,USES_DEVICE
CLM-005422,REP-000143,REPAIRED_BY
CLM-005423,CUS-000190,FILED_BY
CLM-005423,DEV-000037,USES_DEVICE
CLM-005423,REP-000479,REPAIRED_BY
CLM-005424,CUS-000479,FILED_BY
CLM-005424,DEV-000222,USES_DEVICE
CLM-005425,CUS-001052,FILED_BY
CLM-005425,DEV-002062,USES_DEVICE
CLM-005425,REP-000310,REPAIRED_BY
CLM-005426,CUS-002178,FILED_BY
CLM-005426,DEV-001423,USES_DEVICE
CLM-005426,REP-000553,REPAIRED_BY
CLM-005427,CUS-001727,FILED_BY
CLM-005427,DEV-002210,USES_DEVICE
CLM-005428,CUS-001312,FILED_BY
CLM-005428,DEV-002846,USES_DEVICE
CLM-005428,REP-000215,REPAIRED_BY
CLM-005429,CUS-002792,FILED_BY
CLM-005429,DEV-000637,USES_DEVICE
CLM-005429,REP-000664,REPAIRED_BY
CLM-005430,CUS-001518,FILED_BY
CLM-005430,DEV-001443,USES_DEVICE
CLM-005430,REP-000256,REPAIRED_BY
CLM-005431,CUS-001452,FILED_BY
CLM-005431,DEV-000503,USES_DEVICE
CLM-005432,CUS-001576,FILED_BY
CLM-005432,DEV-002391,USES_DEVICE
CLM-005432,REP-000463,REPAIRED_BY
CLM-005433,CUS-001382,FILED_BY
CLM-005433,DEV-002794,USES_DEVICE
CLM-005433,REP-000244,REPAIRED_BY
CLM-005434,CUS-002242,FILED_BY
CLM-005434,DEV-001644,USES_DEVICE
CLM-005435,CUS-000727,FILED_BY
CLM-005435,DEV-002288,USES_DEVICE
CLM-005436,CUS-001642,FILED_BY
CLM-005436,DEV-001257,USES_DEVICE
CLM-005436,REP-000551,REPAIRED_BY
CLM-005437,CUS-000235,FILED_BY
CLM-005437,DEV-000913,USES_DEVICE
CLM-005438,CUS-000131,FILED_BY
CLM-005438,DEV-000380,USES_DEVICE
CLM-005438,REP-000305,REPAIRED_BY
CLM-005439,CUS-001234,FILED_BY
CLM-005439,DEV-000470,USES_DEVICE
CLM-005439,REP-000302,REPAIRED_BY
CLM-005440,CUS-000745,FILED_BY
CLM-005440,DEV-001182,USES_DEVICE
CLM-005441,CUS-000351,FILED_BY
CLM-005441,DEV-001512,USES_DEVICE
CLM-005442,CUS-000765,FILED_BY
CLM-005442,DEV-002257,USES_DEVICE
CLM-005442,REP-000558,REPAIRED_BY
CLM-005443,CUS-000819,FILED_BY
CLM-005443,DEV-001165,USES_DEVICE
CLM-005443,REP-000509,REPAIRED_BY
CLM-005444,CUS-000349,FILED_BY
CLM-005444,DEV-000683,USES_DEVICE
CLM-005445,CUS-000617,FILED_BY
CLM-005445,DEV-000923,USES_DEVICE
CLM-005445,REP-000618,REPAIRED_BY
CLM-005446,CUS-001609,FILED_BY
CLM-005446,DEV-000911,USES_DEVICE
CLM-005446,REP-000154,REPAIRED_BY
CLM-005447,CUS-000397,FILED_BY
CLM-005447,DEV-000580,USES_DEVICE
CLM-005447,REP-000326,REPAIRED_BY
CLM-005448,CUS-002362,FILED_BY
CLM-005448,DEV-002683,USES_DEVICE
CLM-005448,REP-000307,REPAIRED_BY
CLM-005449,CUS-001082,FILED_BY
CLM-005449,DEV-000610,USES_DEVICE
CLM-005449,REP-000529,REPAIRED_BY
CLM-005450,CUS-002323,FILED_BY
CLM-005450,DEV-002167,USES_DEVICE
CLM-005451,CUS-000224,FILED_BY
CLM-005451,DEV-001207,USES_DEVICE
CLM-005451,REP-000077,REPAIRED_BY
CLM-005452,CUS-002401,FILED_BY
CLM-005452,DEV-001327,USES_DEVICE
CLM-005453,CUS-000536,FILED_BY
CLM-005453,DEV-000153,USES_DEVICE
CLM-005453,REP-000243,REPAIRED_BY
CLM-005454,CUS-001978,FILED_BY
CLM-005454,DEV-001097,USES_DEVICE
CLM-005455,CUS-002817,FILED_BY
CLM-005455,DEV-000464,USES_DEVICE
CLM-005456,CUS-000012,FILED_BY
CLM-005456,DEV-002740,USES_DEVICE
CLM-005456,REP-000620,REPAIRED_BY
CLM-005457,CUS-001255,FILED_BY
CLM-005457,DEV-002739,USES_DEVICE
CLM-005458,CUS-001931,FILED_BY
CLM-005458,DEV-001310,USES_DEVICE
CLM-005458,REP-000196,REPAIRED_BY
CLM-005459,CUS-002293,FILED_BY
CLM-005459,DEV-002651,USES_DEVICE
CLM-005459,REP-000305,REPAIRED_BY
CLM-005460,CUS-002389,FILED_BY
CLM-005460,DEV-000529,USES_DEVICE
CLM-005461,CUS-000273,FILED_BY
CLM-005461,DEV-001983,USES_DEVICE
CLM-005462,CUS-000902,FILED_BY
CLM-005462,DEV-001872,USES_DEVICE
CLM-005462,REP-000135,REPAIRED_BY
CLM-005463,CUS-002242,FILED_BY
CLM-005463,DEV-001644,USES_DEVICE
CLM-005463,REP-000665,REPAIRED_BY
CLM-005464,CUS-002097,FILED_BY
CLM-005464,DEV-001171,USES_DEVICE
CLM-005464,REP-000593,REPAIRED_BY
CLM-005465,CUS-001583,FILED_BY
CLM-005465,DEV-000070,USES_DEVICE
CLM-005465,REP-000558,REPAIRED_BY
CLM-005466,CUS-002915,FILED_BY
CLM-005466,DEV-000711,USES_DEVICE
CLM-005466,REP-000671,REPAIRED_BY
CLM-005467,CUS-002070,FILED_BY
CLM-005467,DEV-000239,USES_DEVICE
CLM-005467,REP-000092,REPAIRED_BY
CLM-005468,CUS-002868,FILED_BY
CLM-005468,DEV-002911,USES_DEVICE
CLM-005468,REP-000540,REPAIRED_BY
CLM-005469,CUS-002070,FILED_BY
CLM-005469,DEV-001722,USES_DEVICE
CLM-005469,REP-000010,REPAIRED_BY
CLM-005470,CUS-001720,FILED_BY
CLM-005470,DEV-001856,USES_DEVICE
CLM-005470,REP-000431,REPAIRED_BY
CLM-005471,CUS-000398,FILED_BY
CLM-005471,DEV-001311,USES_DEVICE
CLM-005471,REP-000175,REPAIRED_BY
CLM-005472,CUS-002934,FILED_BY
CLM-005472,DEV-001613,USES_DEVICE
CLM-005472,REP-000252,REPAIRED_BY
CLM-005473,CUS-002952,FILED_BY
CLM-005473,DEV-002021,USES_DEVICE
CLM-005473,REP-000069,REPAIRED_BY
CLM-005474,CUS-002362,FILED_BY
CLM-005474,DEV-002683,USES_DEVICE
CLM-005475,CUS-000626,FILED_BY
CLM-005475,DEV-001707,USES_DEVICE
CLM-005475,REP-000436,REPAIRED_BY
CLM-005476,CUS-001551,FILED_BY
CLM-005476,DEV-000292,USES_DEVICE
CLM-005476,REP-000125,REPAIRED_BY
CLM-005477,CUS-000095,FILED_BY
CLM-005477,DEV-000059,USES_DEVICE
CLM-005478,CUS-002906,FILED_BY
CLM-005478,DEV-000654,USES_DEVICE
CLM-005478,REP-000153,REPAIRED_BY
CLM-005479,CUS-002057,FILED_BY
CLM-005479,DEV-002405,USES_DEVICE
CLM-005479,REP-000220,REPAIRED_BY
CLM-005480,CUS-001892,FILED_BY
CLM-005480,DEV-001293,USES_DEVICE
CLM-005480,REP-000115,REPAIRED_BY
CLM-005481,CUS-000749,FILED_BY
CLM-005481,DEV-002941,USES_DEVICE
CLM-005481,REP-000299,REPAIRED_BY
CLM-005482,CUS-000277,FILED_BY
CLM-005482,DEV-000880,USES_DEVICE
CLM-005482,REP-000493,REPAIRED_BY
CLM-005483,CUS-000641,FILED_BY
CLM-005483,DEV-001856,USES_DEVICE
CLM-005483,REP-000527,REPAIRED_BY
CLM-005484,CUS-001793,FILED_BY
CLM-005484,DEV-002318,USES_DEVICE
CLM-005484,REP-000555,REPAIRED_BY
CLM-005485,CUS-000070,FILED_BY
CLM-005485,DEV-001506,USES_DEVICE
CLM-005486,CUS-002631,FILED_BY
CLM-005486,DEV-000624,USES_DEVICE
CLM-005487,CUS-002040,FILED_BY
CLM-005487,DEV-000011,USES_DEVICE
CLM-005488,CUS-000489,FILED_BY
CLM-005488,DEV-002629,USES_DEVICE
CLM-005488,REP-000422,REPAIRED_BY
CLM-005489,CUS-001086,FILED_BY
CLM-005489,DEV-000206,USES_DEVICE
CLM-005489,REP-000499,REPAIRED_BY
CLM-005490,CUS-000163,FILED_BY
CLM-005490,DEV-002603,USES_DEVICE
CLM-005490,REP-000184,REPAIRED_BY
CLM-005491,CUS-002157,FILED_BY
CLM-005491,DEV-002242,USES_DEVICE
CLM-005492,CUS-002970,FILED_BY
CLM-005492,DEV-000046,USES_DEVICE
CLM-005493,CUS-001462,FILED_BY
CLM-005493,DEV-000781,USES_DEVICE
CLM-005493,REP-000692,REPAIRED_BY
CLM-005494,CUS-001738,FILED_BY
CLM-005494,DEV-001680,USES_DEVICE
CLM-005494,REP-000448,REPAIRED_BY
CLM-005495,CUS-000379,FILED_BY
CLM-005495,DEV-001949,USES_DEVICE
CLM-005496,CUS-000261,FILED_BY
CLM-005496,DEV-001367,USES_DEVICE
CLM-005496,REP-000450,REPAIRED_BY
CLM-005497,CUS-002556,FILED_BY
CLM-005497,DEV-002139,USES_DEVICE
CLM-005498,CUS-002400,FILED_BY
CLM-005498,DEV-000150,USES_DEVICE
CLM-005498,REP-000493,REPAIRED_BY
CLM-005499,CUS-000069,FILED_BY
CLM-005499,DEV-000697,USES_DEVICE
CLM-005499,REP-000023,REPAIRED_BY
CLM-005500,CUS-002131,FILED_BY
CLM-005500,DEV-001938,USES_DEVICE
CLM-005501,CUS-001060,FILED_BY
CLM-005501,DEV-000590,USES_DEVICE
CLM-005501,REP-000409,REPAIRED_BY
CLM-005502,CUS-002833,FILED_BY
CLM-005502,DEV-002094,USES_DEVICE
CLM-005502,REP-000204,REPAIRED_BY
CLM-005503,CUS-000025,FILED_BY
CLM-005503,DEV-001774,USES_DEVICE
CLM-005503,REP-000304,REPAIRED_BY
CLM-005504,CUS-000084,FILED_BY
CLM-005504,DEV-001398,USES_DEVICE
CLM-005504,REP-000140,REPAIRED_BY
CLM-005505,CUS-001249,FILED_BY
CLM-005505,DEV-000751,USES_DEVICE
CLM-005505,REP-000473,REPAIRED_BY
CLM-005506,CUS-002778,FILED_BY
CLM-005506,DEV-001823,USES_DEVICE
CLM-005507,CUS-001018,FILED_BY
CLM-005507,DEV-000559,USES_DEVICE
CLM-005508,CUS-000222,FILED_BY
CLM-005508,DEV-002507,USES_DEVICE
CLM-005508,REP-000102,REPAIRED_BY
CLM-005509,CUS-002165,FILED_BY
CLM-005509,DEV-002222,USES_DEVICE
CLM-005509,REP-000153,REPAIRED_BY
CLM-005510,CUS-001112,FILED_BY
CLM-005510,DEV-001924,USES_DEVICE
CLM-005510,REP-000035,REPAIRED_BY
CLM-005511,CUS-001056,FILED_BY
CLM-005511,DEV-000802,USES_DEVICE
CLM-005511,REP-000390,REPAIRED_BY
CLM-005512,CUS-001318,FILED_BY
CLM-005512,DEV-000534,USES_DEVICE
CLM-005513,CUS-002275,FILED_BY
CLM-005513,DEV-001468,USES_DEVICE
CLM-005513,REP-000687,REPAIRED_BY
CLM-005514,CUS-001562,FILED_BY
CLM-005514,DEV-001736,USES_DEVICE
CLM-005515,CUS-002729,FILED_BY
CLM-005515,DEV-002476,USES_DEVICE
CLM-005515,REP-000067,REPAIRED_BY
CLM-005516,CUS-001309,FILED_BY
CLM-005516,DEV-002107,USES_DEVICE
CLM-005517,CUS-001938,FILED_BY
CLM-005517,DEV-001794,USES_DEVICE
CLM-005517,REP-000449,REPAIRED_BY
CLM-005518,CUS-001379,FILED_BY
CLM-005518,DEV-002949,USES_DEVICE
CLM-005519,CUS-000282,FILED_BY
CLM-005519,DEV-000079,USES_DEVICE
CLM-005520,CUS-002122,FILED_BY
CLM-005520,DEV-001386,USES_DEVICE
CLM-005520,REP-000650,REPAIRED_BY
CLM-005521,CUS-001065,FILED_BY
CLM-005521,DEV-001846,USES_DEVICE
CLM-005521,REP-000273,REPAIRED_BY
CLM-005522,CUS-001810,FILED_BY
CLM-005522,DEV-001341,USES_DEVICE
CLM-005522,REP-000014,REPAIRED_BY
CLM-005523,CUS-002027,FILED_BY
CLM-005523,DEV-000646,USES_DEVICE
CLM-005524,CUS-002123,FILED_BY
CLM-005524,DEV-001557,USES_DEVICE
CLM-005525,CUS-000257,FILED_BY
CLM-005525,DEV-001380,USES_DEVICE
CLM-005526,CUS-001631,FILED_BY
CLM-005526,DEV-001293,USES_DEVICE
CLM-005526,REP-000155,REPAIRED_BY
CLM-005527,CUS-001844,FILED_BY
CLM-005527,DEV-001206,USES_DEVICE
CLM-005527,REP-000650,REPAIRED_BY
CLM-005528,CUS-002938,FILED_BY
CLM-005528,DEV-002072,USES_DEVICE
CLM-005529,CUS-002118,FILED_BY
CLM-005529,DEV-001011,USES_DEVICE
CLM-005530,CUS-000528,FILED_BY
CLM-005530,DEV-002940,USES_DEVICE
CLM-005531,CUS-001689,FILED_BY
CLM-005531,DEV-002234,USES_DEVICE
CLM-005532,CUS-002874,FILED_BY
CLM-005532,DEV-000970,USES_DEVICE
CLM-005532,REP-000612,REPAIRED_BY
CLM-005533,CUS-002397,FILED_BY
CLM-005533,DEV-002424,USES_DEVICE
CLM-005533,REP-000155,REPAIRED_BY
CLM-005534,CUS-001067,FILED_BY
CLM-005534,DEV-001455,USES_DEVICE
CLM-005534,REP-000652,REPAIRED_BY
CLM-005535,CUS-001712,FILED_BY
CLM-005535,DEV-001756,USES_DEVICE
CLM-005536,CUS-002680,FILED_BY
CLM-005536,DEV-001412,USES_DEVICE
CLM-005536,REP-000277,REPAIRED_BY
CLM-005537,CUS-001328,FILED_BY
CLM-005537,DEV-002899,USES_DEVICE
CLM-005537,REP-000197,REPAIRED_BY
CLM-005538,CUS-002877,FILED_BY
CLM-005538,DEV-002054,USES_DEVICE
CLM-005538,REP-000485,REPAIRED_BY
CLM-005539,CUS-001758,FILED_BY
CLM-005539,DEV-001740,USES_DEVICE
CLM-005540,CUS-001438,FILED_BY
CLM-005540,DEV-001313,USES_DEVICE
CLM-005540,REP-000150,REPAIRED_BY
CLM-005541,CUS-000518,FILED_BY
CLM-005541,DEV-000747,USES_DEVICE
CLM-005542,CUS-002500,FILED_BY
CLM-005542,DEV-001834,USES_DEVICE
CLM-005543,CUS-001947,FILED_BY
CLM-005543,DEV-000945,USES_DEVICE
CLM-005544,CUS-000802,FILED_BY
CLM-005544,DEV-001654,USES_DEVICE
CLM-005544,REP-000117,REPAIRED_BY
CLM-005545,CUS-001890,FILED_BY
CLM-005545,DEV-001462,USES_DEVICE
CLM-005546,CUS-000302,FILED_BY
CLM-005546,DEV-000794,USES_DEVICE
CLM-005546,REP-000404,REPAIRED_BY
CLM-005547,CUS-001437,FILED_BY
CLM-005547,DEV-001895,USES_DEVICE
CLM-005547,REP-000184,REPAIRED_BY
CLM-005548,CUS-002493,FILED_BY
CLM-005548,DEV-000132,USES_DEVICE
CLM-005549,CUS-001097,FILED_BY
CLM-005549,DEV-002396,USES_DEVICE
CLM-005550,CUS-002585,FILED_BY
CLM-005550,DEV-001064,USES_DEVICE
CLM-005550,REP-000027,REPAIRED_BY
CLM-005551,CUS-002227,FILED_BY
CLM-005551,DEV-002501,USES_DEVICE
CLM-005551,REP-000688,REPAIRED_BY
CLM-005552,CUS-002214,FILED_BY
CLM-005552,DEV-002163,USES_DEVICE
CLM-005552,REP-000370,REPAIRED_BY
CLM-005553,CUS-002885,FILED_BY
CLM-005553,DEV-000582,USES_DEVICE
CLM-005553,REP-000456,REPAIRED_BY
CLM-005554,CUS-002514,FILED_BY
CLM-005554,DEV-001274,USES_DEVICE
CLM-005555,CUS-002214,FILED_BY
CLM-005555,DEV-002163,USES_DEVICE
CLM-005556,CUS-000902,FILED_BY
CLM-005556,DEV-002923,USES_DEVICE
CLM-005557,CUS-002245,FILED_BY
CLM-005557,DEV-001538,USES_DEVICE
CLM-005557,REP-000554,REPAIRED_BY
CLM-005558,CUS-000313,FILED_BY
CLM-005558,DEV-002434,USES_DEVICE
CLM-005558,REP-000218,REPAIRED_BY
CLM-005559,CUS-000056,FILED_BY
CLM-005559,DEV-000890,USES_DEVICE
CLM-005560,CUS-002283,FILED_BY
CLM-005560,DEV-000124,USES_DEVICE
CLM-005561,CUS-002996,FILED_BY
CLM-005561,DEV-001784,USES_DEVICE
CLM-005561,REP-000195,REPAIRED_BY
CLM-005562,CUS-002171,FILED_BY
CLM-005562,DEV-000659,USES_DEVICE
CLM-005562,REP-000053,REPAIRED_BY
CLM-005563,CUS-000642,FILED_BY
CLM-005563,DEV-002137,USES_DEVICE
CLM-005564,CUS-002663,FILED_BY
CLM-005564,DEV-000682,USES_DEVICE
CLM-005564,REP-000442,REPAIRED_BY
CLM-005565,CUS-001760,FILED_BY
CLM-005565,DEV-002294,USES_DEVICE
CLM-005565,REP-000093,REPAIRED_BY
CLM-005566,CUS-002366,FILED_BY
CLM-005566,DEV-000718,USES_DEVICE
CLM-005567,CUS-002144,FILED_BY
CLM-005567,DEV-002596,USES_DEVICE
CLM-005567,REP-000168,REPAIRED_BY
CLM-005568,CUS-002856,FILED_BY
CLM-005568,DEV-001423,USES_DEVICE
CLM-005569,CUS-000601,FILED_BY
CLM-005569,DEV-000028,USES_DEVICE
CLM-005569,REP-000664,REPAIRED_BY
CLM-005570,CUS-000209,FILED_BY
CLM-005570,DEV-001831,USES_DEVICE
CLM-005570,REP-000188,REPAIRED_BY
CLM-005571,CUS-001972,FILED_BY
CLM-005571,DEV-002751,USES_DEVICE
CLM-005571,REP-000477,REPAIRED_BY
CLM-005572,CUS-002893,FILED_BY
CLM-005572,DEV-002013,USES_DEVICE
CLM-005572,REP-000216,REPAIRED_BY
CLM-005573,CUS-002101,FILED_BY
CLM-005573,DEV-002627,USES_DEVICE
CLM-005573,REP-000564,REPAIRED_BY
CLM-005574,CUS-001550,FILED_BY
CLM-005574,DEV-000421,USES_DEVICE
CLM-005575,CUS-000625,FILED_BY
CLM-005575,DEV-000483,USES_DEVICE
CLM-005575,REP-000567,REPAIRED_BY
CLM-005576,CUS-002710,FILED_BY
CLM-005576,DEV-001715,USES_DEVICE
CLM-005577,CUS-002410,FILED_BY
CLM-005577,DEV-001751,USES_DEVICE
CLM-005578,CUS-001589,FILED_BY
CLM-005578,DEV-000679,USES_DEVICE
CLM-005579,CUS-000826,FILED_BY
CLM-005579,DEV-001805,USES_DEVICE
CLM-005579,REP-000613,REPAIRED_BY
CLM-005580,CUS-002226,FILED_BY
CLM-005580,DEV-001623,USES_DEVICE
CLM-005581,CUS-000898,FILED_BY
CLM-005581,DEV-000430,USES_DEVICE
CLM-005581,REP-000495,REPAIRED_BY
CLM-005582,CUS-001376,FILED_BY
CLM-005582,DEV-002878,USES_DEVICE
CLM-005582,REP-000571,REPAIRED_BY
CLM-005583,CUS-000166,FILED_BY
CLM-005583,DEV-000971,USES_DEVICE
CLM-005583,REP-000460,REPAIRED_BY
CLM-005584,CUS-002307,FILED_BY
CLM-005584,DEV-000303,USES_DEVICE
CLM-005585,CUS-001839,FILED_BY
CLM-005585,DEV-001705,USES_DEVICE
CLM-005585,REP-000287,REPAIRED_BY
CLM-005586,CUS-001335,FILED_BY
CLM-005586,DEV-000503,USES_DEVICE
CLM-005586,REP-000272,REPAIRED_BY
CLM-005587,CUS-001447,FILED_BY
CLM-005587,DEV-000823,USES_DEVICE
CLM-005587,REP-000531,REPAIRED_BY
CLM-005588,CUS-001633,FILED_BY
CLM-005588,DEV-001684,USES_DEVICE
CLM-005588,REP-000490,REPAIRED_BY
CLM-005589,CUS-000202,FILED_BY
CLM-005589,DEV-000250,USES_DEVICE
CLM-005589,REP-000464,REPAIRED_BY
CLM-005590,CUS-001255,FILED_BY
CLM-005590,DEV-002739,USES_DEVICE
CLM-005591,CUS-000233,FILED_BY
CLM-005591,DEV-000790,USES_DEVICE
CLM-005591,REP-000663,REPAIRED_BY
CLM-005592,CUS-001737,FILED_BY
CLM-005592,DEV-002938,USES_DEVICE
CLM-005592,REP-000477,REPAIRED_BY
CLM-005593,CUS-000538,FILED_BY
CLM-005593,DEV-000216,USES_DEVICE
CLM-005594,CUS-001415,FILED_BY
CLM-005594,DEV-001625,USES_DEVICE
CLM-005594,REP-000279,REPAIRED_BY
CLM-005595,CUS-000189,FILED_BY
CLM-005595,DEV-002635,USES_DEVICE
CLM-005596,CUS-000088,FILED_BY
CLM-005596,DEV-001602,USES_DEVICE
CLM-005596,REP-000491,REPAIRED_BY
CLM-005597,CUS-002505,FILED_BY
CLM-005597,DEV-000246,USES_DEVICE
CLM-005597,REP-000167,REPAIRED_BY
CLM-005598,CUS-000479,FILED_BY
CLM-005598,DEV-001734,USES_DEVICE
CLM-005598,REP-000644,REPAIRED_BY
CLM-005599,CUS-002334,FILED_BY
CLM-005599,DEV-000939,USES_DEVICE
CLM-005600,CUS-002409,FILED_BY
CLM-005600,DEV-001551,USES_DEVICE
CLM-005601,CUS-000415,FILED_BY
CLM-005601,DEV-002608,USES_DEVICE
CLM-005601,REP-000130,REPAIRED_BY
CLM-005602,CUS-001070,FILED_BY
CLM-005602,DEV-000035,USES_DEVICE
CLM-005602,REP-000594,REPAIRED_BY
CLM-005603,CUS-001628,FILED_BY
CLM-005603,DEV-001563,USES_DEVICE
CLM-005604,CUS-001996,FILED_BY
CLM-005604,DEV-001630,USES_DEVICE
CLM-005604,REP-000576,REPAIRED_BY
CLM-005605,CUS-001959,FILED_BY
CLM-005605,DEV-002086,USES_DEVICE
CLM-005606,CUS-000296,FILED_BY
CLM-005606,DEV-001363,USES_DEVICE
CLM-005607,CUS-002074,FILED_BY
CLM-005607,DEV-000141,USES_DEVICE
CLM-005607,REP-000639,REPAIRED_BY
CLM-005608,CUS-000656,FILED_BY
CLM-005608,DEV-002560,USES_DEVICE
CLM-005608,REP-000194,REPAIRED_BY
CLM-005609,CUS-002394,FILED_BY
CLM-005609,DEV-002101,USES_DEVICE
CLM-005609,REP-000142,REPAIRED_BY
CLM-005610,CUS-000506,FILED_BY
CLM-005610,DEV-001469,USES_DEVICE
CLM-005611,CUS-001462,FILED_BY
CLM-005611,DEV-000781,USES_DEVICE
CLM-005611,REP-000627,REPAIRED_BY
CLM-005612,CUS-001631,FILED_BY
CLM-005612,DEV-001293,USES_DEVICE
CLM-005613,CUS-001826,FILED_BY
CLM-005613,DEV-000478,USES_DEVICE
CLM-005613,REP-000313,REPAIRED_BY
CLM-005614,CUS-002057,FILED_BY
CLM-005614,DEV-001829,USES_DEVICE
CLM-005614,REP-000601,REPAIRED_BY
CLM-005615,CUS-002930,FILED_BY
CLM-005615,DEV-002585,USES_DEVICE
CLM-005615,REP-000450,REPAIRED_BY
CLM-005616,CUS-001996,FILED_BY
CLM-005616,DEV-001630,USES_DEVICE
CLM-005616,REP-000679,REPAIRED_BY
CLM-005617,CUS-001259,FILED_BY
CLM-005617,DEV-000546,USES_DEVICE
CLM-005618,CUS-001493,FILED_BY
CLM-005618,DEV-002345,USES_DEVICE
CLM-005618,REP-000533,REPAIRED_BY
CLM-005619,CUS-000281,FILED_BY
CLM-005619,DEV-000618,USES_DEVICE
CLM-005620,CUS-001779,FILED_BY
CLM-005620,DEV-001917,USES_DEVICE
CLM-005620,REP-000383,REPAIRED_BY
CLM-005621,CUS-001665,FILED_BY
CLM-005621,DEV-001313,USES_DEVICE
CLM-005621,REP-000305,REPAIRED_BY
CLM-005622,CUS-001102,FILED_BY
CLM-005622,DEV-002910,USES_DEVICE
CLM-005622,REP-000592,REPAIRED_BY
CLM-005623,CUS-000265,FILED_BY
CLM-005623,DEV-002869,USES_DEVICE
CLM-005623,REP-000216,REPAIRED_BY
CLM-005624,CUS-001183,FILED_BY
CLM-005624,DEV-001816,USES_DEVICE
CLM-005625,CUS-002577,FILED_BY
CLM-005625,DEV-000240,USES_DEVICE
CLM-005625,REP-000190,REPAIRED_BY
CLM-005626,CUS-000117,FILED_BY
CLM-005626,DEV-000885,USES_DEVICE
CLM-005626,REP-000146,REPAIRED_BY
CLM-005627,CUS-002996,FILED_BY
CLM-005627,DEV-000405,USES_DEVICE
CLM-005627,REP-000303,REPAIRED_BY
CLM-005628,CUS-002679,FILED_BY
CLM-005628,DEV-000867,USES_DEVICE
CLM-005629,CUS-001012,FILED_BY
CLM-005629,DEV-001710,USES_DEVICE
CLM-005629,REP-000472,REPAIRED_BY
CLM-005630,CUS-001194,FILED_BY
CLM-005630,DEV-002165,USES_DEVICE
CLM-005631,CUS-002166,FILED_BY
CLM-005631,DEV-000615,USES_DEVICE
CLM-005631,REP-000672,REPAIRED_BY
CLM-005632,CUS-002172,FILED_BY
CLM-005632,DEV-002675,USES_DEVICE
CLM-005632,REP-000577,REPAIRED_BY
CLM-005633,CUS-000747,FILED_BY
CLM-005633,DEV-002729,USES_DEVICE
CLM-005633,REP-000330,REPAIRED_BY
CLM-005634,CUS-001863,FILED_BY
CLM-005634,DEV-002031,USES_DEVICE
CLM-005634,REP-000679,REPAIRED_BY
CLM-005635,CUS-000580,FILED_BY
CLM-005635,DEV-000544,USES_DEVICE
CLM-005636,CUS-001565,FILED_BY
CLM-005636,DEV-002096,USES_DEVICE
CLM-005636,REP-000042,REPAIRED_BY
CLM-005637,CUS-001167,FILED_BY
CLM-005637,DEV-002839,USES_DEVICE
CLM-005637,REP-000345,REPAIRED_BY
CLM-005638,CUS-002379,FILED_BY
CLM-005638,DEV-002659,USES_DEVICE
CLM-005639,CUS-000415,FILED_BY
CLM-005639,DEV-002608,USES_DEVICE
CLM-005639,REP-000600,REPAIRED_BY
CLM-005640,CUS-000505,FILED_BY
CLM-005640,DEV-000167,USES_DEVICE
CLM-005640,REP-000352,REPAIRED_BY
CLM-005641,CUS-001863,FILED_BY
CLM-005641,DEV-001143,USES_DEVICE
CLM-005642,CUS-001768,FILED_BY
CLM-005642,DEV-002085,USES_DEVICE
CLM-005642,REP-000073,REPAIRED_BY
CLM-005643,CUS-002872,FILED_BY
CLM-005643,DEV-001101,USES_DEVICE
CLM-005643,REP-000218,REPAIRED_BY
CLM-005644,CUS-001295,FILED_BY
CLM-005644,DEV-001125,USES_DEVICE
CLM-005645,CUS-002514,FILED_BY
CLM-005645,DEV-001479,USES_DEVICE
CLM-005645,REP-000698,REPAIRED_BY
CLM-005646,CUS-002245,FILED_BY
CLM-005646,DEV-001538,USES_DEVICE
CLM-005646,REP-000161,REPAIRED_BY
CLM-005647,CUS-000084,FILED_BY
CLM-005647,DEV-001398,USES_DEVICE
CLM-005648,CUS-000060,FILED_BY
CLM-005648,DEV-002166,USES_DEVICE
CLM-005648,REP-000233,REPAIRED_BY
CLM-005649,CUS-000799,FILED_BY
CLM-005649,DEV-001938,USES_DEVICE
CLM-005649,REP-000313,REPAIRED_BY
CLM-005650,CUS-001218,FILED_BY
CLM-005650,DEV-002431,USES_DEVICE
CLM-005651,CUS-000218,FILED_BY
CLM-005651,DEV-001583,USES_DEVICE
CLM-005651,REP-000620,REPAIRED_BY
CLM-005652,CUS-002366,FILED_BY
CLM-005652,DEV-000718,USES_DEVICE
CLM-005652,REP-000531,REPAIRED_BY
CLM-005653,CUS-000648,FILED_BY
CLM-005653,DEV-000379,USES_DEVICE
CLM-005654,CUS-000741,FILED_BY
CLM-005654,DEV-001283,USES_DEVICE
CLM-005655,CUS-001135,FILED_BY
CLM-005655,DEV-001898,USES_DEVICE
CLM-005656,CUS-000907,FILED_BY
CLM-005656,DEV-001333,USES_DEVICE
CLM-005656,REP-000560,REPAIRED_BY
CLM-005657,CUS-002190,FILED_BY
CLM-005657,DEV-002147,USES_DEVICE
CLM-005657,REP-000438,REPAIRED_BY
CLM-005658,CUS-000342,FILED_BY
CLM-005658,DEV-001543,USES_DEVICE
CLM-005658,REP-000583,REPAIRED_BY
CLM-005659,CUS-001259,FILED_BY
CLM-005659,DEV-001416,USES_DEVICE
CLM-005660,CUS-001857,FILED_BY
CLM-005660,DEV-000505,USES_DEVICE
CLM-005661,CUS-000190,FILED_BY
CLM-005661,DEV-001986,USES_DEVICE
CLM-005661,REP-000670,REPAIRED_BY
CLM-005662,CUS-001718,FILED_BY
CLM-005662,DEV-000606,USES_DEVICE
CLM-005662,REP-000415,REPAIRED_BY
CLM-005663,CUS-000497,FILED_BY
CLM-005663,DEV-001704,USES_DEVICE
CLM-005663,REP-000325,REPAIRED_BY
CLM-005664,CUS-000294,FILED_BY
CLM-005664,DEV-000644,USES_DEVICE
CLM-005665,CUS-002842,FILED_BY
CLM-005665,DEV-002959,USES_DEVICE
CLM-005665,REP-000514,REPAIRED_BY
CLM-005666,CUS-002885,FILED_BY
CLM-005666,DEV-001078,USES_DEVICE
CLM-005666,REP-000607,REPAIRED_BY
CLM-005667,CUS-001671,FILED_BY
CLM-005667,DEV-001215,USES_DEVICE
CLM-005668,CUS-001982,FILED_BY
CLM-005668,DEV-000326,USES_DEVICE
CLM-005669,CUS-000960,FILED_BY
CLM-005669,DEV-002722,USES_DEVICE
CLM-005670,CUS-002258,FILED_BY
CLM-005670,DEV-002292,USES_DEVICE
CLM-005670,REP-000217,REPAIRED_BY
CLM-005671,CUS-000178,FILED_BY
CLM-005671,DEV-001046,USES_DEVICE
CLM-005672,CUS-002744,FILED_BY
CLM-005672,DEV-001158,USES_DEVICE
CLM-005672,REP-000565,REPAIRED_BY
CLM-005673,CUS-002000,FILED_BY
CLM-005673,DEV-000835,USES_DEVICE
CLM-005674,CUS-002377,FILED_BY
CLM-005674,DEV-002381,USES_DEVICE
CLM-005675,CUS-000632,FILED_BY
CLM-005675,DEV-001470,USES_DEVICE
CLM-005676,CUS-001245,FILED_BY
CLM-005676,DEV-000219,USES_DEVICE
CLM-005677,CUS-002889,FILED_BY
CLM-005677,DEV-002296,USES_DEVICE
CLM-005677,REP-000049,REPAIRED_BY
CLM-005678,CUS-002406,FILED_BY
CLM-005678,DEV-002427,USES_DEVICE
CLM-005678,REP-000266,REPAIRED_BY
CLM-005679,CUS-001502,FILED_BY
CLM-005679,DEV-001952,USES_DEVICE
CLM-005680,CUS-000308,FILED_BY
CLM-005680,DEV-001863,USES_DEVICE
CLM-005680,REP-000029,REPAIRED_BY
CLM-005681,CUS-000832,FILED_BY
CLM-005681,DEV-002321,USES_DEVICE
CLM-005682,CUS-001022,FILED_BY
CLM-005682,DEV-001353,USES_DEVICE
CLM-005682,REP-000109,REPAIRED_BY
CLM-005683,CUS-000735,FILED_BY
CLM-005683,DEV-000943,USES_DEVICE
CLM-005683,REP-000695,REPAIRED_BY
CLM-005684,CUS-002551,FILED_BY
CLM-005684,DEV-000673,USES_DEVICE
CLM-005684,REP-000642,REPAIRED_BY
CLM-005685,CUS-000321,FILED_BY
CLM-005685,DEV-001876,USES_DEVICE
CLM-005686,CUS-001626,FILED_BY
CLM-005686,DEV-000074,USES_DEVICE
CLM-005686,REP-000139,REPAIRED_BY
CLM-005687,CUS-001065,FILED_BY
CLM-005687,DEV-000706,USES_DEVICE
CLM-005688,CUS-002512,FILED_BY
CLM-005688,DEV-000012,USES_DEVICE
CLM-005688,REP-000488,REPAIRED_BY
CLM-005689,CUS-002919,FILED_BY
CLM-005689,DEV-002137,USES_DEVICE
CLM-005690,CUS-000298,FILED_BY
CLM-005690,DEV-000088,USES_DEVICE
CLM-005691,CUS-002516,FILED_BY
CLM-005691,DEV-002011,USES_DEVICE
CLM-005691,REP-000440,REPAIRED_BY
CLM-005692,CUS-000113,FILED_BY
CLM-005692,DEV-000735,USES_DEVICE
CLM-005692,REP-000393,REPAIRED_BY
CLM-005693,CUS-002508,FILED_BY
CLM-005693,DEV-000734,USES_DEVICE
CLM-005694,CUS-001454,FILED_BY
CLM-005694,DEV-001643,USES_DEVICE
CLM-005695,CUS-000516,FILED_BY
CLM-005695,DEV-002287,USES_DEVICE
CLM-005696,CUS-002850,FILED_BY
CLM-005696,DEV-000461,USES_DEVICE
CLM-005696,REP-000263,REPAIRED_BY
CLM-005697,CUS-000672,FILED_BY
CLM-005697,DEV-002199,USES_DEVICE
CLM-005697,REP-000208,REPAIRED_BY
CLM-005698,CUS-000544,FILED_BY
CLM-005698,DEV-000879,USES_DEVICE
CLM-005698,REP-000616,REPAIRED_BY
CLM-005699,CUS-000870,FILED_BY
CLM-005699,DEV-002303,USES_DEVICE
CLM-005699,REP-000627,REPAIRED_BY
CLM-005700,CUS-000059,FILED_BY
CLM-005700,DEV-000039,USES_DEVICE
CLM-005700,REP-000608,REPAIRED_BY
CLM-005701,CUS-002980,FILED_BY
CLM-005701,DEV-000706,USES_DEVICE
CLM-005702,CUS-002677,FILED_BY
CLM-005702,DEV-001940,USES_DEVICE
CLM-005703,CUS-001840,FILED_BY
CLM-005703,DEV-001344,USES_DEVICE
CLM-005703,REP-000603,REPAIRED_BY
CLM-005704,CUS-000426,FILED_BY
CLM-005704,DEV-000870,USES_DEVICE
CLM-005705,CUS-002460,FILED_BY
CLM-005705,DEV-002723,USES_DEVICE
CLM-005705,REP-000486,REPAIRED_BY
CLM-005706,CUS-001231,FILED_BY
CLM-005706,DEV-000700,USES_DEVICE
CLM-005707,CUS-000816,FILED_BY
CLM-005707,DEV-000316,USES_DEVICE
CLM-005707,REP-000527,REPAIRED_BY
CLM-005708,CUS-001073,FILED_BY
CLM-005708,DEV-002320,USES_DEVICE
CLM-005709,CUS-001730,FILED_BY
CLM-005709,DEV-001262,USES_DEVICE
CLM-005710,CUS-000831,FILED_BY
CLM-005710,DEV-002179,USES_DEVICE
CLM-005710,REP-000229,REPAIRED_BY
CLM-005711,CUS-002493,FILED_BY
CLM-005711,DEV-000132,USES_DEVICE
CLM-005712,CUS-002477,FILED_BY
CLM-005712,DEV-002041,USES_DEVICE
CLM-005712,REP-000259,REPAIRED_BY
CLM-005713,CUS-001585,FILED_BY
CLM-005713,DEV-001011,USES_DEVICE
CLM-005714,CUS-002874,FILED_BY
CLM-005714,DEV-001361,USES_DEVICE
CLM-005714,REP-000477,REPAIRED_BY
CLM-005715,CUS-002937,FILED_BY
CLM-005715,DEV-000267,USES_DEVICE
CLM-005715,REP-000354,REPAIRED_BY
CLM-005716,CUS-001581,FILED_BY
CLM-005716,DEV-002784,USES_DEVICE
CLM-005717,CUS-001461,FILED_BY
CLM-005717,DEV-002629,USES_DEVICE
CLM-005718,CUS-000637,FILED_BY
CLM-005718,DEV-000338,USES_DEVICE
CLM-005719,CUS-001419,FILED_BY
CLM-005719,DEV-000831,USES_DEVICE
CLM-005720,CUS-002921,FILED_BY
CLM-005720,DEV-001344,USES_DEVICE
CLM-005721,CUS-001865,FILED_BY
CLM-005721,DEV-001283,USES_DEVICE
CLM-005721,REP-000494,REPAIRED_BY
CLM-005722,CUS-002886,FILED_BY
CLM-005722,DEV-000827,USES_DEVICE
CLM-005723,CUS-000836,FILED_BY
CLM-005723,DEV-000444,USES_DEVICE
CLM-005724,CUS-001327,FILED_BY
CLM-005724,DEV-002062,USES_DEVICE
CLM-005725,CUS-002357,FILED_BY
CLM-005725,DEV-002548,USES_DEVICE
CLM-005726,CUS-001209,FILED_BY
CLM-005726,DEV-002365,USES_DEVICE
CLM-005727,CUS-002531,FILED_BY
CLM-005727,DEV-002610,USES_DEVICE
CLM-005727,REP-000468,REPAIRED_BY
CLM-005728,CUS-000656,FILED_BY
CLM-005728,DEV-002969,USES_DEVICE
CLM-005728,REP-000477,REPAIRED_BY
CLM-005729,CUS-001254,FILED_BY
CLM-005729,DEV-002246,USES_DEVICE
CLM-005729,REP-000218,REPAIRED_BY
CLM-005730,CUS-001171,FILED_BY
CLM-005730,DEV-001642,USES_DEVICE
CLM-005730,REP-000232,REPAIRED_BY
CLM-005731,CUS-000596,FILED_BY
CLM-005731,DEV-001354,USES_DEVICE
CLM-005732,CUS-000319,FILED_BY
CLM-005732,DEV-001862,USES_DEVICE
CLM-005733,CUS-001760,FILED_BY
CLM-005733,DEV-002868,USES_DEVICE
CLM-005734,CUS-002078,FILED_BY
CLM-005734,DEV-001542,USES_DEVICE
CLM-005735,CUS-002131,FILED_BY
CLM-005735,DEV-002870,USES_DEVICE
CLM-005735,REP-000131,REPAIRED_BY
CLM-005736,CUS-000451,FILED_BY
CLM-005736,DEV-001480,USES_DEVICE
CLM-005737,CUS-002907,FILED_BY
CLM-005737,DEV-000930,USES_DEVICE
CLM-005738,CUS-000392,FILED_BY
CLM-005738,DEV-001900,USES_DEVICE
CLM-005739,CUS-001693,FILED_BY
CLM-005739,DEV-001941,USES_DEVICE
CLM-005740,CUS-001014,FILED_BY
CLM-005740,DEV-001591,USES_DEVICE
CLM-005740,REP-000662,REPAIRED_BY
CLM-005741,CUS-002816,FILED_BY
CLM-005741,DEV-001009,USES_DEVICE
CLM-005741,REP-000296,REPAIRED_BY
CLM-005742,CUS-000747,FILED_BY
CLM-005742,DEV-000242,USES_DEVICE
CLM-005743,CUS-000916,FILED_BY
CLM-005743,DEV-001281,USES_DEVICE
CLM-005743,REP-000132,REPAIRED_BY
CLM-005744,CUS-000334,FILED_BY
CLM-005744,DEV-000761,USES_DEVICE
CLM-005744,REP-000326,REPAIRED_BY
CLM-005745,CUS-001895,FILED_BY
CLM-005745,DEV-000482,USES_DEVICE
CLM-005746,CUS-002976,FILED_BY
CLM-005746,DEV-001562,USES_DEVICE
CLM-005746,REP-000483,REPAIRED_BY
CLM-005747,CUS-001134,FILED_BY
CLM-005747,DEV-000487,USES_DEVICE
CLM-005747,REP-000221,REPAIRED_BY
CLM-005748,CUS-002274,FILED_BY
CLM-005748,DEV-002802,USES_DEVICE
CLM-005748,REP-000025,REPAIRED_BY
CLM-005749,CUS-001455,FILED_BY
CLM-005749,DEV-001110,USES_DEVICE
CLM-005749,REP-000203,REPAIRED_BY
CLM-005750,CUS-001688,FILED_BY
CLM-005750,DEV-000073,USES_DEVICE
CLM-005751,CUS-002828,FILED_BY
CLM-005751,DEV-001830,USES_DEVICE
CLM-005751,REP-000011,REPAIRED_BY
CLM-005752,CUS-002716,FILED_BY
CLM-005752,DEV-000177,USES_DEVICE
CLM-005752,REP-000341,REPAIRED_BY
CLM-005753,CUS-001168,FILED_BY
CLM-005753,DEV-002742,USES_DEVICE
CLM-005753,REP-000381,REPAIRED_BY
CLM-005754,CUS-000626,FILED_BY
CLM-005754,DEV-000934,USES_DEVICE
CLM-005755,CUS-000923,FILED_BY
CLM-005755,DEV-001827,USES_DEVICE
CLM-005756,CUS-000822,FILED_BY
CLM-005756,DEV-001998,USES_DEVICE
CLM-005757,CUS-001105,FILED_BY
CLM-005757,DEV-002339,USES_DEVICE
CLM-005757,REP-000154,REPAIRED_BY
CLM-005758,CUS-000597,FILED_BY
CLM-005758,DEV-000420,USES_DEVICE
CLM-005759,CUS-001911,FILED_BY
CLM-005759,DEV-002493,USES_DEVICE
CLM-005759,REP-000139,REPAIRED_BY
CLM-005760,CUS-000965,FILED_BY
CLM-005760,DEV-001568,USES_DEVICE
CLM-005760,REP-000589,REPAIRED_BY
CLM-005761,CUS-000650,FILED_BY
CLM-005761,DEV-000541,USES_DEVICE
CLM-005761,REP-000648,REPAIRED_BY
CLM-005762,CUS-002412,FILED_BY
CLM-005762,DEV-000746,USES_DEVICE
CLM-005762,REP-000211,REPAIRED_BY
CLM-005763,CUS-002070,FILED_BY
CLM-005763,DEV-001605,USES_DEVICE
CLM-005763,REP-000221,REPAIRED_BY
CLM-005764,CUS-002791,FILED_BY
CLM-005764,DEV-002995,USES_DEVICE
CLM-005764,REP-000289,REPAIRED_BY
CLM-005765,CUS-002628,FILED_BY
CLM-005765,DEV-002669,USES_DEVICE
CLM-005766,CUS-001219,FILED_BY
CLM-005766,DEV-002263,USES_DEVICE
CLM-005766,REP-000314,REPAIRED_BY
CLM-005767,CUS-001114,FILED_BY
CLM-005767,DEV-002351,USES_DEVICE
CLM-005767,REP-000233,REPAIRED_BY
CLM-005768,CUS-000831,FILED_BY
CLM-005768,DEV-002179,USES_DEVICE
CLM-005768,REP-000029,REPAIRED_BY
CLM-005769,CUS-002981,FILED_BY
CLM-005769,DEV-002204,USES_DEVICE
CLM-005769,REP-000236,REPAIRED_BY
CLM-005770,CUS-001168,FILED_BY
CLM-005770,DEV-002742,USES_DEVICE
CLM-005770,REP-000127,REPAIRED_BY
CLM-005771,CUS-001001,FILED_BY
CLM-005771,DEV-000725,USES_DEVICE
CLM-005771,REP-000063,REPAIRED_BY
CLM-005772,CUS-001901,FILED_BY
CLM-005772,DEV-001788,USES_DEVICE
CLM-005773,CUS-001227,FILED_BY
CLM-005773,DEV-001837,USES_DEVICE
CLM-005774,CUS-000594,FILED_BY
CLM-005774,DEV-000978,USES_DEVICE
CLM-005774,REP-000362,REPAIRED_BY
CLM-005775,CUS-001444,FILED_BY
CLM-005775,DEV-000992,USES_DEVICE
CLM-005776,CUS-001149,FILED_BY
CLM-005776,DEV-002673,USES_DEVICE
CLM-005776,REP-000339,REPAIRED_BY
CLM-005777,CUS-000201,FILED_BY
CLM-005777,DEV-002938,USES_DEVICE
CLM-005777,REP-000213,REPAIRED_BY
CLM-005778,CUS-002285,FILED_BY
CLM-005778,DEV-000587,USES_DEVICE
CLM-005778,REP-000253,REPAIRED_BY
CLM-005779,CUS-001076,FILED_BY
CLM-005779,DEV-001998,USES_DEVICE
CLM-005780,CUS-002174,FILED_BY
CLM-005780,DEV-001386,USES_DEVICE
CLM-005780,REP-000091,REPAIRED_BY
CLM-005781,CUS-002603,FILED_BY
CLM-005781,DEV-000445,USES_DEVICE
CLM-005782,CUS-001676,FILED_BY
CLM-005782,DEV-000535,USES_DEVICE
CLM-005782,REP-000515,REPAIRED_BY
CLM-005783,CUS-002736,FILED_BY
CLM-005783,DEV-000241,USES_DEVICE
CLM-005784,CUS-000718,FILED_BY
CLM-005784,DEV-002247,USES_DEVICE
CLM-005785,CUS-001296,FILED_BY
CLM-005785,DEV-000607,USES_DEVICE
CLM-005785,REP-000471,REPAIRED_BY
CLM-005786,CUS-000541,FILED_BY
CLM-005786,DEV-002651,USES_DEVICE
CLM-005786,REP-000452,REPAIRED_BY
CLM-005787,CUS-001580,FILED_BY
CLM-005787,DEV-001218,USES_DEVICE
CLM-005787,REP-000133,REPAIRED_BY
CLM-005788,CUS-001502,FILED_BY
CLM-005788,DEV-001952,USES_DEVICE
CLM-005789,CUS-002659,FILED_BY
CLM-005789,DEV-000566,USES_DEVICE
CLM-005789,REP-000112,REPAIRED_BY
CLM-005790,CUS-000035,FILED_BY
CLM-005790,DEV-001491,USES_DEVICE
CLM-005790,REP-000330,REPAIRED_BY
CLM-005791,CUS-001442,FILED_BY
CLM-005791,DEV-001282,USES_DEVICE
CLM-005791,REP-000156,REPAIRED_BY
CLM-005792,CUS-002691,FILED_BY
CLM-005792,DEV-001322,USES_DEVICE
CLM-005792,REP-000218,REPAIRED_BY
CLM-005793,CUS-002059,FILED_BY
CLM-005793,DEV-000752,USES_DEVICE
CLM-005794,CUS-001855,FILED_BY
CLM-005794,DEV-000399,USES_DEVICE
CLM-005795,CUS-001578,FILED_BY
CLM-005795,DEV-001287,USES_DEVICE
CLM-005795,REP-000696,REPAIRED_BY
CLM-005796,CUS-002156,FILED_BY
CLM-005796,DEV-000190,USES_DEVICE
CLM-005797,CUS-002931,FILED_BY
CLM-005797,DEV-001159,USES_DEVICE
CLM-005798,CUS-001906,FILED_BY
CLM-005798,DEV-000596,USES_DEVICE
CLM-005798,REP-000503,REPAIRED_BY
CLM-005799,CUS-001932,FILED_BY
CLM-005799,DEV-002871,USES_DEVICE
CLM-005799,REP-000071,REPAIRED_BY
CLM-005800,CUS-000767,FILED_BY
CLM-005800,DEV-001739,USES_DEVICE
CLM-005801,CUS-002817,FILED_BY
CLM-005801,DEV-000524,USES_DEVICE
CLM-005802,CUS-000363,FILED_BY
CLM-005802,DEV-000001,USES_DEVICE
CLM-005802,REP-000662,REPAIRED_BY
CLM-005803,CUS-002874,FILED_BY
CLM-005803,DEV-000456,USES_DEVICE
CLM-005803,REP-000341,REPAIRED_BY
CLM-005804,CUS-001142,FILED_BY
CLM-005804,DEV-002943,USES_DEVICE
CLM-005804,REP-000542,REPAIRED_BY
CLM-005805,CUS-002801,FILED_BY
CLM-005805,DEV-001238,USES_DEVICE
CLM-005805,REP-000674,REPAIRED_BY
CLM-005806,CUS-001815,FILED_BY
CLM-005806,DEV-002834,USES_DEVICE
CLM-005806,REP-000175,REPAIRED_BY
CLM-005807,CUS-000060,FILED_BY
CLM-005807,DEV-002165,USES_DEVICE
CLM-005808,CUS-000745,FILED_BY
CLM-005808,DEV-001669,USES_DEVICE
CLM-005808,REP-000250,REPAIRED_BY
CLM-005809,CUS-002554,FILED_BY
CLM-005809,DEV-001447,USES_DEVICE
CLM-005809,REP-000164,REPAIRED_BY
CLM-005810,CUS-002181,FILED_BY
CLM-005810,DEV-002278,USES_DEVICE
CLM-005811,CUS-002382,FILED_BY
CLM-005811,DEV-000405,USES_DEVICE
CLM-005812,CUS-001848,FILED_BY
CLM-005812,DEV-000296,USES_DEVICE
CLM-005812,REP-000264,REPAIRED_BY
CLM-005813,CUS-001182,FILED_BY
CLM-005813,DEV-001795,USES_DEVICE
CLM-005813,REP-000536,REPAIRED_BY
CLM-005814,CUS-001908,FILED_BY
CLM-005814,DEV-001299,USES_DEVICE
CLM-005814,REP-000147,REPAIRED_BY
CLM-005815,CUS-002048,FILED_BY
CLM-005815,DEV-001756,USES_DEVICE
CLM-005815,REP-000102,REPAIRED_BY
CLM-005816,CUS-000041,FILED_BY
CLM-005816,DEV-002246,USES_DEVICE
CLM-005817,CUS-002943,FILED_BY
CLM-005817,DEV-000196,USES_DEVICE
CLM-005818,CUS-002419,FILED_BY
CLM-005818,DEV-001745,USES_DEVICE
CLM-005819,CUS-002877,FILED_BY
CLM-005819,DEV-000275,USES_DEVICE
CLM-005820,CUS-002165,FILED_BY
CLM-005820,DEV-002222,USES_DEVICE
CLM-005820,REP-000276,REPAIRED_BY
CLM-005821,CUS-000909,FILED_BY
CLM-005821,DEV-002133,USES_DEVICE
CLM-005822,CUS-002703,FILED_BY
CLM-005822,DEV-000230,USES_DEVICE
CLM-005822,REP-000456,REPAIRED_BY
CLM-005823,CUS-001009,FILED_BY
CLM-005823,DEV-000626,USES_DEVICE
CLM-005823,REP-000265,REPAIRED_BY
CLM-005824,CUS-001348,FILED_BY
CLM-005824,DEV-000877,USES_DEVICE
CLM-005825,CUS-002074,FILED_BY
CLM-005825,DEV-001533,USES_DEVICE
CLM-005826,CUS-001392,FILED_BY
CLM-005826,DEV-000666,USES_DEVICE
CLM-005826,REP-000473,REPAIRED_BY
CLM-005827,CUS-001694,FILED_BY
CLM-005827,DEV-002770,USES_DEVICE
CLM-005827,REP-000265,REPAIRED_BY
CLM-005828,CUS-001056,FILED_BY
CLM-005828,DEV-000802,USES_DEVICE
CLM-005829,CUS-002610,FILED_BY
CLM-005829,DEV-001243,USES_DEVICE
CLM-005830,CUS-001385,FILED_BY
CLM-005830,DEV-000573,USES_DEVICE
CLM-005830,REP-000556,REPAIRED_BY
CLM-005831,CUS-001580,FILED_BY
CLM-005831,DEV-001218,USES_DEVICE
CLM-005831,REP-000447,REPAIRED_BY
CLM-005832,CUS-002219,FILED_BY
CLM-005832,DEV-001718,USES_DEVICE
CLM-005832,REP-000552,REPAIRED_BY
CLM-005833,CUS-002414,FILED_BY
CLM-005833,DEV-001369,USES_DEVICE
CLM-005833,REP-000533,REPAIRED_BY
CLM-005834,CUS-002822,FILED_BY
CLM-005834,DEV-002377,USES_DEVICE
CLM-005835,CUS-002794,FILED_BY
CLM-005835,DEV-002131,USES_DEVICE
CLM-005835,REP-000358,REPAIRED_BY
CLM-005836,CUS-000060,FILED_BY
CLM-005836,DEV-002166,USES_DEVICE
CLM-005836,REP-000522,REPAIRED_BY
CLM-005837,CUS-001131,FILED_BY
CLM-005837,DEV-002345,USES_DEVICE
CLM-005837,REP-000171,REPAIRED_BY
CLM-005838,CUS-002133,FILED_BY
CLM-005838,DEV-002993,USES_DEVICE
CLM-005838,REP-000606,REPAIRED_BY
CLM-005839,CUS-000633,FILED_BY
CLM-005839,DEV-001907,USES_DEVICE
CLM-005839,REP-000598,REPAIRED_BY
CLM-005840,CUS-002009,FILED_BY
CLM-005840,DEV-002265,USES_DEVICE
CLM-005840,REP-000080,REPAIRED_BY
CLM-005841,CUS-000873,FILED_BY
CLM-005841,DEV-001671,USES_DEVICE
CLM-005842,CUS-001972,FILED_BY
CLM-005842,DEV-001945,USES_DEVICE
CLM-005842,REP-000155,REPAIRED_BY
CLM-005843,CUS-001205,FILED_BY
CLM-005843,DEV-000529,USES_DEVICE
CLM-005843,REP-000655,REPAIRED_BY
CLM-005844,CUS-000230,FILED_BY
CLM-005844,DEV-002796,USES_DEVICE
CLM-005844,REP-000481,REPAIRED_BY
CLM-005845,CUS-002362,FILED_BY
CLM-005845,DEV-002683,USES_DEVICE
CLM-005846,CUS-002826,FILED_BY
CLM-005846,DEV-000728,USES_DEVICE
CLM-005846,REP-000551,REPAIRED_BY
CLM-005847,CUS-002552,FILED_BY
CLM-005847,DEV-001857,USES_DEVICE
CLM-005848,CUS-000328,FILED_BY
CLM-005848,DEV-001223,USES_DEVICE
CLM-005849,CUS-000600,FILED_BY
CLM-005849,DEV-002196,USES_DEVICE
CLM-005850,CUS-000428,FILED_BY
CLM-005850,DEV-002814,USES_DEVICE
CLM-005850,REP-000254,REPAIRED_BY
CLM-005851,CUS-000072,FILED_BY
CLM-005851,DEV-001995,USES_DEVICE
CLM-005851,REP-000064,REPAIRED_BY
CLM-005852,CUS-000438,FILED_BY
CLM-005852,DEV-000583,USES_DEVICE
CLM-005853,CUS-001982,FILED_BY
CLM-005853,DEV-000326,USES_DEVICE
CLM-005854,CUS-002733,FILED_BY
CLM-005854,DEV-000553,USES_DEVICE
CLM-005855,CUS-002336,FILED_BY
CLM-005855,DEV-000080,USES_DEVICE
CLM-005856,CUS-001097,FILED_BY
CLM-005856,DEV-002396,USES_DEVICE
CLM-005857,CUS-001577,FILED_BY
CLM-005857,DEV-001138,USES_DEVICE
CLM-005858,CUS-001899,FILED_BY
CLM-005858,DEV-001717,USES_DEVICE
CLM-005859,CUS-000648,FILED_BY
CLM-005859,DEV-000379,USES_DEVICE
CLM-005860,CUS-001076,FILED_BY
CLM-005860,DEV-002776,USES_DEVICE
CLM-005861,CUS-002576,FILED_BY
CLM-005861,DEV-001917,USES_DEVICE
CLM-005861,REP-000239,REPAIRED_BY
CLM-005862,CUS-001513,FILED_BY
CLM-005862,DEV-000788,USES_DEVICE
CLM-005863,CUS-002031,FILED_BY
CLM-005863,DEV-002937,USES_DEVICE
CLM-005864,CUS-000876,FILED_BY
CLM-005864,DEV-002601,USES_DEVICE
CLM-005865,CUS-001436,FILED_BY
CLM-005865,DEV-000115,USES_DEVICE
CLM-005866,CUS-000518,FILED_BY
CLM-005866,DEV-001710,USES_DEVICE
CLM-005867,CUS-000933,FILED_BY
CLM-005867,DEV-000439,USES_DEVICE
CLM-005868,CUS-001048,FILED_BY
CLM-005868,DEV-000118,USES_DEVICE
CLM-005869,CUS-001304,FILED_BY
CLM-005869,DEV-002296,USES_DEVICE
CLM-005870,CUS-002644,FILED_BY
CLM-005870,DEV-002638,USES_DEVICE
CLM-005870,REP-000551,REPAIRED_BY
CLM-005871,CUS-002218,FILED_BY
CLM-005871,DEV-002344,USES_DEVICE
CLM-005871,REP-000495,REPAIRED_BY
CLM-005872,CUS-001076,FILED_BY
CLM-005872,DEV-002776,USES_DEVICE
CLM-005873,CUS-002851,FILED_BY
CLM-005873,DEV-001612,USES_DEVICE
CLM-005874,CUS-000357,FILED_BY
CLM-005874,DEV-000697,USES_DEVICE
CLM-005875,CUS-000911,FILED_BY
CLM-005875,DEV-002949,USES_DEVICE
CLM-005875,REP-000620,REPAIRED_BY
CLM-005876,CUS-002157,FILED_BY
CLM-005876,DEV-002242,USES_DEVICE
CLM-005876,REP-000527,REPAIRED_BY
CLM-005877,CUS-001293,FILED_BY
CLM-005877,DEV-002410,USES_DEVICE
CLM-005877,REP-000110,REPAIRED_BY
CLM-005878,CUS-001910,FILED_BY
CLM-005878,DEV-001119,USES_DEVICE
CLM-005879,CUS-001893,FILED_BY
CLM-005879,DEV-002741,USES_DEVICE
CLM-005879,REP-000300,REPAIRED_BY
CLM-005880,CUS-002034,FILED_BY
CLM-005880,DEV-000430,USES_DEVICE
CLM-005881,CUS-000843,FILED_BY
CLM-005881,DEV-002293,USES_DEVICE
CLM-005882,CUS-001232,FILED_BY
CLM-005882,DEV-000425,USES_DEVICE
CLM-005883,CUS-001420,FILED_BY
CLM-005883,DEV-001597,USES_DEVICE
CLM-005883,REP-000673,REPAIRED_BY
CLM-005884,CUS-000446,FILED_BY
CLM-005884,DEV-000433,USES_DEVICE
CLM-005884,REP-000174,REPAIRED_BY
CLM-005885,CUS-001834,FILED_BY
CLM-005885,DEV-001097,USES_DEVICE
CLM-005885,REP-000682,REPAIRED_BY
CLM-005886,CUS-000242,FILED_BY
CLM-005886,DEV-001029,USES_DEVICE
CLM-005886,REP-000048,REPAIRED_BY
CLM-005887,CUS-001768,FILED_BY
CLM-005887,DEV-000109,USES_DEVICE
CLM-005887,REP-000146,REPAIRED_BY
CLM-005888,CUS-001460,FILED_BY
CLM-005888,DEV-002609,USES_DEVICE
CLM-005889,CUS-002207,FILED_BY
CLM-005889,DEV-002472,USES_DEVICE
CLM-005889,REP-000297,REPAIRED_BY
CLM-005890,CUS-001680,FILED_BY
CLM-005890,DEV-002125,USES_DEVICE
CLM-005891,CUS-002444,FILED_BY
CLM-005891,DEV-002021,USES_DEVICE
CLM-005891,REP-000246,REPAIRED_BY
CLM-005892,CUS-002141,FILED_BY
CLM-005892,DEV-000543,USES_DEVICE
CLM-005892,REP-000397,REPAIRED_BY
CLM-005893,CUS-002040,FILED_BY
CLM-005893,DEV-001306,USES_DEVICE
CLM-005893,REP-000679,REPAIRED_BY
CLM-005894,CUS-000853,FILED_BY
CLM-005894,DEV-001842,USES_DEVICE
CLM-005894,REP-000123,REPAIRED_BY
CLM-005895,CUS-000234,FILED_BY
CLM-005895,DEV-002687,USES_DEVICE
CLM-005896,CUS-000320,FILED_BY
CLM-005896,DEV-001708,USES_DEVICE
CLM-005896,REP-000085,REPAIRED_BY
CLM-005897,CUS-000735,FILED_BY
CLM-005897,DEV-000943,USES_DEVICE
CLM-005897,REP-000689,REPAIRED_BY
CLM-005898,CUS-001440,FILED_BY
CLM-005898,DEV-000153,USES_DEVICE
CLM-005899,CUS-001445,FILED_BY
CLM-005899,DEV-001896,USES_DEVICE
CLM-005899,REP-000456,REPAIRED_BY
CLM-005900,CUS-002557,FILED_BY
CLM-005900,DEV-002086,USES_DEVICE
CLM-005900,REP-000170,REPAIRED_BY
CLM-005901,CUS-000656,FILED_BY
CLM-005901,DEV-002560,USES_DEVICE
CLM-005902,CUS-002806,FILED_BY
CLM-005902,DEV-001913,USES_DEVICE
CLM-005902,REP-000387,REPAIRED_BY
CLM-005903,CUS-002833,FILED_BY
CLM-005903,DEV-002094,USES_DEVICE
CLM-005903,REP-000337,REPAIRED_BY
CLM-005904,CUS-002617,FILED_BY
CLM-005904,DEV-002656,USES_DEVICE
CLM-005905,CUS-002794,FILED_BY
CLM-005905,DEV-000877,USES_DEVICE
CLM-005905,REP-000087,REPAIRED_BY
CLM-005906,CUS-000847,FILED_BY
CLM-005906,DEV-002640,USES_DEVICE
CLM-005907,CUS-000759,FILED_BY
CLM-005907,DEV-002293,USES_DEVICE
CLM-005907,REP-000450,REPAIRED_BY
CLM-005908,CUS-001506,FILED_BY
CLM-005908,DEV-002091,USES_DEVICE
CLM-005908,REP-000204,REPAIRED_BY
CLM-005909,CUS-000710,FILED_BY
CLM-005909,DEV-001964,USES_DEVICE
CLM-005909,REP-000179,REPAIRED_BY
CLM-005910,CUS-001947,FILED_BY
CLM-005910,DEV-000945,USES_DEVICE
CLM-005911,CUS-002221,FILED_BY
CLM-005911,DEV-000996,USES_DEVICE
CLM-005911,REP-000621,REPAIRED_BY
CLM-005912,CUS-001096,FILED_BY
CLM-005912,DEV-000090,USES_DEVICE
CLM-005912,REP-000022,REPAIRED_BY
CLM-005913,CUS-001370,FILED_BY
CLM-005913,DEV-002812,USES_DEVICE
CLM-005913,REP-000280,REPAIRED_BY
CLM-005914,CUS-002816,FILED_BY
CLM-005914,DEV-002381,USES_DEVICE
CLM-005914,REP-000551,REPAIRED_BY
CLM-005915,CUS-001410,FILED_BY
CLM-005915,DEV-000894,USES_DEVICE
CLM-005915,REP-000350,REPAIRED_BY
CLM-005916,CUS-000837,FILED_BY
CLM-005916,DEV-002092,USES_DEVICE
CLM-005917,CUS-002573,FILED_BY
CLM-005917,DEV-001632,USES_DEVICE
CLM-005917,REP-000555,REPAIRED_BY
CLM-005918,CUS-001724,FILED_BY
CLM-005918,DEV-000241,USES_DEVICE
CLM-005918,REP-000055,REPAIRED_BY
CLM-005919,CUS-002122,FILED_BY
CLM-005919,DEV-002126,USES_DEVICE
CLM-005919,REP-000479,REPAIRED_BY
CLM-005920,CUS-000429,FILED_BY
CLM-005920,DEV-002082,USES_DEVICE
CLM-005920,REP-000552,REPAIRED_BY
CLM-005921,CUS-000133,FILED_BY
CLM-005921,DEV-000462,USES_DEVICE
CLM-005922,CUS-001944,FILED_BY
CLM-005922,DEV-001649,USES_DEVICE
CLM-005922,REP-000395,REPAIRED_BY
CLM-005923,CUS-002066,FILED_BY
CLM-005923,DEV-001076,USES_DEVICE
CLM-005924,CUS-002656,FILED_BY
CLM-005924,DEV-001592,USES_DEVICE
CLM-005924,REP-000347,REPAIRED_BY
CLM-005925,CUS-001246,FILED_BY
CLM-005925,DEV-002279,USES_DEVICE
CLM-005925,REP-000200,REPAIRED_BY
CLM-005926,CUS-000722,FILED_BY
CLM-005926,DEV-002275,USES_DEVICE
CLM-005927,CUS-001890,FILED_BY
CLM-005927,DEV-001462,USES_DEVICE
CLM-005928,CUS-002531,FILED_BY
CLM-005928,DEV-002610,USES_DEVICE
CLM-005928,REP-000013,REPAIRED_BY
CLM-005929,CUS-000060,FILED_BY
CLM-005929,DEV-001908,USES_DEVICE
CLM-005930,CUS-000076,FILED_BY
CLM-005930,DEV-002391,USES_DEVICE
CLM-005931,CUS-000013,FILED_BY
CLM-005931,DEV-000896,USES_DEVICE
CLM-005932,CUS-002566,FILED_BY
CLM-005932,DEV-002314,USES_DEVICE
CLM-005932,REP-000005,REPAIRED_BY
CLM-005933,CUS-001427,FILED_BY
CLM-005933,DEV-002443,USES_DEVICE
CLM-005934,CUS-001085,FILED_BY
CLM-005934,DEV-001610,USES_DEVICE
CLM-005935,CUS-002760,FILED_BY
CLM-005935,DEV-001227,USES_DEVICE
CLM-005935,REP-000388,REPAIRED_BY
CLM-005936,CUS-002329,FILED_BY
CLM-005936,DEV-002835,USES_DEVICE
CLM-005936,REP-000416,REPAIRED_BY
CLM-005937,CUS-002001,FILED_BY
CLM-005937,DEV-002511,USES_DEVICE
CLM-005938,CUS-000498,FILED_BY
CLM-005938,DEV-001391,USES_DEVICE
CLM-005938,REP-000452,REPAIRED_BY
CLM-005939,CUS-002725,FILED_BY
CLM-005939,DEV-000188,USES_DEVICE
CLM-005939,REP-000350,REPAIRED_BY
CLM-005940,CUS-001969,FILED_BY
CLM-005940,DEV-002300,USES_DEVICE
CLM-005940,REP-000530,REPAIRED_BY
CLM-005941,CUS-001965,FILED_BY
CLM-005941,DEV-002977,USES_DEVICE
CLM-005942,CUS-001113,FILED_BY
CLM-005942,DEV-002031,USES_DEVICE
CLM-005942,REP-000364,REPAIRED_BY
CLM-005943,CUS-001795,FILED_BY
CLM-005943,DEV-001761,USES_DEVICE
CLM-005944,CUS-002065,FILED_BY
CLM-005944,DEV-001206,USES_DEVICE
CLM-005944,REP-000173,REPAIRED_BY
CLM-005945,CUS-002644,FILED_BY
CLM-005945,DEV-002477,USES_DEVICE
CLM-005945,REP-000652,REPAIRED_BY
CLM-005946,CUS-002336,FILED_BY
CLM-005946,DEV-000866,USES_DEVICE
CLM-005947,CUS-000696,FILED_BY
CLM-005947,DEV-000158,USES_DEVICE
CLM-005947,REP-000466,REPAIRED_BY
CLM-005948,CUS-000051,FILED_BY
CLM-005948,DEV-002534,USES_DEVICE
CLM-005948,REP-000667,REPAIRED_BY
CLM-005949,CUS-000692,FILED_BY
CLM-005949,DEV-002937,USES_DEVICE
CLM-005950,CUS-000586,FILED_BY
CLM-005950,DEV-000090,USES_DEVICE
CLM-005951,CUS-000866,FILED_BY
CLM-005951,DEV-000131,USES_DEVICE
CLM-005951,REP-000188,REPAIRED_BY
CLM-005952,CUS-001016,FILED_BY
CLM-005952,DEV-002004,USES_DEVICE
CLM-005953,CUS-001865,FILED_BY
CLM-005953,DEV-001283,USES_DEVICE
CLM-005954,CUS-002534,FILED_BY
CLM-005954,DEV-000437,USES_DEVICE
CLM-005954,REP-000309,REPAIRED_BY
CLM-005955,CUS-001421,FILED_BY
CLM-005955,DEV-001691,USES_DEVICE
CLM-005955,REP-000432,REPAIRED_BY
CLM-005956,CUS-002464,FILED_BY
CLM-005956,DEV-000174,USES_DEVICE
CLM-005957,CUS-000932,FILED_BY
CLM-005957,DEV-002448,USES_DEVICE
CLM-005957,REP-000095,REPAIRED_BY
CLM-005958,CUS-001259,FILED_BY
CLM-005958,DEV-000034,USES_DEVICE
CLM-005959,CUS-001004,FILED_BY
CLM-005959,DEV-000958,USES_DEVICE
CLM-005959,REP-000381,REPAIRED_BY
CLM-005960,CUS-001697,FILED_BY
CLM-005960,DEV-001049,USES_DEVICE
CLM-005960,REP-000354,REPAIRED_BY
CLM-005961,CUS-000693,FILED_BY
CLM-005961,DEV-000186,USES_DEVICE
CLM-005962,CUS-000938,FILED_BY
CLM-005962,DEV-001758,USES_DEVICE
CLM-005963,CUS-001907,FILED_BY
CLM-005963,DEV-002656,USES_DEVICE
CLM-005964,CUS-002018,FILED_BY
CLM-005964,DEV-001361,USES_DEVICE
CLM-005964,REP-000564,REPAIRED_BY
CLM-005965,CUS-001989,FILED_BY
CLM-005965,DEV-000459,USES_DEVICE
CLM-005965,REP-000009,REPAIRED_BY
CLM-005966,CUS-002426,FILED_BY
CLM-005966,DEV-001890,USES_DEVICE
CLM-005966,REP-000291,REPAIRED_BY
CLM-005967,CUS-000359,FILED_BY
CLM-005967,DEV-000531,USES_DEVICE
CLM-005968,CUS-001166,FILED_BY
CLM-005968,DEV-001312,USES_DEVICE
CLM-005969,CUS-002863,FILED_BY
CLM-005969,DEV-001292,USES_DEVICE
CLM-005970,CUS-000166,FILED_BY
CLM-005970,DEV-001438,USES_DEVICE
CLM-005971,CUS-000600,FILED_BY
CLM-005971,DEV-002196,USES_DEVICE
CLM-005971,REP-000552,REPAIRED_BY
CLM-005972,CUS-002495,FILED_BY
CLM-005972,DEV-002950,USES_DEVICE
CLM-005973,CUS-000239,FILED_BY
CLM-005973,DEV-000729,USES_DEVICE
CLM-005974,CUS-002196,FILED_BY
CLM-005974,DEV-001986,USES_DEVICE
CLM-005974,REP-000524,REPAIRED_BY
CLM-005975,CUS-002568,FILED_BY
CLM-005975,DEV-002494,USES_DEVICE
CLM-005976,CUS-000616,FILED_BY
CLM-005976,DEV-001298,USES_DEVICE
CLM-005977,CUS-001676,FILED_BY
CLM-005977,DEV-001080,USES_DEVICE
CLM-005977,REP-000020,REPAIRED_BY
CLM-005978,CUS-000078,FILED_BY
CLM-005978,DEV-000719,USES_DEVICE
CLM-005979,CUS-000240,FILED_BY
CLM-005979,DEV-001466,USES_DEVICE
CLM-005979,REP-000187,REPAIRED_BY
CLM-005980,CUS-000429,FILED_BY
CLM-005980,DEV-002805,USES_DEVICE
CLM-005980,REP-000311,REPAIRED_BY
CLM-005981,CUS-002710,FILED_BY
CLM-005981,DEV-002257,USES_DEVICE
CLM-005981,REP-000653,REPAIRED_BY
CLM-005982,CUS-001170,FILED_BY
CLM-005982,DEV-001385,USES_DEVICE
CLM-005982,REP-000668,REPAIRED_BY
CLM-005983,CUS-000690,FILED_BY
CLM-005983,DEV-002936,USES_DEVICE
CLM-005984,CUS-000838,FILED_BY
CLM-005984,DEV-000741,USES_DEVICE
CLM-005984,REP-000354,REPAIRED_BY
CLM-005985,CUS-001802,FILED_BY
CLM-005985,DEV-000860,USES_DEVICE
CLM-005985,REP-000635,REPAIRED_BY
CLM-005986,CUS-001502,FILED_BY
CLM-005986,DEV-000444,USES_DEVICE
CLM-005986,REP-000700,REPAIRED_BY
CLM-005987,CUS-002727,FILED_BY
CLM-005987,DEV-000451,USES_DEVICE
CLM-005987,REP-000205,REPAIRED_BY
CLM-005988,CUS-001982,FILED_BY
CLM-005988,DEV-000326,USES_DEVICE
CLM-005989,CUS-002723,FILED_BY
CLM-005989,DEV-002345,USES_DEVICE
CLM-005990,CUS-000049,FILED_BY
CLM-005990,DEV-000083,USES_DEVICE
CLM-005991,CUS-002936,FILED_BY
CLM-005991,DEV-001616,USES_DEVICE
CLM-005992,CUS-000160,FILED_BY
CLM-005992,DEV-002508,USES_DEVICE
CLM-005993,CUS-001145,FILED_BY
CLM-005993,DEV-002576,USES_DEVICE
CLM-005993,REP-000545,REPAIRED_BY
CLM-005994,CUS-000186,FILED_BY
CLM-005994,DEV-001279,USES_DEVICE
CLM-005994,REP-000074,REPAIRED_BY
CLM-005995,CUS-000319,FILED_BY
CLM-005995,DEV-001473,USES_DEVICE
CLM-005996,CUS-001028,FILED_BY
CLM-005996,DEV-001194,USES_DEVICE
CLM-005997,CUS-000126,FILED_BY
CLM-005997,DEV-001517,USES_DEVICE
CLM-005997,REP-000409,REPAIRED_BY
CLM-005998,CUS-001377,FILED_BY
CLM-005998,DEV-001181,USES_DEVICE
CLM-005998,REP-000439,REPAIRED_BY
CLM-005999,CUS-002948,FILED_BY
CLM-005999,DEV-001778,USES_DEVICE
CLM-006000,CUS-002269,FILED_BY
CLM-006000,DEV-002028,USES_DEVICE
CLM-006000,REP-000519,REPAIRED_BY
CLM-006001,CUS-002113,FILED_BY
CLM-006001,DEV-000474,USES_DEVICE
CLM-006002,CUS-000492,FILED_BY
CLM-006002,DEV-000850,USES_DEVICE
CLM-006003,CUS-001177,FILED_BY
CLM-006003,DEV-001533,USES_DEVICE
CLM-006003,REP-000648,REPAIRED_BY
CLM-006004,CUS-002500,FILED_BY
CLM-006004,DEV-002151,USES_DEVICE
CLM-006004,REP-000186,REPAIRED_BY
CLM-006005,CUS-002227,FILED_BY
CLM-006005,DEV-002268,USES_DEVICE
CLM-006005,REP-000270,REPAIRED_BY
CLM-006006,CUS-002250,FILED_BY
CLM-006006,DEV-000818,USES_DEVICE
CLM-006006,REP-000097,REPAIRED_BY
CLM-006007,CUS-000875,FILED_BY
CLM-006007,DEV-000741,USES_DEVICE
CLM-006007,REP-000611,REPAIRED_BY
CLM-006008,CUS-002652,FILED_BY
CLM-006008,DEV-001812,USES_DEVICE
CLM-006009,CUS-001126,FILED_BY
CLM-006009,DEV-002353,USES_DEVICE
CLM-006010,CUS-001350,FILED_BY
CLM-006010,DEV-001867,USES_DEVICE
CLM-006010,REP-000210,REPAIRED_BY
CLM-006011,CUS-000434,FILED_BY
CLM-006011,DEV-002844,USES_DEVICE
CLM-006011,REP-000416,REPAIRED_BY
CLM-006012,CUS-001643,FILED_BY
CLM-006012,DEV-002938,USES_DEVICE
CLM-006012,REP-000598,REPAIRED_BY
CLM-006013,CUS-001561,FILED_BY
CLM-006013,DEV-000674,USES_DEVICE
CLM-006013,REP-000438,REPAIRED_BY
CLM-006014,CUS-000261,FILED_BY
CLM-006014,DEV-000968,USES_DEVICE
CLM-006014,REP-000028,REPAIRED_BY
CLM-006015,CUS-000118,FILED_BY
CLM-006015,DEV-000255,USES_DEVICE
CLM-006016,CUS-002421,FILED_BY
CLM-006016,DEV-001954,USES_DEVICE
CLM-006016,REP-000276,REPAIRED_BY
CLM-006017,CUS-002748,FILED_BY
CLM-006017,DEV-002317,USES_DEVICE
CLM-006017,REP-000099,REPAIRED_BY
CLM-006018,CUS-001071,FILED_BY
CLM-006018,DEV-001537,USES_DEVICE
CLM-006018,REP-000585,REPAIRED_BY
CLM-006019,CUS-002443,FILED_BY
CLM-006019,DEV-002107,USES_DEVICE
CLM-006019,REP-000534,REPAIRED_BY
CLM-006020,CUS-002797,FILED_BY
CLM-006020,DEV-002185,USES_DEVICE
CLM-006021,CUS-000128,FILED_BY
CLM-006021,DEV-000524,USES_DEVICE
CLM-006021,REP-000040,REPAIRED_BY
CLM-006022,CUS-001545,FILED_BY
CLM-006022,DEV-000667,USES_DEVICE
CLM-006022,REP-000660,REPAIRED_BY
CLM-006023,CUS-002837,FILED_BY
CLM-006023,DEV-001028,USES_DEVICE
CLM-006023,REP-000050,REPAIRED_BY
CLM-006024,CUS-002519,FILED_BY
CLM-006024,DEV-002897,USES_DEVICE
CLM-006025,CUS-000060,FILED_BY
CLM-006025,DEV-001908,USES_DEVICE
CLM-006025,REP-000539,REPAIRED_BY
CLM-006026,CUS-001447,FILED_BY
CLM-006026,DEV-000823,USES_DEVICE
CLM-006026,REP-000430,REPAIRED_BY
CLM-006027,CUS-002236,FILED_BY
CLM-006027,DEV-001219,USES_DEVICE
CLM-006027,REP-000055,REPAIRED_BY
CLM-006028,CUS-000462,FILED_BY
CLM-006028,DEV-002935,USES_DEVICE
CLM-006029,CUS-000118,FILED_BY
CLM-006029,DEV-000255,USES_DEVICE
CLM-006029,REP-000312,REPAIRED_BY
CLM-006030,CUS-001081,FILED_BY
CLM-006030,DEV-002815,USES_DEVICE
CLM-006030,REP-000317,REPAIRED_BY
CLM-006031,CUS-002122,FILED_BY
CLM-006031,DEV-001386,USES_DEVICE
CLM-006031,REP-000283,REPAIRED_BY
CLM-006032,CUS-000278,FILED_BY
CLM-006032,DEV-002363,USES_DEVICE
CLM-006033,CUS-002843,FILED_BY
CLM-006033,DEV-000115,USES_DEVICE
CLM-006034,CUS-000518,FILED_BY
CLM-006034,DEV-000794,USES_DEVICE
CLM-006034,REP-000525,REPAIRED_BY
CLM-006035,CUS-002965,FILED_BY
CLM-006035,DEV-001600,USES_DEVICE
CLM-006036,CUS-001334,FILED_BY
CLM-006036,DEV-000226,USES_DEVICE
CLM-006036,REP-000190,REPAIRED_BY
CLM-006037,CUS-002627,FILED_BY
CLM-006037,DEV-001132,USES_DEVICE
CLM-006037,REP-000580,REPAIRED_BY
CLM-006038,CUS-001890,FILED_BY
CLM-006038,DEV-001462,USES_DEVICE
CLM-006039,CUS-002245,FILED_BY
CLM-006039,DEV-001940,USES_DEVICE
CLM-006039,REP-000676,REPAIRED_BY
CLM-006040,CUS-002932,FILED_BY
CLM-006040,DEV-000982,USES_DEVICE
CLM-006041,CUS-000198,FILED_BY
CLM-006041,DEV-001663,USES_DEVICE
CLM-006041,REP-000598,REPAIRED_BY
CLM-006042,CUS-001738,FILED_BY
CLM-006042,DEV-000200,USES_DEVICE
CLM-006042,REP-000385,REPAIRED_BY
CLM-006043,CUS-001529,FILED_BY
CLM-006043,DEV-000828,USES_DEVICE
CLM-006043,REP-000466,REPAIRED_BY
CLM-006044,CUS-000326,FILED_BY
CLM-006044,DEV-000597,USES_DEVICE
CLM-006045,CUS-000615,FILED_BY
CLM-006045,DEV-001657,USES_DEVICE
CLM-006045,REP-000546,REPAIRED_BY
CLM-006046,CUS-001073,FILED_BY
CLM-006046,DEV-002320,USES_DEVICE
CLM-006047,CUS-002466,FILED_BY
CLM-006047,DEV-000647,USES_DEVICE
CLM-006047,REP-000338,REPAIRED_BY
CLM-006048,CUS-000418,FILED_BY
CLM-006048,DEV-000669,USES_DEVICE
CLM-006048,REP-000589,REPAIRED_BY
CLM-006049,CUS-002787,FILED_BY
CLM-006049,DEV-002110,USES_DEVICE
CLM-006049,REP-000582,REPAIRED_BY
CLM-006050,CUS-000811,FILED_BY
CLM-006050,DEV-001700,USES_DEVICE
CLM-006050,REP-000276,REPAIRED_BY
CLM-006051,CUS-000360,FILED_BY
CLM-006051,DEV-001632,USES_DEVICE
CLM-006052,CUS-001072,FILED_BY
CLM-006052,DEV-002213,USES_DEVICE
CLM-006053,CUS-001322,FILED_BY
CLM-006053,DEV-000740,USES_DEVICE
CLM-006054,CUS-000761,FILED_BY
CLM-006054,DEV-000212,USES_DEVICE
CLM-006055,CUS-002690,FILED_BY
CLM-006055,DEV-002332,USES_DEVICE
CLM-006056,CUS-000226,FILED_BY
CLM-006056,DEV-000424,USES_DEVICE
CLM-006056,REP-000033,REPAIRED_BY
CLM-006057,CUS-000867,FILED_BY
CLM-006057,DEV-002206,USES_DEVICE
CLM-006058,CUS-001690,FILED_BY
CLM-006058,DEV-002192,USES_DEVICE
CLM-006059,CUS-002587,FILED_BY
CLM-006059,DEV-002627,USES_DEVICE
CLM-006059,REP-000259,REPAIRED_BY
CLM-006060,CUS-000092,FILED_BY
CLM-006060,DEV-000664,USES_DEVICE
CLM-006060,REP-000147,REPAIRED_BY
CLM-006061,CUS-001233,FILED_BY
CLM-006061,DEV-001422,USES_DEVICE
CLM-006061,REP-000023,REPAIRED_BY
CLM-006062,CUS-001076,FILED_BY
CLM-006062,DEV-002776,USES_DEVICE
CLM-006063,CUS-001944,FILED_BY
CLM-006063,DEV-001649,USES_DEVICE
CLM-006063,REP-000287,REPAIRED_BY
CLM-006064,CUS-002098,FILED_BY
CLM-006064,DEV-002329,USES_DEVICE
CLM-006064,REP-000676,REPAIRED_BY
CLM-006065,CUS-002880,FILED_BY
CLM-006065,DEV-000942,USES_DEVICE
CLM-006066,CUS-000769,FILED_BY
CLM-006066,DEV-001705,USES_DEVICE
CLM-006067,CUS-002822,FILED_BY
CLM-006067,DEV-002377,USES_DEVICE
CLM-006068,CUS-001273,FILED_BY
CLM-006068,DEV-000557,USES_DEVICE
CLM-006068,REP-000026,REPAIRED_BY
CLM-006069,CUS-001186,FILED_BY
CLM-006069,DEV-000447,USES_DEVICE
CLM-006070,CUS-000190,FILED_BY
CLM-006070,DEV-001986,USES_DEVICE
CLM-006071,CUS-002178,FILED_BY
CLM-006071,DEV-001224,USES_DEVICE
CLM-006071,REP-000672,REPAIRED_BY
CLM-006072,CUS-000911,FILED_BY
CLM-006072,DEV-002949,USES_DEVICE
CLM-006073,CUS-002965,FILED_BY
CLM-006073,DEV-001546,USES_DEVICE
CLM-006073,REP-000557,REPAIRED_BY
CLM-006074,CUS-000462,FILED_BY
CLM-006074,DEV-001811,USES_DEVICE
CLM-006074,REP-000658,REPAIRED_BY
CLM-006075,CUS-000566,FILED_BY
CLM-006075,DEV-002135,USES_DEVICE
CLM-006075,REP-000613,REPAIRED_BY
CLM-006076,CUS-000987,FILED_BY
CLM-006076,DEV-001645,USES_DEVICE
CLM-006076,REP-000415,REPAIRED_BY
CLM-006077,CUS-001555,FILED_BY
CLM-006077,DEV-001688,USES_DEVICE
CLM-006077,REP-000502,REPAIRED_BY
CLM-006078,CUS-002929,FILED_BY
CLM-006078,DEV-002811,USES_DEVICE
CLM-006078,REP-000139,REPAIRED_BY
CLM-006079,CUS-001626,FILED_BY
CLM-006079,DEV-000074,USES_DEVICE
CLM-006079,REP-000596,REPAIRED_BY
CLM-006080,CUS-002177,FILED_BY
CLM-006080,DEV-002687,USES_DEVICE
CLM-006080,REP-000016,REPAIRED_BY
CLM-006081,CUS-001852,FILED_BY
CLM-006081,DEV-002532,USES_DEVICE
CLM-006082,CUS-000632,FILED_BY
CLM-006082,DEV-001235,USES_DEVICE
CLM-006082,REP-000323,REPAIRED_BY
CLM-006083,CUS-001006,FILED_BY
CLM-006083,DEV-000242,USES_DEVICE
CLM-006083,REP-000358,REPAIRED_BY
CLM-006084,CUS-000190,FILED_BY
CLM-006084,DEV-000037,USES_DEVICE
CLM-006084,REP-000006,REPAIRED_BY
CLM-006085,CUS-002252,FILED_BY
CLM-006085,DEV-000156,USES_DEVICE
CLM-006086,CUS-001498,FILED_BY
CLM-006086,DEV-000670,USES_DEVICE
CLM-006086,REP-000477,REPAIRED_BY
CLM-006087,CUS-002100,FILED_BY
CLM-006087,DEV-000946,USES_DEVICE
CLM-006088,CUS-000769,FILED_BY
CLM-006088,DEV-002453,USES_DEVICE
CLM-006088,REP-000499,REPAIRED_BY
CLM-006089,CUS-001467,FILED_BY
CLM-006089,DEV-001019,USES_DEVICE
CLM-006089,REP-000103,REPAIRED_BY
CLM-006090,CUS-000408,FILED_BY
CLM-006090,DEV-002970,USES_DEVICE
CLM-006091,CUS-000492,FILED_BY
CLM-006091,DEV-001208,USES_DEVICE
CLM-006092,CUS-000618,FILED_BY
CLM-006092,DEV-002837,USES_DEVICE
CLM-006092,REP-000130,REPAIRED_BY
CLM-006093,CUS-001487,FILED_BY
CLM-006093,DEV-001179,USES_DEVICE
CLM-006094,CUS-000499,FILED_BY
CLM-006094,DEV-002823,USES_DEVICE
CLM-006095,CUS-001268,FILED_BY
CLM-006095,DEV-002820,USES_DEVICE
CLM-006095,REP-000510,REPAIRED_BY
CLM-006096,CUS-000445,FILED_BY
CLM-006096,DEV-001203,USES_DEVICE
CLM-006097,CUS-001370,FILED_BY
CLM-006097,DEV-002812,USES_DEVICE
CLM-006097,REP-000040,REPAIRED_BY
CLM-006098,CUS-000672,FILED_BY
CLM-006098,DEV-002199,USES_DEVICE
CLM-006098,REP-000030,REPAIRED_BY
CLM-006099,CUS-002306,FILED_BY
CLM-006099,DEV-000622,USES_DEVICE
CLM-006099,REP-000006,REPAIRED_BY
CLM-006100,CUS-002974,FILED_BY
CLM-006100,DEV-001238,USES_DEVICE
CLM-006101,CUS-002999,FILED_BY
CLM-006101,DEV-002387,USES_DEVICE
CLM-006102,CUS-002923,FILED_BY
CLM-006102,DEV-002747,USES_DEVICE
CLM-006102,REP-000568,REPAIRED_BY
CLM-006103,CUS-000359,FILED_BY
CLM-006103,DEV-002406,USES_DEVICE
CLM-006104,CUS-002792,FILED_BY
CLM-006104,DEV-000637,USES_DEVICE
CLM-006104,REP-000600,REPAIRED_BY
CLM-006105,CUS-001699,FILED_BY
CLM-006105,DEV-000566,USES_DEVICE
CLM-006105,REP-000217,REPAIRED_BY
CLM-006106,CUS-001520,FILED_BY
CLM-006106,DEV-002538,USES_DEVICE
CLM-006107,CUS-000897,FILED_BY
CLM-006107,DEV-000197,USES_DEVICE
CLM-006108,CUS-002464,FILED_BY
CLM-006108,DEV-000174,USES_DEVICE
CLM-006109,CUS-000173,FILED_BY
CLM-006109,DEV-001563,USES_DEVICE
CLM-006109,REP-000430,REPAIRED_BY
CLM-006110,CUS-002500,FILED_BY
CLM-006110,DEV-002151,USES_DEVICE
CLM-006110,REP-000537,REPAIRED_BY
CLM-006111,CUS-000940,FILED_BY
CLM-006111,DEV-002567,USES_DEVICE
CLM-006112,CUS-002177,FILED_BY
CLM-006112,DEV-001852,USES_DEVICE
CLM-006113,CUS-000108,FILED_BY
CLM-006113,DEV-002133,USES_DEVICE
CLM-006113,REP-000138,REPAIRED_BY
CLM-006114,CUS-001312,FILED_BY
CLM-006114,DEV-001284,USES_DEVICE
CLM-006114,REP-000655,REPAIRED_BY
CLM-006115,CUS-000264,FILED_BY
CLM-006115,DEV-002250,USES_DEVICE
CLM-006116,CUS-000773,FILED_BY
CLM-006116,DEV-001084,USES_DEVICE
CLM-006117,CUS-000704,FILED_BY
CLM-006117,DEV-002283,USES_DEVICE
CLM-006117,REP-000131,REPAIRED_BY
CLM-006118,CUS-002614,FILED_BY
CLM-006118,DEV-001719,USES_DEVICE
CLM-006118,REP-000247,REPAIRED_BY
CLM-006119,CUS-002756,FILED_BY
CLM-006119,DEV-001239,USES_DEVICE
CLM-006119,REP-000276,REPAIRED_BY
CLM-006120,CUS-001296,FILED_BY
CLM-006120,DEV-002979,USES_DEVICE
CLM-006121,CUS-001931,FILED_BY
CLM-006121,DEV-001198,USES_DEVICE
CLM-006121,REP-000092,REPAIRED_BY
CLM-006122,CUS-002313,FILED_BY
CLM-006122,DEV-002132,USES_DEVICE
CLM-006122,REP-000639,REPAIRED_BY
CLM-006123,CUS-002796,FILED_BY
CLM-006123,DEV-000968,USES_DEVICE
CLM-006123,REP-000614,REPAIRED_BY
CLM-006124,CUS-002200,FILED_BY
CLM-006124,DEV-002435,USES_DEVICE
CLM-006125,CUS-000708,FILED_BY
CLM-006125,DEV-000935,USES_DEVICE
CLM-006125,REP-000562,REPAIRED_BY
CLM-006126,CUS-002408,FILED_BY
CLM-006126,DEV-000130,USES_DEVICE
CLM-006127,CUS-001081,FILED_BY
CLM-006127,DEV-000076,USES_DEVICE
CLM-006128,CUS-001932,FILED_BY
CLM-006128,DEV-000032,USES_DEVICE
CLM-006129,CUS-000290,FILED_BY
CLM-006129,DEV-001885,USES_DEVICE
CLM-006130,CUS-002836,FILED_BY
CLM-006130,DEV-001832,USES_DEVICE
CLM-006130,REP-000505,REPAIRED_BY
CLM-006131,CUS-002274,FILED_BY
CLM-006131,DEV-000719,USES_DEVICE
CLM-006131,REP-000678,REPAIRED_BY
CLM-006132,CUS-002633,FILED_BY
CLM-006132,DEV-000219,USES_DEVICE
CLM-006132,REP-000068,REPAIRED_BY
CLM-006133,CUS-000302,FILED_BY
CLM-006133,DEV-002403,USES_DEVICE
CLM-006134,CUS-000616,FILED_BY
CLM-006134,DEV-000041,USES_DEVICE
CLM-006134,REP-000043,REPAIRED_BY
CLM-006135,CUS-000422,FILED_BY
CLM-006135,DEV-000717,USES_DEVICE
CLM-006135,REP-000617,REPAIRED_BY
CLM-006136,CUS-002632,FILED_BY
CLM-006136,DEV-001721,USES_DEVICE
CLM-006136,REP-000417,REPAIRED_BY
CLM-006137,CUS-002428,FILED_BY
CLM-006137,DEV-002589,USES_DEVICE
CLM-006137,REP-000163,REPAIRED_BY
CLM-006138,CUS-000426,FILED_BY
CLM-006138,DEV-000870,USES_DEVICE
CLM-006138,REP-000562,REPAIRED_BY
CLM-006139,CUS-002925,FILED_BY
CLM-006139,DEV-000842,USES_DEVICE
CLM-006140,CUS-001724,FILED_BY
CLM-006140,DEV-002200,USES_DEVICE
CLM-006141,CUS-001107,FILED_BY
CLM-006141,DEV-001186,USES_DEVICE
CLM-006142,CUS-002817,FILED_BY
CLM-006142,DEV-000524,USES_DEVICE
CLM-006143,CUS-002469,FILED_BY
CLM-006143,DEV-001351,USES_DEVICE
CLM-006143,REP-000095,REPAIRED_BY
CLM-006144,CUS-001895,FILED_BY
CLM-006144,DEV-000340,USES_DEVICE
CLM-006145,CUS-001121,FILED_BY
CLM-006145,DEV-001671,USES_DEVICE
CLM-006145,REP-000041,REPAIRED_BY
CLM-006146,CUS-002041,FILED_BY
CLM-006146,DEV-000291,USES_DEVICE
CLM-006146,REP-000575,REPAIRED_BY
CLM-006147,CUS-000447,FILED_BY
CLM-006147,DEV-001414,USES_DEVICE
CLM-006148,CUS-002255,FILED_BY
CLM-006148,DEV-002007,USES_DEVICE
CLM-006149,CUS-002904,FILED_BY
CLM-006149,DEV-000313,USES_DEVICE
CLM-006149,REP-000518,REPAIRED_BY
CLM-006150,CUS-001434,FILED_BY
CLM-006150,DEV-002487,USES_DEVICE
CLM-006151,CUS-000190,FILED_BY
CLM-006151,DEV-002556,USES_DEVICE
CLM-006152,CUS-002573,FILED_BY
CLM-006152,DEV-001632,USES_DEVICE
CLM-006153,CUS-000099,FILED_BY
CLM-006153,DEV-002536,USES_DEVICE
CLM-006153,REP-000348,REPAIRED_BY
CLM-006154,CUS-002479,FILED_BY
CLM-006154,DEV-000727,USES_DEVICE
CLM-006155,CUS-001827,FILED_BY
CLM-006155,DEV-000203,USES_DEVICE
CLM-006156,CUS-001069,FILED_BY
CLM-006156,DEV-001299,USES_DEVICE
CLM-006157,CUS-001920,FILED_BY
CLM-006157,DEV-000749,USES_DEVICE
CLM-006157,REP-000691,REPAIRED_BY
CLM-006158,CUS-002513,FILED_BY
CLM-006158,DEV-000565,USES_DEVICE
CLM-006159,CUS-001690,FILED_BY
CLM-006159,DEV-002108,USES_DEVICE
CLM-006160,CUS-000269,FILED_BY
CLM-006160,DEV-000736,USES_DEVICE
CLM-006160,REP-000473,REPAIRED_BY
CLM-006161,CUS-000732,FILED_BY
CLM-006161,DEV-000393,USES_DEVICE
CLM-006161,REP-000597,REPAIRED_BY
CLM-006162,CUS-000803,FILED_BY
CLM-006162,DEV-002714,USES_DEVICE
CLM-006162,REP-000590,REPAIRED_BY
CLM-006163,CUS-002455,FILED_BY
CLM-006163,DEV-001917,USES_DEVICE
CLM-006164,CUS-001961,FILED_BY
CLM-006164,DEV-000936,USES_DEVICE
CLM-006164,REP-000386,REPAIRED_BY
CLM-006165,CUS-000666,FILED_BY
CLM-006165,DEV-002182,USES_DEVICE
CLM-006166,CUS-001102,FILED_BY
CLM-006166,DEV-001398,USES_DEVICE
CLM-006167,CUS-000138,FILED_BY
CLM-006167,DEV-000112,USES_DEVICE
CLM-006168,CUS-000192,FILED_BY
CLM-006168,DEV-001532,USES_DEVICE
CLM-006168,REP-000606,REPAIRED_BY
CLM-006169,CUS-002187,FILED_BY
CLM-006169,DEV-002969,USES_DEVICE
CLM-006169,REP-000153,REPAIRED_BY
CLM-006170,CUS-002579,FILED_BY
CLM-006170,DEV-000811,USES_DEVICE
CLM-006170,REP-000166,REPAIRED_BY
CLM-006171,CUS-002556,FILED_BY
CLM-006171,DEV-002139,USES_DEVICE
CLM-006172,CUS-000151,FILED_BY
CLM-006172,DEV-000679,USES_DEVICE
CLM-006172,REP-000522,REPAIRED_BY
CLM-006173,CUS-002633,FILED_BY
CLM-006173,DEV-001885,USES_DEVICE
CLM-006173,REP-000556,REPAIRED_BY
CLM-006174,CUS-001839,FILED_BY
CLM-006174,DEV-001705,USES_DEVICE
CLM-006174,REP-000493,REPAIRED_BY
CLM-006175,CUS-002753,FILED_BY
CLM-006175,DEV-001890,USES_DEVICE
CLM-006175,REP-000030,REPAIRED_BY
CLM-006176,CUS-000106,FILED_BY
CLM-006176,DEV-001301,USES_DEVICE
CLM-006176,REP-000002,REPAIRED_BY
CLM-006177,CUS-000540,FILED_BY
CLM-006177,DEV-000560,USES_DEVICE
CLM-006178,CUS-002582,FILED_BY
CLM-006178,DEV-002275,USES_DEVICE
CLM-006178,REP-000240,REPAIRED_BY
CLM-006179,CUS-001807,FILED_BY
CLM-006179,DEV-002766,USES_DEVICE
CLM-006179,REP-000630,REPAIRED_BY
CLM-006180,CUS-000888,FILED_BY
CLM-006180,DEV-000937,USES_DEVICE
CLM-006180,REP-000209,REPAIRED_BY
CLM-006181,CUS-002825,FILED_BY
CLM-006181,DEV-000897,USES_DEVICE
CLM-006182,CUS-001434,FILED_BY
CLM-006182,DEV-001792,USES_DEVICE
CLM-006182,REP-000327,REPAIRED_BY
CLM-006183,CUS-000774,FILED_BY
CLM-006183,DEV-001003,USES_DEVICE
CLM-006183,REP-000461,REPAIRED_BY
CLM-006184,CUS-001391,FILED_BY
CLM-006184,DEV-001046,USES_DEVICE
CLM-006184,REP-000328,REPAIRED_BY
CLM-006185,CUS-000219,FILED_BY
CLM-006185,DEV-002339,USES_DEVICE
CLM-006186,CUS-000891,FILED_BY
CLM-006186,DEV-002428,USES_DEVICE
CLM-006186,REP-000390,REPAIRED_BY
CLM-006187,CUS-001444,FILED_BY
CLM-006187,DEV-001095,USES_DEVICE
CLM-006187,REP-000160,REPAIRED_BY
CLM-006188,CUS-002944,FILED_BY
CLM-006188,DEV-000476,USES_DEVICE
CLM-006189,CUS-000900,FILED_BY
CLM-006189,DEV-000670,USES_DEVICE
CLM-006189,REP-000406,REPAIRED_BY
CLM-006190,CUS-002949,FILED_BY
CLM-006190,DEV-002126,USES_DEVICE
CLM-006190,REP-000362,REPAIRED_BY
CLM-006191,CUS-002159,FILED_BY
CLM-006191,DEV-002937,USES_DEVICE
CLM-006191,REP-000028,REPAIRED_BY
CLM-006192,CUS-002097,FILED_BY
CLM-006192,DEV-000063,USES_DEVICE
CLM-006193,CUS-001866,FILED_BY
CLM-006193,DEV-001286,USES_DEVICE
CLM-006193,REP-000158,REPAIRED_BY
CLM-006194,CUS-002902,FILED_BY
CLM-006194,DEV-002589,USES_DEVICE
CLM-006195,CUS-002666,FILED_BY
CLM-006195,DEV-000458,USES_DEVICE
CLM-006195,REP-000301,REPAIRED_BY
CLM-006196,CUS-000412,FILED_BY
CLM-006196,DEV-002956,USES_DEVICE
CLM-006196,REP-000267,REPAIRED_BY
CLM-006197,CUS-001633,FILED_BY
CLM-006197,DEV-001664,USES_DEVICE
CLM-006197,REP-000656,REPAIRED_BY
CLM-006198,CUS-002115,FILED_BY
CLM-006198,DEV-001789,USES_DEVICE
CLM-006199,CUS-002429,FILED_BY
CLM-006199,DEV-002526,USES_DEVICE
CLM-006200,CUS-000733,FILED_BY
CLM-006200,DEV-002660,USES_DEVICE
CLM-006200,REP-000227,REPAIRED_BY
CLM-006201,CUS-000946,FILED_BY
CLM-006201,DEV-001785,USES_DEVICE
CLM-006201,REP-000265,REPAIRED_BY
CLM-006202,CUS-001233,FILED_BY
CLM-006202,DEV-000446,USES_DEVICE
CLM-006202,REP-000478,REPAIRED_BY
CLM-006203,CUS-000899,FILED_BY
CLM-006203,DEV-001593,USES_DEVICE
CLM-006204,CUS-000013,FILED_BY
CLM-006204,DEV-002383,USES_DEVICE
CLM-006205,CUS-002506,FILED_BY
CLM-006205,DEV-001740,USES_DEVICE
CLM-006205,REP-000216,REPAIRED_BY
CLM-006206,CUS-002419,FILED_BY
CLM-006206,DEV-000486,USES_DEVICE
CLM-006207,CUS-002651,FILED_BY
CLM-006207,DEV-001712,USES_DEVICE
CLM-006207,REP-000324,REPAIRED_BY
CLM-006208,CUS-002251,FILED_BY
CLM-006208,DEV-001605,USES_DEVICE
CLM-006208,REP-000271,REPAIRED_BY
CLM-006209,CUS-000479,FILED_BY
CLM-006209,DEV-000222,USES_DEVICE
CLM-006210,CUS-000462,FILED_BY
CLM-006210,DEV-000839,USES_DEVICE
CLM-006211,CUS-001002,FILED_BY
CLM-006211,DEV-002510,USES_DEVICE
CLM-006211,REP-000421,REPAIRED_BY
CLM-006212,CUS-002910,FILED_BY
CLM-006212,DEV-000183,USES_DEVICE
CLM-006213,CUS-000987,FILED_BY
CLM-006213,DEV-001483,USES_DEVICE
CLM-006213,REP-000033,REPAIRED_BY
CLM-006214,CUS-001575,FILED_BY
CLM-006214,DEV-001473,USES_DEVICE
CLM-006215,CUS-000725,FILED_BY
CLM-006215,DEV-000290,USES_DEVICE
CLM-006216,CUS-000838,FILED_BY
CLM-006216,DEV-001090,USES_DEVICE
CLM-006216,REP-000249,REPAIRED_BY
CLM-006217,CUS-001838,FILED_BY
CLM-006217,DEV-001629,USES_DEVICE
CLM-006217,REP-000372,REPAIRED_BY
CLM-006218,CUS-000646,FILED_BY
CLM-006218,DEV-000677,USES_DEVICE
CLM-006219,CUS-001151,FILED_BY
CLM-006219,DEV-002614,USES_DEVICE
CLM-006219,REP-000393,REPAIRED_BY
CLM-006220,CUS-002396,FILED_BY
CLM-006220,DEV-000012,USES_DEVICE
CLM-006221,CUS-002414,FILED_BY
CLM-006221,DEV-002675,USES_DEVICE
CLM-006222,CUS-000751,FILED_BY
CLM-006222,DEV-002418,USES_DEVICE
CLM-006222,REP-000168,REPAIRED_BY
CLM-006223,CUS-000638,FILED_BY
CLM-006223,DEV-002711,USES_DEVICE
CLM-006224,CUS-000815,FILED_BY
CLM-006224,DEV-000343,USES_DEVICE
CLM-006224,REP-000552,REPAIRED_BY
CLM-006225,CUS-002393,FILED_BY
CLM-006225,DEV-000483,USES_DEVICE
CLM-006226,CUS-001702,FILED_BY
CLM-006226,DEV-002344,USES_DEVICE
CLM-006227,CUS-002596,FILED_BY
CLM-006227,DEV-001371,USES_DEVICE
CLM-006228,CUS-001549,FILED_BY
CLM-006228,DEV-000653,USES_DEVICE
CLM-006229,CUS-002302,FILED_BY
CLM-006229,DEV-000769,USES_DEVICE
CLM-006229,REP-000533,REPAIRED_BY
CLM-006230,CUS-001433,FILED_BY
CLM-006230,DEV-002421,USES_DEVICE
CLM-006231,CUS-002397,FILED_BY
CLM-006231,DEV-002675,USES_DEVICE
CLM-006231,REP-000193,REPAIRED_BY
CLM-006232,CUS-002086,FILED_BY
CLM-006232,DEV-000070,USES_DEVICE
CLM-006233,CUS-002171,FILED_BY
CLM-006233,DEV-002360,USES_DEVICE
CLM-006233,REP-000229,REPAIRED_BY
CLM-006234,CUS-001757,FILED_BY
CLM-006234,DEV-000797,USES_DEVICE
CLM-006235,CUS-002101,FILED_BY
CLM-006235,DEV-000898,USES_DEVICE
CLM-006236,CUS-001818,FILED_BY
CLM-006236,DEV-000748,USES_DEVICE
CLM-006236,REP-000632,REPAIRED_BY
CLM-006237,CUS-001775,FILED_BY
CLM-006237,DEV-002156,USES_DEVICE
CLM-006238,CUS-001191,FILED_BY
CLM-006238,DEV-002974,USES_DEVICE
CLM-006238,REP-000653,REPAIRED_BY
CLM-006239,CUS-000549,FILED_BY
CLM-006239,DEV-001479,USES_DEVICE
CLM-006239,REP-000484,REPAIRED_BY
CLM-006240,CUS-002231,FILED_BY
CLM-006240,DEV-000209,USES_DEVICE
CLM-006241,CUS-002196,FILED_BY
CLM-006241,DEV-001125,USES_DEVICE
CLM-006241,REP-000379,REPAIRED_BY
CLM-006242,CUS-000118,FILED_BY
CLM-006242,DEV-000255,USES_DEVICE
CLM-006243,CUS-001233,FILED_BY
CLM-006243,DEV-000446,USES_DEVICE
CLM-006243,REP-000643,REPAIRED_BY
CLM-006244,CUS-000982,FILED_BY
CLM-006244,DEV-000346,USES_DEVICE
CLM-006244,REP-000137,REPAIRED_BY
CLM-006245,CUS-002668,FILED_BY
CLM-006245,DEV-001179,USES_DEVICE
CLM-006246,CUS-002804,FILED_BY
CLM-006246,DEV-000090,USES_DEVICE
CLM-006246,REP-000208,REPAIRED_BY
CLM-006247,CUS-002721,FILED_BY
CLM-006247,DEV-001384,USES_DEVICE
CLM-006247,REP-000238,REPAIRED_BY
CLM-006248,CUS-000457,FILED_BY
CLM-006248,DEV-001284,USES_DEVICE
CLM-006248,REP-000405,REPAIRED_BY
CLM-006249,CUS-002327,FILED_BY
CLM-006249,DEV-002841,USES_DEVICE
CLM-006250,CUS-000082,FILED_BY
CLM-006250,DEV-000612,USES_DEVICE
CLM-006251,CUS-000807,FILED_BY
CLM-006251,DEV-000632,USES_DEVICE
CLM-006251,REP-000135,REPAIRED_BY
CLM-006252,CUS-000347,FILED_BY
CLM-006252,DEV-001559,USES_DEVICE
CLM-006253,CUS-000138,FILED_BY
CLM-006253,DEV-000112,USES_DEVICE
CLM-006253,REP-000096,REPAIRED_BY
CLM-006254,CUS-001143,FILED_BY
CLM-006254,DEV-000653,USES_DEVICE
CLM-006254,REP-000304,REPAIRED_BY
CLM-006255,CUS-001558,FILED_BY
CLM-006255,DEV-002402,USES_DEVICE
CLM-006256,CUS-002963,FILED_BY
CLM-006256,DEV-001493,USES_DEVICE
CLM-006257,CUS-002532,FILED_BY
CLM-006257,DEV-001704,USES_DEVICE
CLM-006257,REP-000377,REPAIRED_BY
CLM-006258,CUS-002101,FILED_BY
CLM-006258,DEV-002627,USES_DEVICE
CLM-006259,CUS-002874,FILED_BY
CLM-006259,DEV-000970,USES_DEVICE
CLM-006259,REP-000543,REPAIRED_BY
CLM-006260,CUS-001340,FILED_BY
CLM-006260,DEV-000513,USES_DEVICE
CLM-006261,CUS-002801,FILED_BY
CLM-006261,DEV-000055,USES_DEVICE
CLM-006261,REP-000686,REPAIRED_BY
CLM-006262,CUS-001941,FILED_BY
CLM-006262,DEV-001255,USES_DEVICE
CLM-006262,REP-000098,REPAIRED_BY
CLM-006263,CUS-000872,FILED_BY
CLM-006263,DEV-002135,USES_DEVICE
CLM-006263,REP-000174,REPAIRED_BY
CLM-006264,CUS-001469,FILED_BY
CLM-006264,DEV-002422,USES_DEVICE
CLM-006264,REP-000158,REPAIRED_BY
CLM-006265,CUS-001680,FILED_BY
CLM-006265,DEV-000794,USES_DEVICE
CLM-006265,REP-000219,REPAIRED_BY
CLM-006266,CUS-002002,FILED_BY
CLM-006266,DEV-000750,USES_DEVICE
CLM-006267,CUS-002985,FILED_BY
CLM-006267,DEV-000897,USES_DEVICE
CLM-006268,CUS-002688,FILED_BY
CLM-006268,DEV-000683,USES_DEVICE
CLM-006268,REP-000530,REPAIRED_BY
CLM-006269,CUS-001768,FILED_BY
CLM-006269,DEV-001164,USES_DEVICE
CLM-006269,REP-000258,REPAIRED_BY
CLM-006270,CUS-002643,FILED_BY
CLM-006270,DEV-002165,USES_DEVICE
CLM-006270,REP-000094,REPAIRED_BY
CLM-006271,CUS-000349,FILED_BY
CLM-006271,DEV-000690,USES_DEVICE
CLM-006271,REP-000201,REPAIRED_BY
CLM-006272,CUS-000179,FILED_BY
CLM-006272,DEV-002401,USES_DEVICE
CLM-006272,REP-000140,REPAIRED_BY
CLM-006273,CUS-000227,FILED_BY
CLM-006273,DEV-000610,USES_DEVICE
CLM-006274,CUS-000221,FILED_BY
CLM-006274,DEV-002954,USES_DEVICE
CLM-006275,CUS-002163,FILED_BY
CLM-006275,DEV-002438,USES_DEVICE
CLM-006275,REP-000038,REPAIRED_BY
CLM-006276,CUS-000626,FILED_BY
CLM-006276,DEV-000934,USES_DEVICE
CLM-006276,REP-000472,REPAIRED_BY
CLM-006277,CUS-000256,FILED_BY
CLM-006277,DEV-000541,USES_DEVICE
CLM-006277,REP-000026,REPAIRED_BY
CLM-006278,CUS-002125,FILED_BY
CLM-006278,DEV-002595,USES_DEVICE
CLM-006279,CUS-000263,FILED_BY
CLM-006279,DEV-000593,USES_DEVICE
CLM-006279,REP-000134,REPAIRED_BY
CLM-006280,CUS-000206,FILED_BY
CLM-006280,DEV-002137,USES_DEVICE
CLM-006280,REP-000660,REPAIRED_BY
CLM-006281,CUS-002105,FILED_BY
CLM-006281,DEV-001954,USES_DEVICE
CLM-006281,REP-000183,REPAIRED_BY
CLM-006282,CUS-002133,FILED_BY
CLM-006282,DEV-000610,USES_DEVICE
CLM-006283,CUS-001763,FILED_BY
CLM-006283,DEV-002075,USES_DEVICE
CLM-006284,CUS-000175,FILED_BY
CLM-006284,DEV-001537,USES_DEVICE
CLM-006284,REP-000054,REPAIRED_BY
CLM-006285,CUS-000863,FILED_BY
CLM-006285,DEV-002882,USES_DEVICE
CLM-006285,REP-000599,REPAIRED_BY
CLM-006286,CUS-002242,FILED_BY
CLM-006286,DEV-002937,USES_DEVICE
CLM-006287,CUS-001713,FILED_BY
CLM-006287,DEV-001396,USES_DEVICE
CLM-006288,CUS-001688,FILED_BY
CLM-006288,DEV-002582,USES_DEVICE
CLM-006288,REP-000498,REPAIRED_BY
CLM-006289,CUS-000082,FILED_BY
CLM-006289,DEV-000612,USES_DEVICE
CLM-006290,CUS-002341,FILED_BY
CLM-006290,DEV-001502,USES_DEVICE
CLM-006291,CUS-000976,FILED_BY
CLM-006291,DEV-000828,USES_DEVICE
CLM-006291,REP-000193,REPAIRED_BY
CLM-006292,CUS-001697,FILED_BY
CLM-006292,DEV-000989,USES_DEVICE
CLM-006293,CUS-000836,FILED_BY
CLM-006293,DEV-002298,USES_DEVICE
CLM-006293,REP-000401,REPAIRED_BY
CLM-006294,CUS-000660,FILED_BY
CLM-006294,DEV-000631,USES_DEVICE
CLM-006295,CUS-001562,FILED_BY
CLM-006295,DEV-002706,USES_DEVICE
CLM-006296,CUS-002530,FILED_BY
CLM-006296,DEV-001861,USES_DEVICE
CLM-006296,REP-000098,REPAIRED_BY
CLM-006297,CUS-002220,FILED_BY
CLM-006297,DEV-002968,USES_DEVICE
CLM-006297,REP-000274,REPAIRED_BY
CLM-006298,CUS-001025,FILED_BY
CLM-006298,DEV-001047,USES_DEVICE
CLM-006298,REP-000412,REPAIRED_BY
CLM-006299,CUS-002060,FILED_BY
CLM-006299,DEV-001217,USES_DEVICE
CLM-006300,CUS-000211,FILED_BY
CLM-006300,DEV-001921,USES_DEVICE
CLM-006300,REP-000636,REPAIRED_BY
CLM-006301,CUS-001917,FILED_BY
CLM-006301,DEV-001214,USES_DEVICE
CLM-006302,CUS-000754,FILED_BY
CLM-006302,DEV-000820,USES_DEVICE
CLM-006302,REP-000486,REPAIRED_BY
CLM-006303,CUS-001854,FILED_BY
CLM-006303,DEV-000776,USES_DEVICE
CLM-006303,REP-000526,REPAIRED_BY
CLM-006304,CUS-002232,FILED_BY
CLM-006304,DEV-001575,USES_DEVICE
CLM-006305,CUS-002037,FILED_BY
CLM-006305,DEV-002142,USES_DEVICE
CLM-006306,CUS-002627,FILED_BY
CLM-006306,DEV-001132,USES_DEVICE
CLM-006307,CUS-001770,FILED_BY
CLM-006307,DEV-000912,USES_DEVICE
CLM-006307,REP-000271,REPAIRED_BY
CLM-006308,CUS-002213,FILED_BY
CLM-006308,DEV-001974,USES_DEVICE
CLM-006308,REP-000587,REPAIRED_BY
CLM-006309,CUS-001162,FILED_BY
CLM-006309,DEV-000951,USES_DEVICE
CLM-006309,REP-000388,REPAIRED_BY
CLM-006310,CUS-000037,FILED_BY
CLM-006310,DEV-000817,USES_DEVICE
CLM-006310,REP-000317,REPAIRED_BY
CLM-006311,CUS-002240,FILED_BY
CLM-006311,DEV-000149,USES_DEVICE
CLM-006311,REP-000362,REPAIRED_BY
CLM-006312,CUS-002284,FILED_BY
CLM-006312,DEV-000764,USES_DEVICE
CLM-006313,CUS-000546,FILED_BY
CLM-006313,DEV-002283,USES_DEVICE
CLM-006313,REP-000124,REPAIRED_BY
CLM-006314,CUS-002833,FILED_BY
CLM-006314,DEV-002094,USES_DEVICE
CLM-006314,REP-000067,REPAIRED_BY
CLM-006315,CUS-001967,FILED_BY
CLM-006315,DEV-001270,USES_DEVICE
CLM-006315,REP-000598,REPAIRED_BY
CLM-006316,CUS-002026,FILED_BY
CLM-006316,DEV-001943,USES_DEVICE
CLM-006317,CUS-002069,FILED_BY
CLM-006317,DEV-000049,USES_DEVICE
CLM-006317,REP-000493,REPAIRED_BY
CLM-006318,CUS-001523,FILED_BY
CLM-006318,DEV-001320,USES_DEVICE
CLM-006319,CUS-000079,FILED_BY
CLM-006319,DEV-001010,USES_DEVICE
CLM-006319,REP-000349,REPAIRED_BY
CLM-006320,CUS-000463,FILED_BY
CLM-006320,DEV-000623,USES_DEVICE
CLM-006320,REP-000638,REPAIRED_BY
CLM-006321,CUS-002937,FILED_BY
CLM-006321,DEV-000267,USES_DEVICE
CLM-006321,REP-000551,REPAIRED_BY
CLM-006322,CUS-001924,FILED_BY
CLM-006322,DEV-000510,USES_DEVICE
CLM-006322,REP-000385,REPAIRED_BY
CLM-006323,CUS-002365,FILED_BY
CLM-006323,DEV-000500,USES_DEVICE
CLM-006323,REP-000199,REPAIRED_BY
CLM-006324,CUS-001644,FILED_BY
CLM-006324,DEV-000492,USES_DEVICE
CLM-006324,REP-000531,REPAIRED_BY
CLM-006325,CUS-000783,FILED_BY
CLM-006325,DEV-002293,USES_DEVICE
CLM-006326,CUS-001840,FILED_BY
CLM-006326,DEV-001574,USES_DEVICE
CLM-006326,REP-000530,REPAIRED_BY
CLM-006327,CUS-002802,FILED_BY
CLM-006327,DEV-000301,USES_DEVICE
CLM-006328,CUS-001487,FILED_BY
CLM-006328,DEV-001179,USES_DEVICE
CLM-006328,REP-000039,REPAIRED_BY
CLM-006329,CUS-000169,FILED_BY
CLM-006329,DEV-000670,USES_DEVICE
CLM-006330,CUS-001008,FILED_BY
CLM-006330,DEV-001880,USES_DEVICE
CLM-006330,REP-000043,REPAIRED_BY
CLM-006331,CUS-001361,FILED_BY
CLM-006331,DEV-001925,USES_DEVICE
CLM-006331,REP-000357,REPAIRED_BY
CLM-006332,CUS-002180,FILED_BY
CLM-006332,DEV-002021,USES_DEVICE
CLM-006332,REP-000038,REPAIRED_BY
CLM-006333,CUS-001615,FILED_BY
CLM-006333,DEV-001617,USES_DEVICE
CLM-006333,REP-000293,REPAIRED_BY
CLM-006334,CUS-000633,FILED_BY
CLM-006334,DEV-001907,USES_DEVICE
CLM-006334,REP-000392,REPAIRED_BY
CLM-006335,CUS-000098,FILED_BY
CLM-006335,DEV-002901,USES_DEVICE
CLM-006335,REP-000492,REPAIRED_BY
CLM-006336,CUS-000411,FILED_BY
CLM-006336,DEV-000096,USES_DEVICE
CLM-006337,CUS-001573,FILED_BY
CLM-006337,DEV-002580,USES_DEVICE
CLM-006337,REP-000457,REPAIRED_BY
CLM-006338,CUS-000878,FILED_BY
CLM-006338,DEV-001173,USES_DEVICE
CLM-006339,CUS-000942,FILED_BY
CLM-006339,DEV-001435,USES_DEVICE
CLM-006339,REP-000532,REPAIRED_BY
CLM-006340,CUS-001564,FILED_BY
CLM-006340,DEV-000720,USES_DEVICE
CLM-006340,REP-000579,REPAIRED_BY
CLM-006341,CUS-002430,FILED_BY
CLM-006341,DEV-002400,USES_DEVICE
CLM-006342,CUS-002156,FILED_BY
CLM-006342,DEV-000318,USES_DEVICE
CLM-006343,CUS-001700,FILED_BY
CLM-006343,DEV-000615,USES_DEVICE
CLM-006343,REP-000670,REPAIRED_BY
CLM-006344,CUS-002430,FILED_BY
CLM-006344,DEV-002471,USES_DEVICE
CLM-006344,REP-000454,REPAIRED_BY
CLM-006345,CUS-001357,FILED_BY
CLM-006345,DEV-002412,USES_DEVICE
CLM-006346,CUS-001724,FILED_BY
CLM-006346,DEV-002200,USES_DEVICE
CLM-006347,CUS-000832,FILED_BY
CLM-006347,DEV-002440,USES_DEVICE
CLM-006347,REP-000182,REPAIRED_BY
CLM-006348,CUS-002812,FILED_BY
CLM-006348,DEV-001131,USES_DEVICE
CLM-006349,CUS-000722,FILED_BY
CLM-006349,DEV-002275,USES_DEVICE
CLM-006350,CUS-000935,FILED_BY
CLM-006350,DEV-002747,USES_DEVICE
CLM-006351,CUS-000239,FILED_BY
CLM-006351,DEV-001432,USES_DEVICE
CLM-006351,REP-000351,REPAIRED_BY
CLM-006352,CUS-002505,FILED_BY
CLM-006352,DEV-000246,USES_DEVICE
CLM-006352,REP-000602,REPAIRED_BY
CLM-006353,CUS-002862,FILED_BY
CLM-006353,DEV-002793,USES_DEVICE
CLM-006354,CUS-002444,FILED_BY
CLM-006354,DEV-001287,USES_DEVICE
CLM-006354,REP-000437,REPAIRED_BY
CLM-006355,CUS-002756,FILED_BY
CLM-006355,DEV-002561,USES_DEVICE
CLM-006355,REP-000178,REPAIRED_BY
CLM-006356,CUS-002850,FILED_BY
CLM-006356,DEV-000461,USES_DEVICE
CLM-006357,CUS-001407,FILED_BY
CLM-006357,DEV-001609,USES_DEVICE
CLM-006357,REP-000049,REPAIRED_BY
CLM-006358,CUS-002297,FILED_BY
CLM-006358,DEV-001030,USES_DEVICE
CLM-006358,REP-000545,REPAIRED_BY
CLM-006359,CUS-000507,FILED_BY
CLM-006359,DEV-000489,USES_DEVICE
CLM-006360,CUS-001012,FILED_BY
CLM-006360,DEV-002713,USES_DEVICE
CLM-006360,REP-000390,REPAIRED_BY
CLM-006361,CUS-001170,FILED_BY
CLM-006361,DEV-001385,USES_DEVICE
CLM-006361,REP-000351,REPAIRED_BY
CLM-006362,CUS-002066,FILED_BY
CLM-006362,DEV-001755,USES_DEVICE
CLM-006362,REP-000692,REPAIRED_BY
CLM-006363,CUS-002377,FILED_BY
CLM-006363,DEV-002381,USES_DEVICE
CLM-006364,CUS-002057,FILED_BY
CLM-006364,DEV-001829,USES_DEVICE
CLM-006365,CUS-001552,FILED_BY
CLM-006365,DEV-002320,USES_DEVICE
CLM-006366,CUS-000251,FILED_BY
CLM-006366,DEV-002385,USES_DEVICE
CLM-006367,CUS-000820,FILED_BY
CLM-006367,DEV-001770,USES_DEVICE
CLM-006367,REP-000440,REPAIRED_BY
CLM-006368,CUS-002866,FILED_BY
CLM-006368,DEV-001891,USES_DEVICE
CLM-006369,CUS-001527,FILED_BY
CLM-006369,DEV-000398,USES_DEVICE
CLM-006369,REP-000259,REPAIRED_BY
CLM-006370,CUS-002440,FILED_BY
CLM-006370,DEV-000265,USES_DEVICE
CLM-006370,REP-000248,REPAIRED_BY
CLM-006371,CUS-002573,FILED_BY
CLM-006371,DEV-000483,USES_DEVICE
CLM-006372,CUS-002647,FILED_BY
CLM-006372,DEV-001743,USES_DEVICE
CLM-006372,REP-000045,REPAIRED_BY
CLM-006373,CUS-002125,FILED_BY
CLM-006373,DEV-002595,USES_DEVICE
CLM-006373,REP-000465,REPAIRED_BY
CLM-006374,CUS-000802,FILED_BY
CLM-006374,DEV-001654,USES_DEVICE
CLM-006374,REP-000283,REPAIRED_BY
CLM-006375,CUS-000962,FILED_BY
CLM-006375,DEV-002680,USES_DEVICE
CLM-006376,CUS-002569,FILED_BY
CLM-006376,DEV-000546,USES_DEVICE
CLM-006376,REP-000655,REPAIRED_BY
CLM-006377,CUS-000729,FILED_BY
CLM-006377,DEV-002580,USES_DEVICE
CLM-006378,CUS-001512,FILED_BY
CLM-006378,DEV-000877,USES_DEVICE
CLM-006378,REP-000101,REPAIRED_BY
CLM-006379,CUS-002788,FILED_BY
CLM-006379,DEV-001299,USES_DEVICE
CLM-006380,CUS-000909,FILED_BY
CLM-006380,DEV-002133,USES_DEVICE
CLM-006380,REP-000120,REPAIRED_BY
CLM-006381,CUS-002265,FILED_BY
CLM-006381,DEV-001271,USES_DEVICE
CLM-006382,CUS-000762,FILED_BY
CLM-006382,DEV-000458,USES_DEVICE
CLM-006382,REP-000351,REPAIRED_BY
CLM-006383,CUS-002769,FILED_BY
CLM-006383,DEV-001290,USES_DEVICE
CLM-006383,REP-000456,REPAIRED_BY
CLM-006384,CUS-000602,FILED_BY
CLM-006384,DEV-001361,USES_DEVICE
CLM-006384,REP-000106,REPAIRED_BY
CLM-006385,CUS-000588,FILED_BY
CLM-006385,DEV-000654,USES_DEVICE
CLM-006385,REP-000379,REPAIRED_BY
CLM-006386,CUS-001577,FILED_BY
CLM-006386,DEV-002835,USES_DEVICE
CLM-006386,REP-000402,REPAIRED_BY
CLM-006387,CUS-002479,FILED_BY
CLM-006387,DEV-000989,USES_DEVICE
CLM-006388,CUS-002187,FILED_BY
CLM-006388,DEV-002969,USES_DEVICE
CLM-006389,CUS-001564,FILED_BY
CLM-006389,DEV-001066,USES_DEVICE
CLM-006389,REP-000460,REPAIRED_BY
CLM-006390,CUS-000763,FILED_BY
CLM-006390,DEV-001266,USES_DEVICE
CLM-006390,REP-000074,REPAIRED_BY
CLM-006391,CUS-002765,FILED_BY
CLM-006391,DEV-001645,USES_DEVICE
CLM-006391,REP-000474,REPAIRED_BY
CLM-006392,CUS-000655,FILED_BY
CLM-006392,DEV-000521,USES_DEVICE
CLM-006393,CUS-002340,FILED_BY
CLM-006393,DEV-002497,USES_DEVICE
CLM-006394,CUS-002246,FILED_BY
CLM-006394,DEV-001611,USES_DEVICE
CLM-006395,CUS-001670,FILED_BY
CLM-006395,DEV-001442,USES_DEVICE
CLM-006396,CUS-002419,FILED_BY
CLM-006396,DEV-001745,USES_DEVICE
CLM-006396,REP-000127,REPAIRED_BY
CLM-006397,CUS-001581,FILED_BY
CLM-006397,DEV-001253,USES_DEVICE
CLM-006398,CUS-000875,FILED_BY
CLM-006398,DEV-000334,USES_DEVICE
CLM-006399,CUS-000479,FILED_BY
CLM-006399,DEV-000222,USES_DEVICE
CLM-006399,REP-000130,REPAIRED_BY
CLM-006400,CUS-002074,FILED_BY
CLM-006400,DEV-001533,USES_DEVICE
CLM-006400,REP-000101,REPAIRED_BY
CLM-006401,CUS-002958,FILED_BY
CLM-006401,DEV-000894,USES_DEVICE
CLM-006402,CUS-001335,FILED_BY
CLM-006402,DEV-000875,USES_DEVICE
CLM-006402,REP-000650,REPAIRED_BY
CLM-006403,CUS-002325,FILED_BY
CLM-006403,DEV-002399,USES_DEVICE
CLM-006404,CUS-002357,FILED_BY
CLM-006404,DEV-001382,USES_DEVICE
CLM-006405,CUS-002440,FILED_BY
CLM-006405,DEV-000265,USES_DEVICE
CLM-006405,REP-000445,REPAIRED_BY
CLM-006406,CUS-002500,FILED_BY
CLM-006406,DEV-002151,USES_DEVICE
CLM-006407,CUS-002897,FILED_BY
CLM-006407,DEV-000164,USES_DEVICE
CLM-006407,REP-000031,REPAIRED_BY
CLM-006408,CUS-000620,FILED_BY
CLM-006408,DEV-000611,USES_DEVICE
CLM-006409,CUS-000863,FILED_BY
CLM-006409,DEV-002882,USES_DEVICE
CLM-006410,CUS-000941,FILED_BY
CLM-006410,DEV-001901,USES_DEVICE
CLM-006410,REP-000695,REPAIRED_BY
CLM-006411,CUS-001712,FILED_BY
CLM-006411,DEV-001756,USES_DEVICE
CLM-006412,CUS-000637,FILED_BY
CLM-006412,DEV-002999,USES_DEVICE
CLM-006413,CUS-002903,FILED_BY
CLM-006413,DEV-001781,USES_DEVICE
CLM-006413,REP-000155,REPAIRED_BY
CLM-006414,CUS-000769,FILED_BY
CLM-006414,DEV-001705,USES_DEVICE
CLM-006414,REP-000045,REPAIRED_BY
CLM-006415,CUS-002048,FILED_BY
CLM-006415,DEV-001756,USES_DEVICE
CLM-006415,REP-000006,REPAIRED_BY
CLM-006416,CUS-000165,FILED_BY
CLM-006416,DEV-000858,USES_DEVICE
CLM-006417,CUS-000411,FILED_BY
CLM-006417,DEV-000096,USES_DEVICE
CLM-006417,REP-000596,REPAIRED_BY
CLM-006418,CUS-001234,FILED_BY
CLM-006418,DEV-000470,USES_DEVICE
CLM-006418,REP-000688,REPAIRED_BY
CLM-006419,CUS-000586,FILED_BY
CLM-006419,DEV-000399,USES_DEVICE
CLM-006419,REP-000560,REPAIRED_BY
CLM-006420,CUS-000705,FILED_BY
CLM-006420,DEV-002878,USES_DEVICE
CLM-006420,REP-000585,REPAIRED_BY
CLM-006421,CUS-000543,FILED_BY
CLM-006421,DEV-002479,USES_DEVICE
CLM-006421,REP-000062,REPAIRED_BY
CLM-006422,CUS-000540,FILED_BY
CLM-006422,DEV-000560,USES_DEVICE
CLM-006422,REP-000257,REPAIRED_BY
CLM-006423,CUS-000223,FILED_BY
CLM-006423,DEV-001150,USES_DEVICE
CLM-006423,REP-000068,REPAIRED_BY
CLM-006424,CUS-002437,FILED_BY
CLM-006424,DEV-000356,USES_DEVICE
CLM-006425,CUS-001580,FILED_BY
CLM-006425,DEV-001529,USES_DEVICE
CLM-006425,REP-000295,REPAIRED_BY
CLM-006426,CUS-002933,FILED_BY
CLM-006426,DEV-001939,USES_DEVICE
CLM-006426,REP-000223,REPAIRED_BY
CLM-006427,CUS-000106,FILED_BY
CLM-006427,DEV-001301,USES_DEVICE
CLM-006427,REP-000251,REPAIRED_BY
CLM-006428,CUS-000293,FILED_BY
CLM-006428,DEV-002035,USES_DEVICE
CLM-006429,CUS-001445,FILED_BY
CLM-006429,DEV-001896,USES_DEVICE
CLM-006430,CUS-001881,FILED_BY
CLM-006430,DEV-000225,USES_DEVICE
CLM-006431,CUS-001026,FILED_BY
CLM-006431,DEV-002259,USES_DEVICE
CLM-006432,CUS-000821,FILED_BY
CLM-006432,DEV-001089,USES_DEVICE
CLM-006432,REP-000005,REPAIRED_BY
CLM-006433,CUS-000608,FILED_BY
CLM-006433,DEV-000665,USES_DEVICE
CLM-006433,REP-000693,REPAIRED_BY
CLM-006434,CUS-002531,FILED_BY
CLM-006434,DEV-002327,USES_DEVICE
CLM-006434,REP-000376,REPAIRED_BY
CLM-006435,CUS-002936,FILED_BY
CLM-006435,DEV-001634,USES_DEVICE
CLM-006435,REP-000238,REPAIRED_BY
CLM-006436,CUS-000962,FILED_BY
CLM-006436,DEV-002680,USES_DEVICE
CLM-006437,CUS-000963,FILED_BY
CLM-006437,DEV-000922,USES_DEVICE
CLM-006437,REP-000136,REPAIRED_BY
CLM-006438,CUS-002890,FILED_BY
CLM-006438,DEV-002554,USES_DEVICE
CLM-006439,CUS-000408,FILED_BY
CLM-006439,DEV-002180,USES_DEVICE
CLM-006440,CUS-002837,FILED_BY
CLM-006440,DEV-001028,USES_DEVICE
CLM-006441,CUS-000013,FILED_BY
CLM-006441,DEV-000456,USES_DEVICE
CLM-006441,REP-000522,REPAIRED_BY
CLM-006442,CUS-002092,FILED_BY
CLM-006442,DEV-000251,USES_DEVICE
CLM-006443,CUS-001530,FILED_BY
CLM-006443,DEV-002466,USES_DEVICE
CLM-006444,CUS-002409,FILED_BY
CLM-006444,DEV-000638,USES_DEVICE
CLM-006444,REP-000561,REPAIRED_BY
CLM-006445,CUS-001848,FILED_BY
CLM-006445,DEV-000066,USES_DEVICE
CLM-006446,CUS-001521,FILED_BY
CLM-006446,DEV-001666,USES_DEVICE
CLM-006446,REP-000186,REPAIRED_BY
CLM-006447,CUS-002823,FILED_BY
CLM-006447,DEV-001729,USES_DEVICE
CLM-006448,CUS-001151,FILED_BY
CLM-006448,DEV-001402,USES_DEVICE
CLM-006448,REP-000654,REPAIRED_BY
CLM-006449,CUS-002071,FILED_BY
CLM-006449,DEV-000778,USES_DEVICE
CLM-006449,REP-000170,REPAIRED_BY
CLM-006450,CUS-002212,FILED_BY
CLM-006450,DEV-000160,USES_DEVICE
CLM-006451,CUS-001577,FILED_BY
CLM-006451,DEV-002835,USES_DEVICE
CLM-006451,REP-000571,REPAIRED_BY
CLM-006452,CUS-001402,FILED_BY
CLM-006452,DEV-001826,USES_DEVICE
CLM-006453,CUS-002226,FILED_BY
CLM-006453,DEV-000622,USES_DEVICE
CLM-006453,REP-000505,REPAIRED_BY
CLM-006454,CUS-002065,FILED_BY
CLM-006454,DEV-001206,USES_DEVICE
CLM-006455,CUS-001090,FILED_BY
CLM-006455,DEV-001426,USES_DEVICE
CLM-006456,CUS-001669,FILED_BY
CLM-006456,DEV-000765,USES_DEVICE
CLM-006456,REP-000405,REPAIRED_BY
CLM-006457,CUS-001175,FILED_BY
CLM-006457,DEV-002763,USES_DEVICE
CLM-006458,CUS-001725,FILED_BY
CLM-006458,DEV-002449,USES_DEVICE
CLM-006458,REP-000092,REPAIRED_BY
CLM-006459,CUS-002388,FILED_BY
CLM-006459,DEV-000786,USES_DEVICE
CLM-006459,REP-000598,REPAIRED_BY
CLM-006460,CUS-000173,FILED_BY
CLM-006460,DEV-002690,USES_DEVICE
CLM-006460,REP-000410,REPAIRED_BY
CLM-006461,CUS-000917,FILED_BY
CLM-006461,DEV-002298,USES_DEVICE
CLM-006461,REP-000335,REPAIRED_BY
CLM-006462,CUS-000922,FILED_BY
CLM-006462,DEV-002843,USES_DEVICE
CLM-006462,REP-000538,REPAIRED_BY
CLM-006463,CUS-002817,FILED_BY
CLM-006463,DEV-001970,USES_DEVICE
CLM-006463,REP-000191,REPAIRED_BY
CLM-006464,CUS-001844,FILED_BY
CLM-006464,DEV-001206,USES_DEVICE
CLM-006465,CUS-002165,FILED_BY
CLM-006465,DEV-002222,USES_DEVICE
CLM-006465,REP-000261,REPAIRED_BY
CLM-006466,CUS-000018,FILED_BY
CLM-006466,DEV-001826,USES_DEVICE
CLM-006467,CUS-000677,FILED_BY
CLM-006467,DEV-002984,USES_DEVICE
CLM-006468,CUS-001309,FILED_BY
CLM-006468,DEV-000245,USES_DEVICE
CLM-006469,CUS-000138,FILED_BY
CLM-006469,DEV-000112,USES_DEVICE
CLM-006470,CUS-000509,FILED_BY
CLM-006470,DEV-000644,USES_DEVICE
CLM-006470,REP-000139,REPAIRED_BY
CLM-006471,CUS-002097,FILED_BY
CLM-006471,DEV-001171,USES_DEVICE
CLM-006471,REP-000236,REPAIRED_BY
CLM-006472,CUS-002520,FILED_BY
CLM-006472,DEV-001430,USES_DEVICE
CLM-006473,CUS-000752,FILED_BY
CLM-006473,DEV-000438,USES_DEVICE
CLM-006474,CUS-001694,FILED_BY
CLM-006474,DEV-000404,USES_DEVICE
CLM-006475,CUS-001859,FILED_BY
CLM-006475,DEV-001966,USES_DEVICE
CLM-006476,CUS-000947,FILED_BY
CLM-006476,DEV-001762,USES_DEVICE
CLM-006477,CUS-000990,FILED_BY
CLM-006477,DEV-000485,USES_DEVICE
CLM-006478,CUS-001000,FILED_BY
CLM-006478,DEV-000816,USES_DEVICE
CLM-006479,CUS-002299,FILED_BY
CLM-006479,DEV-001986,USES_DEVICE
CLM-006479,REP-000653,REPAIRED_BY
CLM-006480,CUS-001730,FILED_BY
CLM-006480,DEV-001075,USES_DEVICE
CLM-006480,REP-000601,REPAIRED_BY
CLM-006481,CUS-002031,FILED_BY
CLM-006481,DEV-001412,USES_DEVICE
CLM-006481,REP-000147,REPAIRED_BY
CLM-006482,CUS-000650,FILED_BY
CLM-006482,DEV-000541,USES_DEVICE
CLM-006482,REP-000402,REPAIRED_BY
CLM-006483,CUS-000030,FILED_BY
CLM-006483,DEV-002598,USES_DEVICE
CLM-006483,REP-000637,REPAIRED_BY
CLM-006484,CUS-001675,FILED_BY
CLM-006484,DEV-001077,USES_DEVICE
CLM-006484,REP-000360,REPAIRED_BY
CLM-006485,CUS-000072,FILED_BY
CLM-006485,DEV-001995,USES_DEVICE
CLM-006486,CUS-001633,FILED_BY
CLM-006486,DEV-001684,USES_DEVICE
CLM-006487,CUS-002163,FILED_BY
CLM-006487,DEV-002438,USES_DEVICE
CLM-006487,REP-000632,REPAIRED_BY
CLM-006488,CUS-000465,FILED_BY
CLM-006488,DEV-000828,USES_DEVICE
CLM-006489,CUS-001000,FILED_BY
CLM-006489,DEV-000816,USES_DEVICE
CLM-006489,REP-000567,REPAIRED_BY
CLM-006490,CUS-002066,FILED_BY
CLM-006490,DEV-001755,USES_DEVICE
CLM-006491,CUS-001029,FILED_BY
CLM-006491,DEV-002309,USES_DEVICE
CLM-006491,REP-000188,REPAIRED_BY
CLM-006492,CUS-001842,FILED_BY
CLM-006492,DEV-000159,USES_DEVICE
CLM-006493,CUS-000987,FILED_BY
CLM-006493,DEV-001483,USES_DEVICE
CLM-006493,REP-000253,REPAIRED_BY
CLM-006494,CUS-002531,FILED_BY
CLM-006494,DEV-002327,USES_DEVICE
CLM-006494,REP-000130,REPAIRED_BY
CLM-006495,CUS-001365,FILED_BY
CLM-006495,DEV-002690,USES_DEVICE
CLM-006495,REP-000360,REPAIRED_BY
CLM-006496,CUS-002756,FILED_BY
CLM-006496,DEV-002561,USES_DEVICE
CLM-006497,CUS-001157,FILED_BY
CLM-006497,DEV-002719,USES_DEVICE
CLM-006498,CUS-000285,FILED_BY
CLM-006498,DEV-000258,USES_DEVICE
CLM-006498,REP-000210,REPAIRED_BY
CLM-006499,CUS-002287,FILED_BY
CLM-006499,DEV-002288,USES_DEVICE
CLM-006500,CUS-001219,FILED_BY
CLM-006500,DEV-001076,USES_DEVICE
CLM-006500,REP-000253,REPAIRED_BY
CLM-006501,CUS-000399,FILED_BY
CLM-006501,DEV-000242,USES_DEVICE
CLM-006502,CUS-001882,FILED_BY
CLM-006502,DEV-001969,USES_DEVICE
CLM-006502,REP-000181,REPAIRED_BY
CLM-006503,CUS-000360,FILED_BY
CLM-006503,DEV-002426,USES_DEVICE
CLM-006503,REP-000118,REPAIRED_BY
CLM-006504,CUS-002040,FILED_BY
CLM-006504,DEV-000649,USES_DEVICE
CLM-006504,REP-000225,REPAIRED_BY
CLM-006505,CUS-000210,FILED_BY
CLM-006505,DEV-000610,USES_DEVICE
CLM-006505,REP-000229,REPAIRED_BY
CLM-006506,CUS-002845,FILED_BY
CLM-006506,DEV-002893,USES_DEVICE
CLM-006507,CUS-002373,FILED_BY
CLM-006507,DEV-001699,USES_DEVICE
CLM-006507,REP-000300,REPAIRED_BY
CLM-006508,CUS-002932,FILED_BY
CLM-006508,DEV-001548,USES_DEVICE
CLM-006508,REP-000558,REPAIRED_BY
CLM-006509,CUS-001238,FILED_BY
CLM-006509,DEV-001947,USES_DEVICE
CLM-006509,REP-000351,REPAIRED_BY
CLM-006510,CUS-001508,FILED_BY
CLM-006510,DEV-002379,USES_DEVICE
CLM-006510,REP-000053,REPAIRED_BY
CLM-006511,CUS-000149,FILED_BY
CLM-006511,DEV-001844,USES_DEVICE
CLM-006511,REP-000322,REPAIRED_BY
CLM-006512,CUS-002768,FILED_BY
CLM-006512,DEV-002953,USES_DEVICE
CLM-006512,REP-000011,REPAIRED_BY
CLM-006513,CUS-001438,FILED_BY
CLM-006513,DEV-001313,USES_DEVICE
CLM-006513,REP-000322,REPAIRED_BY
CLM-006514,CUS-002410,FILED_BY
CLM-006514,DEV-002762,USES_DEVICE
CLM-006514,REP-000351,REPAIRED_BY
CLM-006515,CUS-001022,FILED_BY
CLM-006515,DEV-002686,USES_DEVICE
CLM-006515,REP-000669,REPAIRED_BY
CLM-006516,CUS-002647,FILED_BY
CLM-006516,DEV-002129,USES_DEVICE
CLM-006516,REP-000362,REPAIRED_BY
CLM-006517,CUS-002249,FILED_BY
CLM-006517,DEV-000486,USES_DEVICE
CLM-006518,CUS-002546,FILED_BY
CLM-006518,DEV-001305,USES_DEVICE
CLM-006519,CUS-002411,FILED_BY
CLM-006519,DEV-001918,USES_DEVICE
CLM-006519,REP-000293,REPAIRED_BY
CLM-006520,CUS-002446,FILED_BY
CLM-006520,DEV-000377,USES_DEVICE
CLM-006520,REP-000493,REPAIRED_BY
CLM-006521,CUS-002419,FILED_BY
CLM-006521,DEV-001054,USES_DEVICE
CLM-006521,REP-000257,REPAIRED_BY
CLM-006522,CUS-002760,FILED_BY
CLM-006522,DEV-000038,USES_DEVICE
CLM-006522,REP-000556,REPAIRED_BY
CLM-006523,CUS-000917,FILED_BY
CLM-006523,DEV-001846,USES_DEVICE
CLM-006524,CUS-002469,FILED_BY
CLM-006524,DEV-002026,USES_DEVICE
CLM-006524,REP-000389,REPAIRED_BY
CLM-006525,CUS-000486,FILED_BY
CLM-006525,DEV-001774,USES_DEVICE
CLM-006525,REP-000222,REPAIRED_BY
CLM-006526,CUS-001337,FILED_BY
CLM-006526,DEV-002150,USES_DEVICE
CLM-006526,REP-000423,REPAIRED_BY
CLM-006527,CUS-001126,FILED_BY
CLM-006527,DEV-002353,USES_DEVICE
CLM-006527,REP-000094,REPAIRED_BY
CLM-006528,CUS-002242,FILED_BY
CLM-006528,DEV-001644,USES_DEVICE
CLM-006528,REP-000206,REPAIRED_BY
CLM-006529,CUS-001620,FILED_BY
CLM-006529,DEV-002505,USES_DEVICE
CLM-006530,CUS-001550,FILED_BY
CLM-006530,DEV-001630,USES_DEVICE
CLM-006530,REP-000687,REPAIRED_BY
CLM-006531,CUS-000982,FILED_BY
CLM-006531,DEV-000346,USES_DEVICE
CLM-006531,REP-000305,REPAIRED_BY
CLM-006532,CUS-002476,FILED_BY
CLM-006532,DEV-002839,USES_DEVICE
CLM-006532,REP-000002,REPAIRED_BY
CLM-006533,CUS-002948,FILED_BY
CLM-006533,DEV-002864,USES_DEVICE
CLM-006533,REP-000114,REPAIRED_BY
CLM-006534,CUS-002967,FILED_BY
CLM-006534,DEV-000733,USES_DEVICE
CLM-006534,REP-000316,REPAIRED_BY
CLM-006535,CUS-000694,FILED_BY
CLM-006535,DEV-002621,USES_DEVICE
CLM-006536,CUS-000532,FILED_BY
CLM-006536,DEV-002359,USES_DEVICE
CLM-006537,CUS-001557,FILED_BY
CLM-006537,DEV-000113,USES_DEVICE
CLM-006538,CUS-001037,FILED_BY
CLM-006538,DEV-002851,USES_DEVICE
CLM-006538,REP-000064,REPAIRED_BY
CLM-006539,CUS-000506,FILED_BY
CLM-006539,DEV-001469,USES_DEVICE
CLM-006539,REP-000483,REPAIRED_BY
CLM-006540,CUS-001037,FILED_BY
CLM-006540,DEV-002851,USES_DEVICE
CLM-006541,CUS-000224,FILED_BY
CLM-006541,DEV-001207,USES_DEVICE
CLM-006541,REP-000142,REPAIRED_BY
CLM-006542,CUS-002810,FILED_BY
CLM-006542,DEV-000092,USES_DEVICE
CLM-006542,REP-000524,REPAIRED_BY
CLM-006543,CUS-002499,FILED_BY
CLM-006543,DEV-000607,USES_DEVICE
CLM-006543,REP-000520,REPAIRED_BY
CLM-006544,CUS-001487,FILED_BY
CLM-006544,DEV-002954,USES_DEVICE
CLM-006545,CUS-002775,FILED_BY
CLM-006545,DEV-001770,USES_DEVICE
CLM-006545,REP-000577,REPAIRED_BY
CLM-006546,CUS-002934,FILED_BY
CLM-006546,DEV-001613,USES_DEVICE
CLM-006546,REP-000193,REPAIRED_BY
CLM-006547,CUS-000584,FILED_BY
CLM-006547,DEV-001352,USES_DEVICE
CLM-006548,CUS-002500,FILED_BY
CLM-006548,DEV-001549,USES_DEVICE
CLM-006548,REP-000358,REPAIRED_BY
CLM-006549,CUS-000292,FILED_BY
CLM-006549,DEV-002949,USES_DEVICE
CLM-006549,REP-000086,REPAIRED_BY
CLM-006550,CUS-001318,FILED_BY
CLM-006550,DEV-001336,USES_DEVICE
CLM-006551,CUS-001349,FILED_BY
CLM-006551,DEV-001427,USES_DEVICE
CLM-006551,REP-000122,REPAIRED_BY
CLM-006552,CUS-002987,FILED_BY
CLM-006552,DEV-000867,USES_DEVICE
CLM-006552,REP-000585,REPAIRED_BY
CLM-006553,CUS-002643,FILED_BY
CLM-006553,DEV-002165,USES_DEVICE
CLM-006553,REP-000632,REPAIRED_BY
CLM-006554,CUS-001818,FILED_BY
CLM-006554,DEV-001448,USES_DEVICE
CLM-006554,REP-000146,REPAIRED_BY
CLM-006555,CUS-001690,FILED_BY
CLM-006555,DEV-002588,USES_DEVICE
CLM-006555,REP-000109,REPAIRED_BY
CLM-006556,CUS-002432,FILED_BY
CLM-006556,DEV-000250,USES_DEVICE
CLM-006556,REP-000353,REPAIRED_BY
CLM-006557,CUS-002432,FILED_BY
CLM-006557,DEV-000250,USES_DEVICE
CLM-006557,REP-000538,REPAIRED_BY
CLM-006558,CUS-002965,FILED_BY
CLM-006558,DEV-001600,USES_DEVICE
CLM-006558,REP-000040,REPAIRED_BY
CLM-006559,CUS-002239,FILED_BY
CLM-006559,DEV-002144,USES_DEVICE
CLM-006560,CUS-000240,FILED_BY
CLM-006560,DEV-001466,USES_DEVICE
CLM-006560,REP-000144,REPAIRED_BY
CLM-006561,CUS-000044,FILED_BY
CLM-006561,DEV-001208,USES_DEVICE
CLM-006561,REP-000423,REPAIRED_BY
CLM-006562,CUS-002171,FILED_BY
CLM-006562,DEV-000659,USES_DEVICE
CLM-006563,CUS-002122,FILED_BY
CLM-006563,DEV-001634,USES_DEVICE
CLM-006564,CUS-001977,FILED_BY
CLM-006564,DEV-000791,USES_DEVICE
CLM-006564,REP-000098,REPAIRED_BY
CLM-006565,CUS-001445,FILED_BY
CLM-006565,DEV-000127,USES_DEVICE
CLM-006565,REP-000575,REPAIRED_BY
CLM-006566,CUS-001191,FILED_BY
CLM-006566,DEV-002974,USES_DEVICE
CLM-006566,REP-000301,REPAIRED_BY
CLM-006567,CUS-000774,FILED_BY
CLM-006567,DEV-000214,USES_DEVICE
CLM-006567,REP-000018,REPAIRED_BY
CLM-006568,CUS-001785,FILED_BY
CLM-006568,DEV-000239,USES_DEVICE
CLM-006568,REP-000416,REPAIRED_BY
CLM-006569,CUS-000867,FILED_BY
CLM-006569,DEV-002206,USES_DEVICE
CLM-006569,REP-000668,REPAIRED_BY
CLM-006570,CUS-000535,FILED_BY
CLM-006570,DEV-001724,USES_DEVICE
CLM-006570,REP-000285,REPAIRED_BY
CLM-006571,CUS-002882,FILED_BY
CLM-006571,DEV-000924,USES_DEVICE
CLM-006571,REP-000051,REPAIRED_BY
CLM-006572,CUS-002842,FILED_BY
CLM-006572,DEV-000436,USES_DEVICE
CLM-006572,REP-000017,REPAIRED_BY
CLM-006573,CUS-002753,FILED_BY
CLM-006573,DEV-001669,USES_DEVICE
CLM-006573,REP-000325,REPAIRED_BY
CLM-006574,CUS-001684,FILED_BY
CLM-006574,DEV-000866,USES_DEVICE
CLM-006575,CUS-000401,FILED_BY
CLM-006575,DEV-000385,USES_DEVICE
CLM-006576,CUS-002668,FILED_BY
CLM-006576,DEV-001948,USES_DEVICE
CLM-006576,REP-000111,REPAIRED_BY
CLM-006577,CUS-000965,FILED_BY
CLM-006577,DEV-001429,USES_DEVICE
CLM-006577,REP-000353,REPAIRED_BY
CLM-006578,CUS-002707,FILED_BY
CLM-006578,DEV-000641,USES_DEVICE
CLM-006578,REP-000430,REPAIRED_BY
CLM-006579,CUS-002040,FILED_BY
CLM-006579,DEV-000649,USES_DEVICE
CLM-006580,CUS-000773,FILED_BY
CLM-006580,DEV-001084,USES_DEVICE
CLM-006581,CUS-001892,FILED_BY
CLM-006581,DEV-001457,USES_DEVICE
CLM-006582,CUS-000337,FILED_BY
CLM-006582,DEV-002974,USES_DEVICE
CLM-006583,CUS-002614,FILED_BY
CLM-006583,DEV-001055,USES_DEVICE
CLM-006583,REP-000452,REPAIRED_BY
CLM-006584,CUS-000620,FILED_BY
CLM-006584,DEV-001564,USES_DEVICE
CLM-006585,CUS-000694,FILED_BY
CLM-006585,DEV-001888,USES_DEVICE
CLM-006585,REP-000421,REPAIRED_BY
CLM-006586,CUS-002007,FILED_BY
CLM-006586,DEV-001676,USES_DEVICE
CLM-006586,REP-000527,REPAIRED_BY
CLM-006587,CUS-001328,FILED_BY
CLM-006587,DEV-000955,USES_DEVICE
CLM-006587,REP-000547,REPAIRED_BY
CLM-006588,CUS-000189,FILED_BY
CLM-006588,DEV-002635,USES_DEVICE
CLM-006588,REP-000676,REPAIRED_BY
CLM-006589,CUS-001149,FILED_BY
CLM-006589,DEV-002673,USES_DEVICE
CLM-006589,REP-000266,REPAIRED_BY
CLM-006590,CUS-000088,FILED_BY
CLM-006590,DEV-000491,USES_DEVICE
CLM-006591,CUS-000071,FILED_BY
CLM-006591,DEV-002961,USES_DEVICE
CLM-006591,REP-000395,REPAIRED_BY
CLM-006592,CUS-002632,FILED_BY
CLM-006592,DEV-001708,USES_DEVICE
CLM-006592,REP-000447,REPAIRED_BY
CLM-006593,CUS-001679,FILED_BY
CLM-006593,DEV-001918,USES_DEVICE
CLM-006593,REP-000225,REPAIRED_BY
CLM-006594,CUS-000444,FILED_BY
CLM-006594,DEV-001283,USES_DEVICE
CLM-006594,REP-000205,REPAIRED_BY
CLM-006595,CUS-002176,FILED_BY
CLM-006595,DEV-000411,USES_DEVICE
CLM-006595,REP-000112,REPAIRED_BY
CLM-006596,CUS-000748,FILED_BY
CLM-006596,DEV-002064,USES_DEVICE
CLM-006596,REP-000158,REPAIRED_BY
CLM-006597,CUS-002293,FILED_BY
CLM-006597,DEV-002651,USES_DEVICE
CLM-006598,CUS-002224,FILED_BY
CLM-006598,DEV-001397,USES_DEVICE
CLM-006598,REP-000674,REPAIRED_BY
CLM-006599,CUS-002723,FILED_BY
CLM-006599,DEV-000638,USES_DEVICE
CLM-006599,REP-000528,REPAIRED_BY
CLM-006600,CUS-001019,FILED_BY
CLM-006600,DEV-002550,USES_DEVICE
CLM-006601,CUS-002326,FILED_BY
CLM-006601,DEV-000151,USES_DEVICE
CLM-006601,REP-000327,REPAIRED_BY
CLM-006602,CUS-001644,FILED_BY
CLM-006602,DEV-000492,USES_DEVICE
CLM-006602,REP-000584,REPAIRED_BY
CLM-006603,CUS-000919,FILED_BY
CLM-006603,DEV-001471,USES_DEVICE
CLM-006604,CUS-001456,FILED_BY
CLM-006604,DEV-002516,USES_DEVICE
CLM-006604,REP-000591,REPAIRED_BY
CLM-006605,CUS-002168,FILED_BY
CLM-006605,DEV-000668,USES_DEVICE
CLM-006606,CUS-002090,FILED_BY
CLM-006606,DEV-001770,USES_DEVICE
CLM-006607,CUS-000275,FILED_BY
CLM-006607,DEV-002979,USES_DEVICE
CLM-006608,CUS-000024,FILED_BY
CLM-006608,DEV-000970,USES_DEVICE
CLM-006608,REP-000386,REPAIRED_BY
CLM-006609,CUS-001861,FILED_BY
CLM-006609,DEV-002433,USES_DEVICE
CLM-006609,REP-000142,REPAIRED_BY
CLM-006610,CUS-000815,FILED_BY
CLM-006610,DEV-000343,USES_DEVICE
CLM-006611,CUS-001242,FILED_BY
CLM-006611,DEV-001554,USES_DEVICE
CLM-006611,REP-000127,REPAIRED_BY
CLM-006612,CUS-001129,FILED_BY
CLM-006612,DEV-001378,USES_DEVICE
CLM-006612,REP-000216,REPAIRED_BY
CLM-006613,CUS-002884,FILED_BY
CLM-006613,DEV-001642,USES_DEVICE
CLM-006613,REP-000365,REPAIRED_BY
CLM-006614,CUS-000418,FILED_BY
CLM-006614,DEV-000669,USES_DEVICE
CLM-006614,REP-000452,REPAIRED_BY
CLM-006615,CUS-000497,FILED_BY
CLM-006615,DEV-001704,USES_DEVICE
CLM-006616,CUS-001553,FILED_BY
CLM-006616,DEV-001811,USES_DEVICE
CLM-006616,REP-000057,REPAIRED_BY
CLM-006617,CUS-001320,FILED_BY
CLM-006617,DEV-000334,USES_DEVICE
CLM-006617,REP-000329,REPAIRED_BY
CLM-006618,CUS-000731,FILED_BY
CLM-006618,DEV-001379,USES_DEVICE
CLM-006618,REP-000171,REPAIRED_BY
CLM-006619,CUS-002880,FILED_BY
CLM-006619,DEV-002889,USES_DEVICE
CLM-006620,CUS-001598,FILED_BY
CLM-006620,DEV-001238,USES_DEVICE
CLM-006620,REP-000341,REPAIRED_BY
CLM-006621,CUS-000276,FILED_BY
CLM-006621,DEV-002590,USES_DEVICE
CLM-006622,CUS-002500,FILED_BY
CLM-006622,DEV-001169,USES_DEVICE
CLM-006622,REP-000605,REPAIRED_BY
CLM-006623,CUS-001606,FILED_BY
CLM-006623,DEV-001937,USES_DEVICE
CLM-006624,CUS-002410,FILED_BY
CLM-006624,DEV-001516,USES_DEVICE
CLM-006625,CUS-000226,FILED_BY
CLM-006625,DEV-001571,USES_DEVICE
CLM-006625,REP-000158,REPAIRED_BY
CLM-006626,CUS-001577,FILED_BY
CLM-006626,DEV-000668,USES_DEVICE
CLM-006626,REP-000394,REPAIRED_BY
CLM-006627,CUS-001377,FILED_BY
CLM-006627,DEV-002411,USES_DEVICE
CLM-006628,CUS-002801,FILED_BY
CLM-006628,DEV-000055,USES_DEVICE
CLM-006629,CUS-001305,FILED_BY
CLM-006629,DEV-002452,USES_DEVICE
CLM-006629,REP-000544,REPAIRED_BY
CLM-006630,CUS-000385,FILED_BY
CLM-006630,DEV-002230,USES_DEVICE
CLM-006631,CUS-000320,FILED_BY
CLM-006631,DEV-002714,USES_DEVICE
CLM-006631,REP-000565,REPAIRED_BY
CLM-006632,CUS-000042,FILED_BY
CLM-006632,DEV-001707,USES_DEVICE
CLM-006632,REP-000258,REPAIRED_BY
CLM-006633,CUS-000478,FILED_BY
CLM-006633,DEV-002866,USES_DEVICE
CLM-006633,REP-000119,REPAIRED_BY
CLM-006634,CUS-001654,FILED_BY
CLM-006634,DEV-002040,USES_DEVICE
CLM-006634,REP-000168,REPAIRED_BY
CLM-006635,CUS-001627,FILED_BY
CLM-006635,DEV-002724,USES_DEVICE
CLM-006636,CUS-001938,FILED_BY
CLM-006636,DEV-001794,USES_DEVICE
CLM-006637,CUS-002688,FILED_BY
CLM-006637,DEV-002754,USES_DEVICE
CLM-006637,REP-000567,REPAIRED_BY
CLM-006638,CUS-001164,FILED_BY
CLM-006638,DEV-002116,USES_DEVICE
CLM-006638,REP-000335,REPAIRED_BY
CLM-006639,CUS-001903,FILED_BY
CLM-006639,DEV-002867,USES_DEVICE
CLM-006640,CUS-001873,FILED_BY
CLM-006640,DEV-002088,USES_DEVICE
CLM-006641,CUS-001421,FILED_BY
CLM-006641,DEV-001911,USES_DEVICE
CLM-006641,REP-000375,REPAIRED_BY
CLM-006642,CUS-002089,FILED_BY
CLM-006642,DEV-002951,USES_DEVICE
CLM-006643,CUS-000200,FILED_BY
CLM-006643,DEV-001067,USES_DEVICE
CLM-006643,REP-000672,REPAIRED_BY
CLM-006644,CUS-002351,FILED_BY
CLM-006644,DEV-001936,USES_DEVICE
CLM-006645,CUS-002522,FILED_BY
CLM-006645,DEV-001587,USES_DEVICE
CLM-006645,REP-000566,REPAIRED_BY
CLM-006646,CUS-002466,FILED_BY
CLM-006646,DEV-001960,USES_DEVICE
CLM-006647,CUS-000566,FILED_BY
CLM-006647,DEV-001765,USES_DEVICE
CLM-006647,REP-000059,REPAIRED_BY
CLM-006648,CUS-001725,FILED_BY
CLM-006648,DEV-002449,USES_DEVICE
CLM-006649,CUS-001699,FILED_BY
CLM-006649,DEV-000578,USES_DEVICE
CLM-006649,REP-000615,REPAIRED_BY
CLM-006650,CUS-001392,FILED_BY
CLM-006650,DEV-000666,USES_DEVICE
CLM-006650,REP-000089,REPAIRED_BY
CLM-006651,CUS-001781,FILED_BY
CLM-006651,DEV-000786,USES_DEVICE
CLM-006651,REP-000265,REPAIRED_BY
CLM-006652,CUS-002532,FILED_BY
CLM-006652,DEV-000778,USES_DEVICE
CLM-006653,CUS-000373,FILED_BY
CLM-006653,DEV-001591,USES_DEVICE
CLM-006654,CUS-002078,FILED_BY
CLM-006654,DEV-001619,USES_DEVICE
CLM-006655,CUS-001434,FILED_BY
CLM-006655,DEV-001768,USES_DEVICE
CLM-006655,REP-000284,REPAIRED_BY
CLM-006656,CUS-002242,FILED_BY
CLM-006656,DEV-002937,USES_DEVICE
CLM-006657,CUS-001285,FILED_BY
CLM-006657,DEV-000884,USES_DEVICE
CLM-006657,REP-000478,REPAIRED_BY
CLM-006658,CUS-001634,FILED_BY
CLM-006658,DEV-002737,USES_DEVICE
CLM-006659,CUS-000619,FILED_BY
CLM-006659,DEV-002265,USES_DEVICE
CLM-006660,CUS-001852,FILED_BY
CLM-006660,DEV-000923,USES_DEVICE
CLM-006660,REP-000355,REPAIRED_BY
CLM-006661,CUS-002725,FILED_BY
CLM-006661,DEV-000377,USES_DEVICE
CLM-006661,REP-000172,REPAIRED_BY
CLM-006662,CUS-000602,FILED_BY
CLM-006662,DEV-002004,USES_DEVICE
CLM-006662,REP-000075,REPAIRED_BY
CLM-006663,CUS-000258,FILED_BY
CLM-006663,DEV-001204,USES_DEVICE
CLM-006663,REP-000334,REPAIRED_BY
CLM-006664,CUS-000545,FILED_BY
CLM-006664,DEV-001113,USES_DEVICE
CLM-006664,REP-000519,REPAIRED_BY
CLM-006665,CUS-000426,FILED_BY
CLM-006665,DEV-001070,USES_DEVICE
CLM-006666,CUS-001145,FILED_BY
CLM-006666,DEV-000687,USES_DEVICE
CLM-006666,REP-000137,REPAIRED_BY
CLM-006667,CUS-001597,FILED_BY
CLM-006667,DEV-001244,USES_DEVICE
CLM-006668,CUS-000793,FILED_BY
CLM-006668,DEV-002452,USES_DEVICE
CLM-006669,CUS-000493,FILED_BY
CLM-006669,DEV-000419,USES_DEVICE
CLM-006670,CUS-001989,FILED_BY
CLM-006670,DEV-002138,USES_DEVICE
CLM-006670,REP-000087,REPAIRED_BY
CLM-006671,CUS-000416,FILED_BY
CLM-006671,DEV-000003,USES_DEVICE
CLM-006672,CUS-002707,FILED_BY
CLM-006672,DEV-000641,USES_DEVICE
CLM-006672,REP-000105,REPAIRED_BY
CLM-006673,CUS-002430,FILED_BY
CLM-006673,DEV-002400,USES_DEVICE
CLM-006673,REP-000296,REPAIRED_BY
CLM-006674,CUS-001697,FILED_BY
CLM-006674,DEV-001049,USES_DEVICE
CLM-006674,REP-000223,REPAIRED_BY
CLM-006675,CUS-000436,FILED_BY
CLM-006675,DEV-000272,USES_DEVICE
CLM-006675,REP-000599,REPAIRED_BY
CLM-006676,CUS-000532,FILED_BY
CLM-006676,DEV-002359,USES_DEVICE
CLM-006677,CUS-000416,FILED_BY
CLM-006677,DEV-002105,USES_DEVICE
CLM-006677,REP-000414,REPAIRED_BY
CLM-006678,CUS-001259,FILED_BY
CLM-006678,DEV-001127,USES_DEVICE
CLM-006678,REP-000516,REPAIRED_BY
CLM-006679,CUS-000075,FILED_BY
CLM-006679,DEV-002766,USES_DEVICE
CLM-006679,REP-000193,REPAIRED_BY
CLM-006680,CUS-001667,FILED_BY
CLM-006680,DEV-002322,USES_DEVICE
CLM-006680,REP-000130,REPAIRED_BY
CLM-006681,CUS-001152,FILED_BY
CLM-006681,DEV-001268,USES_DEVICE
CLM-006681,REP-000447,REPAIRED_BY
CLM-006682,CUS-002310,FILED_BY
CLM-006682,DEV-000319,USES_DEVICE
CLM-006682,REP-000206,REPAIRED_BY
CLM-006683,CUS-001923,FILED_BY
CLM-006683,DEV-001115,USES_DEVICE
CLM-006683,REP-000581,REPAIRED_BY
CLM-006684,CUS-001718,FILED_BY
CLM-006684,DEV-000618,USES_DEVICE
CLM-006684,REP-000391,REPAIRED_BY
CLM-006685,CUS-000179,FILED_BY
CLM-006685,DEV-002401,USES_DEVICE
CLM-006686,CUS-001060,FILED_BY
CLM-006686,DEV-002825,USES_DEVICE
CLM-006686,REP-000034,REPAIRED_BY
CLM-006687,CUS-002740,FILED_BY
CLM-006687,DEV-002739,USES_DEVICE
CLM-006688,CUS-001406,FILED_BY
CLM-006688,DEV-000208,USES_DEVICE
CLM-006689,CUS-000428,FILED_BY
CLM-006689,DEV-002814,USES_DEVICE
CLM-006689,REP-000021,REPAIRED_BY
CLM-006690,CUS-001185,FILED_BY
CLM-006690,DEV-002034,USES_DEVICE
CLM-006691,CUS-002523,FILED_BY
CLM-006691,DEV-000355,USES_DEVICE
CLM-006691,REP-000401,REPAIRED_BY
CLM-006692,CUS-002487,FILED_BY
CLM-006692,DEV-001413,USES_DEVICE
CLM-006692,REP-000618,REPAIRED_BY
CLM-006693,CUS-000885,FILED_BY
CLM-006693,DEV-002903,USES_DEVICE
CLM-006694,CUS-002177,FILED_BY
CLM-006694,DEV-001377,USES_DEVICE
CLM-006695,CUS-002125,FILED_BY
CLM-006695,DEV-002941,USES_DEVICE
CLM-006695,REP-000492,REPAIRED_BY
CLM-006696,CUS-000647,FILED_BY
CLM-006696,DEV-001531,USES_DEVICE
CLM-006696,REP-000431,REPAIRED_BY
CLM-006697,CUS-000277,FILED_BY
CLM-006697,DEV-001441,USES_DEVICE
CLM-006697,REP-000298,REPAIRED_BY
CLM-006698,CUS-001697,FILED_BY
CLM-006698,DEV-002238,USES_DEVICE
CLM-006698,REP-000504,REPAIRED_BY
CLM-006699,CUS-000652,FILED_BY
CLM-006699,DEV-000297,USES_DEVICE
CLM-006699,REP-000037,REPAIRED_BY
CLM-006700,CUS-002540,FILED_BY
CLM-006700,DEV-002486,USES_DEVICE
CLM-006700,REP-000473,REPAIRED_BY
CLM-006701,CUS-002960,FILED_BY
CLM-006701,DEV-000552,USES_DEVICE
CLM-006701,REP-000351,REPAIRED_BY
CLM-006702,CUS-001477,FILED_BY
CLM-006702,DEV-002418,USES_DEVICE
CLM-006702,REP-000490,REPAIRED_BY
CLM-006703,CUS-002309,FILED_BY
CLM-006703,DEV-001179,USES_DEVICE
CLM-006704,CUS-001670,FILED_BY
CLM-006704,DEV-001442,USES_DEVICE
CLM-006705,CUS-000449,FILED_BY
CLM-006705,DEV-001699,USES_DEVICE
CLM-006705,REP-000598,REPAIRED_BY
CLM-006706,CUS-000676,FILED_BY
CLM-006706,DEV-002553,USES_DEVICE
CLM-006706,REP-000206,REPAIRED_BY
CLM-006707,CUS-000360,FILED_BY
CLM-006707,DEV-001632,USES_DEVICE
CLM-006707,REP-000220,REPAIRED_BY
CLM-006708,CUS-000602,FILED_BY
CLM-006708,DEV-002004,USES_DEVICE
CLM-006709,CUS-002097,FILED_BY
CLM-006709,DEV-000063,USES_DEVICE
CLM-006709,REP-000071,REPAIRED_BY
CLM-006710,CUS-000255,FILED_BY
CLM-006710,DEV-000136,USES_DEVICE
CLM-006710,REP-000529,REPAIRED_BY
CLM-006711,CUS-000726,FILED_BY
CLM-006711,DEV-001689,USES_DEVICE
CLM-006712,CUS-002303,FILED_BY
CLM-006712,DEV-001715,USES_DEVICE
CLM-006712,REP-000694,REPAIRED_BY
CLM-006713,CUS-001434,FILED_BY
CLM-006713,DEV-002487,USES_DEVICE
CLM-006713,REP-000375,REPAIRED_BY
CLM-006714,CUS-002774,FILED_BY
CLM-006714,DEV-002959,USES_DEVICE
CLM-006715,CUS-000749,FILED_BY
CLM-006715,DEV-000356,USES_DEVICE
CLM-006715,REP-000169,REPAIRED_BY
CLM-006716,CUS-000753,FILED_BY
CLM-006716,DEV-002020,USES_DEVICE
CLM-006716,REP-000085,REPAIRED_BY
CLM-006717,CUS-000867,FILED_BY
CLM-006717,DEV-000213,USES_DEVICE
CLM-006718,CUS-000358,FILED_BY
CLM-006718,DEV-000726,USES_DEVICE
CLM-006718,REP-000144,REPAIRED_BY
CLM-006719,CUS-000696,FILED_BY
CLM-006719,DEV-000779,USES_DEVICE
CLM-006719,REP-000641,REPAIRED_BY
CLM-006720,CUS-000464,FILED_BY
CLM-006720,DEV-001048,USES_DEVICE
CLM-006720,REP-000206,REPAIRED_BY
CLM-006721,CUS-002373,FILED_BY
CLM-006721,DEV-001002,USES_DEVICE
CLM-006721,REP-000612,REPAIRED_BY
CLM-006722,CUS-001762,FILED_BY
CLM-006722,DEV-000211,USES_DEVICE
CLM-006722,REP-000396,REPAIRED_BY
CLM-006723,CUS-002208,FILED_BY
CLM-006723,DEV-002085,USES_DEVICE
CLM-006724,CUS-002300,FILED_BY
CLM-006724,DEV-002131,USES_DEVICE
CLM-006725,CUS-000979,FILED_BY
CLM-006725,DEV-001167,USES_DEVICE
CLM-006726,CUS-000740,FILED_BY
CLM-006726,DEV-001940,USES_DEVICE
CLM-006726,REP-000027,REPAIRED_BY
CLM-006727,CUS-002346,FILED_BY
CLM-006727,DEV-001610,USES_DEVICE
CLM-006727,REP-000569,REPAIRED_BY
CLM-006728,CUS-001437,FILED_BY
CLM-006728,DEV-001895,USES_DEVICE
CLM-006728,REP-000282,REPAIRED_BY
CLM-006729,CUS-002586,FILED_BY
CLM-006729,DEV-000506,USES_DEVICE
CLM-006729,REP-000633,REPAIRED_BY
CLM-006730,CUS-000911,FILED_BY
CLM-006730,DEV-002949,USES_DEVICE
CLM-006730,REP-000273,REPAIRED_BY
CLM-006731,CUS-001024,FILED_BY
CLM-006731,DEV-002484,USES_DEVICE
CLM-006731,REP-000459,REPAIRED_BY
CLM-006732,CUS-002040,FILED_BY
CLM-006732,DEV-001306,USES_DEVICE
CLM-006732,REP-000112,REPAIRED_BY
CLM-006733,CUS-002952,FILED_BY
CLM-006733,DEV-000651,USES_DEVICE
CLM-006734,CUS-002736,FILED_BY
CLM-006734,DEV-000131,USES_DEVICE
CLM-006734,REP-000276,REPAIRED_BY
CLM-006735,CUS-000987,FILED_BY
CLM-006735,DEV-001483,USES_DEVICE
CLM-006735,REP-000497,REPAIRED_BY
CLM-006736,CUS-002689,FILED_BY
CLM-006736,DEV-001989,USES_DEVICE
CLM-006737,CUS-002893,FILED_BY
CLM-006737,DEV-002961,USES_DEVICE
CLM-006737,REP-000227,REPAIRED_BY
CLM-006738,CUS-002639,FILED_BY
CLM-006738,DEV-001198,USES_DEVICE
CLM-006738,REP-000064,REPAIRED_BY
CLM-006739,CUS-000145,FILED_BY
CLM-006739,DEV-001818,USES_DEVICE
CLM-006739,REP-000184,REPAIRED_BY
CLM-006740,CUS-002488,FILED_BY
CLM-006740,DEV-001071,USES_DEVICE
CLM-006741,CUS-000547,FILED_BY
CLM-006741,DEV-002279,USES_DEVICE
CLM-006741,REP-000530,REPAIRED_BY
CLM-006742,CUS-000226,FILED_BY
CLM-006742,DEV-002494,USES_DEVICE
CLM-006742,REP-000309,REPAIRED_BY
CLM-006743,CUS-002492,FILED_BY
CLM-006743,DEV-002257,USES_DEVICE
CLM-006744,CUS-002756,FILED_BY
CLM-006744,DEV-000386,USES_DEVICE
CLM-006744,REP-000553,REPAIRED_BY
CLM-006745,CUS-002510,FILED_BY
CLM-006745,DEV-000958,USES_DEVICE
CLM-006745,REP-000138,REPAIRED_BY
CLM-006746,CUS-002448,FILED_BY
CLM-006746,DEV-000264,USES_DEVICE
CLM-006747,CUS-000190,FILED_BY
CLM-006747,DEV-000037,USES_DEVICE
CLM-006747,REP-000492,REPAIRED_BY
CLM-006748,CUS-000127,FILED_BY
CLM-006748,DEV-001187,USES_DEVICE
CLM-006748,REP-000560,REPAIRED_BY
CLM-006749,CUS-000172,FILED_BY
CLM-006749,DEV-002379,USES_DEVICE
CLM-006749,REP-000144,REPAIRED_BY
CLM-006750,CUS-002421,FILED_BY
CLM-006750,DEV-001954,USES_DEVICE
CLM-006750,REP-000328,REPAIRED_BY
CLM-006751,CUS-002744,FILED_BY
CLM-006751,DEV-001158,USES_DEVICE
CLM-006751,REP-000359,REPAIRED_BY
CLM-006752,CUS-000936,FILED_BY
CLM-006752,DEV-001735,USES_DEVICE
CLM-006753,CUS-002673,FILED_BY
CLM-006753,DEV-002300,USES_DEVICE
CLM-006753,REP-000128,REPAIRED_BY
CLM-006754,CUS-000059,FILED_BY
CLM-006754,DEV-001888,USES_DEVICE
CLM-006754,REP-000157,REPAIRED_BY
CLM-006755,CUS-000901,FILED_BY
CLM-006755,DEV-000378,USES_DEVICE
CLM-006756,CUS-000007,FILED_BY
CLM-006756,DEV-000032,USES_DEVICE
CLM-006756,REP-000392,REPAIRED_BY
CLM-006757,CUS-002608,FILED_BY
CLM-006757,DEV-001316,USES_DEVICE
CLM-006757,REP-000031,REPAIRED_BY
CLM-006758,CUS-002254,FILED_BY
CLM-006758,DEV-002310,USES_DEVICE
CLM-006759,CUS-000219,FILED_BY
CLM-006759,DEV-001674,USES_DEVICE
CLM-006760,CUS-002577,FILED_BY
CLM-006760,DEV-000288,USES_DEVICE
CLM-006760,REP-000018,REPAIRED_BY
CLM-006761,CUS-001067,FILED_BY
CLM-006761,DEV-001455,USES_DEVICE
CLM-006761,REP-000316,REPAIRED_BY
CLM-006762,CUS-002754,FILED_BY
CLM-006762,DEV-001746,USES_DEVICE
CLM-006762,REP-000207,REPAIRED_BY
CLM-006763,CUS-000895,FILED_BY
CLM-006763,DEV-000272,USES_DEVICE
CLM-006763,REP-000684,REPAIRED_BY
CLM-006764,CUS-002932,FILED_BY
CLM-006764,DEV-001548,USES_DEVICE
CLM-006764,REP-000095,REPAIRED_BY
CLM-006765,CUS-002648,FILED_BY
CLM-006765,DEV-000252,USES_DEVICE
CLM-006765,REP-000655,REPAIRED_BY
CLM-006766,CUS-002628,FILED_BY
CLM-006766,DEV-002669,USES_DEVICE
CLM-006766,REP-000640,REPAIRED_BY
CLM-006767,CUS-002952,FILED_BY
CLM-006767,DEV-002021,USES_DEVICE
CLM-006768,CUS-001641,FILED_BY
CLM-006768,DEV-001463,USES_DEVICE
CLM-006768,REP-000659,REPAIRED_BY
CLM-006769,CUS-002561,FILED_BY
CLM-006769,DEV-002689,USES_DEVICE
CLM-006769,REP-000177,REPAIRED_BY
CLM-006770,CUS-002076,FILED_BY
CLM-006770,DEV-002987,USES_DEVICE
CLM-006771,CUS-002530,FILED_BY
CLM-006771,DEV-001861,USES_DEVICE
CLM-006771,REP-000207,REPAIRED_BY
CLM-006772,CUS-001449,FILED_BY
CLM-006772,DEV-002107,USES_DEVICE
CLM-006772,REP-000162,REPAIRED_BY
CLM-006773,CUS-002612,FILED_BY
CLM-006773,DEV-002116,USES_DEVICE
CLM-006773,REP-000507,REPAIRED_BY
CLM-006774,CUS-001312,FILED_BY
CLM-006774,DEV-001241,USES_DEVICE
CLM-006774,REP-000449,REPAIRED_BY
CLM-006775,CUS-001055,FILED_BY
CLM-006775,DEV-000331,USES_DEVICE
CLM-006776,CUS-001256,FILED_BY
CLM-006776,DEV-000440,USES_DEVICE
CLM-006777,CUS-000227,FILED_BY
CLM-006777,DEV-000175,USES_DEVICE
CLM-006777,REP-000479,REPAIRED_BY
CLM-006778,CUS-001689,FILED_BY
CLM-006778,DEV-002234,USES_DEVICE
CLM-006779,CUS-001506,FILED_BY
CLM-006779,DEV-002091,USES_DEVICE
CLM-006780,CUS-002868,FILED_BY
CLM-006780,DEV-001290,USES_DEVICE
CLM-006780,REP-000475,REPAIRED_BY
CLM-006781,CUS-002303,FILED_BY
CLM-006781,DEV-002183,USES_DEVICE
CLM-006781,REP-000047,REPAIRED_BY
CLM-006782,CUS-000895,FILED_BY
CLM-006782,DEV-000272,USES_DEVICE
CLM-006782,REP-000021,REPAIRED_BY
CLM-006783,CUS-001092,FILED_BY
CLM-006783,DEV-002012,USES_DEVICE
CLM-006783,REP-000565,REPAIRED_BY
CLM-006784,CUS-000826,FILED_BY
CLM-006784,DEV-001805,USES_DEVICE
CLM-006785,CUS-001472,FILED_BY
CLM-006785,DEV-001107,USES_DEVICE
CLM-006785,REP-000444,REPAIRED_BY
CLM-006786,CUS-000980,FILED_BY
CLM-006786,DEV-001453,USES_DEVICE
CLM-006786,REP-000032,REPAIRED_BY
CLM-006787,CUS-002686,FILED_BY
CLM-006787,DEV-001831,USES_DEVICE
CLM-006787,REP-000617,REPAIRED_BY
CLM-006788,CUS-000221,FILED_BY
CLM-006788,DEV-001416,USES_DEVICE
CLM-006789,CUS-001419,FILED_BY
CLM-006789,DEV-000831,USES_DEVICE
CLM-006789,REP-000004,REPAIRED_BY
CLM-006790,CUS-002651,FILED_BY
CLM-006790,DEV-001712,USES_DEVICE
CLM-006790,REP-000591,REPAIRED_BY
CLM-006791,CUS-002772,FILED_BY
CLM-006791,DEV-000704,USES_DEVICE
CLM-006792,CUS-002177,FILED_BY
CLM-006792,DEV-002816,USES_DEVICE
CLM-006793,CUS-001427,FILED_BY
CLM-006793,DEV-001241,USES_DEVICE
CLM-006793,REP-000599,REPAIRED_BY
CLM-006794,CUS-001922,FILED_BY
CLM-006794,DEV-000482,USES_DEVICE
CLM-006794,REP-000355,REPAIRED_BY
CLM-006795,CUS-001166,FILED_BY
CLM-006795,DEV-001312,USES_DEVICE
CLM-006795,REP-000434,REPAIRED_BY
CLM-006796,CUS-002149,FILED_BY
CLM-006796,DEV-002949,USES_DEVICE
CLM-006797,CUS-001420,FILED_BY
CLM-006797,DEV-001597,USES_DEVICE
CLM-006797,REP-000002,REPAIRED_BY
CLM-006798,CUS-001391,FILED_BY
CLM-006798,DEV-000284,USES_DEVICE
CLM-006798,REP-000276,REPAIRED_BY
CLM-006799,CUS-000209,FILED_BY
CLM-006799,DEV-001831,USES_DEVICE
CLM-006800,CUS-000954,FILED_BY
CLM-006800,DEV-001856,USES_DEVICE
CLM-006800,REP-000497,REPAIRED_BY
CLM-006801,CUS-001502,FILED_BY
CLM-006801,DEV-002725,USES_DEVICE
CLM-006802,CUS-001059,FILED_BY
CLM-006802,DEV-001191,USES_DEVICE
CLM-006803,CUS-000501,FILED_BY
CLM-006803,DEV-001849,USES_DEVICE
CLM-006803,REP-000653,REPAIRED_BY
CLM-006804,CUS-002360,FILED_BY
CLM-006804,DEV-001883,USES_DEVICE
CLM-006804,REP-000364,REPAIRED_BY
CLM-006805,CUS-000021,FILED_BY
CLM-006805,DEV-001265,USES_DEVICE
CLM-006806,CUS-000185,FILED_BY
CLM-006806,DEV-001548,USES_DEVICE
CLM-006806,REP-000035,REPAIRED_BY
CLM-006807,CUS-000564,FILED_BY
CLM-006807,DEV-000563,USES_DEVICE
CLM-006807,REP-000319,REPAIRED_BY
CLM-006808,CUS-001560,FILED_BY
CLM-006808,DEV-000808,USES_DEVICE
CLM-006808,REP-000574,REPAIRED_BY
CLM-006809,CUS-001704,FILED_BY
CLM-006809,DEV-002569,USES_DEVICE
CLM-006810,CUS-001830,FILED_BY
CLM-006810,DEV-000476,USES_DEVICE
CLM-006810,REP-000232,REPAIRED_BY
CLM-006811,CUS-001559,FILED_BY
CLM-006811,DEV-000529,USES_DEVICE
CLM-006811,REP-000463,REPAIRED_BY
CLM-006812,CUS-002357,FILED_BY
CLM-006812,DEV-001382,USES_DEVICE
CLM-006813,CUS-002251,FILED_BY
CLM-006813,DEV-001605,USES_DEVICE
CLM-006814,CUS-000446,FILED_BY
CLM-006814,DEV-000433,USES_DEVICE
CLM-006815,CUS-000171,FILED_BY
CLM-006815,DEV-002064,USES_DEVICE
CLM-006816,CUS-002930,FILED_BY
CLM-006816,DEV-002967,USES_DEVICE
CLM-006816,REP-000465,REPAIRED_BY
CLM-006817,CUS-001418,FILED_BY
CLM-006817,DEV-000314,USES_DEVICE
CLM-006817,REP-000303,REPAIRED_BY
CLM-006818,CUS-002104,FILED_BY
CLM-006818,DEV-002120,USES_DEVICE
CLM-006818,REP-000151,REPAIRED_BY
CLM-006819,CUS-002626,FILED_BY
CLM-006819,DEV-000559,USES_DEVICE
CLM-006819,REP-000653,REPAIRED_BY
CLM-006820,CUS-000512,FILED_BY
CLM-006820,DEV-002380,USES_DEVICE
CLM-006821,CUS-002991,FILED_BY
CLM-006821,DEV-002077,USES_DEVICE
CLM-006821,REP-000337,REPAIRED_BY
CLM-006822,CUS-000755,FILED_BY
CLM-006822,DEV-000805,USES_DEVICE
CLM-006822,REP-000052,REPAIRED_BY
CLM-006823,CUS-000747,FILED_BY
CLM-006823,DEV-002729,USES_DEVICE
CLM-006823,REP-000180,REPAIRED_BY
CLM-006824,CUS-002805,FILED_BY
CLM-006824,DEV-002812,USES_DEVICE
CLM-006824,REP-000044,REPAIRED_BY
CLM-006825,CUS-002947,FILED_BY
CLM-006825,DEV-002699,USES_DEVICE
CLM-006825,REP-000171,REPAIRED_BY
CLM-006826,CUS-001423,FILED_BY
CLM-006826,DEV-000325,USES_DEVICE
CLM-006826,REP-000397,REPAIRED_BY
CLM-006827,CUS-000146,FILED_BY
CLM-006827,DEV-001586,USES_DEVICE
CLM-006827,REP-000039,REPAIRED_BY
CLM-006828,CUS-002530,FILED_BY
CLM-006828,DEV-001861,USES_DEVICE
CLM-006828,REP-000121,REPAIRED_BY
CLM-006829,CUS-000381,FILED_BY
CLM-006829,DEV-002891,USES_DEVICE
CLM-006829,REP-000688,REPAIRED_BY
CLM-006830,CUS-002920,FILED_BY
CLM-006830,DEV-002834,USES_DEVICE
CLM-006830,REP-000610,REPAIRED_BY
CLM-006831,CUS-000358,FILED_BY
CLM-006831,DEV-001440,USES_DEVICE
CLM-006832,CUS-001427,FILED_BY
CLM-006832,DEV-002449,USES_DEVICE
CLM-006833,CUS-002638,FILED_BY
CLM-006833,DEV-001481,USES_DEVICE
CLM-006834,CUS-002377,FILED_BY
CLM-006834,DEV-001927,USES_DEVICE
CLM-006834,REP-000337,REPAIRED_BY
CLM-006835,CUS-001262,FILED_BY
CLM-006835,DEV-002418,USES_DEVICE
CLM-006835,REP-000609,REPAIRED_BY
CLM-006836,CUS-002679,FILED_BY
CLM-006836,DEV-000824,USES_DEVICE
CLM-006836,REP-000519,REPAIRED_BY
CLM-006837,CUS-000776,FILED_BY
CLM-006837,DEV-000349,USES_DEVICE
CLM-006838,CUS-002906,FILED_BY
CLM-006838,DEV-002444,USES_DEVICE
CLM-006838,REP-000402,REPAIRED_BY
CLM-006839,CUS-001407,FILED_BY
CLM-006839,DEV-000305,USES_DEVICE
CLM-006839,REP-000150,REPAIRED_BY
CLM-006840,CUS-001669,FILED_BY
CLM-006840,DEV-002860,USES_DEVICE
CLM-006840,REP-000499,REPAIRED_BY
CLM-006841,CUS-001727,FILED_BY
CLM-006841,DEV-002340,USES_DEVICE
CLM-006841,REP-000243,REPAIRED_BY
CLM-006842,CUS-002239,FILED_BY
CLM-006842,DEV-002144,USES_DEVICE
CLM-006842,REP-000041,REPAIRED_BY
CLM-006843,CUS-001093,FILED_BY
CLM-006843,DEV-002677,USES_DEVICE
CLM-006843,REP-000397,REPAIRED_BY
CLM-006844,CUS-001023,FILED_BY
CLM-006844,DEV-000725,USES_DEVICE
CLM-006845,CUS-002767,FILED_BY
CLM-006845,DEV-002386,USES_DEVICE
CLM-006846,CUS-001597,FILED_BY
CLM-006846,DEV-001244,USES_DEVICE
CLM-006846,REP-000658,REPAIRED_BY
CLM-006847,CUS-002392,FILED_BY
CLM-006847,DEV-002894,USES_DEVICE
CLM-006847,REP-000241,REPAIRED_BY
CLM-006848,CUS-001357,FILED_BY
CLM-006848,DEV-002593,USES_DEVICE
CLM-006849,CUS-002516,FILED_BY
CLM-006849,DEV-002011,USES_DEVICE
CLM-006849,REP-000453,REPAIRED_BY
CLM-006850,CUS-000710,FILED_BY
CLM-006850,DEV-001523,USES_DEVICE
CLM-006850,REP-000081,REPAIRED_BY
CLM-006851,CUS-000368,FILED_BY
CLM-006851,DEV-002322,USES_DEVICE
CLM-006852,CUS-002868,FILED_BY
CLM-006852,DEV-001290,USES_DEVICE
CLM-006853,CUS-000960,FILED_BY
CLM-006853,DEV-002722,USES_DEVICE
CLM-006854,CUS-002286,FILED_BY
CLM-006854,DEV-001288,USES_DEVICE
CLM-006854,REP-000195,REPAIRED_BY
CLM-006855,CUS-002130,FILED_BY
CLM-006855,DEV-000498,USES_DEVICE
CLM-006855,REP-000255,REPAIRED_BY
CLM-006856,CUS-002967,FILED_BY
CLM-006856,DEV-002073,USES_DEVICE
CLM-006856,REP-000027,REPAIRED_BY
CLM-006857,CUS-001440,FILED_BY
CLM-006857,DEV-002807,USES_DEVICE
CLM-006857,REP-000245,REPAIRED_BY
CLM-006858,CUS-000387,FILED_BY
CLM-006858,DEV-000525,USES_DEVICE
CLM-006859,CUS-000987,FILED_BY
CLM-006859,DEV-002252,USES_DEVICE
CLM-006860,CUS-002208,FILED_BY
CLM-006860,DEV-000153,USES_DEVICE
CLM-006860,REP-000573,REPAIRED_BY
CLM-006861,CUS-002887,FILED_BY
CLM-006861,DEV-001454,USES_DEVICE
CLM-006862,CUS-002885,FILED_BY
CLM-006862,DEV-001078,USES_DEVICE
CLM-006863,CUS-002203,FILED_BY
CLM-006863,DEV-000634,USES_DEVICE
CLM-006864,CUS-002355,FILED_BY
CLM-006864,DEV-000220,USES_DEVICE
CLM-006864,REP-000006,REPAIRED_BY
CLM-006865,CUS-001770,FILED_BY
CLM-006865,DEV-002590,USES_DEVICE
CLM-006866,CUS-002394,FILED_BY
CLM-006866,DEV-002140,USES_DEVICE
CLM-006866,REP-000244,REPAIRED_BY
CLM-006867,CUS-000360,FILED_BY
CLM-006867,DEV-001691,USES_DEVICE
CLM-006867,REP-000662,REPAIRED_BY
CLM-006868,CUS-000073,FILED_BY
CLM-006868,DEV-001399,USES_DEVICE
CLM-006868,REP-000142,REPAIRED_BY
CLM-006869,CUS-000931,FILED_BY
CLM-006869,DEV-001040,USES_DEVICE
CLM-006870,CUS-002086,FILED_BY
CLM-006870,DEV-001411,USES_DEVICE
CLM-006870,REP-000127,REPAIRED_BY
CLM-006871,CUS-002823,FILED_BY
CLM-006871,DEV-001046,USES_DEVICE
CLM-006872,CUS-000365,FILED_BY
CLM-006872,DEV-000476,USES_DEVICE
CLM-006872,REP-000016,REPAIRED_BY
CLM-006873,CUS-002595,FILED_BY
CLM-006873,DEV-001924,USES_DEVICE
CLM-006874,CUS-001887,FILED_BY
CLM-006874,DEV-002121,USES_DEVICE
CLM-006875,CUS-001581,FILED_BY
CLM-006875,DEV-002784,USES_DEVICE
CLM-006875,REP-000070,REPAIRED_BY
CLM-006876,CUS-002239,FILED_BY
CLM-006876,DEV-000832,USES_DEVICE
CLM-006876,REP-000622,REPAIRED_BY
CLM-006877,CUS-001432,FILED_BY
CLM-006877,DEV-000453,USES_DEVICE
CLM-006878,CUS-002090,FILED_BY
CLM-006878,DEV-001770,USES_DEVICE
CLM-006879,CUS-002060,FILED_BY
CLM-006879,DEV-002454,USES_DEVICE
CLM-006879,REP-000023,REPAIRED_BY
CLM-006880,CUS-002942,FILED_BY
CLM-006880,DEV-000864,USES_DEVICE
CLM-006880,REP-000521,REPAIRED_BY
CLM-006881,CUS-002555,FILED_BY
CLM-006881,DEV-001837,USES_DEVICE
CLM-006882,CUS-002886,FILED_BY
CLM-006882,DEV-000827,USES_DEVICE
CLM-006883,CUS-000602,FILED_BY
CLM-006883,DEV-001361,USES_DEVICE
CLM-006883,REP-000058,REPAIRED_BY
CLM-006884,CUS-002625,FILED_BY
CLM-006884,DEV-000549,USES_DEVICE
CLM-006885,CUS-001815,FILED_BY
CLM-006885,DEV-000101,USES_DEVICE
CLM-006885,REP-000636,REPAIRED_BY
CLM-006886,CUS-000992,FILED_BY
CLM-006886,DEV-001186,USES_DEVICE
CLM-006886,REP-000020,REPAIRED_BY
CLM-006887,CUS-002115,FILED_BY
CLM-006887,DEV-001789,USES_DEVICE
CLM-006887,REP-000382,REPAIRED_BY
CLM-006888,CUS-000624,FILED_BY
CLM-006888,DEV-001881,USES_DEVICE
CLM-006889,CUS-001170,FILED_BY
CLM-006889,DEV-000905,USES_DEVICE
CLM-006889,REP-000533,REPAIRED_BY
CLM-006890,CUS-000189,FILED_BY
CLM-006890,DEV-001815,USES_DEVICE
CLM-006890,REP-000668,REPAIRED_BY
CLM-006891,CUS-001932,FILED_BY
CLM-006891,DEV-000032,USES_DEVICE
CLM-006891,REP-000300,REPAIRED_BY
CLM-006892,CUS-002274,FILED_BY
CLM-006892,DEV-001158,USES_DEVICE
CLM-006892,REP-000040,REPAIRED_BY
CLM-006893,CUS-000992,FILED_BY
CLM-006893,DEV-001186,USES_DEVICE
CLM-006894,CUS-002149,FILED_BY
CLM-006894,DEV-002869,USES_DEVICE
CLM-006895,CUS-001017,FILED_BY
CLM-006895,DEV-000696,USES_DEVICE
CLM-006895,REP-000479,REPAIRED_BY
CLM-006896,CUS-001309,FILED_BY
CLM-006896,DEV-000245,USES_DEVICE
CLM-006897,CUS-002677,FILED_BY
CLM-006897,DEV-000501,USES_DEVICE
CLM-006898,CUS-002557,FILED_BY
CLM-006898,DEV-001533,USES_DEVICE
CLM-006899,CUS-000807,FILED_BY
CLM-006899,DEV-002342,USES_DEVICE
CLM-006900,CUS-001909,FILED_BY
CLM-006900,DEV-001955,USES_DEVICE
CLM-006900,REP-000668,REPAIRED_BY
CLM-006901,CUS-002898,FILED_BY
CLM-006901,DEV-001585,USES_DEVICE
CLM-006901,REP-000324,REPAIRED_BY
CLM-006902,CUS-001554,FILED_BY
CLM-006902,DEV-001892,USES_DEVICE
CLM-006903,CUS-000633,FILED_BY
CLM-006903,DEV-001334,USES_DEVICE
CLM-006903,REP-000261,REPAIRED_BY
CLM-006904,CUS-002101,FILED_BY
CLM-006904,DEV-002835,USES_DEVICE
CLM-006905,CUS-001689,FILED_BY
CLM-006905,DEV-002234,USES_DEVICE
CLM-006905,REP-000363,REPAIRED_BY
CLM-006906,CUS-001848,FILED_BY
CLM-006906,DEV-001760,USES_DEVICE
CLM-006906,REP-000101,REPAIRED_BY
CLM-006907,CUS-001443,FILED_BY
CLM-006907,DEV-002983,USES_DEVICE
CLM-006907,REP-000139,REPAIRED_BY
CLM-006908,CUS-000900,FILED_BY
CLM-006908,DEV-000670,USES_DEVICE
CLM-006909,CUS-000574,FILED_BY
CLM-006909,DEV-002465,USES_DEVICE
CLM-006910,CUS-002989,FILED_BY
CLM-006910,DEV-002498,USES_DEVICE
CLM-006910,REP-000469,REPAIRED_BY
CLM-006911,CUS-000957,FILED_BY
CLM-006911,DEV-001311,USES_DEVICE
CLM-006911,REP-000507,REPAIRED_BY
CLM-006912,CUS-002606,FILED_BY
CLM-006912,DEV-002112,USES_DEVICE
CLM-006912,REP-000320,REPAIRED_BY
CLM-006913,CUS-000419,FILED_BY
CLM-006913,DEV-002813,USES_DEVICE
CLM-006913,REP-000349,REPAIRED_BY
CLM-006914,CUS-001186,FILED_BY
CLM-006914,DEV-000447,USES_DEVICE
CLM-006914,REP-000057,REPAIRED_BY
CLM-006915,CUS-000403,FILED_BY
CLM-006915,DEV-002722,USES_DEVICE
CLM-006915,REP-000358,REPAIRED_BY
CLM-006916,CUS-002394,FILED_BY
CLM-006916,DEV-002140,USES_DEVICE
CLM-006916,REP-000122,REPAIRED_BY
CLM-006917,CUS-001054,FILED_BY
CLM-006917,DEV-000491,USES_DEVICE
CLM-006918,CUS-002141,FILED_BY
CLM-006918,DEV-000543,USES_DEVICE
CLM-006919,CUS-000751,FILED_BY
CLM-006919,DEV-000954,USES_DEVICE
CLM-006919,REP-000615,REPAIRED_BY
CLM-006920,CUS-002058,FILED_BY
CLM-006920,DEV-002314,USES_DEVICE
CLM-006921,CUS-002686,FILED_BY
CLM-006921,DEV-001487,USES_DEVICE
CLM-006922,CUS-002825,FILED_BY
CLM-006922,DEV-000383,USES_DEVICE
CLM-006922,REP-000060,REPAIRED_BY
CLM-006923,CUS-002040,FILED_BY
CLM-006923,DEV-002217,USES_DEVICE
CLM-006924,CUS-002694,FILED_BY
CLM-006924,DEV-001267,USES_DEVICE
CLM-006924,REP-000212,REPAIRED_BY
CLM-006925,CUS-000696,FILED_BY
CLM-006925,DEV-002043,USES_DEVICE
CLM-006926,CUS-000139,FILED_BY
CLM-006926,DEV-002270,USES_DEVICE
CLM-006927,CUS-001069,FILED_BY
CLM-006927,DEV-001299,USES_DEVICE
CLM-006927,REP-000604,REPAIRED_BY
CLM-006928,CUS-000636,FILED_BY
CLM-006928,DEV-002570,USES_DEVICE
CLM-006929,CUS-001089,FILED_BY
CLM-006929,DEV-000740,USES_DEVICE
CLM-006929,REP-000118,REPAIRED_BY
CLM-006930,CUS-000998,FILED_BY
CLM-006930,DEV-001124,USES_DEVICE
CLM-006930,REP-000098,REPAIRED_BY
CLM-006931,CUS-000392,FILED_BY
CLM-006931,DEV-001647,USES_DEVICE
CLM-006931,REP-000543,REPAIRED_BY
CLM-006932,CUS-002818,FILED_BY
CLM-006932,DEV-001358,USES_DEVICE
CLM-006932,REP-000411,REPAIRED_BY
CLM-006933,CUS-001559,FILED_BY
CLM-006933,DEV-002615,USES_DEVICE
CLM-006933,REP-000682,REPAIRED_BY
CLM-006934,CUS-002595,FILED_BY
CLM-006934,DEV-001924,USES_DEVICE
CLM-006934,REP-000693,REPAIRED_BY
CLM-006935,CUS-000961,FILED_BY
CLM-006935,DEV-001049,USES_DEVICE
CLM-006936,CUS-002327,FILED_BY
CLM-006936,DEV-000337,USES_DEVICE
CLM-006937,CUS-002249,FILED_BY
CLM-006937,DEV-000486,USES_DEVICE
CLM-006938,CUS-001669,FILED_BY
CLM-006938,DEV-002441,USES_DEVICE
CLM-006938,REP-000557,REPAIRED_BY
CLM-006939,CUS-000502,FILED_BY
CLM-006939,DEV-001323,USES_DEVICE
CLM-006940,CUS-002547,FILED_BY
CLM-006940,DEV-000615,USES_DEVICE
CLM-006941,CUS-002430,FILED_BY
CLM-006941,DEV-002400,USES_DEVICE
CLM-006942,CUS-000070,FILED_BY
CLM-006942,DEV-001234,USES_DEVICE
CLM-006942,REP-000122,REPAIRED_BY
CLM-006943,CUS-001633,FILED_BY
CLM-006943,DEV-001664,USES_DEVICE
CLM-006943,REP-000306,REPAIRED_BY
CLM-006944,CUS-000408,FILED_BY
CLM-006944,DEV-002970,USES_DEVICE
CLM-006944,REP-000308,REPAIRED_BY
CLM-006945,CUS-001852,FILED_BY
CLM-006945,DEV-001101,USES_DEVICE
CLM-006945,REP-000008,REPAIRED_BY
CLM-006946,CUS-001863,FILED_BY
CLM-006946,DEV-001143,USES_DEVICE
CLM-006947,CUS-000753,FILED_BY
CLM-006947,DEV-002020,USES_DEVICE
CLM-006948,CUS-001997,FILED_BY
CLM-006948,DEV-001437,USES_DEVICE
CLM-006948,REP-000124,REPAIRED_BY
CLM-006949,CUS-000784,FILED_BY
CLM-006949,DEV-000126,USES_DEVICE
CLM-006949,REP-000649,REPAIRED_BY
CLM-006950,CUS-000789,FILED_BY
CLM-006950,DEV-000991,USES_DEVICE
CLM-006951,CUS-001506,FILED_BY
CLM-006951,DEV-002091,USES_DEVICE
CLM-006951,REP-000354,REPAIRED_BY
CLM-006952,CUS-000297,FILED_BY
CLM-006952,DEV-000056,USES_DEVICE
CLM-006952,REP-000330,REPAIRED_BY
CLM-006953,CUS-002398,FILED_BY
CLM-006953,DEV-001467,USES_DEVICE
CLM-006954,CUS-001779,FILED_BY
CLM-006954,DEV-001917,USES_DEVICE
CLM-006955,CUS-002366,FILED_BY
CLM-006955,DEV-002161,USES_DEVICE
CLM-006956,CUS-001755,FILED_BY
CLM-006956,DEV-000892,USES_DEVICE
CLM-006956,REP-000043,REPAIRED_BY
CLM-006957,CUS-002632,FILED_BY
CLM-006957,DEV-001708,USES_DEVICE
CLM-006958,CUS-000710,FILED_BY
CLM-006958,DEV-001964,USES_DEVICE
CLM-006958,REP-000475,REPAIRED_BY
CLM-006959,CUS-000969,FILED_BY
CLM-006959,DEV-001894,USES_DEVICE
CLM-006960,CUS-002656,FILED_BY
CLM-006960,DEV-001376,USES_DEVICE
CLM-006960,REP-000365,REPAIRED_BY
CLM-006961,CUS-002410,FILED_BY
CLM-006961,DEV-002762,USES_DEVICE
CLM-006962,CUS-002706,FILED_BY
CLM-006962,DEV-000231,USES_DEVICE
CLM-006962,REP-000215,REPAIRED_BY
CLM-006963,CUS-001097,FILED_BY
CLM-006963,DEV-002221,USES_DEVICE
CLM-006964,CUS-002747,FILED_BY
CLM-006964,DEV-000325,USES_DEVICE
CLM-006964,REP-000001,REPAIRED_BY
CLM-006965,CUS-002239,FILED_BY
CLM-006965,DEV-002144,USES_DEVICE
CLM-006966,CUS-002414,FILED_BY
CLM-006966,DEV-001369,USES_DEVICE
CLM-006966,REP-000280,REPAIRED_BY
CLM-006967,CUS-000802,FILED_BY
CLM-006967,DEV-001654,USES_DEVICE
CLM-006968,CUS-002971,FILED_BY
CLM-006968,DEV-002535,USES_DEVICE
CLM-006968,REP-000393,REPAIRED_BY
CLM-006969,CUS-000826,FILED_BY
CLM-006969,DEV-000932,USES_DEVICE
CLM-006970,CUS-000192,FILED_BY
CLM-006970,DEV-001532,USES_DEVICE
CLM-006971,CUS-000949,FILED_BY
CLM-006971,DEV-001765,USES_DEVICE
CLM-006972,CUS-002192,FILED_BY
CLM-006972,DEV-000394,USES_DEVICE
CLM-006972,REP-000052,REPAIRED_BY
CLM-006973,CUS-002984,FILED_BY
CLM-006973,DEV-002368,USES_DEVICE
CLM-006973,REP-000682,REPAIRED_BY
CLM-006974,CUS-002096,FILED_BY
CLM-006974,DEV-002901,USES_DEVICE
CLM-006975,CUS-001977,FILED_BY
CLM-006975,DEV-002053,USES_DEVICE
CLM-006975,REP-000252,REPAIRED_BY
CLM-006976,CUS-002396,FILED_BY
CLM-006976,DEV-000012,USES_DEVICE
CLM-006976,REP-000623,REPAIRED_BY
CLM-006977,CUS-000219,FILED_BY
CLM-006977,DEV-002339,USES_DEVICE
CLM-006977,REP-000244,REPAIRED_BY
CLM-006978,CUS-000636,FILED_BY
CLM-006978,DEV-002926,USES_DEVICE
CLM-006979,CUS-000924,FILED_BY
CLM-006979,DEV-001689,USES_DEVICE
CLM-006980,CUS-000504,FILED_BY
CLM-006980,DEV-002910,USES_DEVICE
CLM-006980,REP-000258,REPAIRED_BY
CLM-006981,CUS-000876,FILED_BY
CLM-006981,DEV-002584,USES_DEVICE
CLM-006982,CUS-000763,FILED_BY
CLM-006982,DEV-001266,USES_DEVICE
CLM-006983,CUS-001539,FILED_BY
CLM-006983,DEV-001496,USES_DEVICE
CLM-006984,CUS-000538,FILED_BY
CLM-006984,DEV-000269,USES_DEVICE
CLM-006984,REP-000335,REPAIRED_BY
CLM-006985,CUS-001634,FILED_BY
CLM-006985,DEV-002737,USES_DEVICE
CLM-006985,REP-000127,REPAIRED_BY
CLM-006986,CUS-000282,FILED_BY
CLM-006986,DEV-000079,USES_DEVICE
CLM-006986,REP-000226,REPAIRED_BY
CLM-006987,CUS-001330,FILED_BY
CLM-006987,DEV-002878,USES_DEVICE
CLM-006987,REP-000502,REPAIRED_BY
CLM-006988,CUS-000920,FILED_BY
CLM-006988,DEV-001166,USES_DEVICE
CLM-006988,REP-000375,REPAIRED_BY
CLM-006989,CUS-002426,FILED_BY
CLM-006989,DEV-001890,USES_DEVICE
CLM-006989,REP-000189,REPAIRED_BY
CLM-006990,CUS-000239,FILED_BY
CLM-006990,DEV-000729,USES_DEVICE
CLM-006991,CUS-002658,FILED_BY
CLM-006991,DEV-000518,USES_DEVICE
CLM-006992,CUS-001570,FILED_BY
CLM-006992,DEV-002384,USES_DEVICE
CLM-006992,REP-000306,REPAIRED_BY
CLM-006993,CUS-000581,FILED_BY
CLM-006993,DEV-000712,USES_DEVICE
CLM-006993,REP-000412,REPAIRED_BY
CLM-006994,CUS-002278,FILED_BY
CLM-006994,DEV-002923,USES_DEVICE
CLM-006995,CUS-001275,FILED_BY
CLM-006995,DEV-002949,USES_DEVICE
CLM-006995,REP-000376,REPAIRED_BY
CLM-006996,CUS-002025,FILED_BY
CLM-006996,DEV-000465,USES_DEVICE
CLM-006996,REP-000232,REPAIRED_BY
CLM-006997,CUS-000904,FILED_BY
CLM-006997,DEV-002287,USES_DEVICE
CLM-006997,REP-000029,REPAIRED_BY
CLM-006998,CUS-000656,FILED_BY
CLM-006998,DEV-002560,USES_DEVICE
CLM-006999,CUS-001857,FILED_BY
CLM-006999,DEV-002387,USES_DEVICE
CLM-007000,CUS-002816,FILED_BY
CLM-007000,DEV-002152,USES_DEVICE
CLM-007000,REP-000002,REPAIRED_BY
CLM-007001,CUS-001337,FILED_BY
CLM-007001,DEV-000304,USES_DEVICE
CLM-007001,REP-000085,REPAIRED_BY
CLM-007002,CUS-000653,FILED_BY
CLM-007002,DEV-000304,USES_DEVICE
CLM-007002,REP-000085,REPAIRED_BY
CLM-007003,CUS-000199,FILED_BY
CLM-007003,DEV-000304,USES_DEVICE
CLM-007003,REP-000085,REPAIRED_BY
CLM-007004,CUS-002130,FILED_BY
CLM-007004,DEV-000304,USES_DEVICE
CLM-007004,REP-000085,REPAIRED_BY
CLM-007005,CUS-000280,FILED_BY
CLM-007005,DEV-000304,USES_DEVICE
CLM-007005,REP-000085,REPAIRED_BY
CLM-007006,CUS-000079,FILED_BY
CLM-007006,DEV-000699,USES_DEVICE
CLM-007006,REP-000110,REPAIRED_BY
CLM-007007,CUS-001648,FILED_BY
CLM-007007,DEV-002653,USES_DEVICE
CLM-007007,REP-000110,REPAIRED_BY
CLM-007008,CUS-002186,FILED_BY
CLM-007008,DEV-001308,USES_DEVICE
CLM-007008,REP-000110,REPAIRED_BY
CLM-007009,CUS-002129,FILED_BY
CLM-007009,DEV-001186,USES_DEVICE
CLM-007009,REP-000110,REPAIRED_BY
CLM-007010,CUS-001187,FILED_BY
CLM-007010,DEV-000635,USES_DEVICE
CLM-007010,REP-000142,REPAIRED_BY
CLM-007011,CUS-000602,FILED_BY
CLM-007011,DEV-002219,USES_DEVICE
CLM-007011,REP-000664,REPAIRED_BY
CLM-007012,CUS-002629,FILED_BY
CLM-007012,DEV-000688,USES_DEVICE
CLM-007012,REP-000387,REPAIRED_BY
CLM-007013,CUS-000915,FILED_BY
CLM-007013,DEV-002472,USES_DEVICE
CLM-007013,REP-000204,REPAIRED_BY
CLM-007014,CUS-000955,FILED_BY
CLM-007014,DEV-000695,USES_DEVICE
CLM-007014,REP-000532,REPAIRED_BY
CLM-007015,CUS-000075,FILED_BY
CLM-007015,DEV-000715,USES_DEVICE
CLM-007015,REP-000569,REPAIRED_BY
CLM-007016,CUS-000792,FILED_BY
CLM-007016,DEV-001178,USES_DEVICE
CLM-007016,REP-000132,REPAIRED_BY
CLM-007017,CUS-000781,FILED_BY
CLM-007017,DEV-001178,USES_DEVICE
CLM-007017,REP-000132,REPAIRED_BY
CLM-007018,CUS-001699,FILED_BY
CLM-007018,DEV-001178,USES_DEVICE
CLM-007018,REP-000132,REPAIRED_BY
CLM-007019,CUS-000529,FILED_BY
CLM-007019,DEV-001178,USES_DEVICE
CLM-007019,REP-000132,REPAIRED_BY
CLM-007020,CUS-000813,FILED_BY
CLM-007020,DEV-000039,USES_DEVICE
CLM-007020,REP-000595,REPAIRED_BY
CLM-007021,CUS-002954,FILED_BY
CLM-007021,DEV-000039,USES_DEVICE
CLM-007021,REP-000595,REPAIRED_BY
CLM-007022,CUS-000312,FILED_BY
CLM-007022,DEV-000039,USES_DEVICE
CLM-007022,REP-000595,REPAIRED_BY
CLM-007023,CUS-002434,FILED_BY
CLM-007023,DEV-000679,USES_DEVICE
CLM-007023,REP-000340,REPAIRED_BY
CLM-007024,CUS-002432,FILED_BY
CLM-007024,DEV-000903,USES_DEVICE
CLM-007024,REP-000340,REPAIRED_BY
CLM-007025,CUS-001701,FILED_BY
CLM-007025,DEV-001424,USES_DEVICE
CLM-007025,REP-000340,REPAIRED_BY
CLM-007026,CUS-001686,FILED_BY
CLM-007026,DEV-002229,USES_DEVICE
CLM-007026,REP-000340,REPAIRED_BY
CLM-007027,CUS-001197,FILED_BY
CLM-007027,DEV-000427,USES_DEVICE
CLM-007027,REP-000640,REPAIRED_BY
CLM-007028,CUS-002672,FILED_BY
CLM-007028,DEV-000826,USES_DEVICE
CLM-007028,REP-000523,REPAIRED_BY
CLM-007029,CUS-000072,FILED_BY
CLM-007029,DEV-001247,USES_DEVICE
CLM-007029,REP-000010,REPAIRED_BY
CLM-007030,CUS-001003,FILED_BY
CLM-007030,DEV-001374,USES_DEVICE
CLM-007030,REP-000026,REPAIRED_BY
CLM-007031,CUS-001817,FILED_BY
CLM-007031,DEV-000378,USES_DEVICE
CLM-007031,REP-000356,REPAIRED_BY
CLM-007032,CUS-000567,FILED_BY
CLM-007032,DEV-000378,USES_DEVICE
CLM-007032,REP-000356,REPAIRED_BY
CLM-007033,CUS-001500,FILED_BY
CLM-007033,DEV-000378,USES_DEVICE
CLM-007033,REP-000356,REPAIRED_BY
CLM-007034,CUS-002205,FILED_BY
CLM-007034,DEV-000378,USES_DEVICE
CLM-007034,REP-000356,REPAIRED_BY
CLM-007035,CUS-002148,FILED_BY
CLM-007035,DEV-000475,USES_DEVICE
CLM-007035,REP-000068,REPAIRED_BY
CLM-007036,CUS-001693,FILED_BY
CLM-007036,DEV-000475,USES_DEVICE
CLM-007036,REP-000068,REPAIRED_BY
CLM-007037,CUS-000265,FILED_BY
CLM-007037,DEV-000475,USES_DEVICE
CLM-007037,REP-000068,REPAIRED_BY
CLM-007038,CUS-001563,FILED_BY
CLM-007038,DEV-000475,USES_DEVICE
CLM-007038,REP-000068,REPAIRED_BY
CLM-007039,CUS-001708,FILED_BY
CLM-007039,DEV-000475,USES_DEVICE
CLM-007039,REP-000068,REPAIRED_BY
CLM-007040,CUS-001367,FILED_BY
CLM-007040,DEV-002721,USES_DEVICE
CLM-007040,REP-000319,REPAIRED_BY
CLM-007041,CUS-000294,FILED_BY
CLM-007041,DEV-000624,USES_DEVICE
CLM-007041,REP-000319,REPAIRED_BY
CLM-007042,CUS-002308,FILED_BY
CLM-007042,DEV-002739,USES_DEVICE
CLM-007042,REP-000319,REPAIRED_BY
CLM-007043,CUS-001127,FILED_BY
CLM-007043,DEV-001268,USES_DEVICE
CLM-007043,REP-000319,REPAIRED_BY
CLM-007044,CUS-002996,FILED_BY
CLM-007044,DEV-001536,USES_DEVICE
CLM-007044,REP-000319,REPAIRED_BY
CLM-007045,CUS-001770,FILED_BY
CLM-007045,DEV-000301,USES_DEVICE
CLM-007045,REP-000319,REPAIRED_BY
CLM-007046,CUS-000393,FILED_BY
CLM-007046,DEV-000570,USES_DEVICE
CLM-007046,REP-000443,REPAIRED_BY
CLM-007047,CUS-000016,FILED_BY
CLM-007047,DEV-002739,USES_DEVICE
CLM-007047,REP-000001,REPAIRED_BY
CLM-007048,CUS-001496,FILED_BY
CLM-007048,DEV-000661,USES_DEVICE
CLM-007048,REP-000284,REPAIRED_BY
CLM-007049,CUS-000823,FILED_BY
CLM-007049,DEV-000329,USES_DEVICE
CLM-007049,REP-000116,REPAIRED_BY
CLM-007050,CUS-001524,FILED_BY
CLM-007050,DEV-000300,USES_DEVICE
CLM-007050,REP-000275,REPAIRED_BY
CLM-007051,CUS-002147,FILED_BY
CLM-007051,DEV-000695,USES_DEVICE
CLM-007051,REP-000554,REPAIRED_BY
CLM-007052,CUS-002759,FILED_BY
CLM-007052,DEV-000695,USES_DEVICE
CLM-007052,REP-000554,REPAIRED_BY
CLM-007053,CUS-001698,FILED_BY
CLM-007053,DEV-000695,USES_DEVICE
CLM-007053,REP-000554,REPAIRED_BY
CLM-007054,CUS-001243,FILED_BY
CLM-007054,DEV-000695,USES_DEVICE
CLM-007054,REP-000554,REPAIRED_BY
CLM-007055,CUS-001076,FILED_BY
CLM-007055,DEV-000695,USES_DEVICE
CLM-007055,REP-000554,REPAIRED_BY
CLM-007056,CUS-000631,FILED_BY
CLM-007056,DEV-000695,USES_DEVICE
CLM-007056,REP-000554,REPAIRED_BY
CLM-007057,CUS-000058,FILED_BY
CLM-007057,DEV-000391,USES_DEVICE
CLM-007057,REP-000272,REPAIRED_BY
CLM-007058,CUS-002915,FILED_BY
CLM-007058,DEV-000391,USES_DEVICE
CLM-007058,REP-000272,REPAIRED_BY
CLM-007059,CUS-001114,FILED_BY
CLM-007059,DEV-000391,USES_DEVICE
CLM-007059,REP-000272,REPAIRED_BY
CLM-007060,CUS-001370,FILED_BY
CLM-007060,DEV-000391,USES_DEVICE
CLM-007060,REP-000272,REPAIRED_BY
CLM-007061,CUS-000821,FILED_BY
CLM-007061,DEV-000391,USES_DEVICE
CLM-007061,REP-000272,REPAIRED_BY
CLM-007062,CUS-001801,FILED_BY
CLM-007062,DEV-002791,USES_DEVICE
CLM-007062,REP-000427,REPAIRED_BY
CLM-007063,CUS-001552,FILED_BY
CLM-007063,DEV-000977,USES_DEVICE
CLM-007063,REP-000427,REPAIRED_BY
CLM-007064,CUS-001081,FILED_BY
CLM-007064,DEV-002955,USES_DEVICE
CLM-007064,REP-000427,REPAIRED_BY
CLM-007065,CUS-001852,FILED_BY
CLM-007065,DEV-002156,USES_DEVICE
CLM-007065,REP-000427,REPAIRED_BY
CLM-007066,CUS-000007,FILED_BY
CLM-007066,DEV-000828,USES_DEVICE
CLM-007066,REP-000427,REPAIRED_BY
CLM-007067,CUS-001089,FILED_BY
CLM-007067,DEV-002629,USES_DEVICE
CLM-007067,REP-000278,REPAIRED_BY
CLM-007068,CUS-000322,FILED_BY
CLM-007068,DEV-000048,USES_DEVICE
CLM-007068,REP-000308,REPAIRED_BY
CLM-007069,CUS-001451,FILED_BY
CLM-007069,DEV-002670,USES_DEVICE
CLM-007069,REP-000124,REPAIRED_BY
CLM-007070,CUS-002238,FILED_BY
CLM-007070,DEV-000579,USES_DEVICE
CLM-007070,REP-000656,REPAIRED_BY
CLM-007071,CUS-001356,FILED_BY
CLM-007071,DEV-001429,USES_DEVICE
CLM-007071,REP-000013,REPAIRED_BY
CLM-007072,CUS-000105,FILED_BY
CLM-007072,DEV-001429,USES_DEVICE
CLM-007072,REP-000013,REPAIRED_BY
CLM-007073,CUS-002399,FILED_BY
CLM-007073,DEV-001429,USES_DEVICE
CLM-007073,REP-000013,REPAIRED_BY
CLM-007074,CUS-001448,FILED_BY
CLM-007074,DEV-001429,USES_DEVICE
CLM-007074,REP-000013,REPAIRED_BY
CLM-007075,CUS-000901,FILED_BY
CLM-007075,DEV-000721,USES_DEVICE
CLM-007075,REP-000544,REPAIRED_BY
CLM-007076,CUS-002893,FILED_BY
CLM-007076,DEV-000721,USES_DEVICE
CLM-007076,REP-000544,REPAIRED_BY
CLM-007077,CUS-000835,FILED_BY
CLM-007077,DEV-000721,USES_DEVICE
CLM-007077,REP-000544,REPAIRED_BY
CLM-007078,CUS-001989,FILED_BY
CLM-007078,DEV-002429,USES_DEVICE
CLM-007078,REP-000509,REPAIRED_BY
CLM-007079,CUS-000395,FILED_BY
CLM-007079,DEV-001086,USES_DEVICE
CLM-007079,REP-000509,REPAIRED_BY
CLM-007080,CUS-000363,FILED_BY
CLM-007080,DEV-002520,USES_DEVICE
CLM-007080,REP-000509,REPAIRED_BY
CLM-007081,CUS-002357,FILED_BY
CLM-007081,DEV-000932,USES_DEVICE
CLM-007081,REP-000509,REPAIRED_BY
CLM-007082,CUS-000686,FILED_BY
CLM-007082,DEV-001589,USES_DEVICE
CLM-007082,REP-000509,REPAIRED_BY
CLM-007083,CUS-002124,FILED_BY
CLM-007083,DEV-001596,USES_DEVICE
CLM-007083,REP-000564,REPAIRED_BY
CLM-007084,CUS-001416,FILED_BY
CLM-007084,DEV-001722,USES_DEVICE
CLM-007084,REP-000583,REPAIRED_BY
CLM-007085,CUS-001475,FILED_BY
CLM-007085,DEV-002360,USES_DEVICE
CLM-007085,REP-000089,REPAIRED_BY
CLM-007086,CUS-000740,FILED_BY
CLM-007086,DEV-000938,USES_DEVICE
CLM-007086,REP-000159,REPAIRED_BY
CLM-007087,CUS-002167,FILED_BY
CLM-007087,DEV-000938,USES_DEVICE
CLM-007087,REP-000159,REPAIRED_BY
CLM-007088,CUS-001860,FILED_BY
CLM-007088,DEV-000938,USES_DEVICE
CLM-007088,REP-000159,REPAIRED_BY
CLM-007089,CUS-001889,FILED_BY
CLM-007089,DEV-000938,USES_DEVICE
CLM-007089,REP-000159,REPAIRED_BY
CLM-007090,CUS-000974,FILED_BY
CLM-007090,DEV-000938,USES_DEVICE
CLM-007090,REP-000159,REPAIRED_BY
CLM-DEMO-001,CUS-000001,FILED_BY
CLM-DEMO-001,DEV-000001,USES_DEVICE
CLM-DEMO-001,REP-000001,REPAIRED_BY
CLM-007091,CUS-000002,FILED_BY
CLM-007091,DEV-000001,USES_DEVICE
CLM-007091,REP-000001,REPAIRED_BY
CLM-007092,CUS-000003,FILED_BY
CLM-007092,DEV-000001,USES_DEVICE
CLM-007092,REP-000001,REPAIRED_BY
CLM-007093,CUS-000004,FILED_BY
CLM-007093,DEV-000001,USES_DEVICE
CLM-007093,REP-000001,REPAIRED_BY
CUS-000144,ADR-001207,LOCATED_AT
CUS-000144,PAY-000144,PAID_WITH
CUS-001851,ADR-001318,LOCATED_AT
CUS-001851,PAY-001851,PAID_WITH
CUS-002133,ADR-000876,LOCATED_AT
CUS-002133,PAY-002133,PAID_WITH
CUS-001258,ADR-001599,LOCATED_AT
CUS-001258,PAY-001258,PAID_WITH
CUS-000032,ADR-000127,LOCATED_AT
CUS-000032,PAY-000032,PAID_WITH
CUS-002856,ADR-001138,LOCATED_AT
CUS-002856,PAY-002856,PAID_WITH
CUS-002615,ADR-001073,LOCATED_AT
CUS-002615,PAY-002615,PAID_WITH
CUS-001400,ADR-000300,LOCATED_AT
CUS-001400,PAY-001400,PAID_WITH
CUS-001990,ADR-000227,LOCATED_AT
CUS-001990,PAY-001990,PAID_WITH
CUS-000902,ADR-001080,LOCATED_AT
CUS-000902,PAY-000902,PAID_WITH
CUS-000784,ADR-000716,LOCATED_AT
CUS-000784,PAY-000784,PAID_WITH
CUS-001804,ADR-000752,LOCATED_AT
CUS-001804,PAY-001804,PAID_WITH
CUS-000387,ADR-001384,LOCATED_AT
CUS-000387,PAY-000387,PAID_WITH
CUS-002522,ADR-001399,LOCATED_AT
CUS-002522,PAY-002522,PAID_WITH
CUS-002976,ADR-000267,LOCATED_AT
CUS-002976,PAY-002976,PAID_WITH
CUS-002171,ADR-000134,LOCATED_AT
CUS-002171,PAY-002171,PAID_WITH
CUS-000596,ADR-000797,LOCATED_AT
CUS-000596,PAY-000596,PAID_WITH
CUS-002911,ADR-000653,LOCATED_AT
CUS-002911,PAY-002911,PAID_WITH
CUS-002760,ADR-001343,LOCATED_AT
CUS-002760,PAY-002760,PAID_WITH
CUS-002804,ADR-001628,LOCATED_AT
CUS-002804,PAY-002804,PAID_WITH
CUS-002028,ADR-001388,LOCATED_AT
CUS-002028,PAY-002028,PAID_WITH
CUS-002382,ADR-000646,LOCATED_AT
CUS-002382,PAY-002382,PAID_WITH
CUS-001262,ADR-001457,LOCATED_AT
CUS-001262,PAY-001262,PAID_WITH
CUS-000337,ADR-000689,LOCATED_AT
CUS-000337,PAY-000337,PAID_WITH
CUS-002187,ADR-000448,LOCATED_AT
CUS-002187,PAY-002187,PAID_WITH
CUS-000466,ADR-000334,LOCATED_AT
CUS-000466,PAY-000466,PAID_WITH
CUS-002614,ADR-000632,LOCATED_AT
CUS-002614,PAY-002614,PAID_WITH
CUS-002239,ADR-001555,LOCATED_AT
CUS-002239,PAY-002239,PAID_WITH
CUS-001106,ADR-001179,LOCATED_AT
CUS-001106,PAY-001106,PAID_WITH
CUS-002844,ADR-000517,LOCATED_AT
CUS-002844,PAY-002844,PAID_WITH
CUS-001639,ADR-001417,LOCATED_AT
CUS-001639,PAY-001639,PAID_WITH
CUS-002409,ADR-001751,LOCATED_AT
CUS-002409,PAY-002409,PAID_WITH
CUS-002551,ADR-000464,LOCATED_AT
CUS-002551,PAY-002551,PAID_WITH
CUS-000330,ADR-000840,LOCATED_AT
CUS-000330,PAY-000330,PAID_WITH
CUS-001318,ADR-001511,LOCATED_AT
CUS-001318,PAY-001318,PAID_WITH
CUS-002662,ADR-000924,LOCATED_AT
CUS-002662,PAY-002662,PAID_WITH
CUS-002774,ADR-001360,LOCATED_AT
CUS-002774,PAY-002774,PAID_WITH
CUS-002949,ADR-000977,LOCATED_AT
CUS-002949,PAY-002949,PAID_WITH
CUS-001143,ADR-001200,LOCATED_AT
CUS-001143,PAY-001143,PAID_WITH
CUS-002649,ADR-000949,LOCATED_AT
CUS-002649,PAY-002649,PAID_WITH
CUS-000331,ADR-000231,LOCATED_AT
CUS-000331,PAY-000331,PAID_WITH
CUS-002677,ADR-001249,LOCATED_AT
CUS-002677,PAY-002677,PAID_WITH
CUS-001000,ADR-000038,LOCATED_AT
CUS-001000,PAY-001000,PAID_WITH
CUS-001912,ADR-000057,LOCATED_AT
CUS-001912,PAY-001912,PAID_WITH
CUS-000688,ADR-001452,LOCATED_AT
CUS-000688,PAY-000688,PAID_WITH
CUS-001581,ADR-000643,LOCATED_AT
CUS-001581,PAY-001581,PAID_WITH
CUS-001384,ADR-001130,LOCATED_AT
CUS-001384,PAY-001384,PAID_WITH
CUS-000368,ADR-000646,LOCATED_AT
CUS-000368,PAY-000368,PAID_WITH
CUS-002349,ADR-001389,LOCATED_AT
CUS-002349,PAY-002349,PAID_WITH
CUS-001894,ADR-000458,LOCATED_AT
CUS-001894,PAY-001894,PAID_WITH
CUS-000463,ADR-001030,LOCATED_AT
CUS-000463,PAY-000463,PAID_WITH
CUS-001495,ADR-001035,LOCATED_AT
CUS-001495,PAY-001495,PAID_WITH
CUS-000676,ADR-000140,LOCATED_AT
CUS-000676,PAY-000676,PAID_WITH
CUS-000729,ADR-000742,LOCATED_AT
CUS-000729,PAY-000729,PAID_WITH
CUS-002560,ADR-001688,LOCATED_AT
CUS-002560,PAY-002560,PAID_WITH
CUS-001572,ADR-000769,LOCATED_AT
CUS-001572,PAY-001572,PAID_WITH
CUS-001380,ADR-000225,LOCATED_AT
CUS-001380,PAY-001380,PAID_WITH
CUS-002929,ADR-000640,LOCATED_AT
CUS-002929,PAY-002929,PAID_WITH
CUS-002284,ADR-001020,LOCATED_AT
CUS-002284,PAY-002284,PAID_WITH
CUS-002673,ADR-001622,LOCATED_AT
CUS-002673,PAY-002673,PAID_WITH
CUS-002684,ADR-001713,LOCATED_AT
CUS-002684,PAY-002684,PAID_WITH
CUS-000550,ADR-000915,LOCATED_AT
CUS-000550,PAY-000550,PAID_WITH
CUS-001631,ADR-000181,LOCATED_AT
CUS-001631,PAY-001631,PAID_WITH
CUS-002767,ADR-001512,LOCATED_AT
CUS-002767,PAY-002767,PAID_WITH
CUS-002130,ADR-000842,LOCATED_AT
CUS-002130,PAY-002130,PAID_WITH
CUS-002473,ADR-000786,LOCATED_AT
CUS-002473,PAY-002473,PAID_WITH
CUS-000638,ADR-000287,LOCATED_AT
CUS-000638,PAY-000638,PAID_WITH
CUS-000099,ADR-000806,LOCATED_AT
CUS-000099,PAY-000099,PAID_WITH
CUS-001918,ADR-000931,LOCATED_AT
CUS-001918,PAY-001918,PAID_WITH
CUS-001551,ADR-000846,LOCATED_AT
CUS-001551,PAY-001551,PAID_WITH
CUS-001328,ADR-001643,LOCATED_AT
CUS-001328,PAY-001328,PAID_WITH
CUS-000616,ADR-000389,LOCATED_AT
CUS-000616,PAY-000616,PAID_WITH
CUS-002092,ADR-001672,LOCATED_AT
CUS-002092,PAY-002092,PAID_WITH
CUS-001786,ADR-001529,LOCATED_AT
CUS-001786,PAY-001786,PAID_WITH
CUS-000489,ADR-001191,LOCATED_AT
CUS-000489,PAY-000489,PAID_WITH
CUS-000965,ADR-000852,LOCATED_AT
CUS-000965,PAY-000965,PAID_WITH
CUS-000433,ADR-000531,LOCATED_AT
CUS-000433,PAY-000433,PAID_WITH
CUS-001502,ADR-000527,LOCATED_AT
CUS-001502,PAY-001502,PAID_WITH
CUS-002796,ADR-001097,LOCATED_AT
CUS-002796,PAY-002796,PAID_WITH
CUS-000094,ADR-000203,LOCATED_AT
CUS-000094,PAY-000094,PAID_WITH
CUS-000073,ADR-000364,LOCATED_AT
CUS-000073,PAY-000073,PAID_WITH
CUS-000462,ADR-001177,LOCATED_AT
CUS-000462,PAY-000462,PAID_WITH
CUS-002410,ADR-000620,LOCATED_AT
CUS-002410,PAY-002410,PAID_WITH
CUS-000836,ADR-001348,LOCATED_AT
CUS-000836,PAY-000836,PAID_WITH
CUS-000868,ADR-000715,LOCATED_AT
CUS-000868,PAY-000868,PAID_WITH
CUS-000601,ADR-000412,LOCATED_AT
CUS-000601,PAY-000601,PAID_WITH
CUS-001871,ADR-000157,LOCATED_AT
CUS-001871,PAY-001871,PAID_WITH
CUS-002168,ADR-000123,LOCATED_AT
CUS-002168,PAY-002168,PAID_WITH
CUS-002364,ADR-000651,LOCATED_AT
CUS-002364,PAY-002364,PAID_WITH
CUS-001229,ADR-000712,LOCATED_AT
CUS-001229,PAY-001229,PAID_WITH
CUS-000731,ADR-001755,LOCATED_AT
CUS-000731,PAY-000731,PAID_WITH
CUS-000510,ADR-000150,LOCATED_AT
CUS-000510,PAY-000510,PAID_WITH
CUS-002209,ADR-000640,LOCATED_AT
CUS-002209,PAY-002209,PAID_WITH
CUS-002660,ADR-001297,LOCATED_AT
CUS-002660,PAY-002660,PAID_WITH
CUS-002469,ADR-001206,LOCATED_AT
CUS-002469,PAY-002469,PAID_WITH
CUS-002665,ADR-000695,LOCATED_AT
CUS-002665,PAY-002665,PAID_WITH
CUS-002176,ADR-000996,LOCATED_AT
CUS-002176,PAY-002176,PAID_WITH
CUS-002823,ADR-001080,LOCATED_AT
CUS-002823,PAY-002823,PAID_WITH
CUS-002454,ADR-000484,LOCATED_AT
CUS-002454,PAY-002454,PAID_WITH
CUS-000313,ADR-000434,LOCATED_AT
CUS-000313,PAY-000313,PAID_WITH
CUS-000007,ADR-001397,LOCATED_AT
CUS-000007,PAY-000007,PAID_WITH
CUS-001342,ADR-001629,LOCATED_AT
CUS-001342,PAY-001342,PAID_WITH
CUS-000467,ADR-000734,LOCATED_AT
CUS-000467,PAY-000467,PAID_WITH
CUS-000015,ADR-000606,LOCATED_AT
CUS-000015,PAY-000015,PAID_WITH
CUS-000883,ADR-001747,LOCATED_AT
CUS-000883,PAY-000883,PAID_WITH
CUS-001123,ADR-001569,LOCATED_AT
CUS-001123,PAY-001123,PAID_WITH
CUS-001138,ADR-000243,LOCATED_AT
CUS-001138,PAY-001138,PAID_WITH
CUS-000122,ADR-001269,LOCATED_AT
CUS-000122,PAY-000122,PAID_WITH
CUS-001018,ADR-000843,LOCATED_AT
CUS-001018,PAY-001018,PAID_WITH
CUS-001081,ADR-000409,LOCATED_AT
CUS-001081,PAY-001081,PAID_WITH
CUS-002788,ADR-001647,LOCATED_AT
CUS-002788,PAY-002788,PAID_WITH
CUS-000833,ADR-001438,LOCATED_AT
CUS-000833,PAY-000833,PAID_WITH
CUS-000625,ADR-001610,LOCATED_AT
CUS-000625,PAY-000625,PAID_WITH
CUS-000759,ADR-001800,LOCATED_AT
CUS-000759,PAY-000759,PAID_WITH
CUS-000615,ADR-000195,LOCATED_AT
CUS-000615,PAY-000615,PAID_WITH
CUS-002476,ADR-001648,LOCATED_AT
CUS-002476,PAY-002476,PAID_WITH
CUS-002307,ADR-001336,LOCATED_AT
CUS-002307,PAY-002307,PAID_WITH
CUS-002766,ADR-000006,LOCATED_AT
CUS-002766,PAY-002766,PAID_WITH
CUS-001080,ADR-000380,LOCATED_AT
CUS-001080,PAY-001080,PAID_WITH
CUS-001438,ADR-000927,LOCATED_AT
CUS-001438,PAY-001438,PAID_WITH
CUS-000392,ADR-000729,LOCATED_AT
CUS-000392,PAY-000392,PAID_WITH
CUS-000293,ADR-000528,LOCATED_AT
CUS-000293,PAY-000293,PAID_WITH
CUS-002735,ADR-000937,LOCATED_AT
CUS-002735,PAY-002735,PAID_WITH
CUS-000826,ADR-000139,LOCATED_AT
CUS-000826,PAY-000826,PAID_WITH
CUS-002282,ADR-001532,LOCATED_AT
CUS-002282,PAY-002282,PAID_WITH
CUS-002688,ADR-000108,LOCATED_AT
CUS-002688,PAY-002688,PAID_WITH
CUS-000436,ADR-000206,LOCATED_AT
CUS-000436,PAY-000436,PAID_WITH
CUS-002105,ADR-000947,LOCATED_AT
CUS-002105,PAY-002105,PAID_WITH
CUS-001556,ADR-001275,LOCATED_AT
CUS-001556,PAY-001556,PAID_WITH
CUS-000764,ADR-000209,LOCATED_AT
CUS-000764,PAY-000764,PAID_WITH
CUS-001275,ADR-000577,LOCATED_AT
CUS-001275,PAY-001275,PAID_WITH
CUS-002174,ADR-000498,LOCATED_AT
CUS-002174,PAY-002174,PAID_WITH
CUS-000292,ADR-001732,LOCATED_AT
CUS-000292,PAY-000292,PAID_WITH
CUS-001360,ADR-001644,LOCATED_AT
CUS-001360,PAY-001360,PAID_WITH
CUS-002303,ADR-000945,LOCATED_AT
CUS-002303,PAY-002303,PAID_WITH
CUS-000038,ADR-000116,LOCATED_AT
CUS-000038,PAY-000038,PAID_WITH
CUS-000898,ADR-001521,LOCATED_AT
CUS-000898,PAY-000898,PAID_WITH
CUS-000327,ADR-000183,LOCATED_AT
CUS-000327,PAY-000327,PAID_WITH
CUS-000982,ADR-001780,LOCATED_AT
CUS-000982,PAY-000982,PAID_WITH
CUS-001191,ADR-001479,LOCATED_AT
CUS-001191,PAY-001191,PAID_WITH
CUS-000710,ADR-000799,LOCATED_AT
CUS-000710,PAY-000710,PAID_WITH
CUS-000087,ADR-001223,LOCATED_AT
CUS-000087,PAY-000087,PAID_WITH
CUS-002243,ADR-000947,LOCATED_AT
CUS-002243,PAY-002243,PAID_WITH
CUS-002647,ADR-000961,LOCATED_AT
CUS-002647,PAY-002647,PAID_WITH
CUS-002573,ADR-001719,LOCATED_AT
CUS-002573,PAY-002573,PAID_WITH
CUS-002155,ADR-000418,LOCATED_AT
CUS-002155,PAY-002155,PAID_WITH
CUS-001520,ADR-000584,LOCATED_AT
CUS-001520,PAY-001520,PAID_WITH
CUS-001002,ADR-000194,LOCATED_AT
CUS-001002,PAY-001002,PAID_WITH
CUS-001493,ADR-000462,LOCATED_AT
CUS-001493,PAY-001493,PAID_WITH
CUS-002740,ADR-000173,LOCATED_AT
CUS-002740,PAY-002740,PAID_WITH
CUS-002185,ADR-000986,LOCATED_AT
CUS-002185,PAY-002185,PAID_WITH
CUS-001684,ADR-001483,LOCATED_AT
CUS-001684,PAY-001684,PAID_WITH
CUS-000076,ADR-000969,LOCATED_AT
CUS-000076,PAY-000076,PAID_WITH
CUS-000490,ADR-000508,LOCATED_AT
CUS-000490,PAY-000490,PAID_WITH
CUS-000506,ADR-001737,LOCATED_AT
CUS-000506,PAY-000506,PAID_WITH
CUS-001834,ADR-001682,LOCATED_AT
CUS-001834,PAY-001834,PAID_WITH
CUS-001789,ADR-000255,LOCATED_AT
CUS-001789,PAY-001789,PAID_WITH
CUS-002453,ADR-001215,LOCATED_AT
CUS-002453,PAY-002453,PAID_WITH
CUS-002539,ADR-000518,LOCATED_AT
CUS-002539,PAY-002539,PAID_WITH
CUS-000990,ADR-000790,LOCATED_AT
CUS-000990,PAY-000990,PAID_WITH
CUS-001513,ADR-000819,LOCATED_AT
CUS-001513,PAY-001513,PAID_WITH
CUS-000235,ADR-001440,LOCATED_AT
CUS-000235,PAY-000235,PAID_WITH
CUS-002951,ADR-000989,LOCATED_AT
CUS-002951,PAY-002951,PAID_WITH
CUS-002865,ADR-000719,LOCATED_AT
CUS-002865,PAY-002865,PAID_WITH
CUS-000655,ADR-001072,LOCATED_AT
CUS-000655,PAY-000655,PAID_WITH
CUS-002890,ADR-001383,LOCATED_AT
CUS-002890,PAY-002890,PAID_WITH
CUS-002254,ADR-000231,LOCATED_AT
CUS-002254,PAY-002254,PAID_WITH
CUS-000166,ADR-000037,LOCATED_AT
CUS-000166,PAY-000166,PAID_WITH
CUS-000180,ADR-000350,LOCATED_AT
CUS-000180,PAY-000180,PAID_WITH
CUS-000056,ADR-001230,LOCATED_AT
CUS-000056,PAY-000056,PAID_WITH
CUS-001890,ADR-001255,LOCATED_AT
CUS-001890,PAY-001890,PAID_WITH
CUS-002033,ADR-001324,LOCATED_AT
CUS-002033,PAY-002033,PAID_WITH
CUS-001331,ADR-001668,LOCATED_AT
CUS-001331,PAY-001331,PAID_WITH
CUS-001927,ADR-000818,LOCATED_AT
CUS-001927,PAY-001927,PAID_WITH
CUS-001424,ADR-000047,LOCATED_AT
CUS-001424,PAY-001424,PAID_WITH
CUS-002964,ADR-001465,LOCATED_AT
CUS-002964,PAY-002964,PAID_WITH
CUS-001129,ADR-000731,LOCATED_AT
CUS-001129,PAY-001129,PAID_WITH
CUS-000218,ADR-001800,LOCATED_AT
CUS-000218,PAY-000218,PAID_WITH
CUS-001610,ADR-000005,LOCATED_AT
CUS-001610,PAY-001610,PAID_WITH
CUS-001294,ADR-000876,LOCATED_AT
CUS-001294,PAY-001294,PAID_WITH
CUS-001973,ADR-000327,LOCATED_AT
CUS-001973,PAY-001973,PAID_WITH
CUS-000577,ADR-001207,LOCATED_AT
CUS-000577,PAY-000577,PAID_WITH
CUS-000944,ADR-000697,LOCATED_AT
CUS-000944,PAY-000944,PAID_WITH
CUS-001741,ADR-001440,LOCATED_AT
CUS-001741,PAY-001741,PAID_WITH
CUS-002639,ADR-000266,LOCATED_AT
CUS-002639,PAY-002639,PAID_WITH
CUS-000192,ADR-000358,LOCATED_AT
CUS-000192,PAY-000192,PAID_WITH
CUS-000017,ADR-001589,LOCATED_AT
CUS-000017,PAY-000017,PAID_WITH
CUS-002809,ADR-001608,LOCATED_AT
CUS-002809,PAY-002809,PAID_WITH
CUS-000165,ADR-001189,LOCATED_AT
CUS-000165,PAY-000165,PAID_WITH
CUS-000744,ADR-000284,LOCATED_AT
CUS-000744,PAY-000744,PAID_WITH
CUS-001363,ADR-001206,LOCATED_AT
CUS-001363,PAY-001363,PAID_WITH
CUS-000205,ADR-000138,LOCATED_AT
CUS-000205,PAY-000205,PAID_WITH
CUS-000682,ADR-000492,LOCATED_AT
CUS-000682,PAY-000682,PAID_WITH
CUS-001805,ADR-001190,LOCATED_AT
CUS-001805,PAY-001805,PAID_WITH
CUS-000248,ADR-000144,LOCATED_AT
CUS-000248,PAY-000248,PAID_WITH
CUS-002211,ADR-000886,LOCATED_AT
CUS-002211,PAY-002211,PAID_WITH
CUS-002166,ADR-001319,LOCATED_AT
CUS-002166,PAY-002166,PAID_WITH
CUS-000815,ADR-000386,LOCATED_AT
CUS-000815,PAY-000815,PAID_WITH
CUS-000311,ADR-000873,LOCATED_AT
CUS-000311,PAY-000311,PAID_WITH
CUS-001819,ADR-000176,LOCATED_AT
CUS-001819,PAY-001819,PAID_WITH
CUS-000067,ADR-001728,LOCATED_AT
CUS-000067,PAY-000067,PAID_WITH
CUS-002172,ADR-000361,LOCATED_AT
CUS-002172,PAY-002172,PAID_WITH
CUS-002066,ADR-001465,LOCATED_AT
CUS-002066,PAY-002066,PAID_WITH
CUS-000958,ADR-000329,LOCATED_AT
CUS-000958,PAY-000958,PAID_WITH
CUS-002751,ADR-000930,LOCATED_AT
CUS-002751,PAY-002751,PAID_WITH
CUS-000349,ADR-001237,LOCATED_AT
CUS-000349,PAY-000349,PAID_WITH
CUS-000319,ADR-000500,LOCATED_AT
CUS-000319,PAY-000319,PAID_WITH
CUS-002389,ADR-001577,LOCATED_AT
CUS-002389,PAY-002389,PAID_WITH
CUS-002244,ADR-000921,LOCATED_AT
CUS-002244,PAY-002244,PAID_WITH
CUS-001146,ADR-000400,LOCATED_AT
CUS-001146,PAY-001146,PAID_WITH
CUS-002421,ADR-000354,LOCATED_AT
CUS-002421,PAY-002421,PAID_WITH
CUS-000919,ADR-001064,LOCATED_AT
CUS-000919,PAY-000919,PAID_WITH
CUS-000111,ADR-001446,LOCATED_AT
CUS-000111,PAY-000111,PAID_WITH
CUS-000648,ADR-000606,LOCATED_AT
CUS-000648,PAY-000648,PAID_WITH
CUS-001697,ADR-001547,LOCATED_AT
CUS-001697,PAY-001697,PAID_WITH
CUS-002675,ADR-000340,LOCATED_AT
CUS-002675,PAY-002675,PAID_WITH
CUS-002101,ADR-001219,LOCATED_AT
CUS-002101,PAY-002101,PAID_WITH
CUS-000030,ADR-001469,LOCATED_AT
CUS-000030,PAY-000030,PAID_WITH
CUS-000226,ADR-001400,LOCATED_AT
CUS-000226,PAY-000226,PAID_WITH
CUS-002907,ADR-001391,LOCATED_AT
CUS-002907,PAY-002907,PAID_WITH
CUS-002510,ADR-000682,LOCATED_AT
CUS-002510,PAY-002510,PAID_WITH
CUS-002645,ADR-000552,LOCATED_AT
CUS-002645,PAY-002645,PAID_WITH
CUS-002963,ADR-000308,LOCATED_AT
CUS-002963,PAY-002963,PAID_WITH
CUS-001062,ADR-000263,LOCATED_AT
CUS-001062,PAY-001062,PAID_WITH
CUS-000640,ADR-000936,LOCATED_AT
CUS-000640,PAY-000640,PAID_WITH
CUS-000158,ADR-001343,LOCATED_AT
CUS-000158,PAY-000158,PAID_WITH
CUS-001418,ADR-001422,LOCATED_AT
CUS-001418,PAY-001418,PAID_WITH
CUS-002074,ADR-000465,LOCATED_AT
CUS-002074,PAY-002074,PAID_WITH
CUS-001544,ADR-001592,LOCATED_AT
CUS-001544,PAY-001544,PAID_WITH
CUS-000127,ADR-000811,LOCATED_AT
CUS-000127,PAY-000127,PAID_WITH
CUS-001427,ADR-001592,LOCATED_AT
CUS-001427,PAY-001427,PAID_WITH
CUS-001149,ADR-001751,LOCATED_AT
CUS-001149,PAY-001149,PAID_WITH
CUS-002845,ADR-001036,LOCATED_AT
CUS-002845,PAY-002845,PAID_WITH
CUS-002733,ADR-000766,LOCATED_AT
CUS-002733,PAY-002733,PAID_WITH
CUS-000719,ADR-001520,LOCATED_AT
CUS-000719,PAY-000719,PAID_WITH
CUS-002320,ADR-000422,LOCATED_AT
CUS-002320,PAY-002320,PAID_WITH
CUS-002958,ADR-001271,LOCATED_AT
CUS-002958,PAY-002958,PAID_WITH
CUS-002571,ADR-000790,LOCATED_AT
CUS-002571,PAY-002571,PAID_WITH
CUS-000450,ADR-000228,LOCATED_AT
CUS-000450,PAY-000450,PAID_WITH
CUS-003000,ADR-001673,LOCATED_AT
CUS-003000,PAY-003000,PAID_WITH
CUS-001231,ADR-000130,LOCATED_AT
CUS-001231,PAY-001231,PAID_WITH
CUS-002080,ADR-001314,LOCATED_AT
CUS-002080,PAY-002080,PAID_WITH
CUS-002018,ADR-000774,LOCATED_AT
CUS-002018,PAY-002018,PAID_WITH
CUS-002196,ADR-000213,LOCATED_AT
CUS-002196,PAY-002196,PAID_WITH
CUS-001549,ADR-001359,LOCATED_AT
CUS-001549,PAY-001549,PAID_WITH
CUS-000779,ADR-000917,LOCATED_AT
CUS-000779,PAY-000779,PAID_WITH
CUS-001947,ADR-000714,LOCATED_AT
CUS-001947,PAY-001947,PAID_WITH
CUS-002912,ADR-000690,LOCATED_AT
CUS-002912,PAY-002912,PAID_WITH
CUS-000787,ADR-000593,LOCATED_AT
CUS-000787,PAY-000787,PAID_WITH
CUS-001334,ADR-000859,LOCATED_AT
CUS-001334,PAY-001334,PAID_WITH
CUS-002906,ADR-000892,LOCATED_AT
CUS-002906,PAY-002906,PAID_WITH
CUS-001105,ADR-001713,LOCATED_AT
CUS-001105,PAY-001105,PAID_WITH
CUS-000457,ADR-000176,LOCATED_AT
CUS-000457,PAY-000457,PAID_WITH
CUS-000421,ADR-000909,LOCATED_AT
CUS-000421,PAY-000421,PAID_WITH
CUS-002745,ADR-001071,LOCATED_AT
CUS-002745,PAY-002745,PAID_WITH
CUS-000420,ADR-000277,LOCATED_AT
CUS-000420,PAY-000420,PAID_WITH
CUS-001530,ADR-000251,LOCATED_AT
CUS-001530,PAY-001530,PAID_WITH
CUS-000408,ADR-001113,LOCATED_AT
CUS-000408,PAY-000408,PAID_WITH
CUS-000291,ADR-001194,LOCATED_AT
CUS-000291,PAY-000291,PAID_WITH
CUS-002538,ADR-001759,LOCATED_AT
CUS-002538,PAY-002538,PAID_WITH
CUS-000190,ADR-000148,LOCATED_AT
CUS-000190,PAY-000190,PAID_WITH
CUS-001815,ADR-001163,LOCATED_AT
CUS-001815,PAY-001815,PAID_WITH
CUS-001162,ADR-000212,LOCATED_AT
CUS-001162,PAY-001162,PAID_WITH
CUS-001712,ADR-000603,LOCATED_AT
CUS-001712,PAY-001712,PAID_WITH
CUS-002818,ADR-000647,LOCATED_AT
CUS-002818,PAY-002818,PAID_WITH
CUS-002987,ADR-000620,LOCATED_AT
CUS-002987,PAY-002987,PAID_WITH
CUS-001921,ADR-000948,LOCATED_AT
CUS-001921,PAY-001921,PAID_WITH
CUS-002686,ADR-000182,LOCATED_AT
CUS-002686,PAY-002686,PAID_WITH
CUS-002513,ADR-000921,LOCATED_AT
CUS-002513,PAY-002513,PAID_WITH
CUS-000249,ADR-000811,LOCATED_AT
CUS-000249,PAY-000249,PAID_WITH
CUS-000555,ADR-001002,LOCATED_AT
CUS-000555,PAY-000555,PAID_WITH
CUS-002795,ADR-000399,LOCATED_AT
CUS-002795,PAY-002795,PAID_WITH
CUS-001354,ADR-000813,LOCATED_AT
CUS-001354,PAY-001354,PAID_WITH
CUS-002432,ADR-000204,LOCATED_AT
CUS-002432,PAY-002432,PAID_WITH
CUS-001161,ADR-000004,LOCATED_AT
CUS-001161,PAY-001161,PAID_WITH
CUS-001268,ADR-001480,LOCATED_AT
CUS-001268,PAY-001268,PAID_WITH
CUS-000774,ADR-000831,LOCATED_AT
CUS-000774,PAY-000774,PAID_WITH
CUS-001501,ADR-001756,LOCATED_AT
CUS-001501,PAY-001501,PAID_WITH
CUS-001420,ADR-000801,LOCATED_AT
CUS-001420,PAY-001420,PAID_WITH
CUS-000642,ADR-001128,LOCATED_AT
CUS-000642,PAY-000642,PAID_WITH
CUS-001978,ADR-001565,LOCATED_AT
CUS-001978,PAY-001978,PAID_WITH
CUS-000687,ADR-001672,LOCATED_AT
CUS-000687,PAY-000687,PAID_WITH
CUS-001920,ADR-001180,LOCATED_AT
CUS-001920,PAY-001920,PAID_WITH
CUS-002810,ADR-000248,LOCATED_AT
CUS-002810,PAY-002810,PAID_WITH
CUS-001806,ADR-001399,LOCATED_AT
CUS-001806,PAY-001806,PAID_WITH
CUS-002459,ADR-000167,LOCATED_AT
CUS-002459,PAY-002459,PAID_WITH
CUS-000502,ADR-000266,LOCATED_AT
CUS-000502,PAY-000502,PAID_WITH
CUS-002863,ADR-000663,LOCATED_AT
CUS-002863,PAY-002863,PAID_WITH
CUS-001433,ADR-001020,LOCATED_AT
CUS-001433,PAY-001433,PAID_WITH
CUS-001536,ADR-001298,LOCATED_AT
CUS-001536,PAY-001536,PAID_WITH
CUS-000912,ADR-000463,LOCATED_AT
CUS-000912,PAY-000912,PAID_WITH
CUS-000110,ADR-000364,LOCATED_AT
CUS-000110,PAY-000110,PAID_WITH
CUS-000632,ADR-001453,LOCATED_AT
CUS-000632,PAY-000632,PAID_WITH
CUS-000643,ADR-001741,LOCATED_AT
CUS-000643,PAY-000643,PAID_WITH
CUS-002115,ADR-000323,LOCATED_AT
CUS-002115,PAY-002115,PAID_WITH
CUS-001232,ADR-001305,LOCATED_AT
CUS-001232,PAY-001232,PAID_WITH
CUS-001460,ADR-001431,LOCATED_AT
CUS-001460,PAY-001460,PAID_WITH
CUS-001103,ADR-001477,LOCATED_AT
CUS-001103,PAY-001103,PAID_WITH
CUS-002753,ADR-000492,LOCATED_AT
CUS-002753,PAY-002753,PAID_WITH
CUS-001057,ADR-001129,LOCATED_AT
CUS-001057,PAY-001057,PAID_WITH
CUS-002965,ADR-000993,LOCATED_AT
CUS-002965,PAY-002965,PAID_WITH
CUS-001886,ADR-000938,LOCATED_AT
CUS-001886,PAY-001886,PAID_WITH
CUS-002897,ADR-001463,LOCATED_AT
CUS-002897,PAY-002897,PAID_WITH
CUS-002347,ADR-000921,LOCATED_AT
CUS-002347,PAY-002347,PAID_WITH
CUS-002177,ADR-001142,LOCATED_AT
CUS-002177,PAY-002177,PAID_WITH
CUS-001527,ADR-000078,LOCATED_AT
CUS-001527,PAY-001527,PAID_WITH
CUS-002491,ADR-001069,LOCATED_AT
CUS-002491,PAY-002491,PAID_WITH
CUS-002633,ADR-000268,LOCATED_AT
CUS-002633,PAY-002633,PAID_WITH
CUS-002904,ADR-000649,LOCATED_AT
CUS-002904,PAY-002904,PAID_WITH
CUS-002079,ADR-000602,LOCATED_AT
CUS-002079,PAY-002079,PAID_WITH
CUS-001392,ADR-001074,LOCATED_AT
CUS-001392,PAY-001392,PAID_WITH
CUS-001960,ADR-001415,LOCATED_AT
CUS-001960,PAY-001960,PAID_WITH
CUS-002131,ADR-000635,LOCATED_AT
CUS-002131,PAY-002131,PAID_WITH
CUS-001678,ADR-000977,LOCATED_AT
CUS-001678,PAY-001678,PAID_WITH
CUS-001942,ADR-001081,LOCATED_AT
CUS-001942,PAY-001942,PAID_WITH
CUS-002813,ADR-000146,LOCATED_AT
CUS-002813,PAY-002813,PAID_WITH
CUS-000959,ADR-000697,LOCATED_AT
CUS-000959,PAY-000959,PAID_WITH
CUS-001261,ADR-001530,LOCATED_AT
CUS-001261,PAY-001261,PAID_WITH
CUS-000978,ADR-001630,LOCATED_AT
CUS-000978,PAY-000978,PAID_WITH
CUS-001936,ADR-001050,LOCATED_AT
CUS-001936,PAY-001936,PAID_WITH
CUS-001009,ADR-000936,LOCATED_AT
CUS-001009,PAY-001009,PAID_WITH
CUS-000895,ADR-000111,LOCATED_AT
CUS-000895,PAY-000895,PAID_WITH
CUS-002668,ADR-000618,LOCATED_AT
CUS-002668,PAY-002668,PAID_WITH
CUS-002042,ADR-001335,LOCATED_AT
CUS-002042,PAY-002042,PAID_WITH
CUS-002803,ADR-001443,LOCATED_AT
CUS-002803,PAY-002803,PAID_WITH
CUS-002108,ADR-001389,LOCATED_AT
CUS-002108,PAY-002108,PAID_WITH
CUS-002219,ADR-000284,LOCATED_AT
CUS-002219,PAY-002219,PAID_WITH
CUS-001395,ADR-001508,LOCATED_AT
CUS-001395,PAY-001395,PAID_WITH
CUS-001615,ADR-000176,LOCATED_AT
CUS-001615,PAY-001615,PAID_WITH
CUS-000741,ADR-000759,LOCATED_AT
CUS-000741,PAY-000741,PAID_WITH
CUS-002127,ADR-001496,LOCATED_AT
CUS-002127,PAY-002127,PAID_WITH
CUS-002262,ADR-001121,LOCATED_AT
CUS-002262,PAY-002262,PAID_WITH
CUS-000470,ADR-000367,LOCATED_AT
CUS-000470,PAY-000470,PAID_WITH
CUS-001277,ADR-000871,LOCATED_AT
CUS-001277,PAY-001277,PAID_WITH
CUS-002697,ADR-000689,LOCATED_AT
CUS-002697,PAY-002697,PAID_WITH
CUS-002380,ADR-000417,LOCATED_AT
CUS-002380,PAY-002380,PAID_WITH
CUS-000546,ADR-000742,LOCATED_AT
CUS-000546,PAY-000546,PAID_WITH
CUS-001690,ADR-001591,LOCATED_AT
CUS-001690,PAY-001690,PAID_WITH
CUS-000486,ADR-001589,LOCATED_AT
CUS-000486,PAY-000486,PAID_WITH
CUS-001559,ADR-001567,LOCATED_AT
CUS-001559,PAY-001559,PAID_WITH
CUS-000221,ADR-000163,LOCATED_AT
CUS-000221,PAY-000221,PAID_WITH
CUS-001030,ADR-001127,LOCATED_AT
CUS-001030,PAY-001030,PAID_WITH
CUS-000154,ADR-001474,LOCATED_AT
CUS-000154,PAY-000154,PAID_WITH
CUS-000041,ADR-001589,LOCATED_AT
CUS-000041,PAY-000041,PAID_WITH
CUS-002789,ADR-000997,LOCATED_AT
CUS-002789,PAY-002789,PAID_WITH
CUS-000021,ADR-000037,LOCATED_AT
CUS-000021,PAY-000021,PAID_WITH
CUS-002623,ADR-000008,LOCATED_AT
CUS-002623,PAY-002623,PAID_WITH
CUS-002666,ADR-000241,LOCATED_AT
CUS-002666,PAY-002666,PAID_WITH
CUS-002868,ADR-001465,LOCATED_AT
CUS-002868,PAY-002868,PAID_WITH
CUS-002089,ADR-000471,LOCATED_AT
CUS-002089,PAY-002089,PAID_WITH
CUS-001457,ADR-000835,LOCATED_AT
CUS-001457,PAY-001457,PAID_WITH
CUS-001186,ADR-000442,LOCATED_AT
CUS-001186,PAY-001186,PAID_WITH
CUS-000717,ADR-000503,LOCATED_AT
CUS-000717,PAY-000717,PAID_WITH
CUS-002574,ADR-000697,LOCATED_AT
CUS-002574,PAY-002574,PAID_WITH
CUS-002801,ADR-000355,LOCATED_AT
CUS-002801,PAY-002801,PAID_WITH
CUS-002335,ADR-000951,LOCATED_AT
CUS-002335,PAY-002335,PAID_WITH
CUS-000096,ADR-000862,LOCATED_AT
CUS-000096,PAY-000096,PAID_WITH
CUS-002554,ADR-001138,LOCATED_AT
CUS-002554,PAY-002554,PAID_WITH
CUS-002162,ADR-000788,LOCATED_AT
CUS-002162,PAY-002162,PAID_WITH
CUS-001760,ADR-001497,LOCATED_AT
CUS-001760,PAY-001760,PAID_WITH
CUS-000321,ADR-000222,LOCATED_AT
CUS-000321,PAY-000321,PAID_WITH
CUS-001450,ADR-000437,LOCATED_AT
CUS-001450,PAY-001450,PAID_WITH
CUS-000621,ADR-000745,LOCATED_AT
CUS-000621,PAY-000621,PAID_WITH
CUS-001933,ADR-001186,LOCATED_AT
CUS-001933,PAY-001933,PAID_WITH
CUS-002041,ADR-000493,LOCATED_AT
CUS-002041,PAY-002041,PAID_WITH
CUS-002456,ADR-001522,LOCATED_AT
CUS-002456,PAY-002456,PAID_WITH
CUS-000637,ADR-000288,LOCATED_AT
CUS-000637,PAY-000637,PAID_WITH
CUS-000992,ADR-000940,LOCATED_AT
CUS-000992,PAY-000992,PAID_WITH
CUS-001281,ADR-000361,LOCATED_AT
CUS-001281,PAY-001281,PAID_WITH
CUS-000767,ADR-001253,LOCATED_AT
CUS-000767,PAY-000767,PAID_WITH
CUS-002225,ADR-001240,LOCATED_AT
CUS-002225,PAY-002225,PAID_WITH
CUS-001677,ADR-001605,LOCATED_AT
CUS-001677,PAY-001677,PAID_WITH
CUS-000752,ADR-001178,LOCATED_AT
CUS-000752,PAY-000752,PAID_WITH
CUS-000395,ADR-000060,LOCATED_AT
CUS-000395,PAY-000395,PAID_WITH
CUS-000088,ADR-000026,LOCATED_AT
CUS-000088,PAY-000088,PAID_WITH
CUS-001282,ADR-001476,LOCATED_AT
CUS-001282,PAY-001282,PAID_WITH
CUS-002479,ADR-000695,LOCATED_AT
CUS-002479,PAY-002479,PAID_WITH
CUS-002648,ADR-000513,LOCATED_AT
CUS-002648,PAY-002648,PAID_WITH
CUS-002706,ADR-001677,LOCATED_AT
CUS-002706,PAY-002706,PAID_WITH
CUS-001456,ADR-000487,LOCATED_AT
CUS-001456,PAY-001456,PAID_WITH
CUS-001190,ADR-000712,LOCATED_AT
CUS-001190,PAY-001190,PAID_WITH
CUS-002933,ADR-001403,LOCATED_AT
CUS-002933,PAY-002933,PAID_WITH
CUS-001468,ADR-000649,LOCATED_AT
CUS-001468,PAY-001468,PAID_WITH
CUS-000035,ADR-000629,LOCATED_AT
CUS-000035,PAY-000035,PAID_WITH
CUS-001750,ADR-001486,LOCATED_AT
CUS-001750,PAY-001750,PAID_WITH
CUS-000996,ADR-001079,LOCATED_AT
CUS-000996,PAY-000996,PAID_WITH
CUS-002073,ADR-000113,LOCATED_AT
CUS-002073,PAY-002073,PAID_WITH
CUS-001972,ADR-000965,LOCATED_AT
CUS-001972,PAY-001972,PAID_WITH
CUS-002125,ADR-000565,LOCATED_AT
CUS-002125,PAY-002125,PAID_WITH
CUS-000370,ADR-000357,LOCATED_AT
CUS-000370,PAY-000370,PAID_WITH
CUS-000178,ADR-000503,LOCATED_AT
CUS-000178,PAY-000178,PAID_WITH
CUS-001406,ADR-001765,LOCATED_AT
CUS-001406,PAY-001406,PAID_WITH
CUS-000447,ADR-000436,LOCATED_AT
CUS-000447,PAY-000447,PAID_WITH
CUS-001605,ADR-000703,LOCATED_AT
CUS-001605,PAY-001605,PAID_WITH
CUS-002797,ADR-000480,LOCATED_AT
CUS-002797,PAY-002797,PAID_WITH
CUS-001221,ADR-001259,LOCATED_AT
CUS-001221,PAY-001221,PAID_WITH
CUS-002596,ADR-001441,LOCATED_AT
CUS-002596,PAY-002596,PAID_WITH
CUS-002726,ADR-001196,LOCATED_AT
CUS-002726,PAY-002726,PAID_WITH
CUS-001998,ADR-000189,LOCATED_AT
CUS-001998,PAY-001998,PAID_WITH
CUS-001195,ADR-000523,LOCATED_AT
CUS-001195,PAY-001195,PAID_WITH
CUS-000501,ADR-001084,LOCATED_AT
CUS-000501,PAY-000501,PAID_WITH
CUS-002533,ADR-001696,LOCATED_AT
CUS-002533,PAY-002533,PAID_WITH
CUS-001085,ADR-001125,LOCATED_AT
CUS-001085,PAY-001085,PAID_WITH
CUS-002878,ADR-001490,LOCATED_AT
CUS-002878,PAY-002878,PAID_WITH
CUS-001459,ADR-000125,LOCATED_AT
CUS-001459,PAY-001459,PAID_WITH
CUS-001670,ADR-000759,LOCATED_AT
CUS-001670,PAY-001670,PAID_WITH
CUS-001725,ADR-001218,LOCATED_AT
CUS-001725,PAY-001725,PAID_WITH
CUS-002891,ADR-001073,LOCATED_AT
CUS-002891,PAY-002891,PAID_WITH
CUS-001321,ADR-001280,LOCATED_AT
CUS-001321,PAY-001321,PAID_WITH
CUS-001961,ADR-001360,LOCATED_AT
CUS-001961,PAY-001961,PAID_WITH
CUS-002535,ADR-001271,LOCATED_AT
CUS-002535,PAY-002535,PAID_WITH
CUS-002178,ADR-001441,LOCATED_AT
CUS-002178,PAY-002178,PAID_WITH
CUS-000277,ADR-001199,LOCATED_AT
CUS-000277,PAY-000277,PAID_WITH
CUS-000720,ADR-001012,LOCATED_AT
CUS-000720,PAY-000720,PAID_WITH
CUS-002952,ADR-000860,LOCATED_AT
CUS-002952,PAY-002952,PAID_WITH
CUS-002839,ADR-000126,LOCATED_AT
CUS-002839,PAY-002839,PAID_WITH
CUS-002811,ADR-001600,LOCATED_AT
CUS-002811,PAY-002811,PAID_WITH
CUS-000369,ADR-000453,LOCATED_AT
CUS-000369,PAY-000369,PAID_WITH
CUS-000769,ADR-000441,LOCATED_AT
CUS-000769,PAY-000769,PAID_WITH
CUS-001905,ADR-000748,LOCATED_AT
CUS-001905,PAY-001905,PAID_WITH
CUS-002468,ADR-000867,LOCATED_AT
CUS-002468,PAY-002468,PAID_WITH
CUS-002118,ADR-000379,LOCATED_AT
CUS-002118,PAY-002118,PAID_WITH
CUS-000398,ADR-001620,LOCATED_AT
CUS-000398,PAY-000398,PAID_WITH
CUS-000325,ADR-000045,LOCATED_AT
CUS-000325,PAY-000325,PAID_WITH
CUS-001723,ADR-000371,LOCATED_AT
CUS-001723,PAY-001723,PAID_WITH
CUS-000095,ADR-001527,LOCATED_AT
CUS-000095,PAY-000095,PAID_WITH
CUS-001462,ADR-000690,LOCATED_AT
CUS-001462,PAY-001462,PAID_WITH
CUS-000647,ADR-000287,LOCATED_AT
CUS-000647,PAY-000647,PAID_WITH
CUS-001935,ADR-001249,LOCATED_AT
CUS-001935,PAY-001935,PAID_WITH
CUS-002833,ADR-001149,LOCATED_AT
CUS-002833,PAY-002833,PAID_WITH
CUS-002612,ADR-000380,LOCATED_AT
CUS-002612,PAY-002612,PAID_WITH
CUS-000991,ADR-001274,LOCATED_AT
CUS-000991,PAY-000991,PAID_WITH
CUS-002655,ADR-001055,LOCATED_AT
CUS-002655,PAY-002655,PAID_WITH
CUS-002953,ADR-000824,LOCATED_AT
CUS-002953,PAY-002953,PAID_WITH
CUS-002780,ADR-000367,LOCATED_AT
CUS-002780,PAY-002780,PAID_WITH
CUS-000963,ADR-000045,LOCATED_AT
CUS-000963,PAY-000963,PAID_WITH
CUS-002636,ADR-001269,LOCATED_AT
CUS-002636,PAY-002636,PAID_WITH
CUS-001989,ADR-001091,LOCATED_AT
CUS-001989,PAY-001989,PAID_WITH
CUS-001251,ADR-000632,LOCATED_AT
CUS-001251,PAY-001251,PAID_WITH
CUS-002819,ADR-001197,LOCATED_AT
CUS-002819,PAY-002819,PAID_WITH
CUS-001599,ADR-000125,LOCATED_AT
CUS-001599,PAY-001599,PAID_WITH
CUS-002831,ADR-001493,LOCATED_AT
CUS-002831,PAY-002831,PAID_WITH
CUS-001780,ADR-000857,LOCATED_AT
CUS-001780,PAY-001780,PAID_WITH
CUS-002333,ADR-000728,LOCATED_AT
CUS-002333,PAY-002333,PAID_WITH
CUS-001356,ADR-001239,LOCATED_AT
CUS-001356,PAY-001271,PAID_WITH
CUS-002069,ADR-001016,LOCATED_AT
CUS-002069,PAY-002069,PAID_WITH
CUS-002631,ADR-001364,LOCATED_AT
CUS-002631,PAY-002631,PAID_WITH
CUS-002060,ADR-001239,LOCATED_AT
CUS-002060,PAY-002060,PAID_WITH
CUS-002606,ADR-001240,LOCATED_AT
CUS-002606,PAY-002606,PAID_WITH
CUS-002355,ADR-001413,LOCATED_AT
CUS-002355,PAY-002355,PAID_WITH
CUS-000505,ADR-001184,LOCATED_AT
CUS-000505,PAY-000505,PAID_WITH
CUS-001525,ADR-001203,LOCATED_AT
CUS-001525,PAY-001525,PAID_WITH
CUS-001616,ADR-000576,LOCATED_AT
CUS-001616,PAY-001616,PAID_WITH
CUS-001937,ADR-000115,LOCATED_AT
CUS-001937,PAY-001937,PAID_WITH
CUS-000981,ADR-000107,LOCATED_AT
CUS-000981,PAY-000981,PAID_WITH
CUS-002988,ADR-000653,LOCATED_AT
CUS-002988,PAY-002988,PAID_WITH
CUS-001412,ADR-001793,LOCATED_AT
CUS-001412,PAY-001412,PAID_WITH
CUS-001931,ADR-000801,LOCATED_AT
CUS-001931,PAY-001931,PAID_WITH
CUS-002248,ADR-000998,LOCATED_AT
CUS-002248,PAY-002248,PAID_WITH
CUS-000222,ADR-000732,LOCATED_AT
CUS-000222,PAY-000222,PAID_WITH
CUS-002438,ADR-001456,LOCATED_AT
CUS-002438,PAY-002438,PAID_WITH
CUS-002632,ADR-001535,LOCATED_AT
CUS-002632,PAY-002632,PAID_WITH
CUS-002128,ADR-000567,LOCATED_AT
CUS-002128,PAY-002128,PAID_WITH
CUS-000357,ADR-001789,LOCATED_AT
CUS-000357,PAY-000357,PAID_WITH
CUS-001734,ADR-000754,LOCATED_AT
CUS-001734,PAY-001734,PAID_WITH
CUS-000013,ADR-001789,LOCATED_AT
CUS-000013,PAY-000013,PAID_WITH
CUS-000738,ADR-001453,LOCATED_AT
CUS-000738,PAY-000738,PAID_WITH
CUS-001880,ADR-000922,LOCATED_AT
CUS-001880,PAY-001880,PAID_WITH
CUS-002497,ADR-000880,LOCATED_AT
CUS-002497,PAY-002497,PAID_WITH
CUS-002230,ADR-001444,LOCATED_AT
CUS-002230,PAY-002230,PAID_WITH
CUS-001243,ADR-001024,LOCATED_AT
CUS-001243,PAY-002903,PAID_WITH
CUS-000333,ADR-001385,LOCATED_AT
CUS-000333,PAY-000333,PAID_WITH
CUS-001902,ADR-001462,LOCATED_AT
CUS-001902,PAY-001902,PAID_WITH
CUS-000690,ADR-000228,LOCATED_AT
CUS-000690,PAY-000690,PAID_WITH
CUS-002872,ADR-001225,LOCATED_AT
CUS-002872,PAY-002872,PAID_WITH
CUS-000227,ADR-001021,LOCATED_AT
CUS-000227,PAY-000227,PAID_WITH
CUS-002526,ADR-000154,LOCATED_AT
CUS-002526,PAY-002526,PAID_WITH
CUS-001151,ADR-000120,LOCATED_AT
CUS-001151,PAY-001151,PAID_WITH
CUS-002781,ADR-001679,LOCATED_AT
CUS-002781,PAY-002781,PAID_WITH
CUS-001820,ADR-000481,LOCATED_AT
CUS-001820,PAY-001820,PAID_WITH
CUS-001170,ADR-001016,LOCATED_AT
CUS-001170,PAY-001170,PAID_WITH
CUS-000865,ADR-001596,LOCATED_AT
CUS-000865,PAY-000865,PAID_WITH
CUS-002136,ADR-001022,LOCATED_AT
CUS-002136,PAY-002136,PAID_WITH
CUS-000595,ADR-001629,LOCATED_AT
CUS-000595,PAY-000595,PAID_WITH
CUS-002313,ADR-000970,LOCATED_AT
CUS-002313,PAY-002313,PAID_WITH
CUS-000132,ADR-001315,LOCATED_AT
CUS-000132,PAY-000132,PAID_WITH
CUS-002616,ADR-001314,LOCATED_AT
CUS-002616,PAY-002616,PAID_WITH
CUS-001554,ADR-000177,LOCATED_AT
CUS-001554,PAY-001554,PAID_WITH
CUS-001523,ADR-001442,LOCATED_AT
CUS-001523,PAY-001523,PAID_WITH
CUS-002287,ADR-000111,LOCATED_AT
CUS-002287,PAY-002287,PAID_WITH
CUS-000162,ADR-000037,LOCATED_AT
CUS-000162,PAY-000162,PAID_WITH
CUS-002783,ADR-000598,LOCATED_AT
CUS-002783,PAY-002783,PAID_WITH
CUS-001830,ADR-000095,LOCATED_AT
CUS-001830,PAY-001830,PAID_WITH
CUS-001066,ADR-001513,LOCATED_AT
CUS-001066,PAY-001066,PAID_WITH
CUS-001189,ADR-001161,LOCATED_AT
CUS-001189,PAY-001189,PAID_WITH
CUS-001133,ADR-000608,LOCATED_AT
CUS-001133,PAY-001133,PAID_WITH
CUS-001675,ADR-000629,LOCATED_AT
CUS-001675,PAY-001675,PAID_WITH
CUS-001157,ADR-001146,LOCATED_AT
CUS-001157,PAY-001157,PAID_WITH
CUS-002850,ADR-001798,LOCATED_AT
CUS-002850,PAY-002850,PAID_WITH
CUS-000783,ADR-001178,LOCATED_AT
CUS-000783,PAY-000783,PAID_WITH
CUS-001576,ADR-001550,LOCATED_AT
CUS-001576,PAY-001576,PAID_WITH
CUS-000573,ADR-000177,LOCATED_AT
CUS-000573,PAY-000573,PAID_WITH
CUS-002587,ADR-000189,LOCATED_AT
CUS-002587,PAY-002587,PAID_WITH
CUS-001410,ADR-000333,LOCATED_AT
CUS-001410,PAY-001410,PAID_WITH
CUS-000220,ADR-001647,LOCATED_AT
CUS-000220,PAY-000220,PAID_WITH
CUS-000750,ADR-001766,LOCATED_AT
CUS-000750,PAY-000750,PAID_WITH
CUS-000591,ADR-000858,LOCATED_AT
CUS-000591,PAY-000591,PAID_WITH
CUS-002299,ADR-001159,LOCATED_AT
CUS-002299,PAY-002299,PAID_WITH
CUS-000070,ADR-000127,LOCATED_AT
CUS-000070,PAY-000070,PAID_WITH
CUS-002901,ADR-000544,LOCATED_AT
CUS-002901,PAY-002901,PAID_WITH
CUS-002875,ADR-000694,LOCATED_AT
CUS-002875,PAY-002875,PAID_WITH
CUS-002030,ADR-000158,LOCATED_AT
CUS-002030,PAY-002030,PAID_WITH
CUS-002561,ADR-000668,LOCATED_AT
CUS-002561,PAY-002561,PAID_WITH
CUS-002567,ADR-001251,LOCATED_AT
CUS-002567,PAY-002567,PAID_WITH
CUS-000517,ADR-001683,LOCATED_AT
CUS-000517,PAY-000517,PAID_WITH
CUS-001538,ADR-001516,LOCATED_AT
CUS-001538,PAY-001538,PAID_WITH
CUS-001943,ADR-001373,LOCATED_AT
CUS-001943,PAY-001943,PAID_WITH
CUS-002546,ADR-000215,LOCATED_AT
CUS-002546,PAY-002546,PAID_WITH
CUS-001043,ADR-001142,LOCATED_AT
CUS-001043,PAY-001043,PAID_WITH
CUS-000974,ADR-001477,LOCATED_AT
CUS-000974,PAY-002905,PAID_WITH
CUS-002455,ADR-001477,LOCATED_AT
CUS-002455,PAY-002455,PAID_WITH
CUS-002910,ADR-001534,LOCATED_AT
CUS-002910,PAY-002910,PAID_WITH
CUS-002914,ADR-001555,LOCATED_AT
CUS-002914,PAY-002914,PAID_WITH
CUS-001731,ADR-000786,LOCATED_AT
CUS-001731,PAY-001731,PAID_WITH
CUS-001829,ADR-000562,LOCATED_AT
CUS-001829,PAY-001829,PAID_WITH
CUS-001141,ADR-000322,LOCATED_AT
CUS-001141,PAY-001141,PAID_WITH
CUS-000518,ADR-000455,LOCATED_AT
CUS-000518,PAY-000518,PAID_WITH
CUS-000214,ADR-000182,LOCATED_AT
CUS-000214,PAY-000214,PAID_WITH
CUS-000768,ADR-000741,LOCATED_AT
CUS-000768,PAY-000768,PAID_WITH
CUS-000071,ADR-001004,LOCATED_AT
CUS-000071,PAY-000071,PAID_WITH
CUS-000736,ADR-000031,LOCATED_AT
CUS-000736,PAY-000736,PAID_WITH
CUS-000521,ADR-001771,LOCATED_AT
CUS-000521,PAY-000521,PAID_WITH
CUS-000910,ADR-000306,LOCATED_AT
CUS-000910,PAY-000910,PAID_WITH
CUS-002496,ADR-000765,LOCATED_AT
CUS-002496,PAY-002496,PAID_WITH
CUS-000860,ADR-000240,LOCATED_AT
CUS-000860,PAY-000860,PAID_WITH
CUS-000228,ADR-000164,LOCATED_AT
CUS-000228,PAY-000228,PAID_WITH
CUS-001596,ADR-001210,LOCATED_AT
CUS-001596,PAY-001596,PAID_WITH
CUS-001312,ADR-000651,LOCATED_AT
CUS-001312,PAY-001312,PAID_WITH
CUS-001944,ADR-000062,LOCATED_AT
CUS-001944,PAY-001944,PAID_WITH
CUS-002500,ADR-001094,LOCATED_AT
CUS-002500,PAY-002500,PAID_WITH
CUS-000215,ADR-000181,LOCATED_AT
CUS-000215,PAY-000215,PAID_WITH
CUS-001842,ADR-000386,LOCATED_AT
CUS-001842,PAY-001842,PAID_WITH
CUS-001403,ADR-001705,LOCATED_AT
CUS-001403,PAY-001403,PAID_WITH
CUS-002165,ADR-001053,LOCATED_AT
CUS-002165,PAY-002165,PAID_WITH
CUS-000448,ADR-000579,LOCATED_AT
CUS-000448,PAY-000448,PAID_WITH
CUS-001785,ADR-000346,LOCATED_AT
CUS-001785,PAY-001785,PAID_WITH
CUS-002394,ADR-001381,LOCATED_AT
CUS-002394,PAY-002394,PAID_WITH
CUS-002153,ADR-000235,LOCATED_AT
CUS-002153,PAY-002153,PAID_WITH
CUS-000273,ADR-000068,LOCATED_AT
CUS-000273,PAY-000273,PAID_WITH
CUS-002076,ADR-001263,LOCATED_AT
CUS-002076,PAY-002076,PAID_WITH
CUS-002014,ADR-001666,LOCATED_AT
CUS-002014,PAY-002014,PAID_WITH
CUS-001898,ADR-000027,LOCATED_AT
CUS-001898,PAY-001898,PAID_WITH
CUS-001562,ADR-000593,LOCATED_AT
CUS-001562,PAY-001562,PAID_WITH
CUS-002944,ADR-000788,LOCATED_AT
CUS-002944,PAY-002944,PAID_WITH
CUS-002106,ADR-000430,LOCATED_AT
CUS-002106,PAY-002106,PAID_WITH
CUS-001563,ADR-000729,LOCATED_AT
CUS-001563,PAY-001563,PAID_WITH
CUS-001733,ADR-000903,LOCATED_AT
CUS-001733,PAY-001733,PAID_WITH
CUS-001205,ADR-001392,LOCATED_AT
CUS-001205,PAY-001205,PAID_WITH
CUS-001374,ADR-001635,LOCATED_AT
CUS-001374,PAY-001374,PAID_WITH
CUS-000338,ADR-000893,LOCATED_AT
CUS-000338,PAY-000338,PAID_WITH
CUS-002516,ADR-000452,LOCATED_AT
CUS-002516,PAY-002516,PAID_WITH
CUS-002583,ADR-001153,LOCATED_AT
CUS-002583,PAY-002583,PAID_WITH
CUS-001991,ADR-000645,LOCATED_AT
CUS-001991,PAY-001991,PAID_WITH
CUS-002736,ADR-000226,LOCATED_AT
CUS-002736,PAY-002736,PAID_WITH
CUS-001434,ADR-001147,LOCATED_AT
CUS-001434,PAY-001434,PAID_WITH
CUS-002227,ADR-000576,LOCATED_AT
CUS-002227,PAY-002227,PAID_WITH
CUS-002793,ADR-001400,LOCATED_AT
CUS-002793,PAY-002793,PAID_WITH
CUS-001308,ADR-001037,LOCATED_AT
CUS-001308,PAY-001308,PAID_WITH
CUS-002576,ADR-001000,LOCATED_AT
CUS-002576,PAY-002576,PAID_WITH
CUS-002702,ADR-000629,LOCATED_AT
CUS-002702,PAY-002702,PAID_WITH
CUS-001067,ADR-000278,LOCATED_AT
CUS-001067,PAY-001067,PAID_WITH
CUS-000945,ADR-001111,LOCATED_AT
CUS-000945,PAY-000945,PAID_WITH
CUS-001098,ADR-000143,LOCATED_AT
CUS-001098,PAY-001098,PAID_WITH
CUS-002996,ADR-000301,LOCATED_AT
CUS-002996,PAY-002996,PAID_WITH
CUS-002630,ADR-001485,LOCATED_AT
CUS-002630,PAY-002630,PAID_WITH
CUS-002057,ADR-001350,LOCATED_AT
CUS-002057,PAY-002057,PAID_WITH
CUS-001976,ADR-001127,LOCATED_AT
CUS-001976,PAY-001976,PAID_WITH
CUS-000948,ADR-000867,LOCATED_AT
CUS-000948,PAY-000948,PAID_WITH
CUS-002464,ADR-001234,LOCATED_AT
CUS-002464,PAY-002464,PAID_WITH
CUS-002961,ADR-000498,LOCATED_AT
CUS-002961,PAY-002961,PAID_WITH
CUS-002690,ADR-000539,LOCATED_AT
CUS-002690,PAY-002690,PAID_WITH
CUS-002817,ADR-001575,LOCATED_AT
CUS-002817,PAY-002817,PAID_WITH
CUS-001213,ADR-000102,LOCATED_AT
CUS-001213,PAY-001213,PAID_WITH
CUS-001349,ADR-000401,LOCATED_AT
CUS-001349,PAY-001349,PAID_WITH
CUS-000742,ADR-000569,LOCATED_AT
CUS-000742,PAY-000742,PAID_WITH
CUS-000773,ADR-000499,LOCATED_AT
CUS-000773,PAY-000773,PAID_WITH
CUS-001704,ADR-000137,LOCATED_AT
CUS-001704,PAY-001704,PAID_WITH
CUS-001086,ADR-001442,LOCATED_AT
CUS-001086,PAY-001086,PAID_WITH
CUS-000143,ADR-001718,LOCATED_AT
CUS-000143,PAY-000143,PAID_WITH
CUS-000329,ADR-000920,LOCATED_AT
CUS-000329,PAY-000329,PAID_WITH
CUS-002889,ADR-001595,LOCATED_AT
CUS-002889,PAY-002889,PAID_WITH
CUS-000134,ADR-000990,LOCATED_AT
CUS-000134,PAY-000134,PAID_WITH
CUS-001464,ADR-001030,LOCATED_AT
CUS-001464,PAY-001464,PAID_WITH
CUS-002950,ADR-000960,LOCATED_AT
CUS-002950,PAY-002950,PAID_WITH
CUS-002428,ADR-000831,LOCATED_AT
CUS-002428,PAY-002428,PAID_WITH
CUS-000366,ADR-000315,LOCATED_AT
CUS-000366,PAY-000366,PAID_WITH
CUS-001917,ADR-000525,LOCATED_AT
CUS-001917,PAY-001917,PAID_WITH
CUS-001793,ADR-001742,LOCATED_AT
CUS-001793,PAY-001793,PAID_WITH
CUS-001618,ADR-001232,LOCATED_AT
CUS-001618,PAY-001618,PAID_WITH
CUS-000386,ADR-000121,LOCATED_AT
CUS-000386,PAY-000386,PAID_WITH
CUS-000952,ADR-001387,LOCATED_AT
CUS-000952,PAY-000952,PAID_WITH
CUS-000069,ADR-000725,LOCATED_AT
CUS-000069,PAY-000069,PAID_WITH
CUS-000696,ADR-000426,LOCATED_AT
CUS-000696,PAY-000696,PAID_WITH
CUS-000465,ADR-001092,LOCATED_AT
CUS-000465,PAY-000465,PAID_WITH
CUS-002180,ADR-000598,LOCATED_AT
CUS-002180,PAY-002180,PAID_WITH
CUS-001881,ADR-000434,LOCATED_AT
CUS-001881,PAY-001881,PAID_WITH
CUS-000052,ADR-001486,LOCATED_AT
CUS-000052,PAY-000052,PAID_WITH
CUS-001187,ADR-000809,LOCATED_AT
CUS-001187,PAY-001532,PAID_WITH
CUS-002472,ADR-000231,LOCATED_AT
CUS-002472,PAY-002472,PAID_WITH
CUS-002528,ADR-000516,LOCATED_AT
CUS-002528,PAY-002528,PAID_WITH
CUS-000584,ADR-000332,LOCATED_AT
CUS-000584,PAY-000584,PAID_WITH
CUS-002617,ADR-001320,LOCATED_AT
CUS-002617,PAY-002617,PAID_WITH
CUS-000679,ADR-000571,LOCATED_AT
CUS-000679,PAY-000679,PAID_WITH
CUS-001797,ADR-001247,LOCATED_AT
CUS-001797,PAY-001797,PAID_WITH
CUS-000233,ADR-000666,LOCATED_AT
CUS-000233,PAY-000233,PAID_WITH
CUS-000411,ADR-000554,LOCATED_AT
CUS-000411,PAY-000411,PAID_WITH
CUS-000049,ADR-001457,LOCATED_AT
CUS-000049,PAY-000049,PAID_WITH
CUS-002300,ADR-001787,LOCATED_AT
CUS-002300,PAY-002300,PAID_WITH
CUS-001295,ADR-001290,LOCATED_AT
CUS-001295,PAY-001295,PAID_WITH
CUS-002319,ADR-000742,LOCATED_AT
CUS-002319,PAY-002319,PAID_WITH
CUS-002008,ADR-000639,LOCATED_AT
CUS-002008,PAY-002008,PAID_WITH
CUS-002991,ADR-000315,LOCATED_AT
CUS-002991,PAY-002991,PAID_WITH
CUS-002407,ADR-001313,LOCATED_AT
CUS-002407,PAY-002407,PAID_WITH
CUS-002691,ADR-000076,LOCATED_AT
CUS-002691,PAY-002691,PAID_WITH
CUS-000234,ADR-001350,LOCATED_AT
CUS-000234,PAY-000234,PAID_WITH
CUS-000078,ADR-000895,LOCATED_AT
CUS-000078,PAY-000078,PAID_WITH
CUS-001200,ADR-000237,LOCATED_AT
CUS-001200,PAY-001200,PAID_WITH
CUS-001113,ADR-001510,LOCATED_AT
CUS-001113,PAY-001113,PAID_WITH
CUS-002443,ADR-000709,LOCATED_AT
CUS-002443,PAY-002443,PAID_WITH
CUS-001660,ADR-000207,LOCATED_AT
CUS-001660,PAY-001660,PAID_WITH
CUS-002055,ADR-000767,LOCATED_AT
CUS-002055,PAY-002055,PAID_WITH
CUS-002090,ADR-001748,LOCATED_AT
CUS-002090,PAY-002090,PAID_WITH
CUS-001399,ADR-001365,LOCATED_AT
CUS-001399,PAY-001399,PAID_WITH
CUS-001681,ADR-000860,LOCATED_AT
CUS-001681,PAY-001681,PAID_WITH
CUS-002709,ADR-001593,LOCATED_AT
CUS-002709,PAY-002709,PAID_WITH
CUS-000476,ADR-000778,LOCATED_AT
CUS-000476,PAY-000476,PAID_WITH
CUS-001997,ADR-000095,LOCATED_AT
CUS-001997,PAY-001997,PAID_WITH
CUS-000256,ADR-001268,LOCATED_AT
CUS-000256,PAY-000256,PAID_WITH
CUS-000469,ADR-000422,LOCATED_AT
CUS-000469,PAY-000469,PAID_WITH
CUS-002815,ADR-000168,LOCATED_AT
CUS-002815,PAY-002815,PAID_WITH
CUS-002544,ADR-001044,LOCATED_AT
CUS-002544,PAY-002544,PAID_WITH
CUS-002314,ADR-001154,LOCATED_AT
CUS-002314,PAY-002314,PAID_WITH
CUS-001743,ADR-001187,LOCATED_AT
CUS-001743,PAY-001743,PAID_WITH
CUS-001019,ADR-001611,LOCATED_AT
CUS-001019,PAY-001019,PAID_WITH
CUS-001578,ADR-000311,LOCATED_AT
CUS-001578,PAY-001578,PAID_WITH
CUS-002210,ADR-000306,LOCATED_AT
CUS-002210,PAY-002210,PAID_WITH
CUS-000984,ADR-000949,LOCATED_AT
CUS-000984,PAY-000984,PAID_WITH
CUS-002502,ADR-000084,LOCATED_AT
CUS-002502,PAY-002502,PAID_WITH
CUS-000876,ADR-001713,LOCATED_AT
CUS-000876,PAY-000876,PAID_WITH
CUS-001580,ADR-001413,LOCATED_AT
CUS-001580,PAY-001580,PAID_WITH
CUS-000608,ADR-000528,LOCATED_AT
CUS-000608,PAY-000608,PAID_WITH
CUS-000403,ADR-000366,LOCATED_AT
CUS-000403,PAY-000403,PAID_WITH
CUS-000892,ADR-000096,LOCATED_AT
CUS-000892,PAY-000892,PAID_WITH
CUS-001225,ADR-001430,LOCATED_AT
CUS-001225,PAY-001225,PAID_WITH
CUS-000295,ADR-001267,LOCATED_AT
CUS-000295,PAY-000295,PAID_WITH
CUS-002902,ADR-000663,LOCATED_AT
CUS-002902,PAY-002902,PAID_WITH
CUS-001218,ADR-000826,LOCATED_AT
CUS-001218,PAY-001218,PAID_WITH
CUS-001089,ADR-000218,LOCATED_AT
CUS-001089,PAY-000880,PAID_WITH
CUS-000907,ADR-001639,LOCATED_AT
CUS-000907,PAY-000907,PAID_WITH
CUS-000344,ADR-001499,LOCATED_AT
CUS-000344,PAY-000344,PAID_WITH
CUS-000838,ADR-000670,LOCATED_AT
CUS-000838,PAY-000838,PAID_WITH
CUS-001455,ADR-000265,LOCATED_AT
CUS-001455,PAY-001455,PAID_WITH
CUS-000960,ADR-000346,LOCATED_AT
CUS-000960,PAY-000960,PAID_WITH
CUS-000272,ADR-001439,LOCATED_AT
CUS-000272,PAY-000272,PAID_WITH
CUS-002802,ADR-000582,LOCATED_AT
CUS-002802,PAY-002802,PAID_WITH
CUS-000264,ADR-000367,LOCATED_AT
CUS-000264,PAY-000264,PAID_WITH
CUS-002156,ADR-000453,LOCATED_AT
CUS-002156,PAY-002156,PAID_WITH
CUS-001377,ADR-001057,LOCATED_AT
CUS-001377,PAY-001377,PAID_WITH
CUS-000407,ADR-001444,LOCATED_AT
CUS-000407,PAY-000407,PAID_WITH
CUS-002798,ADR-000100,LOCATED_AT
CUS-002798,PAY-002798,PAID_WITH
CUS-001158,ADR-000554,LOCATED_AT
CUS-001158,PAY-001158,PAID_WITH
CUS-002816,ADR-001602,LOCATED_AT
CUS-002816,PAY-002816,PAID_WITH
CUS-000941,ADR-000951,LOCATED_AT
CUS-000941,PAY-000941,PAID_WITH
CUS-001487,ADR-000995,LOCATED_AT
CUS-001487,PAY-001487,PAID_WITH
CUS-000428,ADR-000311,LOCATED_AT
CUS-000428,PAY-000428,PAID_WITH
CUS-002255,ADR-000201,LOCATED_AT
CUS-002255,PAY-002255,PAID_WITH
CUS-001959,ADR-001732,LOCATED_AT
CUS-001959,PAY-001959,PAID_WITH
CUS-000957,ADR-001143,LOCATED_AT
CUS-000957,PAY-000957,PAID_WITH
CUS-002954,ADR-000674,LOCATED_AT
CUS-002954,PAY-002954,PAID_WITH
CUS-001474,ADR-001218,LOCATED_AT
CUS-001474,PAY-001474,PAID_WITH
CUS-001946,ADR-001541,LOCATED_AT
CUS-001946,PAY-001946,PAID_WITH
CUS-000044,ADR-000292,LOCATED_AT
CUS-000044,PAY-000044,PAID_WITH
CUS-001048,ADR-001209,LOCATED_AT
CUS-001048,PAY-001048,PAID_WITH
CUS-002086,ADR-000189,LOCATED_AT
CUS-002086,PAY-002086,PAID_WITH
CUS-001588,ADR-001561,LOCATED_AT
CUS-001588,PAY-001588,PAID_WITH
CUS-002876,ADR-000344,LOCATED_AT
CUS-002876,PAY-002876,PAID_WITH
CUS-001094,ADR-000933,LOCATED_AT
CUS-001094,PAY-001094,PAID_WITH
CUS-002589,ADR-001170,LOCATED_AT
CUS-002589,PAY-002589,PAID_WITH
CUS-001263,ADR-000588,LOCATED_AT
CUS-001263,PAY-001263,PAID_WITH
CUS-000481,ADR-001006,LOCATED_AT
CUS-000481,PAY-000481,PAID_WITH
CUS-002765,ADR-000901,LOCATED_AT
CUS-002765,PAY-002765,PAID_WITH
CUS-001503,ADR-000604,LOCATED_AT
CUS-001503,PAY-001503,PAID_WITH
CUS-002737,ADR-001504,LOCATED_AT
CUS-002737,PAY-002737,PAID_WITH
CUS-002980,ADR-000061,LOCATED_AT
CUS-002980,PAY-002980,PAID_WITH
CUS-002306,ADR-001653,LOCATED_AT
CUS-002306,PAY-002306,PAID_WITH
CUS-000429,ADR-000528,LOCATED_AT
CUS-000429,PAY-000429,PAID_WITH
CUS-001093,ADR-001207,LOCATED_AT
CUS-001093,PAY-001093,PAID_WITH
CUS-002658,ADR-001162,LOCATED_AT
CUS-002658,PAY-002658,PAID_WITH
CUS-000718,ADR-001595,LOCATED_AT
CUS-000718,PAY-000718,PAID_WITH
CUS-001364,ADR-000720,LOCATED_AT
CUS-001364,PAY-001364,PAID_WITH
CUS-000406,ADR-000641,LOCATED_AT
CUS-000406,PAY-000406,PAID_WITH
CUS-000358,ADR-000355,LOCATED_AT
CUS-000358,PAY-000358,PAID_WITH
CUS-000363,ADR-001149,LOCATED_AT
CUS-000363,PAY-000363,PAID_WITH
CUS-000125,ADR-001737,LOCATED_AT
CUS-000125,PAY-000125,PAID_WITH
CUS-001272,ADR-000843,LOCATED_AT
CUS-001272,PAY-001272,PAID_WITH
CUS-000559,ADR-001084,LOCATED_AT
CUS-000559,PAY-000559,PAID_WITH
CUS-002157,ADR-001468,LOCATED_AT
CUS-002157,PAY-002157,PAID_WITH
CUS-002791,ADR-000952,LOCATED_AT
CUS-002791,PAY-002791,PAID_WITH
CUS-002466,ADR-000395,LOCATED_AT
CUS-002466,PAY-002466,PAID_WITH
CUS-000136,ADR-000859,LOCATED_AT
CUS-000136,PAY-000136,PAID_WITH
CUS-002029,ADR-001357,LOCATED_AT
CUS-002029,PAY-002029,PAID_WITH
CUS-002461,ADR-000019,LOCATED_AT
CUS-002461,PAY-002461,PAID_WITH
CUS-000660,ADR-000212,LOCATED_AT
CUS-000660,PAY-000660,PAID_WITH
CUS-001279,ADR-001108,LOCATED_AT
CUS-001279,PAY-001279,PAID_WITH
CUS-002812,ADR-000641,LOCATED_AT
CUS-002812,PAY-002812,PAID_WITH
CUS-000586,ADR-000705,LOCATED_AT
CUS-000586,PAY-000586,PAID_WITH
CUS-001325,ADR-001077,LOCATED_AT
CUS-001325,PAY-001325,PAID_WITH
CUS-001414,ADR-001283,LOCATED_AT
CUS-001414,PAY-001414,PAID_WITH
CUS-001664,ADR-001279,LOCATED_AT
CUS-001664,PAY-001664,PAID_WITH
CUS-002579,ADR-000330,LOCATED_AT
CUS-002579,PAY-002579,PAID_WITH
CUS-000821,ADR-001724,LOCATED_AT
CUS-000821,PAY-000821,PAID_WITH
CUS-001477,ADR-000121,LOCATED_AT
CUS-001477,PAY-001477,PAID_WITH
CUS-002235,ADR-001056,LOCATED_AT
CUS-002235,PAY-002235,PAID_WITH
CUS-001865,ADR-000189,LOCATED_AT
CUS-001865,PAY-001865,PAID_WITH
CUS-001419,ADR-000152,LOCATED_AT
CUS-001419,PAY-001419,PAID_WITH
CUS-001626,ADR-000535,LOCATED_AT
CUS-001626,PAY-001626,PAID_WITH
CUS-002381,ADR-001367,LOCATED_AT
CUS-002381,PAY-002381,PAID_WITH
CUS-001994,ADR-000867,LOCATED_AT
CUS-001994,PAY-001994,PAID_WITH
CUS-002493,ADR-001301,LOCATED_AT
CUS-002493,PAY-002493,PAID_WITH
CUS-002346,ADR-000212,LOCATED_AT
CUS-002346,PAY-002346,PAID_WITH
CUS-001461,ADR-000192,LOCATED_AT
CUS-001461,PAY-001461,PAID_WITH
CUS-000270,ADR-001485,LOCATED_AT
CUS-000270,PAY-000270,PAID_WITH
CUS-002051,ADR-000601,LOCATED_AT
CUS-002051,PAY-002051,PAID_WITH
CUS-001154,ADR-000886,LOCATED_AT
CUS-001154,PAY-001154,PAID_WITH
CUS-000631,ADR-000575,LOCATED_AT
CUS-000631,PAY-002903,PAID_WITH
CUS-002059,ADR-001362,LOCATED_AT
CUS-002059,PAY-002059,PAID_WITH
CUS-001060,ADR-001594,LOCATED_AT
CUS-001060,PAY-001060,PAID_WITH
CUS-000943,ADR-001609,LOCATED_AT
CUS-000943,PAY-000943,PAID_WITH
CUS-002729,ADR-001500,LOCATED_AT
CUS-002729,PAY-002729,PAID_WITH
CUS-001217,ADR-000615,LOCATED_AT
CUS-001217,PAY-001217,PAID_WITH
CUS-002202,ADR-001108,LOCATED_AT
CUS-002202,PAY-002202,PAID_WITH
CUS-001652,ADR-000090,LOCATED_AT
CUS-001652,PAY-001652,PAID_WITH
CUS-002679,ADR-000878,LOCATED_AT
CUS-002679,PAY-002679,PAID_WITH
CUS-002077,ADR-000334,LOCATED_AT
CUS-002077,PAY-002077,PAID_WITH
CUS-000464,ADR-001683,LOCATED_AT
CUS-000464,PAY-000464,PAID_WITH
CUS-001028,ADR-000871,LOCATED_AT
CUS-001028,PAY-001028,PAID_WITH
CUS-001148,ADR-001535,LOCATED_AT
CUS-001148,PAY-001148,PAID_WITH
CUS-000296,ADR-001662,LOCATED_AT
CUS-000296,PAY-000296,PAID_WITH
CUS-002193,ADR-001325,LOCATED_AT
CUS-002193,PAY-002193,PAID_WITH
CUS-002160,ADR-001470,LOCATED_AT
CUS-002160,PAY-002160,PAID_WITH
CUS-002336,ADR-000134,LOCATED_AT
CUS-002336,PAY-002336,PAID_WITH
CUS-002377,ADR-000548,LOCATED_AT
CUS-002377,PAY-002377,PAID_WITH
CUS-002532,ADR-000912,LOCATED_AT
CUS-002532,PAY-002532,PAID_WITH
CUS-000818,ADR-000656,LOCATED_AT
CUS-000818,PAY-000818,PAID_WITH
CUS-001561,ADR-001654,LOCATED_AT
CUS-001561,PAY-001561,PAID_WITH
CUS-001004,ADR-000266,LOCATED_AT
CUS-001004,PAY-001004,PAID_WITH
CUS-001296,ADR-001671,LOCATED_AT
CUS-001296,PAY-001296,PAID_WITH
CUS-000459,ADR-000526,LOCATED_AT
CUS-000459,PAY-000459,PAID_WITH
CUS-000823,ADR-001528,LOCATED_AT
CUS-000823,PAY-000849,PAID_WITH
CUS-002212,ADR-001189,LOCATED_AT
CUS-002212,PAY-002212,PAID_WITH
CUS-001065,ADR-000317,LOCATED_AT
CUS-001065,PAY-001065,PAID_WITH
CUS-002721,ADR-001635,LOCATED_AT
CUS-002721,PAY-002721,PAID_WITH
CUS-002755,ADR-000260,LOCATED_AT
CUS-002755,PAY-002755,PAID_WITH
CUS-002249,ADR-000476,LOCATED_AT
CUS-002249,PAY-002249,PAID_WITH
CUS-000828,ADR-000985,LOCATED_AT
CUS-000828,PAY-000828,PAID_WITH
CUS-001693,ADR-000833,LOCATED_AT
CUS-001693,PAY-001693,PAID_WITH
CUS-001227,ADR-000661,LOCATED_AT
CUS-001227,PAY-001227,PAID_WITH
CUS-000813,ADR-000654,LOCATED_AT
CUS-000813,PAY-000813,PAID_WITH
CUS-002052,ADR-000901,LOCATED_AT
CUS-002052,PAY-002052,PAID_WITH
CUS-002173,ADR-001457,LOCATED_AT
CUS-002173,PAY-002173,PAID_WITH
CUS-002837,ADR-000832,LOCATED_AT
CUS-002837,PAY-002837,PAID_WITH
CUS-000079,ADR-000358,LOCATED_AT
CUS-000079,PAY-000079,PAID_WITH
CUS-002748,ADR-000383,LOCATED_AT
CUS-002748,PAY-002748,PAID_WITH
CUS-000852,ADR-000683,LOCATED_AT
CUS-000852,PAY-000852,PAID_WITH
CUS-002880,ADR-000584,LOCATED_AT
CUS-002880,PAY-002880,PAID_WITH
CUS-001539,ADR-001154,LOCATED_AT
CUS-001539,PAY-001539,PAID_WITH
CUS-002794,ADR-000517,LOCATED_AT
CUS-002794,PAY-002794,PAID_WITH
CUS-000606,ADR-000864,LOCATED_AT
CUS-000606,PAY-000606,PAID_WITH
CUS-001676,ADR-000575,LOCATED_AT
CUS-001676,PAY-001676,PAID_WITH
CUS-002822,ADR-000753,LOCATED_AT
CUS-002822,PAY-002822,PAID_WITH
CUS-000263,ADR-000145,LOCATED_AT
CUS-000263,PAY-000263,PAID_WITH
CUS-001027,ADR-000588,LOCATED_AT
CUS-001027,PAY-001027,PAID_WITH
CUS-000131,ADR-000062,LOCATED_AT
CUS-000131,PAY-000131,PAID_WITH
CUS-002474,ADR-000766,LOCATED_AT
CUS-002474,PAY-002474,PAID_WITH
CUS-000118,ADR-001563,LOCATED_AT
CUS-000118,PAY-000118,PAID_WITH
CUS-000524,ADR-000750,LOCATED_AT
CUS-000524,PAY-000524,PAID_WITH
CUS-002928,ADR-001274,LOCATED_AT
CUS-002928,PAY-002928,PAID_WITH
CUS-000627,ADR-001529,LOCATED_AT
CUS-000627,PAY-000627,PAID_WITH
CUS-000739,ADR-001017,LOCATED_AT
CUS-000739,PAY-000739,PAID_WITH
CUS-002504,ADR-000982,LOCATED_AT
CUS-002504,PAY-002504,PAID_WITH
CUS-001320,ADR-000309,LOCATED_AT
CUS-001320,PAY-001320,PAID_WITH
CUS-000901,ADR-000535,LOCATED_AT
CUS-000901,PAY-000901,PAID_WITH
CUS-001147,ADR-000422,LOCATED_AT
CUS-001147,PAY-001147,PAID_WITH
CUS-002412,ADR-000632,LOCATED_AT
CUS-002412,PAY-002412,PAID_WITH
CUS-000704,ADR-001680,LOCATED_AT
CUS-000704,PAY-000704,PAID_WITH
CUS-000036,ADR-000011,LOCATED_AT
CUS-000036,PAY-000036,PAID_WITH
CUS-001557,ADR-000860,LOCATED_AT
CUS-001557,PAY-001557,PAID_WITH
CUS-002555,ADR-001490,LOCATED_AT
CUS-002555,PAY-002555,PAID_WITH
CUS-002296,ADR-001150,LOCATED_AT
CUS-002296,PAY-002296,PAID_WITH
CUS-000917,ADR-001296,LOCATED_AT
CUS-000917,PAY-000917,PAID_WITH
CUS-000059,ADR-000425,LOCATED_AT
CUS-000059,PAY-000059,PAID_WITH
CUS-000657,ADR-000210,LOCATED_AT
CUS-000657,PAY-000657,PAID_WITH
CUS-000691,ADR-000998,LOCATED_AT
CUS-000691,PAY-000691,PAID_WITH
CUS-000793,ADR-001509,LOCATED_AT
CUS-000793,PAY-000793,PAID_WITH
CUS-000224,ADR-000051,LOCATED_AT
CUS-000224,PAY-000224,PAID_WITH
CUS-001014,ADR-000041,LOCATED_AT
CUS-001014,PAY-001014,PAID_WITH
CUS-000832,ADR-000961,LOCATED_AT
CUS-000832,PAY-000832,PAID_WITH
CUS-002989,ADR-001109,LOCATED_AT
CUS-002989,PAY-002989,PAID_WITH
CUS-000760,ADR-000633,LOCATED_AT
CUS-000760,PAY-000760,PAID_WITH
CUS-001216,ADR-000758,LOCATED_AT
CUS-001216,PAY-001216,PAID_WITH
CUS-002557,ADR-001691,LOCATED_AT
CUS-002557,PAY-002557,PAID_WITH
CUS-000207,ADR-001087,LOCATED_AT
CUS-000207,PAY-000207,PAID_WITH
CUS-000347,ADR-001216,LOCATED_AT
CUS-000347,PAY-000347,PAID_WITH
CUS-002390,ADR-001275,LOCATED_AT
CUS-002390,PAY-002390,PAID_WITH
CUS-002930,ADR-001512,LOCATED_AT
CUS-002930,PAY-002930,PAID_WITH
CUS-002935,ADR-000996,LOCATED_AT
CUS-002935,PAY-002935,PAID_WITH
CUS-001126,ADR-000955,LOCATED_AT
CUS-001126,PAY-001126,PAID_WITH
CUS-001965,ADR-000301,LOCATED_AT
CUS-001965,PAY-001965,PAID_WITH
CUS-000085,ADR-000078,LOCATED_AT
CUS-000085,PAY-000085,PAID_WITH
CUS-002252,ADR-000558,LOCATED_AT
CUS-002252,PAY-002252,PAID_WITH
CUS-001929,ADR-000407,LOCATED_AT
CUS-001929,PAY-001929,PAID_WITH
CUS-000402,ADR-000551,LOCATED_AT
CUS-000402,PAY-000402,PAID_WITH
CUS-002849,ADR-001735,LOCATED_AT
CUS-002849,PAY-002849,PAID_WITH
CUS-000065,ADR-000813,LOCATED_AT
CUS-000065,PAY-000065,PAID_WITH
CUS-000677,ADR-000173,LOCATED_AT
CUS-000677,PAY-000677,PAID_WITH
CUS-001175,ADR-000184,LOCATED_AT
CUS-001175,PAY-001175,PAID_WITH
CUS-002487,ADR-000300,LOCATED_AT
CUS-002487,PAY-002487,PAID_WITH
CUS-000528,ADR-001154,LOCATED_AT
CUS-000528,PAY-000528,PAID_WITH
CUS-002123,ADR-001634,LOCATED_AT
CUS-002123,PAY-002123,PAID_WITH
CUS-001518,ADR-000367,LOCATED_AT
CUS-001518,PAY-001518,PAID_WITH
CUS-001770,ADR-000801,LOCATED_AT
CUS-001770,PAY-001770,PAID_WITH
CUS-002023,ADR-000027,LOCATED_AT
CUS-002023,PAY-002023,PAID_WITH
CUS-002122,ADR-001425,LOCATED_AT
CUS-002122,PAY-002122,PAID_WITH
CUS-002329,ADR-001032,LOCATED_AT
CUS-002329,PAY-002329,PAID_WITH
CUS-000536,ADR-000144,LOCATED_AT
CUS-000536,PAY-000536,PAID_WITH
CUS-002832,ADR-001776,LOCATED_AT
CUS-002832,PAY-002832,PAID_WITH
CUS-000843,ADR-001515,LOCATED_AT
CUS-000843,PAY-000843,PAID_WITH
CUS-001347,ADR-001567,LOCATED_AT
CUS-001347,PAY-001347,PAID_WITH
CUS-002480,ADR-001049,LOCATED_AT
CUS-002480,PAY-002480,PAID_WITH
CUS-002625,ADR-001504,LOCATED_AT
CUS-002625,PAY-002625,PAID_WITH
CUS-001718,ADR-001757,LOCATED_AT
CUS-001718,PAY-001718,PAID_WITH
CUS-002874,ADR-000690,LOCATED_AT
CUS-002874,PAY-002874,PAID_WITH
CUS-000342,ADR-000765,LOCATED_AT
CUS-000342,PAY-000342,PAID_WITH
CUS-000977,ADR-000215,LOCATED_AT
CUS-000977,PAY-000977,PAID_WITH
CUS-001039,ADR-001070,LOCATED_AT
CUS-001039,PAY-001039,PAID_WITH
CUS-002622,ADR-001007,LOCATED_AT
CUS-002622,PAY-002622,PAID_WITH
CUS-000204,ADR-001751,LOCATED_AT
CUS-000204,PAY-000204,PAID_WITH
CUS-002433,ADR-000971,LOCATED_AT
CUS-002433,PAY-002433,PAID_WITH
CUS-002450,ADR-001750,LOCATED_AT
CUS-002450,PAY-002450,PAID_WITH
CUS-002167,ADR-001470,LOCATED_AT
CUS-002167,PAY-002905,PAID_WITH
CUS-002937,ADR-000905,LOCATED_AT
CUS-002937,PAY-002937,PAID_WITH
CUS-002322,ADR-000503,LOCATED_AT
CUS-002322,PAY-002322,PAID_WITH
CUS-001838,ADR-000461,LOCATED_AT
CUS-001838,PAY-001838,PAID_WITH
CUS-000160,ADR-000008,LOCATED_AT
CUS-000160,PAY-000160,PAID_WITH
CUS-001761,ADR-000299,LOCATED_AT
CUS-001761,PAY-001761,PAID_WITH
CUS-000932,ADR-000212,LOCATED_AT
CUS-000932,PAY-000932,PAID_WITH
CUS-000152,ADR-001452,LOCATED_AT
CUS-000152,PAY-000152,PAID_WITH
CUS-001907,ADR-000925,LOCATED_AT
CUS-001907,PAY-001907,PAID_WITH
CUS-002860,ADR-001406,LOCATED_AT
CUS-002860,PAY-002860,PAID_WITH
CUS-000747,ADR-001791,LOCATED_AT
CUS-000747,PAY-000747,PAID_WITH
CUS-002611,ADR-000379,LOCATED_AT
CUS-002611,PAY-002611,PAID_WITH
CUS-001305,ADR-001604,LOCATED_AT
CUS-001305,PAY-001305,PAID_WITH
CUS-002286,ADR-000012,LOCATED_AT
CUS-002286,PAY-002286,PAID_WITH
CUS-002488,ADR-000423,LOCATED_AT
CUS-002488,PAY-002488,PAID_WITH
CUS-000675,ADR-000571,LOCATED_AT
CUS-000675,PAY-000675,PAID_WITH
CUS-002368,ADR-001289,LOCATED_AT
CUS-002368,PAY-002368,PAID_WITH
CUS-001478,ADR-001469,LOCATED_AT
CUS-001478,PAY-001478,PAID_WITH
CUS-002276,ADR-001572,LOCATED_AT
CUS-002276,PAY-002276,PAID_WITH
CUS-001967,ADR-001147,LOCATED_AT
CUS-001967,PAY-001967,PAID_WITH
CUS-002843,ADR-001049,LOCATED_AT
CUS-002843,PAY-002843,PAID_WITH
CUS-000597,ADR-001359,LOCATED_AT
CUS-000597,PAY-000597,PAID_WITH
CUS-001600,ADR-001666,LOCATED_AT
CUS-001600,PAY-001600,PAID_WITH
CUS-002787,ADR-000566,LOCATED_AT
CUS-002787,PAY-002787,PAID_WITH
CUS-000762,ADR-000963,LOCATED_AT
CUS-000762,PAY-000762,PAID_WITH
CUS-001682,ADR-000107,LOCATED_AT
CUS-001682,PAY-001682,PAID_WITH
CUS-000415,ADR-000055,LOCATED_AT
CUS-000415,PAY-000415,PAID_WITH
CUS-001700,ADR-000848,LOCATED_AT
CUS-001700,PAY-001700,PAID_WITH
CUS-001082,ADR-001187,LOCATED_AT
CUS-001082,PAY-001082,PAID_WITH
CUS-000987,ADR-001019,LOCATED_AT
CUS-000987,PAY-000987,PAID_WITH
CUS-000726,ADR-001398,LOCATED_AT
CUS-000726,PAY-000726,PAID_WITH
CUS-002650,ADR-000264,LOCATED_AT
CUS-002650,PAY-002650,PAID_WITH
CUS-002292,ADR-001195,LOCATED_AT
CUS-002292,PAY-002292,PAID_WITH
CUS-000730,ADR-000715,LOCATED_AT
CUS-000730,PAY-000730,PAID_WITH
CUS-002999,ADR-001589,LOCATED_AT
CUS-002999,PAY-002999,PAID_WITH
CUS-002511,ADR-001099,LOCATED_AT
CUS-002511,PAY-002511,PAID_WITH
CUS-002246,ADR-000719,LOCATED_AT
CUS-002246,PAY-002246,PAID_WITH
CUS-001738,ADR-001769,LOCATED_AT
CUS-001738,PAY-001738,PAID_WITH
CUS-002226,ADR-001172,LOCATED_AT
CUS-002226,PAY-002226,PAID_WITH
CUS-001759,ADR-001673,LOCATED_AT
CUS-001759,PAY-001759,PAID_WITH
CUS-000213,ADR-000319,LOCATED_AT
CUS-000213,PAY-000213,PAID_WITH
CUS-002141,ADR-000682,LOCATED_AT
CUS-002141,PAY-002141,PAID_WITH
CUS-000867,ADR-000009,LOCATED_AT
CUS-000867,PAY-000867,PAID_WITH
CUS-001928,ADR-000277,LOCATED_AT
CUS-001928,PAY-001928,PAID_WITH
CUS-000438,ADR-001639,LOCATED_AT
CUS-000438,PAY-000438,PAID_WITH
CUS-001287,ADR-000713,LOCATED_AT
CUS-001287,PAY-001287,PAID_WITH
CUS-002499,ADR-001027,LOCATED_AT
CUS-002499,PAY-002499,PAID_WITH
CUS-001293,ADR-001095,LOCATED_AT
CUS-001293,PAY-001293,PAID_WITH
CUS-000781,ADR-000252,LOCATED_AT
CUS-000781,PAY-002407,PAID_WITH
CUS-000746,ADR-000133,LOCATED_AT
CUS-000746,PAY-000746,PAID_WITH
CUS-001059,ADR-001447,LOCATED_AT
CUS-001059,PAY-001059,PAID_WITH
CUS-000636,ADR-001104,LOCATED_AT
CUS-000636,PAY-000636,PAID_WITH
CUS-002256,ADR-001470,LOCATED_AT
CUS-002256,PAY-002256,PAID_WITH
CUS-000039,ADR-000361,LOCATED_AT
CUS-000039,PAY-000039,PAID_WITH
CUS-001409,ADR-001430,LOCATED_AT
CUS-001409,PAY-001409,PAID_WITH
CUS-002367,ADR-001099,LOCATED_AT
CUS-002367,PAY-002367,PAID_WITH
CUS-001198,ADR-000612,LOCATED_AT
CUS-001198,PAY-001198,PAID_WITH
CUS-001097,ADR-000703,LOCATED_AT
CUS-001097,PAY-001097,PAID_WITH
CUS-001012,ADR-000463,LOCATED_AT
CUS-001012,PAY-001012,PAID_WITH
CUS-002642,ADR-000141,LOCATED_AT
CUS-002642,PAY-002642,PAID_WITH
CUS-000416,ADR-000185,LOCATED_AT
CUS-000416,PAY-000416,PAID_WITH
CUS-001385,ADR-000062,LOCATED_AT
CUS-001385,PAY-001385,PAID_WITH
CUS-001001,ADR-000135,LOCATED_AT
CUS-001001,PAY-001001,PAID_WITH
CUS-002446,ADR-001404,LOCATED_AT
CUS-002446,PAY-002446,PAID_WITH
CUS-002350,ADR-001460,LOCATED_AT
CUS-002350,PAY-002350,PAID_WITH
CUS-001852,ADR-001651,LOCATED_AT
CUS-001852,PAY-001852,PAID_WITH
CUS-000979,ADR-001471,LOCATED_AT
CUS-000979,PAY-000979,PAID_WITH
CUS-000700,ADR-000527,LOCATED_AT
CUS-000700,PAY-000700,PAID_WITH
CUS-001903,ADR-000422,LOCATED_AT
CUS-001903,PAY-001903,PAID_WITH
CUS-000054,ADR-000126,LOCATED_AT
CUS-000054,PAY-000054,PAID_WITH
CUS-000786,ADR-000079,LOCATED_AT
CUS-000786,PAY-000786,PAID_WITH
CUS-001269,ADR-001741,LOCATED_AT
CUS-001269,PAY-001269,PAID_WITH
CUS-002654,ADR-001593,LOCATED_AT
CUS-002654,PAY-002654,PAID_WITH
CUS-002358,ADR-001121,LOCATED_AT
CUS-002358,PAY-002358,PAID_WITH
CUS-000531,ADR-000641,LOCATED_AT
CUS-000531,PAY-000531,PAID_WITH
CUS-001930,ADR-000553,LOCATED_AT
CUS-001930,PAY-001930,PAID_WITH
CUS-001617,ADR-000107,LOCATED_AT
CUS-001617,PAY-001617,PAID_WITH
CUS-001249,ADR-001566,LOCATED_AT
CUS-001249,PAY-001249,PAID_WITH
CUS-000870,ADR-000584,LOCATED_AT
CUS-000870,PAY-000870,PAID_WITH
CUS-001271,ADR-001452,LOCATED_AT
CUS-001271,PAY-001271,PAID_WITH
CUS-001145,ADR-000430,LOCATED_AT
CUS-001145,PAY-001145,PAID_WITH
CUS-000315,ADR-001621,LOCATED_AT
CUS-000315,PAY-000315,PAID_WITH
CUS-000806,ADR-001612,LOCATED_AT
CUS-000806,PAY-000806,PAID_WITH
CUS-001259,ADR-000783,LOCATED_AT
CUS-001259,PAY-001259,PAID_WITH
CUS-001110,ADR-000042,LOCATED_AT
CUS-001110,PAY-001110,PAID_WITH
CUS-001601,ADR-000564,LOCATED_AT
CUS-001601,PAY-001601,PAID_WITH
CUS-002325,ADR-001000,LOCATED_AT
CUS-002325,PAY-002325,PAID_WITH
CUS-000289,ADR-000173,LOCATED_AT
CUS-000289,PAY-000289,PAID_WITH
CUS-000060,ADR-001053,LOCATED_AT
CUS-000060,PAY-000060,PAID_WITH
CUS-001643,ADR-001265,LOCATED_AT
CUS-001643,PAY-001643,PAID_WITH
CUS-000109,ADR-001454,LOCATED_AT
CUS-000109,PAY-000109,PAID_WITH
CUS-002194,ADR-000665,LOCATED_AT
CUS-002194,PAY-002194,PAID_WITH
CUS-002053,ADR-001718,LOCATED_AT
CUS-002053,PAY-002053,PAID_WITH
CUS-001988,ADR-000037,LOCATED_AT
CUS-001988,PAY-001988,PAID_WITH
CUS-000585,ADR-000243,LOCATED_AT
CUS-000585,PAY-000585,PAID_WITH
CUS-001436,ADR-000737,LOCATED_AT
CUS-001436,PAY-001436,PAID_WITH
CUS-001389,ADR-001624,LOCATED_AT
CUS-001389,PAY-001389,PAID_WITH
CUS-001713,ADR-000485,LOCATED_AT
CUS-001713,PAY-001713,PAID_WITH
CUS-002515,ADR-001114,LOCATED_AT
CUS-002515,PAY-002515,PAID_WITH
CUS-002814,ADR-001409,LOCATED_AT
CUS-002814,PAY-002814,PAID_WITH
CUS-000544,ADR-000862,LOCATED_AT
CUS-000544,PAY-000544,PAID_WITH
CUS-001274,ADR-001654,LOCATED_AT
CUS-001274,PAY-001274,PAID_WITH
CUS-001629,ADR-001360,LOCATED_AT
CUS-001629,PAY-001629,PAID_WITH
CUS-001008,ADR-000867,LOCATED_AT
CUS-001008,PAY-001008,PAID_WITH
CUS-001736,ADR-001443,LOCATED_AT
CUS-001736,PAY-001736,PAID_WITH
CUS-002004,ADR-001002,LOCATED_AT
CUS-002004,PAY-002004,PAID_WITH
CUS-002903,ADR-001713,LOCATED_AT
CUS-002903,PAY-002903,PAID_WITH
CUS-001633,ADR-000302,LOCATED_AT
CUS-001633,PAY-001633,PAID_WITH
CUS-000560,ADR-000702,LOCATED_AT
CUS-000560,PAY-000560,PAID_WITH
CUS-002993,ADR-000866,LOCATED_AT
CUS-002993,PAY-002993,PAID_WITH
CUS-000733,ADR-001353,LOCATED_AT
CUS-000733,PAY-000733,PAID_WITH
CUS-000269,ADR-001728,LOCATED_AT
CUS-000269,PAY-000269,PAID_WITH
CUS-002486,ADR-000418,LOCATED_AT
CUS-002486,PAY-002486,PAID_WITH
CUS-001969,ADR-001657,LOCATED_AT
CUS-001969,PAY-001969,PAID_WITH
CUS-000911,ADR-000562,LOCATED_AT
CUS-000911,PAY-000911,PAID_WITH
CUS-000962,ADR-001371,LOCATED_AT
CUS-000962,PAY-000962,PAID_WITH
CUS-001802,ADR-001266,LOCATED_AT
CUS-001802,PAY-001802,PAID_WITH
CUS-002512,ADR-000792,LOCATED_AT
CUS-002512,PAY-002512,PAID_WITH
CUS-000187,ADR-000339,LOCATED_AT
CUS-000187,PAY-000187,PAID_WITH
CUS-001862,ADR-000696,LOCATED_AT
CUS-001862,PAY-001862,PAID_WITH
CUS-000610,ADR-001779,LOCATED_AT
CUS-000610,PAY-000610,PAID_WITH
CUS-001056,ADR-001501,LOCATED_AT
CUS-001056,PAY-001056,PAID_WITH
CUS-002365,ADR-000835,LOCATED_AT
CUS-002365,PAY-002365,PAID_WITH
CUS-002738,ADR-001393,LOCATED_AT
CUS-002738,PAY-002738,PAID_WITH
CUS-000633,ADR-000768,LOCATED_AT
CUS-000633,PAY-000633,PAID_WITH
CUS-002792,ADR-000398,LOCATED_AT
CUS-002792,PAY-002792,PAID_WITH
CUS-002759,ADR-001112,LOCATED_AT
CUS-002759,PAY-002903,PAID_WITH
CUS-001215,ADR-000692,LOCATED_AT
CUS-001215,PAY-001215,PAID_WITH
CUS-000401,ADR-001398,LOCATED_AT
CUS-000401,PAY-000401,PAID_WITH
CUS-001439,ADR-000339,LOCATED_AT
CUS-001439,PAY-001439,PAID_WITH
CUS-001724,ADR-001333,LOCATED_AT
CUS-001724,PAY-001724,PAID_WITH
CUS-002834,ADR-000012,LOCATED_AT
CUS-002834,PAY-002834,PAID_WITH
CUS-002523,ADR-001592,LOCATED_AT
CUS-002523,PAY-002523,PAID_WITH
CUS-001130,ADR-001299,LOCATED_AT
CUS-001130,PAY-001130,PAID_WITH
CUS-002566,ADR-001315,LOCATED_AT
CUS-002566,PAY-002566,PAID_WITH
CUS-002208,ADR-000077,LOCATED_AT
CUS-002208,PAY-002208,PAID_WITH
CUS-000580,ADR-001368,LOCATED_AT
CUS-000580,PAY-000580,PAID_WITH
CUS-001270,ADR-000157,LOCATED_AT
CUS-001270,PAY-001270,PAID_WITH
CUS-001329,ADR-001259,LOCATED_AT
CUS-001329,PAY-001329,PAID_WITH
CUS-002217,ADR-001574,LOCATED_AT
CUS-002217,PAY-002217,PAID_WITH
CUS-001178,ADR-001230,LOCATED_AT
CUS-001178,PAY-001178,PAID_WITH
CUS-002710,ADR-001111,LOCATED_AT
CUS-002710,PAY-002710,PAID_WITH
CUS-001844,ADR-001277,LOCATED_AT
CUS-001844,PAY-001844,PAID_WITH
CUS-001730,ADR-000538,LOCATED_AT
CUS-001730,PAY-001730,PAID_WITH
CUS-001116,ADR-001077,LOCATED_AT
CUS-001116,PAY-001116,PAID_WITH
CUS-000628,ADR-000969,LOCATED_AT
CUS-000628,PAY-000628,PAID_WITH
CUS-001575,ADR-000025,LOCATED_AT
CUS-001575,PAY-001575,PAID_WITH
CUS-000279,ADR-000050,LOCATED_AT
CUS-000279,PAY-000279,PAID_WITH
CUS-000954,ADR-001104,LOCATED_AT
CUS-000954,PAY-000954,PAID_WITH
CUS-000641,ADR-001589,LOCATED_AT
CUS-000641,PAY-000641,PAID_WITH
CUS-000280,ADR-001099,LOCATED_AT
CUS-000280,PAY-000280,PAID_WITH
CUS-000626,ADR-001422,LOCATED_AT
CUS-000626,PAY-000626,PAID_WITH
CUS-002520,ADR-001545,LOCATED_AT
CUS-002520,PAY-002520,PAID_WITH
CUS-002317,ADR-000635,LOCATED_AT
CUS-002317,PAY-002317,PAID_WITH
CUS-002159,ADR-000573,LOCATED_AT
CUS-002159,PAY-002159,PAID_WITH
CUS-000993,ADR-000871,LOCATED_AT
CUS-000993,PAY-000993,PAID_WITH
CUS-002707,ADR-000527,LOCATED_AT
CUS-002707,PAY-002707,PAID_WITH
CUS-001995,ADR-000235,LOCATED_AT
CUS-001995,PAY-001995,PAID_WITH
CUS-002582,ADR-001277,LOCATED_AT
CUS-002582,PAY-002582,PAID_WITH
CUS-002921,ADR-000304,LOCATED_AT
CUS-002921,PAY-002921,PAID_WITH
CUS-000382,ADR-000680,LOCATED_AT
CUS-000382,PAY-000382,PAID_WITH
CUS-002104,ADR-001491,LOCATED_AT
CUS-002104,PAY-002104,PAID_WITH
CUS-000142,ADR-001398,LOCATED_AT
CUS-000142,PAY-000142,PAID_WITH
CUS-002651,ADR-001199,LOCATED_AT
CUS-002651,PAY-002651,PAID_WITH
CUS-000620,ADR-000838,LOCATED_AT
CUS-000620,PAY-000620,PAID_WITH
CUS-000266,ADR-001627,LOCATED_AT
CUS-000266,PAY-000266,PAID_WITH
CUS-002626,ADR-000341,LOCATED_AT
CUS-002626,PAY-002626,PAID_WITH
CUS-001598,ADR-000712,LOCATED_AT
CUS-001598,PAY-001598,PAID_WITH
CUS-001112,ADR-000968,LOCATED_AT
CUS-001112,PAY-001112,PAID_WITH
CUS-001864,ADR-000598,LOCATED_AT
CUS-001864,PAY-001864,PAID_WITH
CUS-001977,ADR-000381,LOCATED_AT
CUS-001977,PAY-001977,PAID_WITH
CUS-000929,ADR-000206,LOCATED_AT
CUS-000929,PAY-000929,PAID_WITH
CUS-000113,ADR-001104,LOCATED_AT
CUS-000113,PAY-000113,PAID_WITH
CUS-000600,ADR-001654,LOCATED_AT
CUS-000600,PAY-000600,PAID_WITH
CUS-002637,ADR-000983,LOCATED_AT
CUS-002637,PAY-002637,PAID_WITH
CUS-000326,ADR-000326,LOCATED_AT
CUS-000326,PAY-000326,PAID_WITH
CUS-002562,ADR-000324,LOCATED_AT
CUS-002562,PAY-002562,PAID_WITH
CUS-000831,ADR-000204,LOCATED_AT
CUS-000831,PAY-000831,PAID_WITH
CUS-001634,ADR-000567,LOCATED_AT
CUS-001634,PAY-001634,PAID_WITH
CUS-000788,ADR-001572,LOCATED_AT
CUS-000788,PAY-000788,PAID_WITH
CUS-001023,ADR-001314,LOCATED_AT
CUS-001023,PAY-001023,PAID_WITH
CUS-000219,ADR-000811,LOCATED_AT
CUS-000219,PAY-000219,PAID_WITH
CUS-001220,ADR-000738,LOCATED_AT
CUS-001220,PAY-001220,PAID_WITH
CUS-000474,ADR-000179,LOCATED_AT
CUS-000474,PAY-000474,PAID_WITH
CUS-001006,ADR-000494,LOCATED_AT
CUS-001006,PAY-001006,PAID_WITH
CUS-002397,ADR-000862,LOCATED_AT
CUS-002397,PAY-002397,PAID_WITH
CUS-000953,ADR-001585,LOCATED_AT
CUS-000953,PAY-000953,PAID_WITH
CUS-000782,ADR-000758,LOCATED_AT
CUS-000782,PAY-000782,PAID_WITH
CUS-002026,ADR-000356,LOCATED_AT
CUS-002026,PAY-002026,PAID_WITH
CUS-000351,ADR-001105,LOCATED_AT
CUS-000351,PAY-000351,PAID_WITH
CUS-000023,ADR-001021,LOCATED_AT
CUS-000023,PAY-000023,PAID_WITH
CUS-000583,ADR-001199,LOCATED_AT
CUS-000583,PAY-000583,PAID_WITH
CUS-002429,ADR-000060,LOCATED_AT
CUS-002429,PAY-002429,PAID_WITH
CUS-000419,ADR-001011,LOCATED_AT
CUS-000419,PAY-000419,PAID_WITH
CUS-000393,ADR-001321,LOCATED_AT
CUS-000393,PAY-000849,PAID_WITH
CUS-002129,ADR-000535,LOCATED_AT
CUS-002129,PAY-002129,PAID_WITH
CUS-001388,ADR-000823,LOCATED_AT
CUS-001388,PAY-001388,PAID_WITH
CUS-000216,ADR-000084,LOCATED_AT
CUS-000216,PAY-000216,PAID_WITH
CUS-000172,ADR-001512,LOCATED_AT
CUS-000172,PAY-000172,PAID_WITH
CUS-000432,ADR-000025,LOCATED_AT
CUS-000432,PAY-000432,PAID_WITH
CUS-000300,ADR-000204,LOCATED_AT
CUS-000300,PAY-000300,PAID_WITH
CUS-002113,ADR-001586,LOCATED_AT
CUS-002113,PAY-002113,PAID_WITH
CUS-000765,ADR-001514,LOCATED_AT
CUS-000765,PAY-000765,PAID_WITH
CUS-000888,ADR-000448,LOCATED_AT
CUS-000888,PAY-000888,PAID_WITH
CUS-001818,ADR-001092,LOCATED_AT
CUS-001818,PAY-001818,PAID_WITH
CUS-002448,ADR-001100,LOCATED_AT
CUS-002448,PAY-002448,PAID_WITH
CUS-002569,ADR-000623,LOCATED_AT
CUS-002569,PAY-002569,PAID_WITH
CUS-001250,ADR-001575,LOCATED_AT
CUS-001250,PAY-001250,PAID_WITH
CUS-000801,ADR-001083,LOCATED_AT
CUS-000801,PAY-000801,PAID_WITH
CUS-001073,ADR-000640,LOCATED_AT
CUS-001073,PAY-001073,PAID_WITH
CUS-002414,ADR-000901,LOCATED_AT
CUS-002414,PAY-002414,PAID_WITH
CUS-001451,ADR-000720,LOCATED_AT
CUS-001451,PAY-000880,PAID_WITH
CUS-002435,ADR-001250,LOCATED_AT
CUS-002435,PAY-002435,PAID_WITH
CUS-000097,ADR-001524,LOCATED_AT
CUS-000097,PAY-000097,PAID_WITH
CUS-002607,ADR-000346,LOCATED_AT
CUS-002607,PAY-002607,PAID_WITH
CUS-001020,ADR-000642,LOCATED_AT
CUS-001020,PAY-001020,PAID_WITH
CUS-002357,ADR-000157,LOCATED_AT
CUS-002357,PAY-002357,PAID_WITH
CUS-001359,ADR-000357,LOCATED_AT
CUS-001359,PAY-001359,PAID_WITH
CUS-002430,ADR-000457,LOCATED_AT
CUS-002430,PAY-002430,PAID_WITH
CUS-002327,ADR-000907,LOCATED_AT
CUS-002327,PAY-002327,PAID_WITH
CUS-002356,ADR-001128,LOCATED_AT
CUS-002356,PAY-002356,PAID_WITH
CUS-001022,ADR-000273,LOCATED_AT
CUS-001022,PAY-001022,PAID_WITH
CUS-001230,ADR-001641,LOCATED_AT
CUS-001230,PAY-001230,PAID_WITH
CUS-000334,ADR-000714,LOCATED_AT
CUS-000334,PAY-000334,PAID_WITH
CUS-002245,ADR-000435,LOCATED_AT
CUS-002245,PAY-002245,PAID_WITH
CUS-001651,ADR-000692,LOCATED_AT
CUS-001651,PAY-001651,PAID_WITH
CUS-002970,ADR-000871,LOCATED_AT
CUS-002970,PAY-002970,PAID_WITH
CUS-000174,ADR-001385,LOCATED_AT
CUS-000174,PAY-000174,PAID_WITH
CUS-000399,ADR-000129,LOCATED_AT
CUS-000399,PAY-000399,PAID_WITH
CUS-001507,ADR-000395,LOCATED_AT
CUS-001507,PAY-001507,PAID_WITH
CUS-001302,ADR-001578,LOCATED_AT
CUS-001302,PAY-001302,PAID_WITH
CUS-001765,ADR-000424,LOCATED_AT
CUS-001765,PAY-001765,PAID_WITH
CUS-002595,ADR-000406,LOCATED_AT
CUS-002595,PAY-002595,PAID_WITH
CUS-002744,ADR-001023,LOCATED_AT
CUS-002744,PAY-002744,PAID_WITH
CUS-002047,ADR-000553,LOCATED_AT
CUS-002047,PAY-002047,PAID_WITH
CUS-001491,ADR-000391,LOCATED_AT
CUS-001491,PAY-001491,PAID_WITH
CUS-000663,ADR-000133,LOCATED_AT
CUS-000663,PAY-000663,PAID_WITH
CUS-001382,ADR-001110,LOCATED_AT
CUS-001382,PAY-001382,PAID_WITH
CUS-000484,ADR-000122,LOCATED_AT
CUS-000484,PAY-000484,PAID_WITH
CUS-000685,ADR-001516,LOCATED_AT
CUS-000685,PAY-000685,PAID_WITH
CUS-000538,ADR-001223,LOCATED_AT
CUS-000538,PAY-000538,PAID_WITH
CUS-000698,ADR-001274,LOCATED_AT
CUS-000698,PAY-000698,PAID_WITH
CUS-001297,ADR-001796,LOCATED_AT
CUS-001297,PAY-001297,PAID_WITH
CUS-002411,ADR-000706,LOCATED_AT
CUS-002411,PAY-002411,PAID_WITH
CUS-000796,ADR-000535,LOCATED_AT
CUS-000796,PAY-000796,PAID_WITH
CUS-000281,ADR-001757,LOCATED_AT
CUS-000281,PAY-000281,PAID_WITH
CUS-002200,ADR-000228,LOCATED_AT
CUS-002200,PAY-002200,PAID_WITH
CUS-002395,ADR-000277,LOCATED_AT
CUS-002395,PAY-002395,PAID_WITH
CUS-001963,ADR-000446,LOCATED_AT
CUS-001963,PAY-001963,PAID_WITH
CUS-001402,ADR-000054,LOCATED_AT
CUS-001402,PAY-001402,PAID_WITH
CUS-000955,ADR-000214,LOCATED_AT
CUS-000955,PAY-001532,PAID_WITH
CUS-000362,ADR-000985,LOCATED_AT
CUS-000362,PAY-000362,PAID_WITH
CUS-000998,ADR-001726,LOCATED_AT
CUS-000998,PAY-000998,PAID_WITH
CUS-000554,ADR-000749,LOCATED_AT
CUS-000554,PAY-000554,PAID_WITH
CUS-001003,ADR-001558,LOCATED_AT
CUS-001003,PAY-002220,PAID_WITH
CUS-002075,ADR-001419,LOCATED_AT
CUS-002075,PAY-002075,PAID_WITH
CUS-000493,ADR-001561,LOCATED_AT
CUS-000493,PAY-000493,PAID_WITH
CUS-002701,ADR-000859,LOCATED_AT
CUS-002701,PAY-002701,PAID_WITH
CUS-002373,ADR-001621,LOCATED_AT
CUS-002373,PAY-002373,PAID_WITH
CUS-000348,ADR-000059,LOCATED_AT
CUS-000348,PAY-000348,PAID_WITH
CUS-002093,ADR-001373,LOCATED_AT
CUS-002093,PAY-002093,PAID_WITH
CUS-001583,ADR-001223,LOCATED_AT
CUS-001583,PAY-001583,PAID_WITH
CUS-000561,ADR-001589,LOCATED_AT
CUS-000561,PAY-000561,PAID_WITH
CUS-000853,ADR-000707,LOCATED_AT
CUS-000853,PAY-000853,PAID_WITH
CUS-000320,ADR-001046,LOCATED_AT
CUS-000320,PAY-000320,PAID_WITH
CUS-002656,ADR-001062,LOCATED_AT
CUS-002656,PAY-002656,PAID_WITH
CUS-002283,ADR-000229,LOCATED_AT
CUS-002283,PAY-002283,PAID_WITH
CUS-001254,ADR-001332,LOCATED_AT
CUS-001254,PAY-001254,PAID_WITH
CUS-001017,ADR-000154,LOCATED_AT
CUS-001017,PAY-001017,PAID_WITH
CUS-000875,ADR-000733,LOCATED_AT
CUS-000875,PAY-000875,PAID_WITH
CUS-000755,ADR-001373,LOCATED_AT
CUS-000755,PAY-000755,PAID_WITH
CUS-000444,ADR-001526,LOCATED_AT
CUS-000444,PAY-000444,PAID_WITH
CUS-000126,ADR-001685,LOCATED_AT
CUS-000126,PAY-000126,PAID_WITH
CUS-001925,ADR-000951,LOCATED_AT
CUS-001925,PAY-001925,PAID_WITH
CUS-002034,ADR-001558,LOCATED_AT
CUS-002034,PAY-002034,PAID_WITH
CUS-002272,ADR-001476,LOCATED_AT
CUS-002272,PAY-002272,PAID_WITH
CUS-002424,ADR-000529,LOCATED_AT
CUS-002424,PAY-002424,PAID_WITH
CUS-002586,ADR-001397,LOCATED_AT
CUS-002586,PAY-002586,PAID_WITH
CUS-000149,ADR-000955,LOCATED_AT
CUS-000149,PAY-000149,PAID_WITH
CUS-000251,ADR-001206,LOCATED_AT
CUS-000251,PAY-000251,PAID_WITH
CUS-001892,ADR-001081,LOCATED_AT
CUS-001892,PAY-001892,PAID_WITH
CUS-001087,ADR-001516,LOCATED_AT
CUS-001087,PAY-001087,PAID_WITH
CUS-002398,ADR-001189,LOCATED_AT
CUS-002398,PAY-002398,PAID_WITH
CUS-001521,ADR-001676,LOCATED_AT
CUS-001521,PAY-001521,PAID_WITH
CUS-001054,ADR-001704,LOCATED_AT
CUS-001054,PAY-001054,PAID_WITH
CUS-000445,ADR-000647,LOCATED_AT
CUS-000445,PAY-000445,PAID_WITH
CUS-001776,ADR-001286,LOCATED_AT
CUS-001776,PAY-001776,PAID_WITH
CUS-000923,ADR-001497,LOCATED_AT
CUS-000923,PAY-000923,PAID_WITH
CUS-000689,ADR-001241,LOCATED_AT
CUS-000689,PAY-000689,PAID_WITH
CUS-001889,ADR-001700,LOCATED_AT
CUS-001889,PAY-002905,PAID_WITH
CUS-001431,ADR-001773,LOCATED_AT
CUS-001431,PAY-001431,PAID_WITH
CUS-000353,ADR-001002,LOCATED_AT
CUS-000353,PAY-000353,PAID_WITH
CUS-001863,ADR-000307,LOCATED_AT
CUS-001863,PAY-001863,PAID_WITH
CUS-001045,ADR-001539,LOCATED_AT
CUS-001045,PAY-001045,PAID_WITH
CUS-001515,ADR-000373,LOCATED_AT
CUS-001515,PAY-001515,PAID_WITH
CUS-001755,ADR-000185,LOCATED_AT
CUS-001755,PAY-001755,PAID_WITH
CUS-000261,ADR-000990,LOCATED_AT
CUS-000261,PAY-000261,PAID_WITH
CUS-002540,ADR-000752,LOCATED_AT
CUS-002540,PAY-002540,PAID_WITH
CUS-002009,ADR-000813,LOCATED_AT
CUS-002009,PAY-002009,PAID_WITH
CUS-000914,ADR-000790,LOCATED_AT
CUS-000914,PAY-000914,PAID_WITH
CUS-002548,ADR-000522,LOCATED_AT
CUS-002548,PAY-002548,PAID_WITH
CUS-001345,ADR-001603,LOCATED_AT
CUS-001345,PAY-001345,PAID_WITH
CUS-001494,ADR-001007,LOCATED_AT
CUS-001494,PAY-001494,PAID_WITH
CUS-000045,ADR-000292,LOCATED_AT
CUS-000045,PAY-000045,PAID_WITH
CUS-000920,ADR-001587,LOCATED_AT
CUS-000920,PAY-000920,PAID_WITH
CUS-000844,ADR-001023,LOCATED_AT
CUS-000844,PAY-000844,PAID_WITH
CUS-002871,ADR-001490,LOCATED_AT
CUS-002871,PAY-002871,PAID_WITH
CUS-000046,ADR-001744,LOCATED_AT
CUS-000046,PAY-000046,PAID_WITH
CUS-001650,ADR-001029,LOCATED_AT
CUS-001650,PAY-001650,PAID_WITH
CUS-001511,ADR-000825,LOCATED_AT
CUS-001511,PAY-001511,PAID_WITH
CUS-002877,ADR-001082,LOCATED_AT
CUS-002877,PAY-002877,PAID_WITH
CUS-001422,ADR-001501,LOCATED_AT
CUS-001422,PAY-001422,PAID_WITH
CUS-002984,ADR-000312,LOCATED_AT
CUS-002984,PAY-002984,PAID_WITH
CUS-002828,ADR-000706,LOCATED_AT
CUS-002828,PAY-002828,PAID_WITH
CUS-002585,ADR-000786,LOCATED_AT
CUS-002585,PAY-002585,PAID_WITH
CUS-000108,ADR-000083,LOCATED_AT
CUS-000108,PAY-000108,PAID_WITH
CUS-000159,ADR-001230,LOCATED_AT
CUS-000159,PAY-000159,PAID_WITH
CUS-000926,ADR-001202,LOCATED_AT
CUS-000926,PAY-000926,PAID_WITH
CUS-001445,ADR-001679,LOCATED_AT
CUS-001445,PAY-001445,PAID_WITH
CUS-001821,ADR-000341,LOCATED_AT
CUS-001821,PAY-001821,PAID_WITH
CUS-001857,ADR-001752,LOCATED_AT
CUS-001857,PAY-001857,PAID_WITH
CUS-000356,ADR-001599,LOCATED_AT
CUS-000356,PAY-000356,PAID_WITH
CUS-002396,ADR-000340,LOCATED_AT
CUS-002396,PAY-002396,PAID_WITH
CUS-002379,ADR-001109,LOCATED_AT
CUS-002379,PAY-002379,PAID_WITH
CUS-001632,ADR-000951,LOCATED_AT
CUS-001632,PAY-001632,PAID_WITH
CUS-001810,ADR-000389,LOCATED_AT
CUS-001810,PAY-001810,PAID_WITH
CUS-002853,ADR-001345,LOCATED_AT
CUS-002853,PAY-002853,PAID_WITH
CUS-001895,ADR-001295,LOCATED_AT
CUS-001895,PAY-001895,PAID_WITH
CUS-001953,ADR-000167,LOCATED_AT
CUS-001953,PAY-001953,PAID_WITH
CUS-001779,ADR-001019,LOCATED_AT
CUS-001779,PAY-001779,PAID_WITH
CUS-001814,ADR-000980,LOCATED_AT
CUS-001814,PAY-001814,PAID_WITH
CUS-002870,ADR-001741,LOCATED_AT
CUS-002870,PAY-002870,PAID_WITH
CUS-000592,ADR-001212,LOCATED_AT
CUS-000592,PAY-000592,PAID_WITH
CUS-000543,ADR-000616,LOCATED_AT
CUS-000543,PAY-000543,PAID_WITH
CUS-001638,ADR-000836,LOCATED_AT
CUS-001638,PAY-001638,PAID_WITH
CUS-000075,ADR-000517,LOCATED_AT
CUS-000075,PAY-001532,PAID_WITH
CUS-002337,ADR-001386,LOCATED_AT
CUS-002337,PAY-002337,PAID_WITH
CUS-002309,ADR-001292,LOCATED_AT
CUS-002309,PAY-002309,PAID_WITH
CUS-000693,ADR-000367,LOCATED_AT
CUS-000693,PAY-000693,PAID_WITH
CUS-001415,ADR-000341,LOCATED_AT
CUS-001415,PAY-001415,PAID_WITH
CUS-002799,ADR-000907,LOCATED_AT
CUS-002799,PAY-002799,PAID_WITH
CUS-002967,ADR-001575,LOCATED_AT
CUS-002967,PAY-002967,PAID_WITH
CUS-002000,ADR-001613,LOCATED_AT
CUS-002000,PAY-002000,PAID_WITH
CUS-000804,ADR-001525,LOCATED_AT
CUS-000804,PAY-000804,PAID_WITH
CUS-001512,ADR-001257,LOCATED_AT
CUS-001512,PAY-001512,PAID_WITH
CUS-002181,ADR-001026,LOCATED_AT
CUS-002181,PAY-002181,PAID_WITH
CUS-001172,ADR-000587,LOCATED_AT
CUS-001172,PAY-001172,PAID_WITH
CUS-001543,ADR-000899,LOCATED_AT
CUS-001543,PAY-001543,PAID_WITH
CUS-000066,ADR-000371,LOCATED_AT
CUS-000066,PAY-000066,PAID_WITH
CUS-001641,ADR-001367,LOCATED_AT
CUS-001641,PAY-001641,PAID_WITH
CUS-002549,ADR-000553,LOCATED_AT
CUS-002549,PAY-002549,PAID_WITH
CUS-001882,ADR-000015,LOCATED_AT
CUS-001882,PAY-001882,PAID_WITH
CUS-000532,ADR-000722,LOCATED_AT
CUS-000532,PAY-000532,PAID_WITH
CUS-001706,ADR-000223,LOCATED_AT
CUS-001706,PAY-001706,PAID_WITH
CUS-001941,ADR-001049,LOCATED_AT
CUS-001941,PAY-001941,PAID_WITH
CUS-000940,ADR-000343,LOCATED_AT
CUS-000940,PAY-000940,PAID_WITH
CUS-000971,ADR-000578,LOCATED_AT
CUS-000971,PAY-000971,PAID_WITH
CUS-001570,ADR-001084,LOCATED_AT
CUS-001570,PAY-001570,PAID_WITH
CUS-001773,ADR-001647,LOCATED_AT
CUS-001773,PAY-001773,PAID_WITH
CUS-001529,ADR-000327,LOCATED_AT
CUS-001529,PAY-001529,PAID_WITH
CUS-002932,ADR-000630,LOCATED_AT
CUS-002932,PAY-002932,PAID_WITH
CUS-000282,ADR-000808,LOCATED_AT
CUS-000282,PAY-000282,PAID_WITH
CUS-002311,ADR-001436,LOCATED_AT
CUS-002311,PAY-002311,PAID_WITH
CUS-000816,ADR-000455,LOCATED_AT
CUS-000816,PAY-000816,PAID_WITH
CUS-002444,ADR-000387,LOCATED_AT
CUS-002444,PAY-002444,PAID_WITH
CUS-002163,ADR-000593,LOCATED_AT
CUS-002163,PAY-002163,PAID_WITH
CUS-001694,ADR-001653,LOCATED_AT
CUS-001694,PAY-001694,PAID_WITH
CUS-001831,ADR-000377,LOCATED_AT
CUS-001831,PAY-001831,PAID_WITH
CUS-001242,ADR-000426,LOCATED_AT
CUS-001242,PAY-001242,PAID_WITH
CUS-001727,ADR-000776,LOCATED_AT
CUS-001727,PAY-001727,PAID_WITH
CUS-002109,ADR-000657,LOCATED_AT
CUS-002109,PAY-002109,PAID_WITH
CUS-002741,ADR-000173,LOCATED_AT
CUS-002741,PAY-002741,PAID_WITH
CUS-001394,ADR-000759,LOCATED_AT
CUS-001394,PAY-001394,PAID_WITH
CUS-001649,ADR-000778,LOCATED_AT
CUS-001649,PAY-001649,PAID_WITH
CUS-002340,ADR-001144,LOCATED_AT
CUS-002340,PAY-002340,PAID_WITH
CUS-000706,ADR-001002,LOCATED_AT
CUS-000706,PAY-000706,PAID_WITH
CUS-001846,ADR-001731,LOCATED_AT
CUS-001846,PAY-001846,PAID_WITH
CUS-002638,ADR-000303,LOCATED_AT
CUS-002638,PAY-002638,PAID_WITH
CUS-001289,ADR-001656,LOCATED_AT
CUS-001289,PAY-001289,PAID_WITH
CUS-000345,ADR-000621,LOCATED_AT
CUS-000345,PAY-000345,PAID_WITH
CUS-000359,ADR-001637,LOCATED_AT
CUS-000359,PAY-000359,PAID_WITH
CUS-000390,ADR-001640,LOCATED_AT
CUS-000390,PAY-000390,PAID_WITH
CUS-000114,ADR-001788,LOCATED_AT
CUS-000114,PAY-000114,PAID_WITH
CUS-001506,ADR-000581,LOCATED_AT
CUS-001506,PAY-001506,PAID_WITH
CUS-001996,ADR-001376,LOCATED_AT
CUS-001996,PAY-001996,PAID_WITH
CUS-000653,ADR-000974,LOCATED_AT
CUS-000653,PAY-000653,PAID_WITH
CUS-002416,ADR-000093,LOCATED_AT
CUS-002416,PAY-002416,PAID_WITH
CUS-002608,ADR-001497,LOCATED_AT
CUS-002608,PAY-002608,PAID_WITH
CUS-002786,ADR-000392,LOCATED_AT
CUS-002786,PAY-002786,PAID_WITH
CUS-001368,ADR-000777,LOCATED_AT
CUS-001368,PAY-001368,PAID_WITH
CUS-000587,ADR-000268,LOCATED_AT
CUS-000587,PAY-000587,PAID_WITH
CUS-002040,ADR-001113,LOCATED_AT
CUS-002040,PAY-002040,PAID_WITH
CUS-001508,ADR-001360,LOCATED_AT
CUS-001508,PAY-001508,PAID_WITH
CUS-002900,ADR-000717,LOCATED_AT
CUS-002900,PAY-002900,PAID_WITH
CUS-001061,ADR-001757,LOCATED_AT
CUS-001061,PAY-001061,PAID_WITH
CUS-002836,ADR-000500,LOCATED_AT
CUS-002836,PAY-002836,PAID_WITH
CUS-002917,ADR-001509,LOCATED_AT
CUS-002917,PAY-002917,PAID_WITH
CUS-002426,ADR-001284,LOCATED_AT
CUS-002426,PAY-002426,PAID_WITH
CUS-001256,ADR-000081,LOCATED_AT
CUS-001256,PAY-001256,PAID_WITH
CUS-000138,ADR-001644,LOCATED_AT
CUS-000138,PAY-000138,PAID_WITH
CUS-002045,ADR-001606,LOCATED_AT
CUS-002045,PAY-002045,PAID_WITH
CUS-001432,ADR-000793,LOCATED_AT
CUS-001432,PAY-001432,PAID_WITH
CUS-002431,ADR-000192,LOCATED_AT
CUS-002431,PAY-002431,PAID_WITH
CUS-002945,ADR-000758,LOCATED_AT
CUS-002945,PAY-002945,PAID_WITH
CUS-001504,ADR-000990,LOCATED_AT
CUS-001504,PAY-001504,PAID_WITH
CUS-000294,ADR-001384,LOCATED_AT
CUS-000294,PAY-000294,PAID_WITH
CUS-001975,ADR-000008,LOCATED_AT
CUS-001975,PAY-001975,PAID_WITH
CUS-000255,ADR-001187,LOCATED_AT
CUS-000255,PAY-000255,PAID_WITH
CUS-000754,ADR-001360,LOCATED_AT
CUS-000754,PAY-000754,PAID_WITH
CUS-001435,ADR-001657,LOCATED_AT
CUS-001435,PAY-001435,PAID_WITH
CUS-002725,ADR-000714,LOCATED_AT
CUS-002725,PAY-002725,PAID_WITH
CUS-000899,ADR-000852,LOCATED_AT
CUS-000899,PAY-000899,PAID_WITH
CUS-001090,ADR-001522,LOCATED_AT
CUS-001090,PAY-001090,PAID_WITH
CUS-002981,ADR-000116,LOCATED_AT
CUS-002981,PAY-002981,PAID_WITH
CUS-002640,ADR-001114,LOCATED_AT
CUS-002640,PAY-002640,PAID_WITH
CUS-000104,ADR-000274,LOCATED_AT
CUS-000104,PAY-000104,PAID_WITH
CUS-002652,ADR-001559,LOCATED_AT
CUS-002652,PAY-002652,PAID_WITH
CUS-001560,ADR-000945,LOCATED_AT
CUS-001560,PAY-001560,PAID_WITH
CUS-001841,ADR-001772,LOCATED_AT
CUS-001841,PAY-001841,PAID_WITH
CUS-002184,ADR-000224,LOCATED_AT
CUS-002184,PAY-002184,PAID_WITH
CUS-000010,ADR-000292,LOCATED_AT
CUS-000010,PAY-000010,PAID_WITH
CUS-002768,ADR-001581,LOCATED_AT
CUS-002768,PAY-002768,PAID_WITH
CUS-001233,ADR-001439,LOCATED_AT
CUS-001233,PAY-001233,PAID_WITH
CUS-000384,ADR-001723,LOCATED_AT
CUS-000384,PAY-000384,PAID_WITH
CUS-001421,ADR-001460,LOCATED_AT
CUS-001421,PAY-001421,PAID_WITH
CUS-000877,ADR-000399,LOCATED_AT
CUS-000877,PAY-000877,PAID_WITH
CUS-001565,ADR-000829,LOCATED_AT
CUS-001565,PAY-001565,PAID_WITH
CUS-001753,ADR-000627,LOCATED_AT
CUS-001753,PAY-001753,PAID_WITH
CUS-000931,ADR-000387,LOCATED_AT
CUS-000931,PAY-000931,PAID_WITH
CUS-002565,ADR-000737,LOCATED_AT
CUS-002565,PAY-002565,PAID_WITH
CUS-002754,ADR-000144,LOCATED_AT
CUS-002754,PAY-002754,PAID_WITH
CUS-000305,ADR-000841,LOCATED_AT
CUS-000305,PAY-000305,PAID_WITH
CUS-002344,ADR-000074,LOCATED_AT
CUS-002344,PAY-002344,PAID_WITH
CUS-000455,ADR-001549,LOCATED_AT
CUS-000455,PAY-000455,PAID_WITH
CUS-001366,ADR-001798,LOCATED_AT
CUS-001366,PAY-001366,PAID_WITH
CUS-002926,ADR-001560,LOCATED_AT
CUS-002926,PAY-002926,PAID_WITH
CUS-002218,ADR-000001,LOCATED_AT
CUS-002218,PAY-002218,PAID_WITH
CUS-001612,ADR-000613,LOCATED_AT
CUS-001612,PAY-001612,PAID_WITH
CUS-000423,ADR-000900,LOCATED_AT
CUS-000423,PAY-000423,PAID_WITH
CUS-000307,ADR-001591,LOCATED_AT
CUS-000307,PAY-000307,PAID_WITH
CUS-002179,ADR-000128,LOCATED_AT
CUS-002179,PAY-002179,PAID_WITH
CUS-002482,ADR-000080,LOCATED_AT
CUS-002482,PAY-002482,PAID_WITH
CUS-002851,ADR-001396,LOCATED_AT
CUS-002851,PAY-002851,PAID_WITH
CUS-001278,ADR-001298,LOCATED_AT
CUS-001278,PAY-001278,PAID_WITH
CUS-001687,ADR-000338,LOCATED_AT
CUS-001687,PAY-001687,PAID_WITH
CUS-002825,ADR-001316,LOCATED_AT
CUS-002825,PAY-002825,PAID_WITH
CUS-000749,ADR-000852,LOCATED_AT
CUS-000749,PAY-000749,PAID_WITH
CUS-001177,ADR-000430,LOCATED_AT
CUS-001177,PAY-001177,PAID_WITH
CUS-000708,ADR-000340,LOCATED_AT
CUS-000708,PAY-000708,PAID_WITH
CUS-001609,ADR-001522,LOCATED_AT
CUS-001609,PAY-001609,PAID_WITH
CUS-001443,ADR-000732,LOCATED_AT
CUS-001443,PAY-001443,PAID_WITH
CUS-002005,ADR-000537,LOCATED_AT
CUS-002005,PAY-002005,PAID_WITH
CUS-002175,ADR-001138,LOCATED_AT
CUS-002175,PAY-002175,PAID_WITH
CUS-001442,ADR-000699,LOCATED_AT
CUS-001442,PAY-001442,PAID_WITH
CUS-002913,ADR-000983,LOCATED_AT
CUS-002913,PAY-002913,PAID_WITH
CUS-001167,ADR-000365,LOCATED_AT
CUS-001167,PAY-001167,PAID_WITH
CUS-002222,ADR-001330,LOCATED_AT
CUS-002222,PAY-002222,PAID_WITH
CUS-000674,ADR-000641,LOCATED_AT
CUS-000674,PAY-000674,PAID_WITH
CUS-000670,ADR-000861,LOCATED_AT
CUS-000670,PAY-000670,PAID_WITH
CUS-002490,ADR-001497,LOCATED_AT
CUS-002490,PAY-002490,PAID_WITH
CUS-000997,ADR-000292,LOCATED_AT
CUS-000997,PAY-000997,PAID_WITH
CUS-001475,ADR-000869,LOCATED_AT
CUS-001475,PAY-002147,PAID_WITH
CUS-000761,ADR-001483,LOCATED_AT
CUS-000761,PAY-000761,PAID_WITH
CUS-000246,ADR-000302,LOCATED_AT
CUS-000246,PAY-000246,PAID_WITH
CUS-001314,ADR-001097,LOCATED_AT
CUS-001314,PAY-001314,PAID_WITH
CUS-002826,ADR-000954,LOCATED_AT
CUS-002826,PAY-002826,PAID_WITH
CUS-002979,ADR-000189,LOCATED_AT
CUS-002979,PAY-002979,PAID_WITH
CUS-000244,ADR-001267,LOCATED_AT
CUS-000244,PAY-000244,PAID_WITH
CUS-000699,ADR-001395,LOCATED_AT
CUS-000699,PAY-000699,PAID_WITH
CUS-001234,ADR-001680,LOCATED_AT
CUS-001234,PAY-001234,PAID_WITH
CUS-002112,ADR-001117,LOCATED_AT
CUS-002112,PAY-002112,PAID_WITH
CUS-002936,ADR-001192,LOCATED_AT
CUS-002936,PAY-002936,PAID_WITH
CUS-000404,ADR-001765,LOCATED_AT
CUS-000404,PAY-000404,PAID_WITH
CUS-002288,ADR-001789,LOCATED_AT
CUS-002288,PAY-002288,PAID_WITH
CUS-001732,ADR-001220,LOCATED_AT
CUS-001732,PAY-001732,PAID_WITH
CUS-001847,ADR-000938,LOCATED_AT
CUS-001847,PAY-001847,PAID_WITH
CUS-001077,ADR-000157,LOCATED_AT
CUS-001077,PAY-001077,PAID_WITH
CUS-001260,ADR-000895,LOCATED_AT
CUS-001260,PAY-001260,PAID_WITH
CUS-001031,ADR-001121,LOCATED_AT
CUS-001031,PAY-001031,PAID_WITH
CUS-002605,ADR-001339,LOCATED_AT
CUS-002605,PAY-002605,PAID_WITH
CUS-000389,ADR-001647,LOCATED_AT
CUS-000389,PAY-000389,PAID_WITH
CUS-002885,ADR-000923,LOCATED_AT
CUS-002885,PAY-002885,PAID_WITH
CUS-000814,ADR-000799,LOCATED_AT
CUS-000814,PAY-000814,PAID_WITH
CUS-000123,ADR-000019,LOCATED_AT
CUS-000123,PAY-000123,PAID_WITH
CUS-002888,ADR-000562,LOCATED_AT
CUS-002888,PAY-002888,PAID_WITH
CUS-000885,ADR-000212,LOCATED_AT
CUS-000885,PAY-000885,PAID_WITH
CUS-002689,ADR-000108,LOCATED_AT
CUS-002689,PAY-002689,PAID_WITH
CUS-001099,ADR-000202,LOCATED_AT
CUS-001099,PAY-001099,PAID_WITH
CUS-001594,ADR-000113,LOCATED_AT
CUS-001594,PAY-001594,PAID_WITH
CUS-001645,ADR-000384,LOCATED_AT
CUS-001645,PAY-001645,PAID_WITH
CUS-001951,ADR-001114,LOCATED_AT
CUS-001951,PAY-001951,PAID_WITH
CUS-000607,ADR-001698,LOCATED_AT
CUS-000607,PAY-000607,PAID_WITH
CUS-002896,ADR-001663,LOCATED_AT
CUS-002896,PAY-002896,PAID_WITH
CUS-002035,ADR-000659,LOCATED_AT
CUS-002035,PAY-002035,PAID_WITH
CUS-000324,ADR-000427,LOCATED_AT
CUS-000324,PAY-000324,PAID_WITH
CUS-001848,ADR-000543,LOCATED_AT
CUS-001848,PAY-001848,PAID_WITH
CUS-000890,ADR-000264,LOCATED_AT
CUS-000890,PAY-000890,PAID_WITH
CUS-000475,ADR-000889,LOCATED_AT
CUS-000475,PAY-000475,PAID_WITH
CUS-000913,ADR-001623,LOCATED_AT
CUS-000913,PAY-000913,PAID_WITH
CUS-002575,ADR-000352,LOCATED_AT
CUS-002575,PAY-002575,PAID_WITH
CUS-001867,ADR-001570,LOCATED_AT
CUS-001867,PAY-001867,PAID_WITH
CUS-001822,ADR-000362,LOCATED_AT
CUS-001822,PAY-001822,PAID_WITH
CUS-001300,ADR-000864,LOCATED_AT
CUS-001300,PAY-001300,PAID_WITH
CUS-001555,ADR-001784,LOCATED_AT
CUS-001555,PAY-001555,PAID_WITH
CUS-002919,ADR-001417,LOCATED_AT
CUS-002919,PAY-002919,PAID_WITH
CUS-002232,ADR-000935,LOCATED_AT
CUS-002232,PAY-002232,PAID_WITH
CUS-002898,ADR-001117,LOCATED_AT
CUS-002898,PAY-002898,PAID_WITH
CUS-001075,ADR-000400,LOCATED_AT
CUS-001075,PAY-001075,PAID_WITH
CUS-001552,ADR-000181,LOCATED_AT
CUS-001552,PAY-001552,PAID_WITH
CUS-000841,ADR-001183,LOCATED_AT
CUS-000841,PAY-000841,PAID_WITH
CUS-002265,ADR-001394,LOCATED_AT
CUS-002265,PAY-002265,PAID_WITH
CUS-001517,ADR-001646,LOCATED_AT
CUS-001517,PAY-001517,PAID_WITH
CUS-001304,ADR-001262,LOCATED_AT
CUS-001304,PAY-001304,PAID_WITH
CUS-002564,ADR-001607,LOCATED_AT
CUS-002564,PAY-002564,PAID_WITH
CUS-001983,ADR-000503,LOCATED_AT
CUS-001983,PAY-001983,PAID_WITH
CUS-001661,ADR-000639,LOCATED_AT
CUS-001661,PAY-001661,PAID_WITH
CUS-000303,ADR-000598,LOCATED_AT
CUS-000303,PAY-000303,PAID_WITH
CUS-002215,ADR-000910,LOCATED_AT
CUS-002215,PAY-002215,PAID_WITH
CUS-000381,ADR-001150,LOCATED_AT
CUS-000381,PAY-000381,PAID_WITH
CUS-000735,ADR-001232,LOCATED_AT
CUS-000735,PAY-000735,PAID_WITH
CUS-000549,ADR-000268,LOCATED_AT
CUS-000549,PAY-000549,PAID_WITH
CUS-002724,ADR-001180,LOCATED_AT
CUS-002724,PAY-002724,PAID_WITH
CUS-001914,ADR-000436,LOCATED_AT
CUS-001914,PAY-001914,PAID_WITH
CUS-001498,ADR-000072,LOCATED_AT
CUS-001498,PAY-001498,PAID_WITH
CUS-000414,ADR-001564,LOCATED_AT
CUS-000414,PAY-000414,PAID_WITH
CUS-002492,ADR-001621,LOCATED_AT
CUS-002492,PAY-002492,PAID_WITH
CUS-000016,ADR-001728,LOCATED_AT
CUS-000016,PAY-000849,PAID_WITH
CUS-000904,ADR-001017,LOCATED_AT
CUS-000904,PAY-000904,PAID_WITH
CUS-000156,ADR-001654,LOCATED_AT
CUS-000156,PAY-000156,PAID_WITH
CUS-001241,ADR-000882,LOCATED_AT
CUS-001241,PAY-001241,PAID_WITH
CUS-002694,ADR-000625,LOCATED_AT
CUS-002694,PAY-002694,PAID_WITH
CUS-001024,ADR-001737,LOCATED_AT
CUS-001024,PAY-001024,PAID_WITH
CUS-000105,ADR-001354,LOCATED_AT
CUS-000105,PAY-001271,PAID_WITH
CUS-001371,ADR-000903,LOCATED_AT
CUS-001371,PAY-001371,PAID_WITH
CUS-002541,ADR-000776,LOCATED_AT
CUS-002541,PAY-002541,PAID_WITH
CUS-001827,ADR-000476,LOCATED_AT
CUS-001827,PAY-001827,PAID_WITH
CUS-000371,ADR-000110,LOCATED_AT
CUS-000371,PAY-000371,PAID_WITH
CUS-002408,ADR-001624,LOCATED_AT
CUS-002408,PAY-002408,PAID_WITH
CUS-001569,ADR-000522,LOCATED_AT
CUS-001569,PAY-001569,PAID_WITH
CUS-002261,ADR-000719,LOCATED_AT
CUS-002261,PAY-002261,PAID_WITH
CUS-001985,ADR-001432,LOCATED_AT
CUS-001985,PAY-001985,PAID_WITH
CUS-001524,ADR-000934,LOCATED_AT
CUS-001524,PAY-000849,PAID_WITH
CUS-001324,ADR-001358,LOCATED_AT
CUS-001324,PAY-001324,PAID_WITH
CUS-001850,ADR-000798,LOCATED_AT
CUS-001850,PAY-001850,PAID_WITH
CUS-000652,ADR-000423,LOCATED_AT
CUS-000652,PAY-000652,PAID_WITH
CUS-002229,ADR-001282,LOCATED_AT
CUS-002229,PAY-002229,PAID_WITH
CUS-000422,ADR-001789,LOCATED_AT
CUS-000422,PAY-000422,PAID_WITH
CUS-000785,ADR-001492,LOCATED_AT
CUS-000785,PAY-000785,PAID_WITH
CUS-000029,ADR-000022,LOCATED_AT
CUS-000029,PAY-000029,PAID_WITH
CUS-000098,ADR-001549,LOCATED_AT
CUS-000098,PAY-000098,PAID_WITH
CUS-002170,ADR-000731,LOCATED_AT
CUS-002170,PAY-002170,PAID_WITH
CUS-002002,ADR-001512,LOCATED_AT
CUS-002002,PAY-002002,PAID_WITH
CUS-000551,ADR-001550,LOCATED_AT
CUS-000551,PAY-000551,PAID_WITH
CUS-002351,ADR-000281,LOCATED_AT
CUS-002351,PAY-002351,PAID_WITH
CUS-002603,ADR-000527,LOCATED_AT
CUS-002603,PAY-002603,PAID_WITH
CUS-000306,ADR-001232,LOCATED_AT
CUS-000306,PAY-000306,PAID_WITH
CUS-000715,ADR-001290,LOCATED_AT
CUS-000715,PAY-000715,PAID_WITH
CUS-000147,ADR-000672,LOCATED_AT
CUS-000147,PAY-000147,PAID_WITH
CUS-000153,ADR-001200,LOCATED_AT
CUS-000153,PAY-000153,PAID_WITH
CUS-002021,ADR-001305,LOCATED_AT
CUS-002021,PAY-002021,PAID_WITH
CUS-002058,ADR-000955,LOCATED_AT
CUS-002058,PAY-002058,PAID_WITH
CUS-000211,ADR-001599,LOCATED_AT
CUS-000211,PAY-000211,PAID_WITH
CUS-001939,ADR-000896,LOCATED_AT
CUS-001939,PAY-001939,PAID_WITH
CUS-001932,ADR-000494,LOCATED_AT
CUS-001932,PAY-001932,PAID_WITH
CUS-002495,ADR-000145,LOCATED_AT
CUS-002495,PAY-002495,PAID_WITH
CUS-000824,ADR-001577,LOCATED_AT
CUS-000824,PAY-000824,PAID_WITH
CUS-001855,ADR-000183,LOCATED_AT
CUS-001855,PAY-001855,PAID_WITH
CUS-001974,ADR-000485,LOCATED_AT
CUS-001974,PAY-001974,PAID_WITH
CUS-002293,ADR-000142,LOCATED_AT
CUS-002293,PAY-002293,PAID_WITH
CUS-001376,ADR-001282,LOCATED_AT
CUS-001376,PAY-001376,PAID_WITH
CUS-000799,ADR-001552,LOCATED_AT
CUS-000799,PAY-000799,PAID_WITH
CUS-000092,ADR-000734,LOCATED_AT
CUS-000092,PAY-000092,PAID_WITH
CUS-002584,ADR-000837,LOCATED_AT
CUS-002584,PAY-002584,PAID_WITH
CUS-001174,ADR-001142,LOCATED_AT
CUS-001174,PAY-001174,PAID_WITH
CUS-002670,ADR-001480,LOCATED_AT
CUS-002670,PAY-002670,PAID_WITH
CUS-000482,ADR-000347,LOCATED_AT
CUS-000482,PAY-000482,PAID_WITH
CUS-000169,ADR-000007,LOCATED_AT
CUS-000169,PAY-000169,PAID_WITH
CUS-002158,ADR-000361,LOCATED_AT
CUS-002158,PAY-002158,PAID_WITH
CUS-000891,ADR-000801,LOCATED_AT
CUS-000891,PAY-000891,PAID_WITH
CUS-001237,ADR-001414,LOCATED_AT
CUS-001237,PAY-001237,PAID_WITH
CUS-001564,ADR-001460,LOCATED_AT
CUS-001564,PAY-001564,PAID_WITH
CUS-001029,ADR-000019,LOCATED_AT
CUS-001029,PAY-001029,PAID_WITH
CUS-002221,ADR-001200,LOCATED_AT
CUS-002221,PAY-002221,PAID_WITH
CUS-002280,ADR-000364,LOCATED_AT
CUS-002280,PAY-002280,PAID_WITH
CUS-000602,ADR-000013,LOCATED_AT
CUS-000602,PAY-001532,PAID_WITH
CUS-000201,ADR-000008,LOCATED_AT
CUS-000201,PAY-000201,PAID_WITH
CUS-001635,ADR-001169,LOCATED_AT
CUS-001635,PAY-001635,PAID_WITH
CUS-001136,ADR-001348,LOCATED_AT
CUS-001136,PAY-001136,PAID_WITH
CUS-001288,ADR-001494,LOCATED_AT
CUS-001288,PAY-001288,PAID_WITH
CUS-002986,ADR-000742,LOCATED_AT
CUS-002986,PAY-002986,PAID_WITH
CUS-002663,ADR-000738,LOCATED_AT
CUS-002663,PAY-002663,PAID_WITH
CUS-001837,ADR-000793,LOCATED_AT
CUS-001837,PAY-001837,PAID_WITH
CUS-002065,ADR-000737,LOCATED_AT
CUS-002065,PAY-002065,PAID_WITH
CUS-002097,ADR-001234,LOCATED_AT
CUS-002097,PAY-002097,PAID_WITH
CUS-002829,ADR-001560,LOCATED_AT
CUS-002829,PAY-002829,PAID_WITH
CUS-000848,ADR-001505,LOCATED_AT
CUS-000848,PAY-000848,PAID_WITH
CUS-000202,ADR-001453,LOCATED_AT
CUS-000202,PAY-000202,PAID_WITH
CUS-001013,ADR-000041,LOCATED_AT
CUS-001013,PAY-001013,PAID_WITH
CUS-002990,ADR-001076,LOCATED_AT
CUS-002990,PAY-002990,PAID_WITH
CUS-001585,ADR-001614,LOCATED_AT
CUS-001585,PAY-001585,PAID_WITH
CUS-002862,ADR-000021,LOCATED_AT
CUS-002862,PAY-002862,PAID_WITH
CUS-002011,ADR-001092,LOCATED_AT
CUS-002011,PAY-002011,PAID_WITH
CUS-000855,ADR-001477,LOCATED_AT
CUS-000855,PAY-000855,PAID_WITH
CUS-002242,ADR-000492,LOCATED_AT
CUS-002242,PAY-002242,PAID_WITH
CUS-001747,ADR-001252,LOCATED_AT
CUS-001747,PAY-001747,PAID_WITH
CUS-000175,ADR-001313,LOCATED_AT
CUS-000175,PAY-000175,PAID_WITH
CUS-002406,ADR-001381,LOCATED_AT
CUS-002406,PAY-002406,PAID_WITH
CUS-000645,ADR-000646,LOCATED_AT
CUS-000645,PAY-000645,PAID_WITH
CUS-001303,ADR-001419,LOCATED_AT
CUS-001303,PAY-001303,PAID_WITH
CUS-002629,ADR-000871,LOCATED_AT
CUS-002629,PAY-001532,PAID_WITH
CUS-001005,ADR-000417,LOCATED_AT
CUS-001005,PAY-001005,PAID_WITH
CUS-002859,ADR-001074,LOCATED_AT
CUS-002859,PAY-002859,PAID_WITH
CUS-000116,ADR-000859,LOCATED_AT
CUS-000116,PAY-000116,PAID_WITH
CUS-000772,ADR-000620,LOCATED_AT
CUS-000772,PAY-000772,PAID_WITH
CUS-001467,ADR-000518,LOCATED_AT
CUS-001467,PAY-001467,PAID_WITH
CUS-002387,ADR-001456,LOCATED_AT
CUS-002387,PAY-002387,PAID_WITH
CUS-002570,ADR-001580,LOCATED_AT
CUS-002570,PAY-002570,PAID_WITH
CUS-002772,ADR-000930,LOCATED_AT
CUS-002772,PAY-002772,PAID_WITH
CUS-000492,ADR-001253,LOCATED_AT
CUS-000492,PAY-000492,PAID_WITH
CUS-002563,ADR-000737,LOCATED_AT
CUS-002563,PAY-002563,PAID_WITH
CUS-002747,ADR-000073,LOCATED_AT
CUS-002747,PAY-002747,PAID_WITH
CUS-000372,ADR-001458,LOCATED_AT
CUS-000372,PAY-000372,PAID_WITH
CUS-000672,ADR-000712,LOCATED_AT
CUS-000672,PAY-000672,PAID_WITH
CUS-001049,ADR-001097,LOCATED_AT
CUS-001049,PAY-001049,PAID_WITH
CUS-001945,ADR-000083,LOCATED_AT
CUS-001945,PAY-001945,PAID_WITH
CUS-001341,ADR-000473,LOCATED_AT
CUS-001341,PAY-001341,PAID_WITH
CUS-002338,ADR-000068,LOCATED_AT
CUS-002338,PAY-002338,PAID_WITH
CUS-000697,ADR-000859,LOCATED_AT
CUS-000697,PAY-000697,PAID_WITH
CUS-002978,ADR-001354,LOCATED_AT
CUS-002978,PAY-002978,PAID_WITH
CUS-001100,ADR-000529,LOCATED_AT
CUS-001100,PAY-001100,PAID_WITH
CUS-001982,ADR-000387,LOCATED_AT
CUS-001982,PAY-001982,PAID_WITH
CUS-000734,ADR-000886,LOCATED_AT
CUS-000734,PAY-000734,PAID_WITH
CUS-002727,ADR-001770,LOCATED_AT
CUS-002727,PAY-002727,PAID_WITH
CUS-001866,ADR-001323,LOCATED_AT
CUS-001866,PAY-001866,PAID_WITH
CUS-001669,ADR-000715,LOCATED_AT
CUS-001669,PAY-001669,PAID_WITH
CUS-001070,ADR-000904,LOCATED_AT
CUS-001070,PAY-001070,PAID_WITH
CUS-001966,ADR-001358,LOCATED_AT
CUS-001966,PAY-001966,PAID_WITH
CUS-001058,ADR-000568,LOCATED_AT
CUS-001058,PAY-001058,PAID_WITH
CUS-000283,ADR-000231,LOCATED_AT
CUS-000283,PAY-000283,PAID_WITH
CUS-002618,ADR-001545,LOCATED_AT
CUS-002618,PAY-002618,PAID_WITH
CUS-000988,ADR-000148,LOCATED_AT
CUS-000988,PAY-000988,PAID_WITH
CUS-001340,ADR-001383,LOCATED_AT
CUS-001340,PAY-001340,PAID_WITH
CUS-002102,ADR-001271,LOCATED_AT
CUS-002102,PAY-002102,PAID_WITH
CUS-000257,ADR-000714,LOCATED_AT
CUS-000257,PAY-000257,PAID_WITH
CUS-002216,ADR-001770,LOCATED_AT
CUS-002216,PAY-002216,PAID_WITH
CUS-002892,ADR-000797,LOCATED_AT
CUS-002892,PAY-002892,PAID_WITH
CUS-002893,ADR-001667,LOCATED_AT
CUS-002893,PAY-002893,PAID_WITH
CUS-000302,ADR-000949,LOCATED_AT
CUS-000302,PAY-000302,PAID_WITH
CUS-001407,ADR-001047,LOCATED_AT
CUS-001407,PAY-001407,PAID_WITH
CUS-000656,ADR-000821,LOCATED_AT
CUS-000656,PAY-000656,PAID_WITH
CUS-000939,ADR-001653,LOCATED_AT
CUS-000939,PAY-000939,PAID_WITH
CUS-001273,ADR-000179,LOCATED_AT
CUS-001273,PAY-001273,PAID_WITH
CUS-000336,ADR-000125,LOCATED_AT
CUS-000336,PAY-000336,PAID_WITH
CUS-000304,ADR-000554,LOCATED_AT
CUS-000304,PAY-000304,PAID_WITH
CUS-002975,ADR-000549,LOCATED_AT
CUS-002975,PAY-002975,PAID_WITH
CUS-000388,ADR-000545,LOCATED_AT
CUS-000388,PAY-000388,PAID_WITH
CUS-000195,ADR-001071,LOCATED_AT
CUS-000195,PAY-000195,PAID_WITH
CUS-001209,ADR-000475,LOCATED_AT
CUS-001209,PAY-001209,PAID_WITH
CUS-002082,ADR-000871,LOCATED_AT
CUS-002082,PAY-002082,PAID_WITH
CUS-002506,ADR-001204,LOCATED_AT
CUS-002506,PAY-002506,PAID_WITH
CUS-000869,ADR-001308,LOCATED_AT
CUS-000869,PAY-000869,PAID_WITH
CUS-002674,ADR-000654,LOCATED_AT
CUS-002674,PAY-002674,PAID_WITH
CUS-002477,ADR-001037,LOCATED_AT
CUS-002477,PAY-002477,PAID_WITH
CUS-000509,ADR-001176,LOCATED_AT
CUS-000509,PAY-000509,PAID_WITH
CUS-000239,ADR-001638,LOCATED_AT
CUS-000239,PAY-000239,PAID_WITH
CUS-002947,ADR-000460,LOCATED_AT
CUS-002947,PAY-002947,PAID_WITH
CUS-000364,ADR-001143,LOCATED_AT
CUS-000364,PAY-000364,PAID_WITH
CUS-002779,ADR-000690,LOCATED_AT
CUS-002779,PAY-002779,PAID_WITH
CUS-001265,ADR-001499,LOCATED_AT
CUS-001265,PAY-001265,PAID_WITH
CUS-000210,ADR-000455,LOCATED_AT
CUS-000210,PAY-000210,PAID_WITH
CUS-001088,ADR-000890,LOCATED_AT
CUS-001088,PAY-001088,PAID_WITH
CUS-001707,ADR-001702,LOCATED_AT
CUS-001707,PAY-001707,PAID_WITH
CUS-002784,ADR-001527,LOCATED_AT
CUS-002784,PAY-002784,PAID_WITH
CUS-000446,ADR-000985,LOCATED_AT
CUS-000446,PAY-000446,PAID_WITH
CUS-000360,ADR-000697,LOCATED_AT
CUS-000360,PAY-000360,PAID_WITH
CUS-000566,ADR-001400,LOCATED_AT
CUS-000566,PAY-000566,PAID_WITH
CUS-001699,ADR-000758,LOCATED_AT
CUS-001699,PAY-002407,PAID_WITH
CUS-001211,ADR-000820,LOCATED_AT
CUS-001211,PAY-001211,PAID_WITH
CUS-002923,ADR-001527,LOCATED_AT
CUS-002923,PAY-002923,PAID_WITH
CUS-000062,ADR-000369,LOCATED_AT
CUS-000062,PAY-000062,PAID_WITH
CUS-000434,ADR-001026,LOCATED_AT
CUS-000434,PAY-000434,PAID_WITH
CUS-000534,ADR-001580,LOCATED_AT
CUS-000534,PAY-000534,PAID_WITH
CUS-001680,ADR-001395,LOCATED_AT
CUS-001680,PAY-001680,PAID_WITH
CUS-002126,ADR-000914,LOCATED_AT
CUS-002126,PAY-002126,PAID_WITH
CUS-000571,ADR-001016,LOCATED_AT
CUS-000571,PAY-000571,PAID_WITH
CUS-000479,ADR-001501,LOCATED_AT
CUS-000479,PAY-000479,PAID_WITH
CUS-001330,ADR-001777,LOCATED_AT
CUS-001330,PAY-001330,PAID_WITH
CUS-001365,ADR-000995,LOCATED_AT
CUS-001365,PAY-001365,PAID_WITH
CUS-000916,ADR-000228,LOCATED_AT
CUS-000916,PAY-000916,PAID_WITH
CUS-001808,ADR-001518,LOCATED_AT
CUS-001808,PAY-001808,PAID_WITH
CUS-000748,ADR-001650,LOCATED_AT
CUS-000748,PAY-000748,PAID_WITH
CUS-002003,ADR-001161,LOCATED_AT
CUS-002003,PAY-002003,PAID_WITH
CUS-001337,ADR-000635,LOCATED_AT
CUS-001337,PAY-001337,PAID_WITH
CUS-001166,ADR-000236,LOCATED_AT
CUS-001166,PAY-001166,PAID_WITH
CUS-000897,ADR-000507,LOCATED_AT
CUS-000897,PAY-000897,PAID_WITH
CUS-000694,ADR-001360,LOCATED_AT
CUS-000694,PAY-000694,PAID_WITH
CUS-001720,ADR-001303,LOCATED_AT
CUS-001720,PAY-001720,PAID_WITH
CUS-001763,ADR-001794,LOCATED_AT
CUS-001763,PAY-001763,PAID_WITH
CUS-000508,ADR-001433,LOCATED_AT
CUS-000508,PAY-000508,PAID_WITH
CUS-001291,ADR-001599,LOCATED_AT
CUS-001291,PAY-001291,PAID_WITH
CUS-002037,ADR-000561,LOCATED_AT
CUS-002037,PAY-002037,PAID_WITH
CUS-002007,ADR-000415,LOCATED_AT
CUS-002007,PAY-002007,PAID_WITH
CUS-001606,ADR-000984,LOCATED_AT
CUS-001606,PAY-001606,PAID_WITH
CUS-000451,ADR-000018,LOCATED_AT
CUS-000451,PAY-000451,PAID_WITH
CUS-001137,ADR-000337,LOCATED_AT
CUS-001137,PAY-001137,PAID_WITH
CUS-002842,ADR-001628,LOCATED_AT
CUS-002842,PAY-002842,PAID_WITH
CUS-000951,ADR-000869,LOCATED_AT
CUS-000951,PAY-000951,PAID_WITH
CUS-002758,ADR-001388,LOCATED_AT
CUS-002758,PAY-002758,PAID_WITH
CUS-002887,ADR-000434,LOCATED_AT
CUS-002887,PAY-002887,PAID_WITH
CUS-001127,ADR-000077,LOCATED_AT
CUS-001127,PAY-001127,PAID_WITH
CUS-002835,ADR-001333,LOCATED_AT
CUS-002835,PAY-002835,PAID_WITH
CUS-002534,ADR-000757,LOCATED_AT
CUS-002534,PAY-002534,PAID_WITH
CUS-000725,ADR-000932,LOCATED_AT
CUS-000725,PAY-000725,PAID_WITH
CUS-000298,ADR-000250,LOCATED_AT
CUS-000298,PAY-000298,PAID_WITH
CUS-001239,ADR-000669,LOCATED_AT
CUS-001239,PAY-001239,PAID_WITH
CUS-002771,ADR-001191,LOCATED_AT
CUS-002771,PAY-002771,PAID_WITH
CUS-001746,ADR-000175,LOCATED_AT
CUS-001746,PAY-001746,PAID_WITH
CUS-001298,ADR-000304,LOCATED_AT
CUS-001298,PAY-001298,PAID_WITH
CUS-001683,ADR-000266,LOCATED_AT
CUS-001683,PAY-001683,PAID_WITH
CUS-000705,ADR-000733,LOCATED_AT
CUS-000705,PAY-000705,PAID_WITH
CUS-000798,ADR-000591,LOCATED_AT
CUS-000798,PAY-000798,PAID_WITH
CUS-002323,ADR-000138,LOCATED_AT
CUS-002323,PAY-002323,PAID_WITH
CUS-001299,ADR-000539,LOCATED_AT
CUS-001299,PAY-001299,PAID_WITH
CUS-000778,ADR-001092,LOCATED_AT
CUS-000778,PAY-000778,PAID_WITH
CUS-000605,ADR-001460,LOCATED_AT
CUS-000605,PAY-000605,PAID_WITH
CUS-000802,ADR-001385,LOCATED_AT
CUS-000802,PAY-000802,PAID_WITH
CUS-000053,ADR-001143,LOCATED_AT
CUS-000053,PAY-000053,PAID_WITH
CUS-001096,ADR-001011,LOCATED_AT
CUS-001096,PAY-001096,PAID_WITH
CUS-002032,ADR-000074,LOCATED_AT
CUS-002032,PAY-002032,PAID_WITH
CUS-000431,ADR-001524,LOCATED_AT
CUS-000431,PAY-000431,PAID_WITH
CUS-000526,ADR-000554,LOCATED_AT
CUS-000526,PAY-000526,PAID_WITH
CUS-001924,ADR-000990,LOCATED_AT
CUS-001924,PAY-001924,PAID_WITH
CUS-001665,ADR-000882,LOCATED_AT
CUS-001665,PAY-001665,PAID_WITH
CUS-001579,ADR-000764,LOCATED_AT
CUS-001579,PAY-001579,PAID_WITH
CUS-000209,ADR-000091,LOCATED_AT
CUS-000209,PAY-000209,PAID_WITH
CUS-002019,ADR-000421,LOCATED_AT
CUS-002019,PAY-002019,PAID_WITH
CUS-002581,ADR-001625,LOCATED_AT
CUS-002581,PAY-002581,PAID_WITH
CUS-002039,ADR-000602,LOCATED_AT
CUS-002039,PAY-002039,PAID_WITH
CUS-000230,ADR-001291,LOCATED_AT
CUS-000230,PAY-000230,PAID_WITH
CUS-000323,ADR-000471,LOCATED_AT
CUS-000323,PAY-000323,PAID_WITH
CUS-000417,ADR-000004,LOCATED_AT
CUS-000417,PAY-000417,PAID_WITH
CUS-000454,ADR-000627,LOCATED_AT
CUS-000454,PAY-000454,PAID_WITH
CUS-000776,ADR-000200,LOCATED_AT
CUS-000776,PAY-000776,PAID_WITH
CUS-002756,ADR-000105,LOCATED_AT
CUS-002756,PAY-002756,PAID_WITH
CUS-002494,ADR-000427,LOCATED_AT
CUS-002494,PAY-002494,PAID_WITH
CUS-000936,ADR-000510,LOCATED_AT
CUS-000936,PAY-000936,PAID_WITH
CUS-001592,ADR-000455,LOCATED_AT
CUS-001592,PAY-001592,PAID_WITH
CUS-002604,ADR-000959,LOCATED_AT
CUS-002604,PAY-002604,PAID_WITH
CUS-002790,ADR-001313,LOCATED_AT
CUS-002790,PAY-002790,PAID_WITH
CUS-001180,ADR-001290,LOCATED_AT
CUS-001180,PAY-001180,PAID_WITH
CUS-000980,ADR-000849,LOCATED_AT
CUS-000980,PAY-000980,PAID_WITH
CUS-002228,ADR-000240,LOCATED_AT
CUS-002228,PAY-002228,PAID_WITH
CUS-001203,ADR-000566,LOCATED_AT
CUS-001203,PAY-001203,PAID_WITH
CUS-002437,ADR-001721,LOCATED_AT
CUS-002437,PAY-002437,PAID_WITH
CUS-000780,ADR-000273,LOCATED_AT
CUS-000780,PAY-000780,PAID_WITH
CUS-002460,ADR-001217,LOCATED_AT
CUS-002460,PAY-002460,PAID_WITH
CUS-002031,ADR-001361,LOCATED_AT
CUS-002031,PAY-002031,PAID_WITH
CUS-001011,ADR-000528,LOCATED_AT
CUS-001011,PAY-001011,PAID_WITH
CUS-002318,ADR-001284,LOCATED_AT
CUS-002318,PAY-002318,PAID_WITH
CUS-001908,ADR-000113,LOCATED_AT
CUS-001908,PAY-001908,PAID_WITH
CUS-000873,ADR-001536,LOCATED_AT
CUS-000873,PAY-000873,PAID_WITH
CUS-000267,ADR-000852,LOCATED_AT
CUS-000267,PAY-000267,PAID_WITH
CUS-001964,ADR-001155,LOCATED_AT
CUS-001964,PAY-001964,PAID_WITH
CUS-001238,ADR-000198,LOCATED_AT
CUS-001238,PAY-001238,PAID_WITH
CUS-000884,ADR-001589,LOCATED_AT
CUS-000884,PAY-000884,PAID_WITH
CUS-002994,ADR-001274,LOCATED_AT
CUS-002994,PAY-002994,PAID_WITH
CUS-002943,ADR-000211,LOCATED_AT
CUS-002943,PAY-002943,PAID_WITH
CUS-002103,ADR-001597,LOCATED_AT
CUS-002103,PAY-002103,PAID_WITH
CUS-002899,ADR-000086,LOCATED_AT
CUS-002899,PAY-002899,PAID_WITH
CUS-000262,ADR-000063,LOCATED_AT
CUS-000262,PAY-000262,PAID_WITH
CUS-001874,ADR-000985,LOCATED_AT
CUS-001874,PAY-001874,PAID_WITH
CUS-002378,ADR-001555,LOCATED_AT
CUS-002378,PAY-002378,PAID_WITH
CUS-000604,ADR-000196,LOCATED_AT
CUS-000604,PAY-000604,PAID_WITH
CUS-002063,ADR-001744,LOCATED_AT
CUS-002063,PAY-002063,PAID_WITH
CUS-001870,ADR-001431,LOCATED_AT
CUS-001870,PAY-001870,PAID_WITH
CUS-002013,ADR-000120,LOCATED_AT
CUS-002013,PAY-002013,PAID_WITH
CUS-002271,ADR-000313,LOCATED_AT
CUS-002271,PAY-002271,PAID_WITH
CUS-002545,ADR-001111,LOCATED_AT
CUS-002545,PAY-002545,PAID_WITH
CUS-002628,ADR-000256,LOCATED_AT
CUS-002628,PAY-002628,PAID_WITH
CUS-001654,ADR-000101,LOCATED_AT
CUS-001654,PAY-001654,PAID_WITH
CUS-001809,ADR-000122,LOCATED_AT
CUS-001809,PAY-001809,PAID_WITH
CUS-001026,ADR-000105,LOCATED_AT
CUS-001026,PAY-001026,PAID_WITH
CUS-000639,ADR-001481,LOCATED_AT
CUS-000639,PAY-000639,PAID_WITH
CUS-002547,ADR-000976,LOCATED_AT
CUS-002547,PAY-002547,PAID_WITH
CUS-000967,ADR-001727,LOCATED_AT
CUS-000967,PAY-000967,PAID_WITH
CUS-000276,ADR-000623,LOCATED_AT
CUS-000276,PAY-000276,PAID_WITH
CUS-000837,ADR-001002,LOCATED_AT
CUS-000837,PAY-000837,PAID_WITH
CUS-002884,ADR-001726,LOCATED_AT
CUS-002884,PAY-002884,PAID_WITH
CUS-000935,ADR-001184,LOCATED_AT
CUS-000935,PAY-000935,PAID_WITH
CUS-000918,ADR-000635,LOCATED_AT
CUS-000918,PAY-000918,PAID_WITH
CUS-001118,ADR-000707,LOCATED_AT
CUS-001118,PAY-001118,PAID_WITH
CUS-002452,ADR-000561,LOCATED_AT
CUS-002452,PAY-002452,PAID_WITH
CUS-000441,ADR-000266,LOCATED_AT
CUS-000441,PAY-000441,PAID_WITH
CUS-000777,ADR-001433,LOCATED_AT
CUS-000777,PAY-000777,PAID_WITH
CUS-000194,ADR-001162,LOCATED_AT
CUS-000194,PAY-000194,PAID_WITH
CUS-000308,ADR-001318,LOCATED_AT
CUS-000308,PAY-000308,PAID_WITH
CUS-002505,ADR-001477,LOCATED_AT
CUS-002505,PAY-002505,PAID_WITH
CUS-002277,ADR-000292,LOCATED_AT
CUS-002277,PAY-002277,PAID_WITH
CUS-001795,ADR-001509,LOCATED_AT
CUS-001795,PAY-001795,PAID_WITH
CUS-001481,ADR-000127,LOCATED_AT
CUS-001481,PAY-001481,PAID_WITH
CUS-002955,ADR-001519,LOCATED_AT
CUS-002955,PAY-002955,PAID_WITH
CUS-001352,ADR-000525,LOCATED_AT
CUS-001352,PAY-001352,PAID_WITH
CUS-001041,ADR-000617,LOCATED_AT
CUS-001041,PAY-001041,PAID_WITH
CUS-001350,ADR-001441,LOCATED_AT
CUS-001350,PAY-001350,PAID_WITH
CUS-000512,ADR-001309,LOCATED_AT
CUS-000512,PAY-000512,PAID_WITH
CUS-002696,ADR-001227,LOCATED_AT
CUS-002696,PAY-002696,PAID_WITH
CUS-002514,ADR-001125,LOCATED_AT
CUS-002514,PAY-002514,PAID_WITH
CUS-000763,ADR-000015,LOCATED_AT
CUS-000763,PAY-000763,PAID_WITH
CUS-000634,ADR-000707,LOCATED_AT
CUS-000634,PAY-000634,PAID_WITH
CUS-002274,ADR-001153,LOCATED_AT
CUS-002274,PAY-002274,PAID_WITH
CUS-000599,ADR-000763,LOCATED_AT
CUS-000599,PAY-000599,PAID_WITH
CUS-001357,ADR-000121,LOCATED_AT
CUS-001357,PAY-001357,PAID_WITH
CUS-001171,ADR-001302,LOCATED_AT
CUS-001171,PAY-001171,PAID_WITH
CUS-002120,ADR-001112,LOCATED_AT
CUS-002120,PAY-002120,PAID_WITH
CUS-002764,ADR-000226,LOCATED_AT
CUS-002764,PAY-002764,PAID_WITH
CUS-002139,ADR-001335,LOCATED_AT
CUS-002139,PAY-002139,PAID_WITH
CUS-002974,ADR-000545,LOCATED_AT
CUS-002974,PAY-002974,PAID_WITH
CUS-002543,ADR-000440,LOCATED_AT
CUS-002543,PAY-002543,PAID_WITH
CUS-002400,ADR-000189,LOCATED_AT
CUS-002400,PAY-002400,PAID_WITH
CUS-001492,ADR-000097,LOCATED_AT
CUS-001492,PAY-001492,PAID_WITH
CUS-002027,ADR-001594,LOCATED_AT
CUS-002027,PAY-002027,PAID_WITH
CUS-002324,ADR-000790,LOCATED_AT
CUS-002324,PAY-002324,PAID_WITH
CUS-002078,ADR-000945,LOCATED_AT
CUS-002078,PAY-002078,PAID_WITH
CUS-000426,ADR-000652,LOCATED_AT
CUS-000426,PAY-000426,PAID_WITH
CUS-000499,ADR-001169,LOCATED_AT
CUS-000499,PAY-000499,PAID_WITH
CUS-000757,ADR-001131,LOCATED_AT
CUS-000757,PAY-000757,PAID_WITH
CUS-002223,ADR-001388,LOCATED_AT
CUS-002223,PAY-002223,PAID_WITH
CUS-001383,ADR-001255,LOCATED_AT
CUS-001383,PAY-001383,PAID_WITH
CUS-000866,ADR-001263,LOCATED_AT
CUS-000866,PAY-000866,PAID_WITH
CUS-001076,ADR-001184,LOCATED_AT
CUS-001076,PAY-002903,PAID_WITH
CUS-002237,ADR-001258,LOCATED_AT
CUS-002237,PAY-002237,PAID_WITH
CUS-000811,ADR-001788,LOCATED_AT
CUS-000811,PAY-000811,PAID_WITH
CUS-000847,ADR-000227,LOCATED_AT
CUS-000847,PAY-000847,PAID_WITH
CUS-000942,ADR-000151,LOCATED_AT
CUS-000942,PAY-000942,PAID_WITH
CUS-000809,ADR-001635,LOCATED_AT
CUS-000809,PAY-000809,PAID_WITH
CUS-002393,ADR-000100,LOCATED_AT
CUS-002393,PAY-002393,PAID_WITH
CUS-001361,ADR-000859,LOCATED_AT
CUS-001361,PAY-001361,PAID_WITH
CUS-000473,ADR-000795,LOCATED_AT
CUS-000473,PAY-000473,PAID_WITH
CUS-002339,ADR-001462,LOCATED_AT
CUS-002339,PAY-002339,PAID_WITH
CUS-000151,ADR-000841,LOCATED_AT
CUS-000151,PAY-000151,PAID_WITH
CUS-002805,ADR-000374,LOCATED_AT
CUS-002805,PAY-002805,PAID_WITH
CUS-001534,ADR-000905,LOCATED_AT
CUS-001534,PAY-001534,PAID_WITH
CUS-002806,ADR-000393,LOCATED_AT
CUS-002806,PAY-002806,PAID_WITH
CUS-000405,ADR-000755,LOCATED_AT
CUS-000405,PAY-000405,PAID_WITH
CUS-001659,ADR-000487,LOCATED_AT
CUS-001659,PAY-001659,PAID_WITH
CUS-002231,ADR-000876,LOCATED_AT
CUS-002231,PAY-002231,PAID_WITH
CUS-000091,ADR-001227,LOCATED_AT
CUS-000091,PAY-000091,PAID_WITH
CUS-000896,ADR-000311,LOCATED_AT
CUS-000896,PAY-000896,PAID_WITH
CUS-001858,ADR-000022,LOCATED_AT
CUS-001858,PAY-001858,PAID_WITH
CUS-002857,ADR-000857,LOCATED_AT
CUS-002857,PAY-002857,PAID_WITH
CUS-002591,ADR-000806,LOCATED_AT
CUS-002591,PAY-002591,PAID_WITH
CUS-000504,ADR-000714,LOCATED_AT
CUS-000504,PAY-000504,PAID_WITH
CUS-001541,ADR-001562,LOCATED_AT
CUS-001541,PAY-001541,PAID_WITH
CUS-002354,ADR-001094,LOCATED_AT
CUS-002354,PAY-002354,PAID_WITH
CUS-002664,ADR-000883,LOCATED_AT
CUS-002664,PAY-002664,PAID_WITH
CUS-001370,ADR-000310,LOCATED_AT
CUS-001370,PAY-001370,PAID_WITH
CUS-002150,ADR-000813,LOCATED_AT
CUS-002150,PAY-002150,PAID_WITH
CUS-002297,ADR-001321,LOCATED_AT
CUS-002297,PAY-002297,PAID_WITH
CUS-000107,ADR-000765,LOCATED_AT
CUS-000107,PAY-000107,PAID_WITH
CUS-002214,ADR-001619,LOCATED_AT
CUS-002214,PAY-002214,PAID_WITH
CUS-001782,ADR-000801,LOCATED_AT
CUS-001782,PAY-001782,PAID_WITH
CUS-002915,ADR-001133,LOCATED_AT
CUS-002915,PAY-002915,PAID_WITH
CUS-001128,ADR-001729,LOCATED_AT
CUS-001128,PAY-001128,PAID_WITH
CUS-001454,ADR-000212,LOCATED_AT
CUS-001454,PAY-001454,PAID_WITH
CUS-001603,ADR-000769,LOCATED_AT
CUS-001603,PAY-001603,PAID_WITH
CUS-000593,ADR-000768,LOCATED_AT
CUS-000593,PAY-000593,PAID_WITH
CUS-000523,ADR-000862,LOCATED_AT
CUS-000523,PAY-000523,PAID_WITH
CUS-000082,ADR-000281,LOCATED_AT
CUS-000082,PAY-000082,PAID_WITH
CUS-002855,ADR-001748,LOCATED_AT
CUS-002855,PAY-002855,PAID_WITH
CUS-002763,ADR-000484,LOCATED_AT
CUS-002763,PAY-002763,PAID_WITH
CUS-001910,ADR-000845,LOCATED_AT
CUS-001910,PAY-001910,PAID_WITH
CUS-002478,ADR-000281,LOCATED_AT
CUS-002478,PAY-002478,PAID_WITH
CUS-001648,ADR-001476,LOCATED_AT
CUS-001648,PAY-001648,PAID_WITH
CUS-000238,ADR-001268,LOCATED_AT
CUS-000238,PAY-000238,PAID_WITH
CUS-002191,ADR-001482,LOCATED_AT
CUS-002191,PAY-002191,PAID_WITH
CUS-002846,ADR-000052,LOCATED_AT
CUS-002846,PAY-002846,PAID_WITH
CUS-001483,ADR-001612,LOCATED_AT
CUS-001483,PAY-001483,PAID_WITH
CUS-002577,ADR-001618,LOCATED_AT
CUS-002577,PAY-002577,PAID_WITH
CUS-002848,ADR-001750,LOCATED_AT
CUS-002848,PAY-002848,PAID_WITH
CUS-000418,ADR-000558,LOCATED_AT
CUS-000418,PAY-000418,PAID_WITH
CUS-000055,ADR-000140,LOCATED_AT
CUS-000055,PAY-000055,PAID_WITH
CUS-002960,ADR-000528,LOCATED_AT
CUS-002960,PAY-002960,PAID_WITH
CUS-002985,ADR-001388,LOCATED_AT
CUS-002985,PAY-002985,PAID_WITH
CUS-002343,ADR-001025,LOCATED_AT
CUS-002343,PAY-002343,PAID_WITH
CUS-001836,ADR-000399,LOCATED_AT
CUS-001836,PAY-001836,PAID_WITH
CUS-001025,ADR-000501,LOCATED_AT
CUS-001025,PAY-001025,PAID_WITH
CUS-000692,ADR-000367,LOCATED_AT
CUS-000692,PAY-000692,PAID_WITH
CUS-000516,ADR-001013,LOCATED_AT
CUS-000516,PAY-000516,PAID_WITH
CUS-002072,ADR-000750,LOCATED_AT
CUS-002072,PAY-002072,PAID_WITH
CUS-001452,ADR-001573,LOCATED_AT
CUS-001452,PAY-001452,PAID_WITH
CUS-001016,ADR-001333,LOCATED_AT
CUS-001016,PAY-001016,PAID_WITH
CUS-001223,ADR-000626,LOCATED_AT
CUS-001223,PAY-001223,PAID_WITH
CUS-000995,ADR-001461,LOCATED_AT
CUS-000995,PAY-000995,PAID_WITH
CUS-001338,ADR-000168,LOCATED_AT
CUS-001338,PAY-001338,PAID_WITH
CUS-000807,ADR-001386,LOCATED_AT
CUS-000807,PAY-000807,PAID_WITH
CUS-001375,ADR-001719,LOCATED_AT
CUS-001375,PAY-001375,PAID_WITH
CUS-002852,ADR-001285,LOCATED_AT
CUS-002852,PAY-002852,PAID_WITH
CUS-001007,ADR-000647,LOCATED_AT
CUS-001007,PAY-001007,PAID_WITH
CUS-000229,ADR-000517,LOCATED_AT
CUS-000229,PAY-000229,PAID_WITH
CUS-000171,ADR-000599,LOCATED_AT
CUS-000171,PAY-000171,PAID_WITH
CUS-001092,ADR-000395,LOCATED_AT
CUS-001092,PAY-001092,PAID_WITH
CUS-002110,ADR-000223,LOCATED_AT
CUS-002110,PAY-002110,PAID_WITH
CUS-000460,ADR-000920,LOCATED_AT
CUS-000460,PAY-000460,PAID_WITH
CUS-000753,ADR-000060,LOCATED_AT
CUS-000753,PAY-000753,PAID_WITH
CUS-002769,ADR-000433,LOCATED_AT
CUS-002769,PAY-002769,PAID_WITH
CUS-002521,ADR-001264,LOCATED_AT
CUS-002521,PAY-002521,PAID_WITH
CUS-000803,ADR-000675,LOCATED_AT
CUS-000803,PAY-000803,PAID_WITH
CUS-001140,ADR-000498,LOCATED_AT
CUS-001140,PAY-001140,PAID_WITH
CUS-002659,ADR-000701,LOCATED_AT
CUS-002659,PAY-002659,PAID_WITH
CUS-000924,ADR-001399,LOCATED_AT
CUS-000924,PAY-000924,PAID_WITH
CUS-001586,ADR-000717,LOCATED_AT
CUS-001586,PAY-001586,PAID_WITH
CUS-002942,ADR-001551,LOCATED_AT
CUS-002942,PAY-002942,PAID_WITH
CUS-002635,ADR-001250,LOCATED_AT
CUS-002635,PAY-002635,PAID_WITH
CUS-000011,ADR-001378,LOCATED_AT
CUS-000011,PAY-000011,PAID_WITH
CUS-001826,ADR-001511,LOCATED_AT
CUS-001826,PAY-001826,PAID_WITH
CUS-000449,ADR-001014,LOCATED_AT
CUS-000449,PAY-000449,PAID_WITH
CUS-001728,ADR-001224,LOCATED_AT
CUS-001728,PAY-001728,PAID_WITH
CUS-000603,ADR-000931,LOCATED_AT
CUS-000603,PAY-000603,PAID_WITH
CUS-000961,ADR-001549,LOCATED_AT
CUS-000961,PAY-000961,PAID_WITH
CUS-000666,ADR-000231,LOCATED_AT
CUS-000666,PAY-000666,PAID_WITH
CUS-000623,ADR-000561,LOCATED_AT
CUS-000623,PAY-000623,PAID_WITH
CUS-000511,ADR-000195,LOCATED_AT
CUS-000511,PAY-000511,PAID_WITH
CUS-000989,ADR-001654,LOCATED_AT
CUS-000989,PAY-000989,PAID_WITH
CUS-000745,ADR-000527,LOCATED_AT
CUS-000745,PAY-000745,PAID_WITH
CUS-000328,ADR-000802,LOCATED_AT
CUS-000328,PAY-000328,PAID_WITH
CUS-001748,ADR-000096,LOCATED_AT
CUS-001748,PAY-001748,PAID_WITH
CUS-002399,ADR-001682,LOCATED_AT
CUS-002399,PAY-001271,PAID_WITH
CUS-001692,ADR-000015,LOCATED_AT
CUS-001692,PAY-001692,PAID_WITH
CUS-000650,ADR-001515,LOCATED_AT
CUS-000650,PAY-000650,PAID_WITH
CUS-000872,ADR-000226,LOCATED_AT
CUS-000872,PAY-000872,PAID_WITH
CUS-001124,ADR-000460,LOCATED_AT
CUS-001124,PAY-001124,PAID_WITH
CUS-000051,ADR-001439,LOCATED_AT
CUS-000051,PAY-000051,PAID_WITH
CUS-001887,ADR-001443,LOCATED_AT
CUS-001887,PAY-001887,PAID_WITH
CUS-002088,ADR-000034,LOCATED_AT
CUS-002088,PAY-002088,PAID_WITH
CUS-002091,ADR-000977,LOCATED_AT
CUS-002091,PAY-002091,PAID_WITH
CUS-000537,ADR-001558,LOCATED_AT
CUS-000537,PAY-000537,PAID_WITH
CUS-002220,ADR-000493,LOCATED_AT
CUS-002220,PAY-002220,PAID_WITH
CUS-002197,ADR-000068,LOCATED_AT
CUS-002197,PAY-002197,PAID_WITH
CUS-002143,ADR-000105,LOCATED_AT
CUS-002143,PAY-002143,PAID_WITH
CUS-000805,ADR-000783,LOCATED_AT
CUS-000805,PAY-000805,PAID_WITH
CUS-000545,ADR-000461,LOCATED_AT
CUS-000545,PAY-000545,PAID_WITH
CUS-001164,ADR-000453,LOCATED_AT
CUS-001164,PAY-001164,PAID_WITH
CUS-001621,ADR-000117,LOCATED_AT
CUS-001621,PAY-001621,PAID_WITH
CUS-001367,ADR-001778,LOCATED_AT
CUS-001367,PAY-001367,PAID_WITH
CUS-000686,ADR-000303,LOCATED_AT
CUS-000686,PAY-000686,PAID_WITH
CUS-000702,ADR-000998,LOCATED_AT
CUS-000702,PAY-000702,PAID_WITH
CUS-001737,ADR-000548,LOCATED_AT
CUS-001737,PAY-001737,PAID_WITH
CUS-001398,ADR-001639,LOCATED_AT
CUS-001398,PAY-001398,PAID_WITH
CUS-000574,ADR-001252,LOCATED_AT
CUS-000574,PAY-000574,PAID_WITH
CUS-002285,ADR-000235,LOCATED_AT
CUS-002285,PAY-002285,PAID_WITH
CUS-001952,ADR-000744,LOCATED_AT
CUS-001952,PAY-001952,PAID_WITH
CUS-001102,ADR-001710,LOCATED_AT
CUS-001102,PAY-001102,PAID_WITH
CUS-001568,ADR-001723,LOCATED_AT
CUS-001568,PAY-001568,PAID_WITH
CUS-000157,ADR-001284,LOCATED_AT
CUS-000157,PAY-000157,PAID_WITH
CUS-000514,ADR-001174,LOCATED_AT
CUS-000514,PAY-000514,PAID_WITH
CUS-000579,ADR-001734,LOCATED_AT
CUS-000579,PAY-000579,PAID_WITH
CUS-002263,ADR-001353,LOCATED_AT
CUS-002263,PAY-002263,PAID_WITH
CUS-001627,ADR-000327,LOCATED_AT
CUS-001627,PAY-001627,PAID_WITH
CUS-000002,ADR-000125,LOCATED_AT
CUS-000002,PAY-000002,PAID_WITH
CUS-001055,ADR-001004,LOCATED_AT
CUS-001055,PAY-001055,PAID_WITH
CUS-000048,ADR-001788,LOCATED_AT
CUS-000048,PAY-000048,PAID_WITH
CUS-000624,ADR-000269,LOCATED_AT
CUS-000624,PAY-000624,PAID_WITH
CUS-001069,ADR-001740,LOCATED_AT
CUS-001069,PAY-001069,PAID_WITH
CUS-000106,ADR-000172,LOCATED_AT
CUS-000106,PAY-000106,PAID_WITH
CUS-002972,ADR-000150,LOCATED_AT
CUS-002972,PAY-002972,PAID_WITH
CUS-000810,ADR-001584,LOCATED_AT
CUS-000810,PAY-000810,PAID_WITH
CUS-002672,ADR-000722,LOCATED_AT
CUS-002672,PAY-002220,PAID_WITH
CUS-001878,ADR-001536,LOCATED_AT
CUS-001878,PAY-001878,PAID_WITH
CUS-002982,ADR-001559,LOCATED_AT
CUS-002982,PAY-002982,PAID_WITH
CUS-000712,ADR-000492,LOCATED_AT
CUS-000712,PAY-000712,PAID_WITH
CUS-001453,ADR-000668,LOCATED_AT
CUS-001453,PAY-001453,PAID_WITH
CUS-002646,ADR-001149,LOCATED_AT
CUS-002646,PAY-002646,PAID_WITH
CUS-001465,ADR-001449,LOCATED_AT
CUS-001465,PAY-001465,PAID_WITH
CUS-000949,ADR-000427,LOCATED_AT
CUS-000949,PAY-000949,PAID_WITH
CUS-000594,ADR-001259,LOCATED_AT
CUS-000594,PAY-000594,PAID_WITH
CUS-002366,ADR-001746,LOCATED_AT
CUS-002366,PAY-002366,PAID_WITH
CUS-002895,ADR-001361,LOCATED_AT
CUS-002895,PAY-002895,PAID_WITH
CUS-000864,ADR-001182,LOCATED_AT
CUS-000864,PAY-000864,PAID_WITH
CUS-000590,ADR-000646,LOCATED_AT
CUS-000590,PAY-000590,PAID_WITH
CUS-000468,ADR-001055,LOCATED_AT
CUS-000468,PAY-000468,PAID_WITH
CUS-000050,ADR-001106,LOCATED_AT
CUS-000050,PAY-000050,PAID_WITH
CUS-001285,ADR-000354,LOCATED_AT
CUS-001285,PAY-001285,PAID_WITH
CUS-001702,ADR-001027,LOCATED_AT
CUS-001702,PAY-001702,PAID_WITH
CUS-002233,ADR-001016,LOCATED_AT
CUS-002233,PAY-002233,PAID_WITH
CUS-000037,ADR-000772,LOCATED_AT
CUS-000037,PAY-000037,PAID_WITH
CUS-000915,ADR-000892,LOCATED_AT
CUS-000915,PAY-001532,PAID_WITH
CUS-000258,ADR-001695,LOCATED_AT
CUS-000258,PAY-000258,PAID_WITH
CUS-001037,ADR-001335,LOCATED_AT
CUS-001037,PAY-001037,PAID_WITH
CUS-002925,ADR-001048,LOCATED_AT
CUS-002925,PAY-002925,PAID_WITH
CUS-001550,ADR-001707,LOCATED_AT
CUS-001550,PAY-001550,PAID_WITH
CUS-002362,ADR-000381,LOCATED_AT
CUS-002362,PAY-002362,PAID_WITH
CUS-002620,ADR-000307,LOCATED_AT
CUS-002620,PAY-002620,PAID_WITH
CUS-000520,ADR-001286,LOCATED_AT
CUS-000520,PAY-000520,PAID_WITH
CUS-000756,ADR-000155,LOCATED_AT
CUS-000756,PAY-000756,PAID_WITH
CUS-000137,ADR-000568,LOCATED_AT
CUS-000137,PAY-000137,PAID_WITH
CUS-001671,ADR-000199,LOCATED_AT
CUS-001671,PAY-001671,PAID_WITH
CUS-001686,ADR-001017,LOCATED_AT
CUS-001686,PAY-001686,PAID_WITH
CUS-000072,ADR-001186,LOCATED_AT
CUS-000072,PAY-002220,PAID_WITH
CUS-001658,ADR-000793,LOCATED_AT
CUS-001658,PAY-001658,PAID_WITH
CUS-002518,ADR-001180,LOCATED_AT
CUS-002518,PAY-002518,PAID_WITH
CUS-000568,ADR-000173,LOCATED_AT
CUS-000568,PAY-000568,PAID_WITH
CUS-000163,ADR-001698,LOCATED_AT
CUS-000163,PAY-000163,PAID_WITH
CUS-000440,ADR-000431,LOCATED_AT
CUS-000440,PAY-000440,PAID_WITH
CUS-002205,ADR-000873,LOCATED_AT
CUS-002205,PAY-000035,PAID_WITH
CUS-001768,ADR-000811,LOCATED_AT
CUS-001768,PAY-001768,PAID_WITH
CUS-001577,ADR-001546,LOCATED_AT
CUS-001577,PAY-001577,PAID_WITH
CUS-001423,ADR-001323,LOCATED_AT
CUS-001423,PAY-001423,PAID_WITH
CUS-000654,ADR-001729,LOCATED_AT
CUS-000654,PAY-000654,PAID_WITH
CUS-002419,ADR-000459,LOCATED_AT
CUS-002419,PAY-002419,PAID_WITH
CUS-001196,ADR-001279,LOCATED_AT
CUS-001196,PAY-001196,PAID_WITH
CUS-001873,ADR-001691,LOCATED_AT
CUS-001873,PAY-001873,PAID_WITH
CUS-000887,ADR-000905,LOCATED_AT
CUS-000887,PAY-000887,PAID_WITH
CUS-000430,ADR-001698,LOCATED_AT
CUS-000430,PAY-000430,PAID_WITH
CUS-002610,ADR-000039,LOCATED_AT
CUS-002610,PAY-002610,PAID_WITH
CUS-001915,ADR-000514,LOCATED_AT
CUS-001915,PAY-001915,PAID_WITH
CUS-002873,ADR-000959,LOCATED_AT
CUS-002873,PAY-002873,PAID_WITH
CUS-001981,ADR-000808,LOCATED_AT
CUS-001981,PAY-001981,PAID_WITH
CUS-002739,ADR-001318,LOCATED_AT
CUS-002739,PAY-002739,PAID_WITH
CUS-002224,ADR-000782,LOCATED_AT
CUS-002224,PAY-002224,PAID_WITH
CUS-001115,ADR-000121,LOCATED_AT
CUS-001115,PAY-001115,PAID_WITH
CUS-002439,ADR-000467,LOCATED_AT
CUS-002439,PAY-002439,PAID_WITH
CUS-002213,ADR-000630,LOCATED_AT
CUS-002213,PAY-002213,PAID_WITH
CUS-000716,ADR-001567,LOCATED_AT
CUS-000716,PAY-000716,PAID_WITH
CUS-001522,ADR-000871,LOCATED_AT
CUS-001522,PAY-001522,PAID_WITH
CUS-000850,ADR-001150,LOCATED_AT
CUS-000850,PAY-000850,PAID_WITH
CUS-000161,ADR-001788,LOCATED_AT
CUS-000161,PAY-000161,PAID_WITH
CUS-001301,ADR-000641,LOCATED_AT
CUS-001301,PAY-001301,PAID_WITH
CUS-000964,ADR-000799,LOCATED_AT
CUS-000964,PAY-000964,PAID_WITH
CUS-000058,ADR-000734,LOCATED_AT
CUS-000058,PAY-000058,PAID_WITH
CUS-000379,ADR-001728,LOCATED_AT
CUS-000379,PAY-000379,PAID_WITH
CUS-001762,ADR-001723,LOCATED_AT
CUS-001762,PAY-001762,PAID_WITH
CUS-002776,ADR-000073,LOCATED_AT
CUS-002776,PAY-002776,PAID_WITH
CUS-000191,ADR-001103,LOCATED_AT
CUS-000191,PAY-000191,PAID_WITH
CUS-002024,ADR-001665,LOCATED_AT
CUS-002024,PAY-002024,PAID_WITH
CUS-001440,ADR-000786,LOCATED_AT
CUS-001440,PAY-001440,PAID_WITH
CUS-002025,ADR-001644,LOCATED_AT
CUS-002025,PAY-002025,PAID_WITH
CUS-002107,ADR-001174,LOCATED_AT
CUS-002107,PAY-002107,PAID_WITH
CUS-001689,ADR-001567,LOCATED_AT
CUS-001689,PAY-001689,PAID_WITH
CUS-001771,ADR-000734,LOCATED_AT
CUS-001771,PAY-001771,PAID_WITH
CUS-001207,ADR-001594,LOCATED_AT
CUS-001207,PAY-001207,PAID_WITH
CUS-001800,ADR-001241,LOCATED_AT
CUS-001800,PAY-001800,PAID_WITH
CUS-001437,ADR-000438,LOCATED_AT
CUS-001437,PAY-001437,PAID_WITH
CUS-002295,ADR-000257,LOCATED_AT
CUS-002295,PAY-002295,PAID_WITH
CUS-001558,ADR-000468,LOCATED_AT
CUS-001558,PAY-001558,PAID_WITH
CUS-001319,ADR-001491,LOCATED_AT
CUS-001319,PAY-001319,PAID_WITH
CUS-001510,ADR-000832,LOCATED_AT
CUS-001510,PAY-001510,PAID_WITH
CUS-001292,ADR-000951,LOCATED_AT
CUS-001292,PAY-001292,PAID_WITH
CUS-002948,ADR-001491,LOCATED_AT
CUS-002948,PAY-002948,PAID_WITH
CUS-002142,ADR-001553,LOCATED_AT
CUS-002142,PAY-002142,PAID_WITH
CUS-002643,ADR-001144,LOCATED_AT
CUS-002643,PAY-002643,PAID_WITH
CUS-000819,ADR-000929,LOCATED_AT
CUS-000819,PAY-000819,PAID_WITH
CUS-001774,ADR-001069,LOCATED_AT
CUS-001774,PAY-001774,PAID_WITH
CUS-000241,ADR-001097,LOCATED_AT
CUS-000241,PAY-000241,PAID_WITH
CUS-001396,ADR-000139,LOCATED_AT
CUS-001396,PAY-001396,PAID_WITH
CUS-000084,ADR-001635,LOCATED_AT
CUS-000084,PAY-000084,PAID_WITH
CUS-001778,ADR-001788,LOCATED_AT
CUS-001778,PAY-001778,PAID_WITH
CUS-002685,ADR-001230,LOCATED_AT
CUS-002685,PAY-002685,PAID_WITH
CUS-000024,ADR-001477,LOCATED_AT
CUS-000024,PAY-000024,PAID_WITH
CUS-001667,ADR-001683,LOCATED_AT
CUS-001667,PAY-001667,PAID_WITH
CUS-000112,ADR-000051,LOCATED_AT
CUS-000112,PAY-000112,PAID_WITH
CUS-000985,ADR-001255,LOCATED_AT
CUS-000985,PAY-000985,PAID_WITH
CUS-002723,ADR-000155,LOCATED_AT
CUS-002723,PAY-002723,PAID_WITH
CUS-001425,ADR-001282,LOCATED_AT
CUS-001425,PAY-001425,PAID_WITH
CUS-000352,ADR-000134,LOCATED_AT
CUS-000352,PAY-000352,PAID_WITH
CUS-000581,ADR-000571,LOCATED_AT
CUS-000581,PAY-000581,PAID_WITH
CUS-001122,ADR-001549,LOCATED_AT
CUS-001122,PAY-001122,PAID_WITH
CUS-001095,ADR-000734,LOCATED_AT
CUS-001095,PAY-001095,PAID_WITH
CUS-001514,ADR-000742,LOCATED_AT
CUS-001514,PAY-001514,PAID_WITH
CUS-002924,ADR-000613,LOCATED_AT
CUS-002924,PAY-002924,PAID_WITH
CUS-001121,ADR-001527,LOCATED_AT
CUS-001121,PAY-001121,PAID_WITH
CUS-002881,ADR-001627,LOCATED_AT
CUS-002881,PAY-002881,PAID_WITH
CUS-002070,ADR-001479,LOCATED_AT
CUS-002070,PAY-002070,PAID_WITH
CUS-002241,ADR-000134,LOCATED_AT
CUS-002241,PAY-002241,PAID_WITH
CUS-000999,ADR-001253,LOCATED_AT
CUS-000999,PAY-000999,PAID_WITH
CUS-002568,ADR-000428,LOCATED_AT
CUS-002568,PAY-002568,PAID_WITH
CUS-001875,ADR-001136,LOCATED_AT
CUS-001875,PAY-001875,PAID_WITH
CUS-002099,ADR-001439,LOCATED_AT
CUS-002099,PAY-002099,PAID_WITH
CUS-001726,ADR-000564,LOCATED_AT
CUS-001726,PAY-001726,PAID_WITH
CUS-001653,ADR-001572,LOCATED_AT
CUS-001653,PAY-001653,PAID_WITH
CUS-000488,ADR-000480,LOCATED_AT
CUS-000488,PAY-000488,PAID_WITH
CUS-002838,ADR-001566,LOCATED_AT
CUS-002838,PAY-002838,PAID_WITH
CUS-000770,ADR-000642,LOCATED_AT
CUS-000770,PAY-000770,PAID_WITH
CUS-000800,ADR-001549,LOCATED_AT
CUS-000800,PAY-000800,PAID_WITH
CUS-002542,ADR-001508,LOCATED_AT
CUS-002542,PAY-002542,PAID_WITH
CUS-002360,ADR-001550,LOCATED_AT
CUS-002360,PAY-002360,PAID_WITH
CUS-002251,ADR-000545,LOCATED_AT
CUS-002251,PAY-002251,PAID_WITH
CUS-001290,ADR-000201,LOCATED_AT
CUS-001290,PAY-001290,PAID_WITH
CUS-002062,ADR-000188,LOCATED_AT
CUS-002062,PAY-002062,PAID_WITH
CUS-001906,ADR-001457,LOCATED_AT
CUS-001906,PAY-001906,PAID_WITH
CUS-002298,ADR-001489,LOCATED_AT
CUS-002298,PAY-002298,PAID_WITH
CUS-001859,ADR-001540,LOCATED_AT
CUS-001859,PAY-001859,PAID_WITH
CUS-001473,ADR-000426,LOCATED_AT
CUS-001473,PAY-001473,PAID_WITH
CUS-002201,ADR-000206,LOCATED_AT
CUS-002201,PAY-002201,PAID_WITH
CUS-002392,ADR-000037,LOCATED_AT
CUS-002392,PAY-002392,PAID_WITH
CUS-002203,ADR-001307,LOCATED_AT
CUS-002203,PAY-002203,PAID_WITH
CUS-000232,ADR-000822,LOCATED_AT
CUS-000232,PAY-000232,PAID_WITH
CUS-001192,ADR-001218,LOCATED_AT
CUS-001192,PAY-001192,PAID_WITH
CUS-000667,ADR-000422,LOCATED_AT
CUS-000667,PAY-000667,PAID_WITH
CUS-002258,ADR-000804,LOCATED_AT
CUS-002258,PAY-002258,PAID_WITH
CUS-001628,ADR-000599,LOCATED_AT
CUS-001628,PAY-001628,PAID_WITH
CUS-001245,ADR-000394,LOCATED_AT
CUS-001245,PAY-001245,PAID_WITH
CUS-002653,ADR-000734,LOCATED_AT
CUS-002653,PAY-002653,PAID_WITH
CUS-002969,ADR-001671,LOCATED_AT
CUS-002969,PAY-002969,PAID_WITH
CUS-001839,ADR-000282,LOCATED_AT
CUS-001839,PAY-001839,PAID_WITH
CUS-001084,ADR-000136,LOCATED_AT
CUS-001084,PAY-001084,PAID_WITH
CUS-001949,ADR-000960,LOCATED_AT
CUS-001949,PAY-001949,PAID_WITH
CUS-001379,ADR-001267,LOCATED_AT
CUS-001379,PAY-001379,PAID_WITH
CUS-001719,ADR-000222,LOCATED_AT
CUS-001719,PAY-001719,PAID_WITH
CUS-002730,ADR-000471,LOCATED_AT
CUS-002730,PAY-002730,PAID_WITH
CUS-002236,ADR-000633,LOCATED_AT
CUS-002236,PAY-002236,PAID_WITH
CUS-002552,ADR-001147,LOCATED_AT
CUS-002552,PAY-002552,PAID_WITH
CUS-001479,ADR-001298,LOCATED_AT
CUS-001479,PAY-001479,PAID_WITH
CUS-000410,ADR-001203,LOCATED_AT
CUS-000410,PAY-000410,PAID_WITH
CUS-000646,ADR-001353,LOCATED_AT
CUS-000646,PAY-000646,PAID_WITH
CUS-001182,ADR-001474,LOCATED_AT
CUS-001182,PAY-001182,PAID_WITH
CUS-000141,ADR-001181,LOCATED_AT
CUS-000141,PAY-000141,PAID_WITH
CUS-000133,ADR-001563,LOCATED_AT
CUS-000133,PAY-000133,PAID_WITH
CUS-001212,ADR-001092,LOCATED_AT
CUS-001212,PAY-001212,PAID_WITH
CUS-002388,ADR-000056,LOCATED_AT
CUS-002388,PAY-002388,PAID_WITH
CUS-001391,ADR-000484,LOCATED_AT
CUS-001391,PAY-001391,PAID_WITH
CUS-001749,ADR-000417,LOCATED_AT
CUS-001749,PAY-001749,PAID_WITH
CUS-001446,ADR-000422,LOCATED_AT
CUS-001446,PAY-001446,PAID_WITH
CUS-001255,ADR-000391,LOCATED_AT
CUS-001255,PAY-001255,PAID_WITH
CUS-001107,ADR-000200,LOCATED_AT
CUS-001107,PAY-001107,PAID_WITH
CUS-002556,ADR-000707,LOCATED_AT
CUS-002556,PAY-002556,PAID_WITH
CUS-002442,ADR-001490,LOCATED_AT
CUS-002442,PAY-002442,PAID_WITH
CUS-001064,ADR-001629,LOCATED_AT
CUS-001064,PAY-001064,PAID_WITH
CUS-002240,ADR-001271,LOCATED_AT
CUS-002240,PAY-002240,PAID_WITH
CUS-000969,ADR-001107,LOCATED_AT
CUS-000969,PAY-000969,PAID_WITH
CUS-000090,ADR-001200,LOCATED_AT
CUS-000090,PAY-000090,PAID_WITH
CUS-000880,ADR-001553,LOCATED_AT
CUS-000880,PAY-000880,PAID_WITH
CUS-000373,ADR-000300,LOCATED_AT
CUS-000373,PAY-000373,PAID_WITH
CUS-002312,ADR-001547,LOCATED_AT
CUS-002312,PAY-002312,PAID_WITH
CUS-001079,ADR-001446,LOCATED_AT
CUS-001079,PAY-001079,PAID_WITH
CUS-002934,ADR-000068,LOCATED_AT
CUS-002934,PAY-002934,PAID_WITH
CUS-001757,ADR-001631,LOCATED_AT
CUS-001757,PAY-001757,PAID_WITH
CUS-001134,ADR-000288,LOCATED_AT
CUS-001134,PAY-001134,PAID_WITH
CUS-002330,ADR-001480,LOCATED_AT
CUS-002330,PAY-002330,PAID_WITH
CUS-002401,ADR-001150,LOCATED_AT
CUS-002401,PAY-002401,PAID_WITH
CUS-001758,ADR-000614,LOCATED_AT
CUS-001758,PAY-001758,PAID_WITH
CUS-000200,ADR-001116,LOCATED_AT
CUS-000200,PAY-000200,PAID_WITH
CUS-001160,ADR-001507,LOCATED_AT
CUS-001160,PAY-001160,PAID_WITH
CUS-000789,ADR-000166,LOCATED_AT
CUS-000789,PAY-000789,PAID_WITH
CUS-000519,ADR-000518,LOCATED_AT
CUS-000519,PAY-000519,PAID_WITH
CUS-002920,ADR-001019,LOCATED_AT
CUS-002920,PAY-002920,PAID_WITH
CUS-000701,ADR-000084,LOCATED_AT
CUS-000701,PAY-000701,PAID_WITH
CUS-001999,ADR-000964,LOCATED_AT
CUS-001999,PAY-001999,PAID_WITH
CUS-000527,ADR-000671,LOCATED_AT
CUS-000527,PAY-000527,PAID_WITH
CUS-000661,ADR-000108,LOCATED_AT
CUS-000661,PAY-000661,PAID_WITH
CUS-002290,ADR-000483,LOCATED_AT
CUS-002290,PAY-002290,PAID_WITH
CUS-000820,ADR-000574,LOCATED_AT
CUS-000820,PAY-000820,PAID_WITH
CUS-001861,ADR-001751,LOCATED_AT
CUS-001861,PAY-001861,PAID_WITH
CUS-001327,ADR-000179,LOCATED_AT
CUS-001327,PAY-001327,PAID_WITH
CUS-000025,ADR-000318,LOCATED_AT
CUS-000025,PAY-000025,PAID_WITH
CUS-002559,ADR-001160,LOCATED_AT
CUS-002559,PAY-002559,PAID_WITH
CUS-001052,ADR-001324,LOCATED_AT
CUS-001052,PAY-001052,PAID_WITH
CUS-000727,ADR-000157,LOCATED_AT
CUS-000727,PAY-000727,PAID_WITH
CUS-001642,ADR-001443,LOCATED_AT
CUS-001642,PAY-001642,PAID_WITH
CUS-000617,ADR-000844,LOCATED_AT
CUS-000617,PAY-000617,PAID_WITH
CUS-000397,ADR-001142,LOCATED_AT
CUS-000397,PAY-000397,PAID_WITH
CUS-000012,ADR-000326,LOCATED_AT
CUS-000012,PAY-000012,PAID_WITH
CUS-002778,ADR-001542,LOCATED_AT
CUS-002778,PAY-002778,PAID_WITH
CUS-002275,ADR-001540,LOCATED_AT
CUS-002275,PAY-002275,PAID_WITH
CUS-001309,ADR-001227,LOCATED_AT
CUS-001309,PAY-001309,PAID_WITH
CUS-001938,ADR-000988,LOCATED_AT
CUS-001938,PAY-001938,PAID_WITH
CUS-002938,ADR-000973,LOCATED_AT
CUS-002938,PAY-002938,PAID_WITH
CUS-002680,ADR-000993,LOCATED_AT
CUS-002680,PAY-002680,PAID_WITH
CUS-002144,ADR-000116,LOCATED_AT
CUS-002144,PAY-002144,PAID_WITH
CUS-001589,ADR-001290,LOCATED_AT
CUS-001589,PAY-001589,PAID_WITH
CUS-001335,ADR-001018,LOCATED_AT
CUS-001335,PAY-001335,PAID_WITH
CUS-001447,ADR-000983,LOCATED_AT
CUS-001447,PAY-001447,PAID_WITH
CUS-000189,ADR-001363,LOCATED_AT
CUS-000189,PAY-000189,PAID_WITH
CUS-002334,ADR-001388,LOCATED_AT
CUS-002334,PAY-002334,PAID_WITH
CUS-000265,ADR-000213,LOCATED_AT
CUS-000265,PAY-000265,PAID_WITH
CUS-001183,ADR-000627,LOCATED_AT
CUS-001183,PAY-001183,PAID_WITH
CUS-000117,ADR-000196,LOCATED_AT
CUS-000117,PAY-000117,PAID_WITH
CUS-001194,ADR-001252,LOCATED_AT
CUS-001194,PAY-001194,PAID_WITH
CUS-001135,ADR-000016,LOCATED_AT
CUS-001135,PAY-001135,PAID_WITH
CUS-002190,ADR-000449,LOCATED_AT
CUS-002190,PAY-002190,PAID_WITH
CUS-000497,ADR-001738,LOCATED_AT
CUS-000497,PAY-000497,PAID_WITH
CUS-002508,ADR-001199,LOCATED_AT
CUS-002508,PAY-002508,PAID_WITH
CUS-001840,ADR-001691,LOCATED_AT
CUS-001840,PAY-001840,PAID_WITH
CUS-002886,ADR-000679,LOCATED_AT
CUS-002886,PAY-002886,PAID_WITH
CUS-002531,ADR-001785,LOCATED_AT
CUS-002531,PAY-002531,PAID_WITH
CUS-001688,ADR-000529,LOCATED_AT
CUS-001688,PAY-001688,PAID_WITH
CUS-002716,ADR-000700,LOCATED_AT
CUS-002716,PAY-002716,PAID_WITH
CUS-001168,ADR-000361,LOCATED_AT
CUS-001168,PAY-001168,PAID_WITH
CUS-000822,ADR-001591,LOCATED_AT
CUS-000822,PAY-000822,PAID_WITH
CUS-001911,ADR-001247,LOCATED_AT
CUS-001911,PAY-001911,PAID_WITH
CUS-001219,ADR-001020,LOCATED_AT
CUS-001219,PAY-001219,PAID_WITH
CUS-001114,ADR-001763,LOCATED_AT
CUS-001114,PAY-001114,PAID_WITH
CUS-001901,ADR-000129,LOCATED_AT
CUS-001901,PAY-001901,PAID_WITH
CUS-001444,ADR-000136,LOCATED_AT
CUS-001444,PAY-001444,PAID_WITH
CUS-000541,ADR-001621,LOCATED_AT
CUS-000541,PAY-000541,PAID_WITH
CUS-002931,ADR-001394,LOCATED_AT
CUS-002931,PAY-002931,PAID_WITH
CUS-001142,ADR-000144,LOCATED_AT
CUS-001142,PAY-001142,PAID_WITH
CUS-002048,ADR-000115,LOCATED_AT
CUS-002048,PAY-002048,PAID_WITH
CUS-000909,ADR-000068,LOCATED_AT
CUS-000909,PAY-000909,PAID_WITH
CUS-002703,ADR-001106,LOCATED_AT
CUS-002703,PAY-002703,PAID_WITH
CUS-001348,ADR-001336,LOCATED_AT
CUS-001348,PAY-001348,PAID_WITH
CUS-001131,ADR-000539,LOCATED_AT
CUS-001131,PAY-001131,PAID_WITH
CUS-001899,ADR-001757,LOCATED_AT
CUS-001899,PAY-001899,PAID_WITH
CUS-000933,ADR-001319,LOCATED_AT
CUS-000933,PAY-000933,PAID_WITH
CUS-002644,ADR-000868,LOCATED_AT
CUS-002644,PAY-002644,PAID_WITH
CUS-001893,ADR-000196,LOCATED_AT
CUS-001893,PAY-001893,PAID_WITH
CUS-000242,ADR-000113,LOCATED_AT
CUS-000242,PAY-000242,PAID_WITH
CUS-002207,ADR-000581,LOCATED_AT
CUS-002207,PAY-002207,PAID_WITH
CUS-001246,ADR-000751,LOCATED_AT
CUS-001246,PAY-001246,PAID_WITH
CUS-000722,ADR-000790,LOCATED_AT
CUS-000722,PAY-000722,PAID_WITH
CUS-002001,ADR-001521,LOCATED_AT
CUS-002001,PAY-002001,PAID_WITH
CUS-000498,ADR-001019,LOCATED_AT
CUS-000498,PAY-000498,PAID_WITH
CUS-000938,ADR-000396,LOCATED_AT
CUS-000938,PAY-000938,PAID_WITH
CUS-000240,ADR-000733,LOCATED_AT
CUS-000240,PAY-000240,PAID_WITH
CUS-000186,ADR-000197,LOCATED_AT
CUS-000186,PAY-000186,PAID_WITH
CUS-002269,ADR-000277,LOCATED_AT
CUS-002269,PAY-002269,PAID_WITH
CUS-002250,ADR-001597,LOCATED_AT
CUS-002250,PAY-002250,PAID_WITH
CUS-001071,ADR-000018,LOCATED_AT
CUS-001071,PAY-001071,PAID_WITH
CUS-000128,ADR-001654,LOCATED_AT
CUS-000128,PAY-000128,PAID_WITH
CUS-001545,ADR-000665,LOCATED_AT
CUS-001545,PAY-001545,PAID_WITH
CUS-002519,ADR-001076,LOCATED_AT
CUS-002519,PAY-002519,PAID_WITH
CUS-000278,ADR-000127,LOCATED_AT
CUS-000278,PAY-000278,PAID_WITH
CUS-002627,ADR-001031,LOCATED_AT
CUS-002627,PAY-002627,PAID_WITH
CUS-000198,ADR-001180,LOCATED_AT
CUS-000198,PAY-000198,PAID_WITH
CUS-001072,ADR-000919,LOCATED_AT
CUS-001072,PAY-001072,PAID_WITH
CUS-001322,ADR-001258,LOCATED_AT
CUS-001322,PAY-001322,PAID_WITH
CUS-002098,ADR-001740,LOCATED_AT
CUS-002098,PAY-002098,PAID_WITH
CUS-002100,ADR-001768,LOCATED_AT
CUS-002100,PAY-002100,PAID_WITH
CUS-000618,ADR-001002,LOCATED_AT
CUS-000618,PAY-000618,PAID_WITH
CUS-000173,ADR-001536,LOCATED_AT
CUS-000173,PAY-000173,PAID_WITH
CUS-000290,ADR-001330,LOCATED_AT
CUS-000290,PAY-000290,PAID_WITH
CUS-000732,ADR-001355,LOCATED_AT
CUS-000732,PAY-000732,PAID_WITH
CUS-000540,ADR-001584,LOCATED_AT
CUS-000540,PAY-000540,PAID_WITH
CUS-001807,ADR-000241,LOCATED_AT
CUS-001807,PAY-001807,PAID_WITH
CUS-000900,ADR-000105,LOCATED_AT
CUS-000900,PAY-000900,PAID_WITH
CUS-000412,ADR-001100,LOCATED_AT
CUS-000412,PAY-000412,PAID_WITH
CUS-000946,ADR-000979,LOCATED_AT
CUS-000946,PAY-000946,PAID_WITH
CUS-000751,ADR-001134,LOCATED_AT
CUS-000751,PAY-000751,PAID_WITH
CUS-002302,ADR-001231,LOCATED_AT
CUS-002302,PAY-002302,PAID_WITH
CUS-001775,ADR-000971,LOCATED_AT
CUS-001775,PAY-001775,PAID_WITH
CUS-001469,ADR-000655,LOCATED_AT
CUS-001469,PAY-001469,PAID_WITH
CUS-000179,ADR-001186,LOCATED_AT
CUS-000179,PAY-000179,PAID_WITH
CUS-000206,ADR-001428,LOCATED_AT
CUS-000206,PAY-000206,PAID_WITH
CUS-000863,ADR-000793,LOCATED_AT
CUS-000863,PAY-000863,PAID_WITH
CUS-002341,ADR-001345,LOCATED_AT
CUS-002341,PAY-002341,PAID_WITH
CUS-000976,ADR-001515,LOCATED_AT
CUS-000976,PAY-000976,PAID_WITH
CUS-002530,ADR-000651,LOCATED_AT
CUS-002530,PAY-002530,PAID_WITH
CUS-001854,ADR-000161,LOCATED_AT
CUS-001854,PAY-001854,PAID_WITH
CUS-001644,ADR-000313,LOCATED_AT
CUS-001644,PAY-001644,PAID_WITH
CUS-001573,ADR-001165,LOCATED_AT
CUS-001573,PAY-001573,PAID_WITH
CUS-000878,ADR-001153,LOCATED_AT
CUS-000878,PAY-000878,PAID_WITH
CUS-000507,ADR-000310,LOCATED_AT
CUS-000507,PAY-000507,PAID_WITH
CUS-002866,ADR-001053,LOCATED_AT
CUS-002866,PAY-002866,PAID_WITH
CUS-002440,ADR-000536,LOCATED_AT
CUS-002440,PAY-002440,PAID_WITH
CUS-000588,ADR-001571,LOCATED_AT
CUS-000588,PAY-000588,PAID_WITH
CUS-000223,ADR-000143,LOCATED_AT
CUS-000223,PAY-000223,PAID_WITH
CUS-002071,ADR-000400,LOCATED_AT
CUS-002071,PAY-002071,PAID_WITH
CUS-000922,ADR-001098,LOCATED_AT
CUS-000922,PAY-000922,PAID_WITH
CUS-000018,ADR-000158,LOCATED_AT
CUS-000018,PAY-000018,PAID_WITH
CUS-000947,ADR-001670,LOCATED_AT
CUS-000947,PAY-000947,PAID_WITH
CUS-000285,ADR-000734,LOCATED_AT
CUS-000285,PAY-000285,PAID_WITH
CUS-001620,ADR-000215,LOCATED_AT
CUS-001620,PAY-001620,PAID_WITH
CUS-002775,ADR-000009,LOCATED_AT
CUS-002775,PAY-002775,PAID_WITH
CUS-000535,ADR-001549,LOCATED_AT
CUS-000535,PAY-000535,PAID_WITH
CUS-002882,ADR-000576,LOCATED_AT
CUS-002882,PAY-002882,PAID_WITH
CUS-001679,ADR-000541,LOCATED_AT
CUS-001679,PAY-001679,PAID_WITH
CUS-002326,ADR-001030,LOCATED_AT
CUS-002326,PAY-002326,PAID_WITH
CUS-000275,ADR-000852,LOCATED_AT
CUS-000275,PAY-000275,PAID_WITH
CUS-001553,ADR-001743,LOCATED_AT
CUS-001553,PAY-001553,PAID_WITH
CUS-000385,ADR-001227,LOCATED_AT
CUS-000385,PAY-000385,PAID_WITH
CUS-000042,ADR-000331,LOCATED_AT
CUS-000042,PAY-000042,PAID_WITH
CUS-000478,ADR-000940,LOCATED_AT
CUS-000478,PAY-000478,PAID_WITH
CUS-001781,ADR-000503,LOCATED_AT
CUS-001781,PAY-001781,PAID_WITH
CUS-000619,ADR-000877,LOCATED_AT
CUS-000619,PAY-000619,PAID_WITH
CUS-001597,ADR-001221,LOCATED_AT
CUS-001597,PAY-001597,PAID_WITH
CUS-001152,ADR-001184,LOCATED_AT
CUS-001152,PAY-001152,PAID_WITH
CUS-002310,ADR-001419,LOCATED_AT
CUS-002310,PAY-002310,PAID_WITH
CUS-001923,ADR-000296,LOCATED_AT
CUS-001923,PAY-001923,PAID_WITH
CUS-001185,ADR-001789,LOCATED_AT
CUS-001185,PAY-001185,PAID_WITH
CUS-000740,ADR-000257,LOCATED_AT
CUS-000740,PAY-002905,PAID_WITH
CUS-000145,ADR-001121,LOCATED_AT
CUS-000145,PAY-000145,PAID_WITH
CUS-000547,ADR-000049,LOCATED_AT
CUS-000547,PAY-000547,PAID_WITH
CUS-001449,ADR-000903,LOCATED_AT
CUS-001449,PAY-001449,PAID_WITH
CUS-001472,ADR-001320,LOCATED_AT
CUS-001472,PAY-001472,PAID_WITH
CUS-001922,ADR-000094,LOCATED_AT
CUS-001922,PAY-001922,PAID_WITH
CUS-002149,ADR-001479,LOCATED_AT
CUS-002149,PAY-002149,PAID_WITH
CUS-000185,ADR-000355,LOCATED_AT
CUS-000185,PAY-000185,PAID_WITH
CUS-000564,ADR-001511,LOCATED_AT
CUS-000564,PAY-000564,PAID_WITH
CUS-000146,ADR-000060,LOCATED_AT
CUS-000146,PAY-000146,PAID_WITH
CUS-000365,ADR-000453,LOCATED_AT
CUS-000365,PAY-000365,PAID_WITH
CUS-001909,ADR-001055,LOCATED_AT
CUS-001909,PAY-001909,PAID_WITH
CUS-000139,ADR-000018,LOCATED_AT
CUS-000139,PAY-000139,PAID_WITH
CUS-000297,ADR-001410,LOCATED_AT
CUS-000297,PAY-000297,PAID_WITH
CUS-002971,ADR-001547,LOCATED_AT
CUS-002971,PAY-002971,PAID_WITH
CUS-002192,ADR-000432,LOCATED_AT
CUS-002192,PAY-002192,PAID_WITH
CUS-002096,ADR-001792,LOCATED_AT
CUS-002096,PAY-002096,PAID_WITH
CUS-002278,ADR-000500,LOCATED_AT
CUS-002278,PAY-002278,PAID_WITH
CUS-000199,ADR-001226,LOCATED_AT
CUS-000199,PAY-000199,PAID_WITH
CUS-002186,ADR-000917,LOCATED_AT
CUS-002186,PAY-002186,PAID_WITH
CUS-000792,ADR-000243,LOCATED_AT
CUS-000792,PAY-002407,PAID_WITH
CUS-000529,ADR-000371,LOCATED_AT
CUS-000529,PAY-002407,PAID_WITH
CUS-000312,ADR-000536,LOCATED_AT
CUS-000312,PAY-000312,PAID_WITH
CUS-002434,ADR-000598,LOCATED_AT
CUS-002434,PAY-002434,PAID_WITH
CUS-001701,ADR-000463,LOCATED_AT
CUS-001701,PAY-001701,PAID_WITH
CUS-001197,ADR-000532,LOCATED_AT
CUS-001197,PAY-002220,PAID_WITH
CUS-001817,ADR-000743,LOCATED_AT
CUS-001817,PAY-000035,PAID_WITH
CUS-000567,ADR-001704,LOCATED_AT
CUS-000567,PAY-000035,PAID_WITH
CUS-001500,ADR-000935,LOCATED_AT
CUS-001500,PAY-000035,PAID_WITH
CUS-002148,ADR-000496,LOCATED_AT
CUS-002148,PAY-002148,PAID_WITH
CUS-001708,ADR-000812,LOCATED_AT
CUS-001708,PAY-001708,PAID_WITH
CUS-002308,ADR-001003,LOCATED_AT
CUS-002308,PAY-002308,PAID_WITH
CUS-001496,ADR-000410,LOCATED_AT
CUS-001496,PAY-000849,PAID_WITH
CUS-002147,ADR-000531,LOCATED_AT
CUS-002147,PAY-002903,PAID_WITH
CUS-001698,ADR-000038,LOCATED_AT
CUS-001698,PAY-002903,PAID_WITH
CUS-001801,ADR-000680,LOCATED_AT
CUS-001801,PAY-001801,PAID_WITH
CUS-000322,ADR-000186,LOCATED_AT
CUS-000322,PAY-000880,PAID_WITH
CUS-002238,ADR-001243,LOCATED_AT
CUS-002238,PAY-000880,PAID_WITH
CUS-001448,ADR-001470,LOCATED_AT
CUS-001448,PAY-001271,PAID_WITH
CUS-000835,ADR-000107,LOCATED_AT
CUS-000835,PAY-000835,PAID_WITH
CUS-002124,ADR-000973,LOCATED_AT
CUS-002124,PAY-002147,PAID_WITH
CUS-001416,ADR-001702,LOCATED_AT
CUS-001416,PAY-002147,PAID_WITH
CUS-001860,ADR-001046,LOCATED_AT
CUS-001860,PAY-002905,PAID_WITH
CUS-000001,ADR-000596,LOCATED_AT
CUS-000001,PAY-000001,PAID_WITH
CUS-000003,ADR-001713,LOCATED_AT
CUS-000003,PAY-000003,PAID_WITH
CUS-000004,ADR-000060,LOCATED_AT
CUS-000004,PAY-000004,PAID_WITH
