id,node_type,claim_amount,claim_type,claim_date
CLM-000001,claim,406.6,accidental_damage,2023-05-28
CLM-000002,claim,333.71,theft,2023-08-12
CLM-000003,claim,205.59,mechanical_failure,2023-08-22
CLM-000004,claim,677.55,water_damage,2023-09-18
CLM-000005,claim,458.48,water_damage,2024-07-29
CLM-000006,claim,295.18,water_damage,2023-10-01
CLM-000007,claim,247.52,water_damage,2024-01-29
CLM-000008,claim,225.04,screen_damage,2024-08-03
CLM-000009,claim,81.09,battery_issue,2023-11-08
CLM-000010,claim,729.41,water_damage,2023-06-18
CLM-000011,claim,431.76,battery_issue,2023-11-03
CLM-000012,claim,94.73,mechanical_failure,2024-03-04
CLM-000013,claim,79.47,mechanical_failure,2024-06-12
CLM-000014,claim,141.41,software_issue,2023-10-04
CLM-000015,claim,99.56,battery_issue,2024-01-29
CLM-000016,claim,742.87,screen_damage,2023-12-17
CLM-000017,claim,81.87,accidental_damage,2023-07-11
CLM-000018,claim,175.97,battery_issue,2023-06-04
CLM-000019,claim,147.15,theft,2023-02-27
CLM-000020,claim,259.21,accidental_damage,2024-06-22
CLM-000021,claim,257.21,water_damage,2024-04-01
CLM-000022,claim,207.06,theft,2024-06-25
CLM-000023,claim,101.25,water_damage,2024-09-19
CLM-000024,claim,164.96,software_issue,2023-11-04
CLM-000025,claim,146.35,software_issue,2023-09-24
CLM-000026,claim,179.9,accidental_damage,2024-01-07
CLM-000027,claim,406.71,battery_issue,2023-10-20
CLM-000028,claim,240.02,water_damage,2023-09-01
CLM-000029,claim,122.87,accidental_damage,2024-07-11
CLM-000030,claim,1344.37,theft,2023-07-04
CLM-000031,claim,408.19,software_issue,2023-04-03
CLM-000032,claim,84.43,battery_issue,2023-05-31
CLM-000033,claim,149.15,software_issue,2023-07-14
CLM-000034,claim,366.71,screen_damage,2023-04-24
CLM-000035,claim,1089.93,battery_issue,2023-03-07
CLM-000036,claim,182.16,battery_issue,2024-05-30
CLM-000037,claim,206.95,mechanical_failure,2023-08-01
CLM-000038,claim,85.26,battery_issue,2023-04-01
CLM-000039,claim,368.71,theft,2023-02-09
CLM-000040,claim,103.01,water_damage,2023-08-21
CLM-000041,claim,102.28,water_damage,2024-05-21
CLM-000042,claim,339.22,battery_issue,2024-06-22
CLM-000043,claim,318.16,battery_issue,2024-04-03
CLM-000044,claim,161.35,software_issue,2024-07-14
CLM-000045,claim,527.13,accidental_damage,2023-05-16
CLM-000046,claim,345.92,screen_damage,2023-07-04
CLM-000047,claim,173.51,water_damage,2024-02-08
CLM-000048,claim,176.4,water_damage,2023-08-02
CLM-000049,claim,277.34,mechanical_failure,2024-07-18
CLM-000050,claim,3149.78,accidental_damage,2024-04-17
CLM-000051,claim,91.78,mechanical_failure,2023-09-13
CLM-000052,claim,404.6,theft,2024-08-09
CLM-000053,claim,251.4,theft,2023-02-15
CLM-000054,claim,52.71,water_damage,2024-02-12
CLM-000055,claim,498.31,battery_issue,2024-07-05
CLM-000056,claim,323.9,mechanical_failure,2024-07-28
CLM-000057,claim,134.69,water_damage,2024-11-19
CLM-000058,claim,438.49,theft,2023-02-28
CLM-000059,claim,145.22,software_issue,2023-10-05
CLM-000060,claim,73.22,mechanical_failure,2024-04-04
CLM-000061,claim,54.8,screen_damage,2023-02-18
CLM-000062,claim,331.34,battery_issue,2023-10-10
CLM-000063,claim,223.78,mechanical_failure,2023-06-03
CLM-000064,claim,1974.95,software_issue,2023-02-09
CLM-000065,claim,115.9,theft,2023-03-11
CLM-000066,claim,257.0,theft,2024-11-15
CLM-000067,claim,338.3,battery_issue,2024-06-28
CLM-000068,claim,349.76,battery_issue,2023-04-06
CLM-000069,claim,674.75,screen_damage,2023-07-02
CLM-000070,claim,197.56,mechanical_failure,2023-01-14
CLM-000071,claim,90.5,theft,2023-05-07
CLM-000072,claim,99.2,software_issue,2023-12-04
CLM-000073,claim,240.56,screen_damage,2023-12-08
CLM-000074,claim,291.56,theft,2024-05-03
CLM-000075,claim,703.37,battery_issue,2023-11-04
CLM-000076,claim,163.96,accidental_damage,2024-03-02
CLM-000077,claim,84.96,water_damage,2024-11-22
CLM-000078,claim,246.09,software_issue,2024-03-05
CLM-000079,claim,200.0,accidental_damage,2023-10-30
CLM-000080,claim,380.14,theft,2024-08-24
CLM-000081,claim,432.09,water_damage,2024-07-24
CLM-000082,claim,407.77,theft,2024-04-16
CLM-000083,claim,108.33,water_damage,2024-02-25
CLM-000084,claim,503.97,theft,2023-03-26
CLM-000085,claim,197.76,theft,2023-03-14
CLM-000086,claim,306.91,accidental_damage,2023-08-02
CLM-000087,claim,269.36,accidental_damage,2024-02-16
CLM-000088,claim,401.98,water_damage,2024-01-06
CLM-000089,claim,96.84,mechanical_failure,2023-11-20
CLM-000090,claim,102.62,water_damage,2024-01-31
CLM-000091,claim,940.37,screen_damage,2024-01-15
CLM-000092,claim,477.57,mechanical_failure,2023-11-06
CLM-000093,claim,387.85,screen_damage,2024-09-04
CLM-000094,claim,210.78,screen_damage,2024-11-03
CLM-000095,claim,95.45,theft,2024-09-28
CLM-000096,claim,179.66,mechanical_failure,2024-06-01
CLM-000097,claim,318.95,water_damage,2024-05-12
CLM-000098,claim,372.9,theft,2024-08-10
CLM-000099,claim,1426.89,theft,2024-03-17
CLM-000100,claim,693.29,software_issue,2023-12-13
CLM-000101,claim,436.21,battery_issue,2024-04-01
CLM-000102,claim,157.9,theft,2023-02-07
CLM-000103,claim,183.84,accidental_damage,2023-10-27
CLM-000104,claim,102.88,mechanical_failure,2024-01-19
CLM-000105,claim,144.33,battery_issue,2023-02-26
CLM-000106,claim,124.88,theft,2024-04-24
CLM-000107,claim,852.03,water_damage,2023-11-22
CLM-000108,claim,122.97,software_issue,2024-04-08
CLM-000109,claim,161.81,mechanical_failure,2024-08-23
CLM-000110,claim,254.1,mechanical_failure,2023-09-19
CLM-000111,claim,251.33,screen_damage,2024-02-03
CLM-000112,claim,137.64,mechanical_failure,2024-05-20
CLM-000113,claim,267.31,software_issue,2024-09-11
CLM-000114,claim,195.09,battery_issue,2024-09-30
CLM-000115,claim,154.54,screen_damage,2023-06-26
CLM-000116,claim,270.84,water_damage,2024-03-08
CLM-000117,claim,469.22,software_issue,2023-10-14
CLM-000118,claim,379.87,theft,2024-03-20
CLM-000119,claim,403.3,theft,2024-10-21
CLM-000120,claim,154.15,screen_damage,2023-02-26
CLM-000121,claim,137.86,theft,2023-05-12
CLM-000122,claim,757.33,screen_damage,2024-10-16
CLM-000123,claim,540.74,screen_damage,2024-11-04
CLM-000124,claim,181.79,water_damage,2023-03-23
CLM-000125,claim,380.52,theft,2023-07-19
CLM-000126,claim,301.74,theft,2024-05-07
CLM-000127,claim,201.37,accidental_damage,2023-02-22
CLM-000128,claim,255.62,software_issue,2024-05-30
CLM-000129,claim,271.72,theft,2023-10-23
CLM-000130,claim,230.74,theft,2024-04-16
CLM-000131,claim,342.94,water_damage,2024-07-12
CLM-000132,claim,326.61,theft,2023-07-18
CLM-000133,claim,266.61,accidental_damage,2024-05-02
CLM-000134,claim,60.95,screen_damage,2024-03-03
CLM-000135,claim,370.2,screen_damage,2024-07-15
CLM-000136,claim,530.2,mechanical_failure,2023-10-25
CLM-000137,claim,153.48,screen_damage,2024-08-27
CLM-000138,claim,93.81,screen_damage,2023-08-04
CLM-000139,claim,195.65,accidental_damage,2024-02-05
CLM-000140,claim,317.83,accidental_damage,2023-05-15
CLM-000141,claim,1339.62,mechanical_failure,2023-10-26
CLM-000142,claim,71.0,battery_issue,2024-09-18
CLM-000143,claim,174.72,screen_damage,2023-01-03
CLM-000144,claim,696.29,battery_issue,2023-06-11
CLM-000145,claim,630.56,theft,2024-11-08
CLM-000146,claim,298.82,mechanical_failure,2023-08-10
CLM-000147,claim,249.68,accidental_damage,2023-09-08
CLM-000148,claim,154.63,accidental_damage,2023-08-11
CLM-000149,claim,457.29,software_issue,2024-05-06
CLM-000150,claim,203.73,software_issue,2024-07-01
CLM-000151,claim,569.22,theft,2023-01-21
CLM-000152,claim,379.87,battery_issue,2023-05-31
CLM-000153,claim,529.04,accidental_damage,2023-07-15
CLM-000154,claim,29.93,software_issue,2023-10-13
CLM-000155,claim,112.9,battery_issue,2024-11-07
CLM-000156,claim,193.97,mechanical_failure,2024-01-18
CLM-000157,claim,253.59,theft,2023-06-01
CLM-000158,claim,368.4,accidental_damage,2023-07-10
CLM-000159,claim,250.13,battery_issue,2023-06-23
CLM-000160,claim,139.58,software_issue,2023-10-19
CLM-000161,claim,92.92,software_issue,2024-05-06
CLM-000162,claim,902.51,mechanical_failure,2024-04-21
CLM-000163,claim,162.19,mechanical_failure,2023-12-02
CLM-000164,claim,114.29,screen_damage,2024-05-06
CLM-000165,claim,201.16,screen_damage,2024-01-30
CLM-000166,claim,500.12,battery_issue,2024-11-15
CLM-000167,claim,119.31,screen_damage,2024-03-11
CLM-000168,claim,287.63,software_issue,2023-08-24
CLM-000169,claim,160.49,battery_issue,2024-09-10
CLM-000170,claim,28.46,battery_issue,2024-01-09
CLM-000171,claim,100.47,theft,2024-08-17
CLM-000172,claim,63.98,accidental_damage,2024-01-04
CLM-000173,claim,172.1,screen_damage,2023-07-14
CLM-000174,claim,116.96,software_issue,2023-01-25
CLM-000175,claim,313.98,software_issue,2023-12-24
CLM-000176,claim,196.61,software_issue,2024-10-01
CLM-000177,claim,202.42,mechanical_failure,2023-08-29
CLM-000178,claim,73.18,water_damage,2024-09-20
CLM-000179,claim,574.03,screen_damage,2023-04-29
CLM-000180,claim,286.01,software_issue,2023-07-19
CLM-000181,claim,198.66,screen_damage,2024-06-05
CLM-000182,claim,345.73,water_damage,2024-01-09
CLM-000183,claim,214.67,battery_issue,2024-11-09
CLM-000184,claim,440.79,water_damage,2023-09-06
CLM-000185,claim,71.6,theft,2023-06-24
CLM-000186,claim,92.96,screen_damage,2024-03-04
CLM-000187,claim,261.13,software_issue,2024-09-09
CLM-000188,claim,523.39,screen_damage,2024-04-19
CLM-000189,claim,140.82,theft,2024-01-18
CLM-000190,claim,309.59,screen_damage,2023-12-30
CLM-000191,claim,109.99,mechanical_failure,2024-11-29
CLM-000192,claim,188.32,water_damage,2023-09-14
CLM-000193,claim,168.92,accidental_damage,2023-09-12
CLM-000194,claim,311.99,theft,2024-10-20
CLM-000195,claim,158.02,water_damage,2024-11-17
CLM-000196,claim,438.08,theft,2024-05-28
CLM-000197,claim,638.0,software_issue,2024-11-28
CLM-000198,claim,395.4,accidental_damage,2023-01-13
CLM-000199,claim,625.26,theft,2024-08-02
CLM-000200,claim,61.77,battery_issue,2023-09-17
CLM-000201,claim,363.95,accidental_damage,2023-04-02
CLM-000202,claim,102.31,accidental_damage,2023-06-26
CLM-000203,claim,89.04,software_issue,2023-06-07
CLM-000204,claim,488.59,screen_damage,2024-03-13
CLM-000205,claim,338.1,battery_issue,2024-11-17
CLM-000206,claim,564.16,mechanical_failure,2023-08-17
CLM-000207,claim,249.31,screen_damage,2023-07-03
CLM-000208,claim,258.78,battery_issue,2024-03-10
CLM-000209,claim,194.6,screen_damage,2024-05-04
CLM-000210,claim,638.84,theft,2024-01-08
CLM-000211,claim,230.08,software_issue,2024-09-23
CLM-000212,claim,111.23,software_issue,2024-10-03
CLM-000213,claim,183.59,water_damage,2024-04-06
CLM-000214,claim,126.98,software_issue,2023-01-09
CLM-000215,claim,205.51,accidental_damage,2024-02-28
CLM-000216,claim,54.29,screen_damage,2023-09-22
CLM-000217,claim,204.02,accidental_damage,2024-09-05
CLM-000218,claim,283.88,water_damage,2023-10-29
CLM-000219,claim,146.86,mechanical_failure,2024-08-19
CLM-000220,claim,588.22,water_damage,2023-11-11
CLM-000221,claim,135.19,water_damage,2023-01-10
CLM-000222,claim,502.0,mechanical_failure,2024-07-04
CLM-000223,claim,419.15,theft,2023-07-01
CLM-000224,claim,196.03,mechanical_failure,2024-11-08
CLM-000225,claim,141.51,accidental_damage,2024-10-20
CLM-000226,claim,1100.68,theft,2024-11-27
CLM-000227,claim,1052.52,battery_issue,2023-06-16
CLM-000228,claim,528.67,accidental_damage,2023-08-29
CLM-000229,claim,656.24,screen_damage,2024-01-12
CLM-000230,claim,469.94,mechanical_failure,2023-01-31
CLM-000231,claim,369.78,screen_damage,2024-06-04
CLM-000232,claim,195.59,screen_damage,2024-11-28
CLM-000233,claim,400.21,software_issue,2023-03-02
CLM-000234,claim,198.19,software_issue,2023-07-21
CLM-000235,claim,324.91,accidental_damage,2024-06-26
CLM-000236,claim,253.0,battery_issue,2024-10-22
CLM-000237,claim,264.0,mechanical_failure,2023-12-02
CLM-000238,claim,233.72,software_issue,2023-03-18
CLM-000239,claim,123.77,theft,2024-05-09
CLM-000240,claim,185.43,water_damage,2024-07-03
CLM-000241,claim,867.5,software_issue,2024-06-13
CLM-000242,claim,168.36,software_issue,2023-10-30
CLM-000243,claim,143.17,software_issue,2024-09-08
CLM-000244,claim,148.24,accidental_damage,2024-11-27
CLM-000245,claim,831.55,software_issue,2023-07-11
CLM-000246,claim,10.91,theft,2024-05-15
CLM-000247,claim,40.22,battery_issue,2023-09-18
CLM-000248,claim,185.7,accidental_damage,2024-11-07
CLM-000249,claim,569.13,accidental_damage,2024-08-31
CLM-000250,claim,234.79,screen_damage,2023-10-17
CLM-000251,claim,179.16,software_issue,2023-07-24
CLM-000252,claim,2021.56,screen_damage,2023-01-10
CLM-000253,claim,170.16,water_damage,2024-03-05
CLM-000254,claim,353.14,water_damage,2023-10-14
CLM-000255,claim,195.14,mechanical_failure,2023-06-19
CLM-000256,claim,239.42,software_issue,2024-01-03
CLM-000257,claim,261.86,software_issue,2023-05-12
CLM-000258,claim,358.59,software_issue,2024-02-10
CLM-000259,claim,460.54,water_damage,2023-01-12
CLM-000260,claim,337.6,water_damage,2024-03-05
CLM-000261,claim,341.87,accidental_damage,2023-10-04
CLM-000262,claim,379.49,theft,2023-03-06
CLM-000263,claim,239.84,software_issue,2023-03-13
CLM-000264,claim,127.87,mechanical_failure,2023-12-22
CLM-000265,claim,29.46,software_issue,2023-10-24
CLM-000266,claim,149.02,water_damage,2024-04-24
CLM-000267,claim,192.07,screen_damage,2024-06-28
CLM-000268,claim,411.4,water_damage,2023-10-20
CLM-000269,claim,479.68,battery_issue,2024-10-16
CLM-000270,claim,133.69,mechanical_failure,2024-08-18
CLM-000271,claim,744.03,mechanical_failure,2023-10-31
CLM-000272,claim,271.53,water_damage,2024-07-28
CLM-000273,claim,670.8,theft,2023-08-08
CLM-000274,claim,158.79,screen_damage,2023-08-08
CLM-000275,claim,600.96,software_issue,2024-04-18
CLM-000276,claim,165.72,accidental_damage,2024-02-26
CLM-000277,claim,40.4,accidental_damage,2024-01-26
CLM-000278,claim,469.34,accidental_damage,2024-07-02
CLM-000279,claim,294.27,battery_issue,2024-08-03
CLM-000280,claim,138.93,software_issue,2024-05-13
CLM-000281,claim,84.49,theft,2024-01-20
CLM-000282,claim,305.09,mechanical_failure,2024-04-20
CLM-000283,claim,122.68,water_damage,2023-05-07
CLM-000284,claim,425.49,theft,2024-11-30
CLM-000285,claim,437.39,screen_damage,2023-12-29
CLM-000286,claim,45.61,screen_damage,2023-01-14
CLM-000287,claim,1073.8,software_issue,2024-08-31
CLM-000288,claim,300.24,screen_damage,2023-06-27
CLM-000289,claim,422.7,mechanical_failure,2024-02-13
CLM-000290,claim,260.82,screen_damage,2023-09-11
CLM-000291,claim,891.36,software_issue,2023-08-21
CLM-000292,claim,153.45,theft,2024-03-07
CLM-000293,claim,254.21,mechanical_failure,2024-01-19
CLM-000294,claim,75.34,battery_issue,2024-01-08
CLM-000295,claim,184.49,mechanical_failure,2023-04-18
CLM-000296,claim,122.19,screen_damage,2024-01-29
CLM-000297,claim,87.08,accidental_damage,2024-01-19
CLM-000298,claim,265.41,software_issue,2023-11-04
CLM-000299,claim,164.37,mechanical_failure,2024-04-25
CLM-000300,claim,685.2,accidental_damage,2024-07-06
CLM-000301,claim,25.49,battery_issue,2023-06-25
CLM-000302,claim,240.56,theft,2023-01-03
CLM-000303,claim,290.66,screen_damage,2024-02-19
CLM-000304,claim,166.47,software_issue,2024-06-13
CLM-000305,claim,324.08,software_issue,2023-03-04
CLM-000306,claim,68.07,accidental_damage,2024-09-13
CLM-000307,claim,208.34,screen_damage,2023-04-18
CLM-000308,claim,285.53,battery_issue,2024-07-23
CLM-000309,claim,41.25,mechanical_failure,2023-07-13
CLM-000310,claim,110.22,mechanical_failure,2024-11-19
CLM-000311,claim,128.5,accidental_damage,2023-07-15
CLM-000312,claim,78.58,screen_damage,2024-04-22
CLM-000313,claim,3006.55,screen_damage,2023-01-24
CLM-000314,claim,165.93,accidental_damage,2024-06-13
CLM-000315,claim,178.24,theft,2024-01-01
CLM-000316,claim,161.51,accidental_damage,2023-01-31
CLM-000317,claim,96.84,accidental_damage,2023-08-19
CLM-000318,claim,979.68,water_damage,2024-05-22
CLM-000319,claim,141.86,software_issue,2023-10-14
CLM-000320,claim,630.69,mechanical_failure,2023-03-02
CLM-000321,claim,94.07,screen_damage,2024-10-16
CLM-000322,claim,423.15,theft,2023-10-22
CLM-000323,claim,369.31,software_issue,2024-10-25
CLM-000324,claim,116.81,battery_issue,2024-08-10
CLM-000325,claim,122.92,mechanical_failure,2023-05-20
CLM-000326,claim,203.09,screen_damage,2024-07-01
CLM-000327,claim,297.15,battery_issue,2023-11-30
CLM-000328,claim,125.4,theft,2024-04-09
CLM-000329,claim,197.53,software_issue,2023-02-20
CLM-000330,claim,201.67,water_damage,2024-11-25
CLM-000331,claim,88.77,battery_issue,2023-08-18
CLM-000332,claim,394.5,water_damage,2024-07-10
CLM-000333,claim,116.86,water_damage,2024-04-01
CLM-000334,claim,235.28,screen_damage,2023-11-16
CLM-000335,claim,231.95,battery_issue,2024-03-24
CLM-000336,claim,545.45,water_damage,2024-10-16
CLM-000337,claim,114.12,software_issue,2023-12-07
CLM-000338,claim,291.34,screen_damage,2024-08-11
CLM-000339,claim,231.56,theft,2023-07-04
CLM-000340,claim,269.85,water_damage,2023-02-21
CLM-000341,claim,122.28,water_damage,2023-10-27
CLM-000342,claim,507.86,battery_issue,2024-06-03
CLM-000343,claim,106.4,software_issue,2024-02-27
CLM-000344,claim,221.76,battery_issue,2024-10-14
CLM-000345,claim,126.63,screen_damage,2024-06-03
CLM-000346,claim,168.77,battery_issue,2024-01-27
CLM-000347,claim,305.44,water_damage,2024-10-03
CLM-000348,claim,226.1,software_issue,2024-05-14
CLM-000349,claim,241.25,screen_damage,2024-07-13
CLM-000350,claim,1127.73,mechanical_failure,2023-07-28
CLM-000351,claim,131.72,theft,2024-03-01
CLM-000352,claim,227.76,water_damage,2023-11-12
CLM-000353,claim,407.4,software_issue,2024-07-30
CLM-000354,claim,253.57,accidental_damage,2023-02-12
CLM-000355,claim,169.58,software_issue,2023-10-23
CLM-000356,claim,110.53,battery_issue,2023-08-30
CLM-000357,claim,64.49,accidental_damage,2023-06-02
CLM-000358,claim,82.78,screen_damage,2024-03-18
CLM-000359,claim,58.32,accidental_damage,2023-11-19
CLM-000360,claim,263.56,battery_issue,2024-01-05
CLM-000361,claim,631.11,theft,2023-08-06
CLM-000362,claim,311.59,screen_damage,2023-03-20
CLM-000363,claim,80.17,theft,2023-10-25
CLM-000364,claim,223.67,theft,2024-08-25
CLM-000365,claim,246.35,screen_damage,2023-03-08
CLM-000366,claim,197.57,accidental_damage,2024-06-11
CLM-000367,claim,151.45,screen_damage,2024-04-18
CLM-000368,claim,88.54,battery_issue,2024-05-08
CLM-000369,claim,580.57,software_issue,2024-01-26
CLM-000370,claim,223.32,battery_issue,2024-09-06
CLM-000371,claim,104.41,theft,2023-08-15
CLM-000372,claim,153.45,theft,2023-06-25
CLM-000373,claim,162.81,water_damage,2024-04-22
CLM-000374,claim,456.5,mechanical_failure,2023-10-05
CLM-000375,claim,145.54,mechanical_failure,2023-08-25
CLM-000376,claim,113.0,accidental_damage,2024-10-20
CLM-000377,claim,195.19,water_damage,2023-12-27
CLM-000378,claim,374.07,screen_damage,2023-11-04
CLM-000379,claim,440.56,theft,2024-07-03
CLM-000380,claim,245.48,software_issue,2023-01-05
CLM-000381,claim,194.75,theft,2024-09-19
CLM-000382,claim,423.64,software_issue,2023-08-30
CLM-000383,claim,75.86,water_damage,2024-11-01
CLM-000384,claim,207.76,water_damage,2024-02-06
CLM-000385,claim,104.8,water_damage,2024-03-16
CLM-000386,claim,282.65,software_issue,2023-08-04
CLM-000387,claim,160.47,software_issue,2024-08-15
CLM-000388,claim,164.73,water_damage,2024-08-19
CLM-000389,claim,778.92,water_damage,2024-10-14
CLM-000390,claim,161.57,mechanical_failure,2024-03-17
CLM-000391,claim,255.34,accidental_damage,2023-09-08
CLM-000392,claim,409.98,mechanical_failure,2023-12-17
CLM-000393,claim,424.87,accidental_damage,2023-08-16
CLM-000394,claim,200.08,software_issue,2023-09-04
CLM-000395,claim,597.73,theft,2024-07-10
CLM-000396,claim,308.51,theft,2023-06-11
CLM-000397,claim,97.54,battery_issue,2024-03-16
CLM-000398,claim,170.51,screen_damage,2023-03-03
CLM-000399,claim,116.64,screen_damage,2023-12-25
CLM-000400,claim,96.13,software_issue,2023-03-17
CLM-000401,claim,319.28,mechanical_failure,2024-07-07
CLM-000402,claim,680.68,battery_issue,2023-09-30
CLM-000403,claim,665.26,theft,2023-11-11
CLM-000404,claim,231.28,accidental_damage,2023-06-18
CLM-000405,claim,1183.38,mechanical_failure,2024-10-15
CLM-000406,claim,289.51,software_issue,2024-02-05
CLM-000407,claim,206.25,water_damage,2024-10-18
CLM-000408,claim,434.62,theft,2023-06-25
CLM-000409,claim,306.01,screen_damage,2024-08-25
CLM-000410,claim,185.14,battery_issue,2023-12-15
CLM-000411,claim,155.13,mechanical_failure,2023-05-27
CLM-000412,claim,272.68,water_damage,2024-03-15
CLM-000413,claim,183.25,screen_damage,2023-07-29
CLM-000414,claim,426.5,mechanical_failure,2023-07-03
CLM-000415,claim,555.84,theft,2024-08-06
CLM-000416,claim,175.07,theft,2024-05-23
CLM-000417,claim,229.95,software_issue,2023-10-11
CLM-000418,claim,157.05,software_issue,2024-06-19
CLM-000419,claim,259.74,accidental_damage,2024-06-13
CLM-000420,claim,244.77,water_damage,2023-03-04
CLM-000421,claim,349.54,mechanical_failure,2023-07-13
CLM-000422,claim,267.75,software_issue,2024-09-18
CLM-000423,claim,98.12,theft,2024-03-03
CLM-000424,claim,1067.96,theft,2024-06-10
CLM-000425,claim,55.54,theft,2024-10-13
CLM-000426,claim,750.6,screen_damage,2023-07-05
CLM-000427,claim,259.1,battery_issue,2023-03-10
CLM-000428,claim,396.9,theft,2023-09-10
CLM-000429,claim,738.47,battery_issue,2023-02-14
CLM-000430,claim,529.96,accidental_damage,2023-09-27
CLM-000431,claim,317.27,software_issue,2023-01-29
CLM-000432,claim,87.13,water_damage,2023-08-18
CLM-000433,claim,123.85,battery_issue,2023-10-16
CLM-000434,claim,122.05,accidental_damage,2024-01-26
CLM-000435,claim,275.18,theft,2024-06-12
CLM-000436,claim,86.81,battery_issue,2024-06-27
CLM-000437,claim,105.75,battery_issue,2024-10-26
CLM-000438,claim,176.32,screen_damage,2024-03-01
CLM-000439,claim,318.19,water_damage,2024-01-08
CLM-000440,claim,233.75,screen_damage,2023-03-20
CLM-000441,claim,206.74,water_damage,2024-05-19
CLM-000442,claim,306.14,screen_damage,2023-04-29
CLM-000443,claim,165.88,theft,2023-07-01
CLM-000444,claim,779.2,mechanical_failure,2024-06-06
CLM-000445,claim,770.11,battery_issue,2024-07-31
CLM-000446,claim,122.89,water_damage,2024-01-07
CLM-000447,claim,82.46,theft,2023-10-26
CLM-000448,claim,219.42,software_issue,2024-04-21
CLM-000449,claim,617.13,water_damage,2023-02-03
CLM-000450,claim,433.75,mechanical_failure,2023-08-16
CLM-000451,claim,195.12,theft,2023-02-21
CLM-000452,claim,99.83,screen_damage,2024-02-13
CLM-000453,claim,189.41,mechanical_failure,2024-08-03
CLM-000454,claim,429.63,theft,2023-05-22
CLM-000455,claim,390.06,software_issue,2024-01-27
CLM-000456,claim,349.4,battery_issue,2023-09-24
CLM-000457,claim,170.11,screen_damage,2024-10-11
CLM-000458,claim,348.1,software_issue,2023-06-14
CLM-000459,claim,221.09,accidental_damage,2024-05-16
CLM-000460,claim,456.1,water_damage,2023-11-03
CLM-000461,claim,95.9,mechanical_failure,2024-02-04
CLM-000462,claim,150.58,battery_issue,2024-05-23
CLM-000463,claim,288.09,battery_issue,2023-10-19
CLM-000464,claim,209.52,screen_damage,2023-01-27
CLM-000465,claim,220.95,mechanical_failure,2023-10-22
CLM-000466,claim,530.35,software_issue,2024-04-27
CLM-000467,claim,114.0,battery_issue,2024-05-17
CLM-000468,claim,1282.16,battery_issue,2024-05-06
CLM-000469,claim,438.19,screen_damage,2024-06-19
CLM-000470,claim,485.99,screen_damage,2023-04-18
CLM-000471,claim,289.92,battery_issue,2023-07-07
CLM-000472,claim,335.35,mechanical_failure,2024-08-22
CLM-000473,claim,298.17,software_issue,2023-06-28
CLM-000474,claim,141.56,theft,2023-04-18
CLM-000475,claim,166.45,battery_issue,2023-02-05
CLM-000476,claim,411.71,mechanical_failure,2023-11-24
CLM-000477,claim,878.49,software_issue,2024-05-19
CLM-000478,claim,301.83,water_damage,2023-07-05
CLM-000479,claim,176.34,battery_issue,2023-03-17
CLM-000480,claim,620.58,mechanical_failure,2023-07-23
CLM-000481,claim,430.38,mechanical_failure,2024-06-04
CLM-000482,claim,1075.0,accidental_damage,2024-09-09
CLM-000483,claim,255.36,battery_issue,2023-01-06
CLM-000484,claim,516.68,software_issue,2023-08-03
CLM-000485,claim,214.36,screen_damage,2024-11-06
CLM-000486,claim,579.3,accidental_damage,2024-04-29
CLM-000487,claim,333.46,screen_damage,2023-09-27
CLM-000488,claim,433.33,battery_issue,2024-09-25
CLM-000489,claim,237.58,software_issue,2023-12-16
CLM-000490,claim,266.51,accidental_damage,2023-10-30
CLM-000491,claim,1418.72,water_damage,2023-04-04
CLM-000492,claim,240.94,software_issue,2023-03-12
CLM-000493,claim,80.28,battery_issue,2023-08-13
CLM-000494,claim,206.82,mechanical_failure,2024-02-22
CLM-000495,claim,494.08,accidental_damage,2024-11-28
CLM-000496,claim,507.73,mechanical_failure,2023-01-20
CLM-000497,claim,333.98,mechanical_failure,2024-09-24
CLM-000498,claim,241.08,battery_issue,2023-03-09
CLM-000499,claim,401.37,theft,2024-10-31
CLM-000500,claim,186.94,screen_damage,2023-11-21
CLM-000501,claim,140.92,mechanical_failure,2024-04-30
CLM-000502,claim,216.69,accidental_damage,2023-04-29
CLM-000503,claim,270.71,battery_issue,2024-09-21
CLM-000504,claim,455.95,theft,2024-10-03
CLM-000505,claim,235.7,battery_issue,2024-04-15
CLM-000506,claim,429.38,water_damage,2023-03-28
CLM-000507,claim,389.84,battery_issue,2023-05-23
CLM-000508,claim,117.45,screen_damage,2023-02-23
CLM-000509,claim,188.5,screen_damage,2023-05-28
CLM-000510,claim,904.57,software_issue,2023-01-15
CLM-000511,claim,223.0,battery_issue,2024-01-05
CLM-000512,claim,111.81,software_issue,2024-03-18
CLM-000513,claim,253.79,water_damage,2023-11-07
CLM-000514,claim,135.45,software_issue,2023-11-04
CLM-000515,claim,85.7,mechanical_failure,2023-01-03
CLM-000516,claim,144.79,battery_issue,2024-07-02
CLM-000517,claim,311.38,mechanical_failure,2023-03-04
CLM-000518,claim,98.21,water_damage,2023-11-17
CLM-000519,claim,602.18,accidental_damage,2024-02-20
CLM-000520,claim,113.39,software_issue,2023-05-14
CLM-000521,claim,223.71,water_damage,2023-12-22
CLM-000522,claim,130.02,theft,2024-10-04
CLM-000523,claim,217.51,software_issue,2023-01-30
CLM-000524,claim,314.76,accidental_damage,2024-05-13
CLM-000525,claim,107.8,mechanical_failure,2024-01-17
CLM-000526,claim,646.34,water_damage,2024-09-18
CLM-000527,claim,782.42,mechanical_failure,2024-04-21
CLM-000528,claim,80.12,software_issue,2024-01-07
CLM-000529,claim,198.39,software_issue,2024-05-02
CLM-000530,claim,67.96,screen_damage,2023-03-06
CLM-000531,claim,90.24,water_damage,2024-10-21
CLM-000532,claim,558.58,battery_issue,2023-02-24
CLM-000533,claim,370.3,mechanical_failure,2024-05-09
CLM-000534,claim,152.46,software_issue,2024-04-28
CLM-000535,claim,1061.34,water_damage,2023-03-04
CLM-000536,claim,387.8,software_issue,2024-01-02
CLM-000537,claim,229.09,accidental_damage,2024-07-11
CLM-000538,claim,108.1,battery_issue,2024-03-27
CLM-000539,claim,145.09,battery_issue,2023-08-31
CLM-000540,claim,289.79,software_issue,2023-11-19
CLM-000541,claim,300.64,battery_issue,2023-05-23
CLM-000542,claim,42.63,software_issue,2023-11-05
CLM-000543,claim,450.24,mechanical_failure,2023-03-05
CLM-000544,claim,263.85,battery_issue,2024-10-07
CLM-000545,claim,428.93,accidental_damage,2024-04-29
CLM-000546,claim,582.06,mechanical_failure,2024-05-24
CLM-000547,claim,2057.27,mechanical_failure,2024-08-10
CLM-000548,claim,84.82,theft,2024-06-20
CLM-000549,claim,132.48,accidental_damage,2024-03-28
CLM-000550,claim,351.8,accidental_damage,2024-08-17
CLM-000551,claim,268.05,theft,2023-06-17
CLM-000552,claim,195.73,accidental_damage,2024-07-27
CLM-000553,claim,212.64,screen_damage,2023-10-30
CLM-000554,claim,291.15,mechanical_failure,2023-08-28
CLM-000555,claim,67.18,theft,2024-11-28
CLM-000556,claim,40.32,theft,2023-10-05
CLM-000557,claim,72.82,battery_issue,2023-06-24
CLM-000558,claim,233.68,accidental_damage,2023-02-17
CLM-000559,claim,30.17,screen_damage,2023-07-03
CLM-000560,claim,294.39,screen_damage,2024-03-18
CLM-000561,claim,163.44,screen_damage,2023-07-20
CLM-000562,claim,180.29,battery_issue,2023-09-30
CLM-000563,claim,65.21,screen_damage,2023-12-14
CLM-000564,claim,1319.54,software_issue,2024-08-17
CLM-000565,claim,117.59,mechanical_failure,2023-02-06
CLM-000566,claim,89.51,battery_issue,2023-12-24
CLM-000567,claim,266.16,screen_damage,2023-10-06
CLM-000568,claim,1026.61,theft,2023-05-10
CLM-000569,claim,243.57,battery_issue,2023-10-26
CLM-000570,claim,336.16,accidental_damage,2024-04-16
CLM-000571,claim,879.83,screen_damage,2024-08-20
CLM-000572,claim,397.3,mechanical_failure,2023-08-04
CLM-000573,claim,702.02,screen_damage,2023-12-01
CLM-000574,claim,301.03,water_damage,2023-11-25
CLM-000575,claim,463.35,software_issue,2024-03-24
CLM-000576,claim,136.36,theft,2024-04-23
CLM-000577,claim,424.11,software_issue,2023-04-22
CLM-000578,claim,36.39,software_issue,2024-09-04
CLM-000579,claim,72.26,battery_issue,2024-08-16
CLM-000580,claim,246.44,accidental_damage,2024-04-25
CLM-000581,claim,131.95,water_damage,2024-08-07
CLM-000582,claim,220.78,screen_damage,2023-06-14
CLM-000583,claim,112.63,battery_issue,2024-11-09
CLM-000584,claim,498.49,screen_damage,2023-11-18
CLM-000585,claim,968.45,theft,2024-08-10
CLM-000586,claim,471.07,screen_damage,2023-08-13
CLM-000587,claim,1998.86,theft,2024-02-10
CLM-000588,claim,99.49,mechanical_failure,2023-08-21
CLM-000589,claim,84.71,software_issue,2024-08-07
CLM-000590,claim,117.09,water_damage,2023-05-17
CLM-000591,claim,94.55,screen_damage,2023-06-13
CLM-000592,claim,100.52,mechanical_failure,2024-01-22
CLM-000593,claim,67.03,accidental_damage,2023-07-13
CLM-000594,claim,840.37,water_damage,2023-04-17
CLM-000595,claim,567.56,accidental_damage,2023-11-20
CLM-000596,claim,66.32,water_damage,2024-04-20
CLM-000597,claim,471.45,screen_damage,2023-10-20
CLM-000598,claim,2014.77,theft,2024-02-04
CLM-000599,claim,107.07,battery_issue,2023-05-12
CLM-000600,claim,360.3,mechanical_failure,2023-07-29
CLM-000601,claim,180.53,accidental_damage,2023-01-12
CLM-000602,claim,255.35,software_issue,2024-06-17
CLM-000603,claim,90.0,screen_damage,2023-07-12
CLM-000604,claim,220.76,theft,2024-01-19
CLM-000605,claim,167.91,battery_issue,2023-09-20
CLM-000606,claim,368.98,water_damage,2023-07-29
CLM-000607,claim,525.22,software_issue,2023-08-02
CLM-000608,claim,370.88,accidental_damage,2024-09-18
CLM-000609,claim,833.01,accidental_damage,2024-03-10
CLM-000610,claim,91.0,theft,2023-06-16
CLM-000611,claim,173.62,theft,2024-07-23
CLM-000612,claim,256.56,water_damage,2024-02-06
CLM-000613,claim,149.26,theft,2024-09-28
CLM-000614,claim,290.44,mechanical_failure,2023-02-19
CLM-000615,claim,206.95,mechanical_failure,2024-09-11
CLM-000616,claim,369.84,software_issue,2024-02-17
CLM-000617,claim,238.05,theft,2023-08-16
CLM-000618,claim,470.65,water_damage,2023-11-09
CLM-000619,claim,161.92,water_damage,2024-03-12
CLM-000620,claim,665.75,water_damage,2024-04-13
CLM-000621,claim,454.25,screen_damage,2023-02-01
CLM-000622,claim,81.74,theft,2023-01-05
CLM-000623,claim,182.13,theft,2024-07-27
CLM-000624,claim,360.14,water_damage,2024-05-09
CLM-000625,claim,84.51,software_issue,2023-03-25
CLM-000626,claim,415.28,mechanical_failure,2024-09-08
CLM-000627,claim,664.71,theft,2024-10-22
CLM-000628,claim,245.67,theft,2023-09-13
CLM-000629,claim,135.96,water_damage,2023-10-24
CLM-000630,claim,377.66,accidental_damage,2024-08-26
CLM-000631,claim,276.77,software_issue,2024-08-09
CLM-000632,claim,164.52,battery_issue,2024-11-24
CLM-000633,claim,167.88,accidental_damage,2024-10-24
CLM-000634,claim,59.99,software_issue,2023-05-16
CLM-000635,claim,733.7,screen_damage,2024-02-27
CLM-000636,claim,303.93,theft,2023-07-24
CLM-000637,claim,199.27,accidental_damage,2023-02-23
CLM-000638,claim,101.63,accidental_damage,2024-07-06
CLM-000639,claim,131.42,accidental_damage,2023-09-07
CLM-000640,claim,156.27,mechanical_failure,2023-07-08
CLM-000641,claim,214.85,screen_damage,2023-10-25
CLM-000642,claim,357.61,accidental_damage,2024-10-24
CLM-000643,claim,83.75,software_issue,2024-02-23
CLM-000644,claim,287.25,accidental_damage,2023-11-14
CLM-000645,claim,104.54,accidental_damage,2023-05-27
CLM-000646,claim,93.77,battery_issue,2023-12-03
CLM-000647,claim,94.26,software_issue,2023-07-02
CLM-000648,claim,95.2,mechanical_failure,2023-11-25
CLM-000649,claim,53.45,battery_issue,2023-01-30
CLM-000650,claim,286.15,accidental_damage,2024-09-22
CLM-000651,claim,171.03,water_damage,2024-05-31
CLM-000652,claim,375.49,software_issue,2024-07-30
CLM-000653,claim,286.05,mechanical_failure,2024-06-19
CLM-000654,claim,437.65,accidental_damage,2023-08-09
CLM-000655,claim,484.08,theft,2023-04-30
CLM-000656,claim,253.92,battery_issue,2023-06-17
CLM-000657,claim,48.23,theft,2024-08-31
CLM-000658,claim,219.2,water_damage,2024-03-30
CLM-000659,claim,119.53,mechanical_failure,2023-12-10
CLM-000660,claim,112.31,mechanical_failure,2023-02-08
CLM-000661,claim,73.94,battery_issue,2024-08-26
CLM-000662,claim,754.97,mechanical_failure,2023-11-16
CLM-000663,claim,128.37,screen_damage,2023-03-02
CLM-000664,claim,142.92,accidental_damage,2023-02-04
CLM-000665,claim,1151.24,battery_issue,2023-10-14
CLM-000666,claim,135.33,water_damage,2024-06-03
CLM-000667,claim,199.98,theft,2024-08-27
CLM-000668,claim,150.83,software_issue,2023-09-22
CLM-000669,claim,553.43,accidental_damage,2024-03-14
CLM-000670,claim,294.66,mechanical_failure,2024-02-16
CLM-000671,claim,691.12,screen_damage,2023-03-12
CLM-000672,claim,265.16,software_issue,2024-06-02
CLM-000673,claim,207.76,accidental_damage,2023-09-09
CLM-000674,claim,116.82,water_damage,2024-11-14
CLM-000675,claim,137.4,battery_issue,2023-07-26
CLM-000676,claim,195.14,water_damage,2024-09-17
CLM-000677,claim,194.86,theft,2023-06-21
CLM-000678,claim,497.24,accidental_damage,2023-01-29
CLM-000679,claim,335.21,mechanical_failure,2024-08-23
CLM-000680,claim,583.76,accidental_damage,2024-07-02
CLM-000681,claim,210.82,battery_issue,2024-03-24
CLM-000682,claim,140.4,accidental_damage,2023-04-01
CLM-000683,claim,863.48,water_damage,2024-06-21
CLM-000684,claim,177.08,mechanical_failure,2024-08-20
CLM-000685,claim,357.56,software_issue,2023-05-26
CLM-000686,claim,791.92,screen_damage,2023-12-09
CLM-000687,claim,122.51,software_issue,2023-05-12
CLM-000688,claim,74.25,screen_damage,2024-04-19
CLM-000689,claim,449.89,theft,2023-02-13
CLM-000690,claim,746.95,theft,2023-08-26
CLM-000691,claim,137.72,battery_issue,2024-05-05
CLM-000692,claim,277.72,mechanical_failure,2023-03-02
CLM-000693,claim,381.16,accidental_damage,2024-10-05
CLM-000694,claim,492.55,battery_issue,2024-04-20
CLM-000695,claim,92.71,accidental_damage,2023-05-23
CLM-000696,claim,274.79,theft,2024-08-31
CLM-000697,claim,68.86,screen_damage,2024-02-15
CLM-000698,claim,372.03,accidental_damage,2024-06-03
CLM-000699,claim,380.99,accidental_damage,2024-08-31
CLM-000700,claim,359.67,software_issue,2023-09-23
CLM-000701,claim,165.55,screen_damage,2024-10-09
CLM-000702,claim,172.92,water_damage,2024-06-01
CLM-000703,claim,15.57,software_issue,2024-06-06
CLM-000704,claim,500.22,mechanical_failure,2024-04-29
CLM-000705,claim,376.54,battery_issue,2024-05-21
CLM-000706,claim,123.49,accidental_damage,2024-02-13
CLM-000707,claim,399.09,screen_damage,2023-04-26
CLM-000708,claim,184.88,screen_damage,2024-03-31
CLM-000709,claim,235.88,screen_damage,2024-02-08
CLM-000710,claim,507.43,software_issue,2024-06-17
CLM-000711,claim,892.82,water_damage,2024-01-10
CLM-000712,claim,62.04,software_issue,2024-08-28
CLM-000713,claim,89.44,software_issue,2024-04-19
CLM-000714,claim,103.47,water_damage,2024-05-09
CLM-000715,claim,58.37,water_damage,2023-11-24
CLM-000716,claim,383.34,mechanical_failure,2023-11-18
CLM-000717,claim,348.09,accidental_damage,2023-04-21
CLM-000718,claim,1178.05,mechanical_failure,2024-09-19
CLM-000719,claim,268.19,software_issue,2024-06-11
CLM-000720,claim,84.61,screen_damage,2023-03-01
CLM-000721,claim,39.83,software_issue,2024-06-21
CLM-000722,claim,337.1,accidental_damage,2024-03-21
CLM-000723,claim,184.13,accidental_damage,2023-12-28
CLM-000724,claim,345.85,accidental_damage,2023-01-13
CLM-000725,claim,39.06,theft,2023-03-09
CLM-000726,claim,79.39,accidental_damage,2023-09-26
CLM-000727,claim,72.52,battery_issue,2024-09-18
CLM-000728,claim,404.21,accidental_damage,2023-03-07
CLM-000729,claim,222.36,theft,2023-05-09
CLM-000730,claim,244.03,theft,2024-03-30
CLM-000731,claim,139.22,theft,2024-03-31
CLM-000732,claim,71.03,mechanical_failure,2023-07-24
CLM-000733,claim,413.35,mechanical_failure,2023-01-05
CLM-000734,claim,254.01,mechanical_failure,2023-02-24
CLM-000735,claim,173.28,theft,2023-09-23
CLM-000736,claim,899.02,software_issue,2023-09-22
CLM-000737,claim,489.25,water_damage,2023-05-13
CLM-000738,claim,171.81,software_issue,2023-02-26
CLM-000739,claim,375.04,accidental_damage,2024-07-10
CLM-000740,claim,53.07,battery_issue,2023-07-18
CLM-000741,claim,98.77,mechanical_failure,2024-09-25
CLM-000742,claim,391.7,water_damage,2024-06-30
CLM-000743,claim,1441.45,mechanical_failure,2024-01-23
CLM-000744,claim,483.37,accidental_damage,2024-05-24
CLM-000745,claim,240.11,software_issue,2024-06-24
CLM-000746,claim,215.61,theft,2024-11-03
CLM-000747,claim,78.63,water_damage,2024-05-01
CLM-000748,claim,107.77,theft,2024-10-07
CLM-000749,claim,85.47,mechanical_failure,2024-06-26
CLM-000750,claim,402.1,screen_damage,2023-03-14
CLM-000751,claim,224.76,theft,2024-09-16
CLM-000752,claim,200.89,mechanical_failure,2024-02-16
CLM-000753,claim,757.38,theft,2024-09-05
CLM-000754,claim,97.55,screen_damage,2023-12-18
CLM-000755,claim,479.29,accidental_damage,2023-04-30
CLM-000756,claim,184.63,theft,2024-07-22
CLM-000757,claim,119.81,screen_damage,2024-10-16
CLM-000758,claim,215.79,mechanical_failure,2024-04-28
CLM-000759,claim,422.81,mechanical_failure,2024-04-16
CLM-000760,claim,106.77,mechanical_failure,2023-01-28
CLM-000761,claim,107.54,accidental_damage,2024-06-19
CLM-000762,claim,263.44,accidental_damage,2023-02-15
CLM-000763,claim,731.75,accidental_damage,2023-07-31
CLM-000764,claim,451.79,software_issue,2023-08-25
CLM-000765,claim,675.6,battery_issue,2024-03-10
CLM-000766,claim,407.94,software_issue,2024-11-21
CLM-000767,claim,110.29,mechanical_failure,2024-05-04
CLM-000768,claim,106.04,accidental_damage,2024-09-01
CLM-000769,claim,1329.41,battery_issue,2023-05-25
CLM-000770,claim,183.58,battery_issue,2024-09-08
CLM-000771,claim,1502.25,theft,2023-08-11
CLM-000772,claim,75.17,screen_damage,2023-05-28
CLM-000773,claim,283.84,water_damage,2024-04-25
CLM-000774,claim,181.14,accidental_damage,2024-10-15
CLM-000775,claim,179.75,screen_damage,2023-06-28
CLM-000776,claim,151.72,battery_issue,2024-11-05
CLM-000777,claim,1443.36,water_damage,2023-06-13
CLM-000778,claim,289.85,battery_issue,2024-01-30
CLM-000779,claim,62.39,battery_issue,2023-05-13
CLM-000780,claim,373.29,battery_issue,2024-01-28
CLM-000781,claim,947.81,water_damage,2024-05-20
CLM-000782,claim,501.04,theft,2024-02-19
CLM-000783,claim,87.94,battery_issue,2023-12-01
CLM-000784,claim,194.08,screen_damage,2023-04-23
CLM-000785,claim,150.0,screen_damage,2024-09-22
CLM-000786,claim,137.21,screen_damage,2024-07-31
CLM-000787,claim,173.48,theft,2024-11-26
CLM-000788,claim,319.91,water_damage,2023-08-22
CLM-000789,claim,115.12,theft,2024-01-20
CLM-000790,claim,442.65,battery_issue,2024-05-31
CLM-000791,claim,422.31,software_issue,2024-06-01
CLM-000792,claim,243.53,accidental_damage,2024-01-24
CLM-000793,claim,1890.89,mechanical_failure,2023-10-20
CLM-000794,claim,193.51,battery_issue,2024-09-20
CLM-000795,claim,155.97,water_damage,2024-07-01
CLM-000796,claim,259.2,water_damage,2024-10-14
CLM-000797,claim,67.48,screen_damage,2023-04-06
CLM-000798,claim,188.18,screen_damage,2023-01-27
CLM-000799,claim,157.1,screen_damage,2024-09-21
CLM-000800,claim,149.28,accidental_damage,2023-02-12
CLM-000801,claim,246.26,screen_damage,2023-01-06
CLM-000802,claim,2829.28,software_issue,2023-09-07
CLM-000803,claim,191.37,battery_issue,2024-03-04
CLM-000804,claim,251.54,accidental_damage,2024-07-19
CLM-000805,claim,375.68,battery_issue,2023-03-02
CLM-000806,claim,82.8,theft,2023-05-12
CLM-000807,claim,161.46,theft,2024-11-01
CLM-000808,claim,205.28,battery_issue,2024-11-09
CLM-000809,claim,100.19,screen_damage,2023-07-14
CLM-000810,claim,618.38,screen_damage,2023-02-13
CLM-000811,claim,193.99,screen_damage,2024-02-23
CLM-000812,claim,1002.15,accidental_damage,2024-10-17
CLM-000813,claim,135.81,mechanical_failure,2023-05-12
CLM-000814,claim,926.48,mechanical_failure,2023-12-21
CLM-000815,claim,491.66,theft,2023-12-17
CLM-000816,claim,860.03,mechanical_failure,2023-10-05
CLM-000817,claim,212.28,mechanical_failure,2024-11-02
CLM-000818,claim,172.62,theft,2024-01-07
CLM-000819,claim,511.83,mechanical_failure,2024-03-19
CLM-000820,claim,222.87,accidental_damage,2024-02-28
CLM-000821,claim,879.33,accidental_damage,2023-08-29
CLM-000822,claim,104.47,software_issue,2023-08-20
CLM-000823,claim,532.02,software_issue,2023-07-05
CLM-000824,claim,283.7,software_issue,2023-01-18
CLM-000825,claim,502.65,theft,2023-11-28
CLM-000826,claim,218.28,screen_damage,2023-06-30
CLM-000827,claim,186.29,water_damage,2024-06-29
CLM-000828,claim,146.83,mechanical_failure,2024-02-29
CLM-000829,claim,242.32,battery_issue,2023-03-23
CLM-000830,claim,193.46,water_damage,2023-05-30
CLM-000831,claim,1570.32,battery_issue,2023-05-10
CLM-000832,claim,198.65,accidental_damage,2023-10-27
CLM-000833,claim,516.99,screen_damage,2024-01-14
CLM-000834,claim,230.03,accidental_damage,2024-11-27
CLM-000835,claim,217.82,battery_issue,2024-06-25
CLM-000836,claim,211.75,accidental_damage,2024-07-11
CLM-000837,claim,148.12,software_issue,2024-08-06
CLM-000838,claim,174.97,accidental_damage,2023-02-07
CLM-000839,claim,234.47,theft,2024-08-31
CLM-000840,claim,689.4,screen_damage,2023-04-02
CLM-000841,claim,431.04,accidental_damage,2024-06-24
CLM-000842,claim,81.66,water_damage,2024-11-28
CLM-000843,claim,16.28,water_damage,2024-04-01
CLM-000844,claim,64.21,screen_damage,2024-09-02
CLM-000845,claim,299.54,accidental_damage,2023-11-20
CLM-000846,claim,205.82,accidental_damage,2024-06-30
CLM-000847,claim,378.54,theft,2024-01-03
CLM-000848,claim,349.55,water_damage,2024-04-12
CLM-000849,claim,374.42,accidental_damage,2023-05-28
CLM-000850,claim,786.32,screen_damage,2023-01-20
CLM-000851,claim,95.62,software_issue,2023-12-18
CLM-000852,claim,53.57,screen_damage,2024-11-27
CLM-000853,claim,293.5,water_damage,2024-04-22
CLM-000854,claim,454.76,accidental_damage,2023-01-09
CLM-000855,claim,607.39,mechanical_failure,2024-01-23
CLM-000856,claim,183.32,mechanical_failure,2023-11-23
CLM-000857,claim,529.54,theft,2024-05-28
CLM-000858,claim,248.52,theft,2023-01-23
CLM-000859,claim,59.94,screen_damage,2024-08-26
CLM-000860,claim,322.84,mechanical_failure,2024-07-28
CLM-000861,claim,237.57,battery_issue,2023-11-07
CLM-000862,claim,235.83,battery_issue,2024-11-18
CLM-000863,claim,910.53,screen_damage,2024-01-14
CLM-000864,claim,15.59,mechanical_failure,2023-08-24
CLM-000865,claim,33.89,battery_issue,2023-06-25
CLM-000866,claim,148.57,battery_issue,2024-11-18
CLM-000867,claim,157.17,software_issue,2023-06-25
CLM-000868,claim,97.06,accidental_damage,2023-02-14
CLM-000869,claim,181.79,mechanical_failure,2023-10-24
CLM-000870,claim,32.39,battery_issue,2024-07-06
CLM-000871,claim,282.58,water_damage,2024-06-27
CLM-000872,claim,333.03,screen_damage,2023-07-31
CLM-000873,claim,414.53,software_issue,2023-11-25
CLM-000874,claim,492.94,screen_damage,2023-11-26
CLM-000875,claim,190.2,screen_damage,2024-04-26
CLM-000876,claim,89.44,battery_issue,2024-05-22
CLM-000877,claim,324.47,theft,2023-05-13
CLM-000878,claim,47.97,water_damage,2024-04-15
CLM-000879,claim,1403.4,theft,2023-10-06
CLM-000880,claim,378.44,mechanical_failure,2023-11-27
CLM-000881,claim,167.87,screen_damage,2024-09-13
CLM-000882,claim,190.57,mechanical_failure,2023-08-10
CLM-000883,claim,122.39,water_damage,2023-12-29
CLM-000884,claim,690.69,battery_issue,2023-08-01
CLM-000885,claim,1072.51,software_issue,2023-10-16
CLM-000886,claim,101.1,screen_damage,2023-12-10
CLM-000887,claim,283.5,mechanical_failure,2023-07-16
CLM-000888,claim,622.1,screen_damage,2023-12-14
CLM-000889,claim,280.98,water_damage,2024-04-16
CLM-000890,claim,200.04,screen_damage,2023-03-12
CLM-000891,claim,283.66,water_damage,2023-06-06
CLM-000892,claim,783.05,mechanical_failure,2024-11-22
CLM-000893,claim,259.65,battery_issue,2024-01-25
CLM-000894,claim,289.35,water_damage,2024-09-08
CLM-000895,claim,304.42,battery_issue,2024-06-17
CLM-000896,claim,1034.07,software_issue,2024-11-23
CLM-000897,claim,264.91,mechanical_failure,2024-05-03
CLM-000898,claim,1747.85,screen_damage,2023-03-03
CLM-000899,claim,250.73,theft,2023-05-01
CLM-000900,claim,140.92,water_damage,2024-01-23
CLM-000901,claim,237.25,mechanical_failure,2024-07-20
CLM-000902,claim,108.35,water_damage,2023-06-12
CLM-000903,claim,59.64,software_issue,2024-04-18
CLM-000904,claim,72.44,theft,2023-12-29
CLM-000905,claim,172.01,screen_damage,2024-10-29
CLM-000906,claim,149.49,battery_issue,2024-01-21
CLM-000907,claim,383.54,battery_issue,2024-08-20
CLM-000908,claim,805.17,battery_issue,2023-04-19
CLM-000909,claim,365.76,battery_issue,2024-06-24
CLM-000910,claim,196.38,theft,2023-05-09
CLM-000911,claim,94.55,screen_damage,2024-10-01
CLM-000912,claim,116.66,accidental_damage,2024-02-26
CLM-000913,claim,226.17,water_damage,2024-09-06
CLM-000914,claim,62.85,mechanical_failure,2024-10-07
CLM-000915,claim,704.81,mechanical_failure,2024-03-13
CLM-000916,claim,152.41,mechanical_failure,2024-05-01
CLM-000917,claim,228.62,water_damage,2024-10-19
CLM-000918,claim,318.76,mechanical_failure,2023-03-22
CLM-000919,claim,201.97,battery_issue,2023-06-05
CLM-000920,claim,99.35,screen_damage,2024-11-03
CLM-000921,claim,184.69,battery_issue,2024-03-27
CLM-000922,claim,222.96,water_damage,2024-01-09
CLM-000923,claim,220.03,theft,2024-03-07
CLM-000924,claim,711.31,theft,2023-11-12
CLM-000925,claim,108.93,screen_damage,2024-10-30
CLM-000926,claim,307.91,screen_damage,2023-09-01
CLM-000927,claim,784.99,theft,2023-03-20
CLM-000928,claim,146.5,accidental_damage,2024-07-21
CLM-000929,claim,174.46,mechanical_failure,2024-11-24
CLM-000930,claim,429.26,mechanical_failure,2024-08-10
CLM-000931,claim,239.04,mechanical_failure,2024-06-12
CLM-000932,claim,358.02,water_damage,2024-06-01
CLM-000933,claim,216.42,theft,2023-08-16
CLM-000934,claim,302.08,software_issue,2023-07-26
CLM-000935,claim,440.95,theft,2023-08-26
CLM-000936,claim,180.83,theft,2024-05-22
CLM-000937,claim,115.03,software_issue,2024-01-26
CLM-000938,claim,927.61,theft,2023-08-02
CLM-000939,claim,275.53,screen_damage,2024-11-08
CLM-000940,claim,554.1,screen_damage,2023-03-15
CLM-000941,claim,307.88,accidental_damage,2023-07-16
CLM-000942,claim,115.69,accidental_damage,2023-10-13
CLM-000943,claim,530.99,mechanical_failure,2023-07-22
CLM-000944,claim,101.31,water_damage,2024-02-20
CLM-000945,claim,871.62,accidental_damage,2024-10-05
CLM-000946,claim,704.98,water_damage,2023-12-19
CLM-000947,claim,214.01,water_damage,2024-08-07
CLM-000948,claim,129.72,theft,2023-04-22
CLM-000949,claim,237.83,mechanical_failure,2023-12-13
CLM-000950,claim,109.8,water_damage,2023-10-18
CLM-000951,claim,591.88,mechanical_failure,2023-03-03
CLM-000952,claim,52.89,screen_damage,2024-07-10
CLM-000953,claim,241.09,battery_issue,2023-08-20
CLM-000954,claim,111.1,mechanical_failure,2023-04-22
CLM-000955,claim,209.16,accidental_damage,2024-08-18
CLM-000956,claim,170.59,battery_issue,2023-06-07
CLM-000957,claim,305.35,mechanical_failure,2023-11-29
CLM-000958,claim,130.74,software_issue,2023-05-10
CLM-000959,claim,357.6,mechanical_failure,2023-04-13
CLM-000960,claim,116.34,mechanical_failure,2024-01-26
CLM-000961,claim,163.8,battery_issue,2023-02-06
CLM-000962,claim,172.45,screen_damage,2023-11-19
CLM-000963,claim,60.3,battery_issue,2023-12-30
CLM-000964,claim,317.46,water_damage,2023-07-28
CLM-000965,claim,119.12,mechanical_failure,2023-08-19
CLM-000966,claim,66.3,mechanical_failure,2024-11-22
CLM-000967,claim,181.18,accidental_damage,2023-09-25
CLM-000968,claim,220.13,accidental_damage,2023-09-26
CLM-000969,claim,187.11,software_issue,2024-07-03
CLM-000970,claim,125.38,theft,2023-02-09
CLM-000971,claim,161.18,software_issue,2024-03-14
CLM-000972,claim,232.09,battery_issue,2023-12-18
CLM-000973,claim,115.92,battery_issue,2023-06-05
CLM-000974,claim,335.81,screen_damage,2023-03-05
CLM-000975,claim,1696.67,theft,2023-02-23
CLM-000976,claim,578.78,water_damage,2023-02-28
CLM-000977,claim,377.53,water_damage,2023-03-07
CLM-000978,claim,89.46,accidental_damage,2023-05-12
CLM-000979,claim,245.54,theft,2023-12-17
CLM-000980,claim,730.39,software_issue,2024-08-28
CLM-000981,claim,211.1,battery_issue,2024-09-26
CLM-000982,claim,114.63,mechanical_failure,2023-09-23
CLM-000983,claim,730.91,battery_issue,2023-11-29
CLM-000984,claim,209.26,software_issue,2023-08-31
CLM-000985,claim,202.93,screen_damage,2024-03-13
CLM-000986,claim,89.11,screen_damage,2024-09-22
CLM-000987,claim,297.5,water_damage,2024-10-02
CLM-000988,claim,120.41,mechanical_failure,2023-02-12
CLM-000989,claim,209.42,theft,2023-07-09
CLM-000990,claim,90.6,accidental_damage,2024-08-04
CLM-000991,claim,1844.49,software_issue,2023-01-19
CLM-000992,claim,892.15,battery_issue,2023-11-29
CLM-000993,claim,767.47,mechanical_failure,2023-08-19
CLM-000994,claim,107.35,water_damage,2024-11-11
CLM-000995,claim,259.86,accidental_damage,2023-09-27
CLM-000996,claim,708.53,software_issue,2023-01-06
CLM-000997,claim,390.33,accidental_damage,2023-07-23
CLM-000998,claim,147.89,battery_issue,2023-06-30
CLM-000999,claim,243.18,screen_damage,2023-10-05
CLM-001000,claim,129.68,screen_damage,2024-08-05
CLM-001001,claim,107.34,software_issue,2023-05-30
CLM-001002,claim,492.56,screen_damage,2023-02-23
CLM-001003,claim,149.99,battery_issue,2023-06-08
CLM-001004,claim,507.24,water_damage,2023-02-15
CLM-001005,claim,136.38,accidental_damage,2023-07-30
CLM-001006,claim,212.52,accidental_damage,2023-12-15
CLM-001007,claim,955.71,battery_issue,2024-06-18
CLM-001008,claim,315.71,battery_issue,2023-08-31
CLM-001009,claim,193.6,water_damage,2023-06-09
CLM-001010,claim,729.59,software_issue,2024-09-04
CLM-001011,claim,139.2,theft,2023-10-19
CLM-001012,claim,390.36,screen_damage,2024-01-02
CLM-001013,claim,365.69,mechanical_failure,2023-08-02
CLM-001014,claim,328.44,theft,2023-10-11
CLM-001015,claim,443.53,screen_damage,2023-10-10
CLM-001016,claim,167.71,accidental_damage,2024-04-03
CLM-001017,claim,1393.36,screen_damage,2023-10-12
CLM-001018,claim,348.42,mechanical_failure,2023-10-31
CLM-001019,claim,72.34,mechanical_failure,2024-11-04
CLM-001020,claim,406.27,accidental_damage,2024-05-26
CLM-001021,claim,171.07,theft,2024-01-23
CLM-001022,claim,246.9,accidental_damage,2023-04-27
CLM-001023,claim,223.42,battery_issue,2023-10-07
CLM-001024,claim,1529.28,battery_issue,2023-07-30
CLM-001025,claim,328.02,mechanical_failure,2024-06-02
CLM-001026,claim,164.7,screen_damage,2024-11-07
CLM-001027,claim,748.75,water_damage,2024-09-09
CLM-001028,claim,143.51,mechanical_failure,2024-04-14
CLM-001029,claim,142.53,software_issue,2023-09-01
CLM-001030,claim,502.85,screen_damage,2023-05-21
CLM-001031,claim,96.4,water_damage,2024-10-03
CLM-001032,claim,190.69,theft,2024-05-06
CLM-001033,claim,455.31,water_damage,2023-04-21
CLM-001034,claim,216.01,battery_issue,2023-06-05
CLM-001035,claim,138.18,screen_damage,2024-07-10
CLM-001036,claim,79.69,software_issue,2024-03-05
CLM-001037,claim,530.26,water_damage,2023-09-21
CLM-001038,claim,109.34,battery_issue,2024-04-29
CLM-001039,claim,566.89,software_issue,2024-06-27
CLM-001040,claim,208.28,theft,2024-05-16
CLM-001041,claim,95.77,water_damage,2023-06-15
CLM-001042,claim,288.52,mechanical_failure,2024-10-15
CLM-001043,claim,217.26,water_damage,2024-03-25
CLM-001044,claim,173.5,battery_issue,2024-08-23
CLM-001045,claim,2050.59,accidental_damage,2023-04-22
CLM-001046,claim,62.3,software_issue,2023-05-12
CLM-001047,claim,1134.12,software_issue,2024-01-07
CLM-001048,claim,573.95,theft,2023-01-26
CLM-001049,claim,687.21,software_issue,2023-11-09
CLM-001050,claim,542.3,accidental_damage,2023-03-15
CLM-001051,claim,286.27,theft,2023-11-09
CLM-001052,claim,221.54,water_damage,2023-09-08
CLM-001053,claim,84.33,mechanical_failure,2024-09-04
CLM-001054,claim,119.72,software_issue,2023-03-16
CLM-001055,claim,58.19,battery_issue,2023-08-10
CLM-001056,claim,209.79,mechanical_failure,2023-10-13
CLM-001057,claim,376.71,accidental_damage,2024-04-21
CLM-001058,claim,744.32,screen_damage,2023-11-30
CLM-001059,claim,80.39,water_damage,2023-07-06
CLM-001060,claim,262.61,mechanical_failure,2023-07-03
CLM-001061,claim,151.14,screen_damage,2024-03-15
CLM-001062,claim,118.44,mechanical_failure,2023-08-07
CLM-001063,claim,124.37,screen_damage,2024-07-15
CLM-001064,claim,281.59,software_issue,2024-09-10
CLM-001065,claim,76.23,software_issue,2023-12-14
CLM-001066,claim,119.69,accidental_damage,2023-01-20
CLM-001067,claim,90.29,battery_issue,2024-03-17
CLM-001068,claim,304.34,water_damage,2023-05-25
CLM-001069,claim,204.01,screen_damage,2023-07-15
CLM-001070,claim,151.42,screen_damage,2024-08-24
CLM-001071,claim,360.92,accidental_damage,2023-09-23
CLM-001072,claim,193.22,battery_issue,2023-02-25
CLM-001073,claim,413.01,theft,2023-06-20
CLM-001074,claim,144.43,mechanical_failure,2024-02-22
CLM-001075,claim,208.77,screen_damage,2024-08-30
CLM-001076,claim,135.43,screen_damage,2024-07-17
CLM-001077,claim,534.87,water_damage,2023-06-09
CLM-001078,claim,513.34,water_damage,2024-06-16
CLM-001079,claim,708.35,software_issue,2023-10-24
CLM-001080,claim,129.38,water_damage,2024-09-08
CLM-001081,claim,222.79,accidental_damage,2023-03-17
CLM-001082,claim,131.1,battery_issue,2024-03-08
CLM-001083,claim,419.17,battery_issue,2024-06-01
CLM-001084,claim,171.43,accidental_damage,2023-11-19
CLM-001085,claim,421.59,software_issue,2024-10-14
CLM-001086,claim,136.91,battery_issue,2023-08-09
CLM-001087,claim,1081.77,software_issue,2024-06-21
CLM-001088,claim,200.76,mechanical_failure,2023-03-26
CLM-001089,claim,689.79,accidental_damage,2024-05-04
CLM-001090,claim,251.62,battery_issue,2023-07-12
CLM-001091,claim,453.49,water_damage,2023-12-22
CLM-001092,claim,201.11,software_issue,2023-10-28
CLM-001093,claim,58.9,software_issue,2024-01-08
CLM-001094,claim,114.11,water_damage,2023-11-09
CLM-001095,claim,290.95,theft,2023-08-20
CLM-001096,claim,1577.78,water_damage,2024-01-15
CLM-001097,claim,678.75,battery_issue,2023-12-18
CLM-001098,claim,129.19,theft,2023-08-10
CLM-001099,claim,220.5,screen_damage,2024-11-29
CLM-001100,claim,115.24,battery_issue,2023-02-08
CLM-001101,claim,222.76,water_damage,2024-08-26
CLM-001102,claim,211.91,screen_damage,2023-09-10
CLM-001103,claim,514.28,accidental_damage,2024-11-28
CLM-001104,claim,551.69,mechanical_failure,2023-09-20
CLM-001105,claim,403.78,mechanical_failure,2023-11-19
CLM-001106,claim,565.96,battery_issue,2023-08-15
CLM-001107,claim,201.73,software_issue,2023-01-06
CLM-001108,claim,125.62,mechanical_failure,2024-02-08
CLM-001109,claim,105.4,screen_damage,2024-07-20
CLM-001110,claim,406.01,battery_issue,2024-09-09
CLM-001111,claim,430.27,theft,2024-08-26
CLM-001112,claim,125.47,battery_issue,2024-08-09
CLM-001113,claim,1123.23,accidental_damage,2024-02-25
CLM-001114,claim,1334.23,accidental_damage,2023-10-21
CLM-001115,claim,581.08,accidental_damage,2023-08-02
CLM-001116,claim,156.31,mechanical_failure,2024-10-04
CLM-001117,claim,184.96,theft,2023-04-19
CLM-001118,claim,164.66,battery_issue,2023-12-26
CLM-001119,claim,235.2,battery_issue,2023-10-26
CLM-001120,claim,401.45,screen_damage,2024-05-18
CLM-001121,claim,554.06,mechanical_failure,2023-05-23
CLM-001122,claim,136.83,water_damage,2024-05-24
CLM-001123,claim,788.92,water_damage,2024-06-02
CLM-001124,claim,184.45,theft,2024-11-26
CLM-001125,claim,322.34,theft,2023-01-23
CLM-001126,claim,265.63,theft,2024-06-21
CLM-001127,claim,63.04,software_issue,2024-05-25
CLM-001128,claim,265.16,mechanical_failure,2024-04-08
CLM-001129,claim,223.86,screen_damage,2024-05-04
CLM-001130,claim,30.88,screen_damage,2024-07-04
CLM-001131,claim,91.67,software_issue,2023-06-20
CLM-001132,claim,261.98,theft,2023-10-03
CLM-001133,claim,478.95,theft,2023-11-09
CLM-001134,claim,212.82,software_issue,2024-02-12
CLM-001135,claim,41.85,water_damage,2023-06-01
CLM-001136,claim,113.07,accidental_damage,2023-06-08
CLM-001137,claim,1121.89,software_issue,2024-08-22
CLM-001138,claim,334.76,mechanical_failure,2024-01-30
CLM-001139,claim,609.61,theft,2023-12-30
CLM-001140,claim,388.96,software_issue,2024-11-25
CLM-001141,claim,294.02,water_damage,2024-02-11
CLM-001142,claim,1315.64,water_damage,2023-12-25
CLM-001143,claim,125.6,accidental_damage,2024-08-18
CLM-001144,claim,56.03,accidental_damage,2023-05-15
CLM-001145,claim,224.36,mechanical_failure,2023-08-02
CLM-001146,claim,128.96,water_damage,2023-04-29
CLM-001147,claim,227.59,water_damage,2023-10-06
CLM-001148,claim,588.13,screen_damage,2024-04-11
CLM-001149,claim,183.95,screen_damage,2024-10-18
CLM-001150,claim,155.28,battery_issue,2023-11-25
CLM-001151,claim,162.17,accidental_damage,2023-08-08
CLM-001152,claim,609.0,theft,2023-07-29
CLM-001153,claim,99.45,battery_issue,2023-12-15
CLM-001154,claim,359.54,battery_issue,2023-10-11
CLM-001155,claim,313.11,accidental_damage,2023-11-17
CLM-001156,claim,306.56,screen_damage,2024-03-14
CLM-001157,claim,170.0,software_issue,2023-08-04
CLM-001158,claim,936.76,water_damage,2024-04-14
CLM-001159,claim,441.33,screen_damage,2024-05-24
CLM-001160,claim,560.9,mechanical_failure,2024-11-05
CLM-001161,claim,91.47,water_damage,2023-09-26
CLM-001162,claim,100.82,theft,2024-02-13
CLM-001163,claim,827.95,battery_issue,2024-03-01
CLM-001164,claim,260.79,water_damage,2024-02-05
CLM-001165,claim,229.39,software_issue,2024-04-22
CLM-001166,claim,137.83,accidental_damage,2023-12-21
CLM-001167,claim,349.12,mechanical_failure,2024-01-28
CLM-001168,claim,130.43,screen_damage,2024-11-18
CLM-001169,claim,381.7,water_damage,2023-08-06
CLM-001170,claim,542.88,mechanical_failure,2024-01-04
CLM-001171,claim,479.16,mechanical_failure,2024-01-28
CLM-001172,claim,398.69,mechanical_failure,2023-07-06
CLM-001173,claim,171.77,screen_damage,2024-06-16
CLM-001174,claim,159.51,theft,2024-10-19
CLM-001175,claim,450.01,battery_issue,2024-09-17
CLM-001176,claim,305.85,software_issue,2024-10-01
CLM-001177,claim,79.79,theft,2024-09-17
CLM-001178,claim,505.9,accidental_damage,2023-12-29
CLM-001179,claim,153.92,mechanical_failure,2023-05-03
CLM-001180,claim,157.14,theft,2024-06-13
CLM-001181,claim,976.02,theft,2023-08-16
CLM-001182,claim,147.7,theft,2023-02-08
CLM-001183,claim,220.68,theft,2023-10-02
CLM-001184,claim,278.94,screen_damage,2024-02-24
CLM-001185,claim,449.19,screen_damage,2024-11-01
CLM-001186,claim,511.28,battery_issue,2024-05-05
CLM-001187,claim,87.73,software_issue,2024-07-17
CLM-001188,claim,62.13,mechanical_failure,2023-08-03
CLM-001189,claim,479.51,screen_damage,2023-11-03
CLM-001190,claim,509.24,accidental_damage,2024-01-03
CLM-001191,claim,156.49,accidental_damage,2023-11-13
CLM-001192,claim,226.21,accidental_damage,2024-05-08
CLM-001193,claim,257.78,software_issue,2023-04-21
CLM-001194,claim,273.65,software_issue,2024-05-13
CLM-001195,claim,158.1,screen_damage,2024-02-08
CLM-001196,claim,289.02,screen_damage,2023-11-07
CLM-001197,claim,462.33,battery_issue,2024-07-01
CLM-001198,claim,140.98,software_issue,2024-05-31
CLM-001199,claim,192.84,screen_damage,2024-01-06
CLM-001200,claim,92.06,accidental_damage,2023-04-24
CLM-001201,claim,86.07,accidental_damage,2023-09-17
CLM-001202,claim,819.14,battery_issue,2023-03-08
CLM-001203,claim,950.81,theft,2024-03-24
CLM-001204,claim,419.79,mechanical_failure,2024-08-14
CLM-001205,claim,124.43,theft,2024-01-16
CLM-001206,claim,60.97,mechanical_failure,2024-06-12
CLM-001207,claim,154.15,battery_issue,2023-12-04
CLM-001208,claim,201.22,software_issue,2024-05-29
CLM-001209,claim,146.38,battery_issue,2024-10-31
CLM-001210,claim,92.27,screen_damage,2024-05-06
CLM-001211,claim,651.83,water_damage,2023-02-09
CLM-001212,claim,396.04,theft,2024-04-05
CLM-001213,claim,156.3,mechanical_failure,2024-11-25
CLM-001214,claim,226.0,water_damage,2024-05-22
CLM-001215,claim,648.71,theft,2024-07-13
CLM-001216,claim,263.33,mechanical_failure,2023-09-30
CLM-001217,claim,152.71,software_issue,2023-03-13
CLM-001218,claim,342.85,screen_damage,2023-05-11
CLM-001219,claim,136.26,screen_damage,2024-03-30
CLM-001220,claim,112.24,mechanical_failure,2023-08-29
CLM-001221,claim,729.49,mechanical_failure,2024-05-27
CLM-001222,claim,224.02,software_issue,2023-04-21
CLM-001223,claim,124.79,accidental_damage,2023-11-03
CLM-001224,claim,465.49,water_damage,2023-06-30
CLM-001225,claim,330.59,software_issue,2024-09-30
CLM-001226,claim,92.18,software_issue,2023-02-26
CLM-001227,claim,536.55,screen_damage,2024-06-29
CLM-001228,claim,266.32,water_damage,2024-11-04
CLM-001229,claim,222.28,water_damage,2023-11-10
CLM-001230,claim,128.98,screen_damage,2024-05-13
CLM-001231,claim,576.09,accidental_damage,2024-08-22
CLM-001232,claim,104.14,theft,2024-03-06
CLM-001233,claim,44.49,screen_damage,2023-04-21
CLM-001234,claim,545.04,screen_damage,2024-08-28
CLM-001235,claim,511.44,battery_issue,2023-10-08
CLM-001236,claim,346.59,water_damage,2024-08-08
CLM-001237,claim,520.81,screen_damage,2024-07-28
CLM-001238,claim,167.26,software_issue,2024-11-23
CLM-001239,claim,370.69,mechanical_failure,2023-10-09
CLM-001240,claim,289.42,battery_issue,2023-03-23
CLM-001241,claim,118.12,screen_damage,2023-07-22
CLM-001242,claim,719.58,mechanical_failure,2024-06-02
CLM-001243,claim,109.68,theft,2023-11-22
CLM-001244,claim,259.9,screen_damage,2024-07-15
CLM-001245,claim,1100.17,software_issue,2024-11-07
CLM-001246,claim,279.67,screen_damage,2024-09-15
CLM-001247,claim,563.37,mechanical_failure,2023-10-09
CLM-001248,claim,185.37,battery_issue,2024-06-18
CLM-001249,claim,116.28,battery_issue,2023-11-08
CLM-001250,claim,112.45,software_issue,2023-03-22
CLM-001251,claim,265.33,mechanical_failure,2024-02-17
CLM-001252,claim,198.77,screen_damage,2023-04-27
CLM-001253,claim,1021.95,software_issue,2023-08-31
CLM-001254,claim,122.96,accidental_damage,2024-05-07
CLM-001255,claim,252.45,software_issue,2023-05-18
CLM-001256,claim,97.41,screen_damage,2023-02-21
CLM-001257,claim,181.28,screen_damage,2023-10-31
CLM-001258,claim,141.06,accidental_damage,2024-07-14
CLM-001259,claim,115.84,theft,2023-05-28
CLM-001260,claim,86.3,battery_issue,2024-08-16
CLM-001261,claim,437.02,battery_issue,2023-02-14
CLM-001262,claim,195.75,theft,2024-01-16
CLM-001263,claim,310.0,battery_issue,2023-06-28
CLM-001264,claim,1327.55,software_issue,2024-01-03
CLM-001265,claim,207.24,software_issue,2023-10-10
CLM-001266,claim,502.52,screen_damage,2023-11-26
CLM-001267,claim,399.09,accidental_damage,2024-06-20
CLM-001268,claim,318.18,water_damage,2023-11-26
CLM-001269,claim,191.89,software_issue,2024-03-12
CLM-001270,claim,64.34,theft,2023-01-27
CLM-001271,claim,1206.33,battery_issue,2023-11-07
CLM-001272,claim,830.18,water_damage,2023-05-31
CLM-001273,claim,159.15,accidental_damage,2024-10-18
CLM-001274,claim,246.63,theft,2023-06-01
CLM-001275,claim,220.4,screen_damage,2024-01-25
CLM-001276,claim,76.09,accidental_damage,2024-05-22
CLM-001277,claim,136.25,software_issue,2023-05-20
CLM-001278,claim,518.61,battery_issue,2023-04-09
CLM-001279,claim,266.36,water_damage,2023-10-26
CLM-001280,claim,95.33,screen_damage,2023-08-17
CLM-001281,claim,60.52,screen_damage,2023-10-05
CLM-001282,claim,140.62,screen_damage,2024-11-03
CLM-001283,claim,76.28,accidental_damage,2023-09-20
CLM-001284,claim,747.47,accidental_damage,2023-05-11
CLM-001285,claim,127.12,water_damage,2024-01-22
CLM-001286,claim,149.42,theft,2023-04-23
CLM-001287,claim,846.4,screen_damage,2023-01-22
CLM-001288,claim,101.5,water_damage,2023-04-10
CLM-001289,claim,165.67,software_issue,2024-03-21
CLM-001290,claim,523.67,software_issue,2023-05-26
CLM-001291,claim,75.38,accidental_damage,2023-04-02
CLM-001292,claim,148.26,water_damage,2023-09-04
CLM-001293,claim,159.66,screen_damage,2023-07-13
CLM-001294,claim,105.79,screen_damage,2024-08-13
CLM-001295,claim,180.06,screen_damage,2024-10-31
CLM-001296,claim,452.75,software_issue,2024-07-23
CLM-001297,claim,255.94,mechanical_failure,2024-01-24
CLM-001298,claim,357.07,mechanical_failure,2024-05-18
CLM-001299,claim,226.6,battery_issue,2024-01-02
CLM-001300,claim,861.71,screen_damage,2023-08-26
CLM-001301,claim,371.92,accidental_damage,2024-06-18
CLM-001302,claim,1035.68,theft,2024-03-06
CLM-001303,claim,531.09,battery_issue,2023-06-03
CLM-001304,claim,1077.78,water_damage,2023-10-01
CLM-001305,claim,130.83,accidental_damage,2023-01-15
CLM-001306,claim,137.04,water_damage,2024-03-22
CLM-001307,claim,89.62,mechanical_failure,2024-07-17
CLM-001308,claim,205.2,water_damage,2024-09-10
CLM-001309,claim,438.91,mechanical_failure,2023-03-21
CLM-001310,claim,186.97,software_issue,2024-09-27
CLM-001311,claim,430.81,accidental_damage,2024-06-02
CLM-001312,claim,380.46,screen_damage,2023-02-14
CLM-001313,claim,375.14,theft,2023-06-27
CLM-001314,claim,180.54,water_damage,2023-08-25
CLM-001315,claim,84.69,theft,2024-04-19
CLM-001316,claim,42.65,water_damage,2024-09-02
CLM-001317,claim,457.76,screen_damage,2024-03-01
CLM-001318,claim,109.56,water_damage,2023-12-27
CLM-001319,claim,339.71,water_damage,2023-12-01
CLM-001320,claim,433.44,accidental_damage,2023-09-06
CLM-001321,claim,503.83,accidental_damage,2023-01-28
CLM-001322,claim,150.56,battery_issue,2023-05-04
CLM-001323,claim,118.33,theft,2024-09-13
CLM-001324,claim,123.38,battery_issue,2023-01-29
CLM-001325,claim,439.68,screen_damage,2023-05-12
CLM-001326,claim,121.92,accidental_damage,2023-03-19
CLM-001327,claim,973.57,software_issue,2024-10-03
CLM-001328,claim,446.54,accidental_damage,2023-04-24
CLM-001329,claim,320.11,battery_issue,2024-06-19
CLM-001330,claim,175.07,accidental_damage,2023-02-06
CLM-001331,claim,42.38,water_damage,2023-08-03
CLM-001332,claim,387.77,accidental_damage,2023-03-31
CLM-001333,claim,43.53,water_damage,2023-11-02
CLM-001334,claim,67.41,battery_issue,2023-02-10
CLM-001335,claim,518.83,screen_damage,2024-02-16
CLM-001336,claim,401.76,water_damage,2024-06-05
CLM-001337,claim,322.04,water_damage,2024-01-07
CLM-001338,claim,237.9,screen_damage,2024-05-25
CLM-001339,claim,340.54,mechanical_failure,2024-08-17
CLM-001340,claim,687.41,software_issue,2024-01-26
CLM-001341,claim,137.43,software_issue,2024-11-21
CLM-001342,claim,629.55,theft,2024-02-23
CLM-001343,claim,246.14,water_damage,2024-04-11
CLM-001344,claim,898.29,accidental_damage,2024-03-19
CLM-001345,claim,327.19,software_issue,2023-11-09
CLM-001346,claim,162.27,theft,2023-08-16
CLM-001347,claim,466.28,screen_damage,2023-10-31
CLM-001348,claim,389.24,screen_damage,2023-04-08
CLM-001349,claim,69.41,battery_issue,2023-02-04
CLM-001350,claim,378.39,software_issue,2023-09-13
CLM-001351,claim,203.26,software_issue,2023-01-24
CLM-001352,claim,127.09,software_issue,2023-02-18
CLM-001353,claim,143.81,screen_damage,2023-05-14
CLM-001354,claim,235.63,mechanical_failure,2023-09-05
CLM-001355,claim,319.48,screen_damage,2023-01-06
CLM-001356,claim,137.32,screen_damage,2023-11-15
CLM-001357,claim,82.65,water_damage,2024-03-21
CLM-001358,claim,370.65,mechanical_failure,2023-11-14
CLM-001359,claim,67.93,water_damage,2024-01-20
CLM-001360,claim,125.28,water_damage,2023-04-09
CLM-001361,claim,304.59,water_damage,2023-03-08
CLM-001362,claim,148.05,software_issue,2023-04-15
CLM-001363,claim,69.14,theft,2024-03-09
CLM-001364,claim,748.99,software_issue,2024-06-27
CLM-001365,claim,166.96,battery_issue,2024-01-30
CLM-001366,claim,841.9,screen_damage,2024-08-30
CLM-001367,claim,54.06,accidental_damage,2023-03-17
CLM-001368,claim,182.84,battery_issue,2024-06-15
CLM-001369,claim,207.68,software_issue,2023-04-27
CLM-001370,claim,458.21,software_issue,2024-11-19
CLM-001371,claim,45.61,accidental_damage,2023-07-15
CLM-001372,claim,83.71,screen_damage,2024-03-27
CLM-001373,claim,140.61,theft,2023-11-30
CLM-001374,claim,107.75,mechanical_failure,2024-04-04
CLM-001375,claim,885.17,mechanical_failure,2023-07-29
CLM-001376,claim,48.01,software_issue,2023-07-22
CLM-001377,claim,115.06,theft,2024-04-30
CLM-001378,claim,237.4,accidental_damage,2023-10-14
CLM-001379,claim,468.21,water_damage,2023-03-05
CLM-001380,claim,120.9,water_damage,2024-10-01
CLM-001381,claim,389.31,battery_issue,2024-10-19
CLM-001382,claim,371.14,software_issue,2023-06-18
CLM-001383,claim,638.45,screen_damage,2024-05-13
CLM-001384,claim,306.86,screen_damage,2024-02-10
CLM-001385,claim,43.8,accidental_damage,2023-02-02
CLM-001386,claim,140.13,water_damage,2024-09-17
CLM-001387,claim,216.44,software_issue,2023-10-20
CLM-001388,claim,1825.11,theft,2023-12-27
CLM-001389,claim,1082.92,software_issue,2024-06-02
CLM-001390,claim,240.78,water_damage,2023-03-17
CLM-001391,claim,346.85,accidental_damage,2023-03-25
CLM-001392,claim,300.04,mechanical_failure,2024-10-29
CLM-001393,claim,164.29,accidental_damage,2023-10-26
CLM-001394,claim,232.12,theft,2024-04-15
CLM-001395,claim,223.91,theft,2024-09-11
CLM-001396,claim,912.83,software_issue,2024-02-28
CLM-001397,claim,131.33,mechanical_failure,2023-09-03
CLM-001398,claim,181.68,battery_issue,2023-11-13
CLM-001399,claim,150.14,software_issue,2024-09-16
CLM-001400,claim,192.56,theft,2023-11-12
CLM-001401,claim,103.39,screen_damage,2023-02-10
CLM-001402,claim,97.66,software_issue,2024-03-04
CLM-001403,claim,176.79,water_damage,2023-07-19
CLM-001404,claim,266.06,screen_damage,2023-06-06
CLM-001405,claim,494.9,water_damage,2023-10-18
CLM-001406,claim,61.21,battery_issue,2024-06-14
CLM-001407,claim,616.73,battery_issue,2024-06-04
CLM-001408,claim,230.05,accidental_damage,2024-05-10
CLM-001409,claim,343.79,accidental_damage,2023-06-26
CLM-001410,claim,96.02,screen_damage,2023-02-17
CLM-001411,claim,162.69,battery_issue,2024-05-15
CLM-001412,claim,702.44,battery_issue,2024-05-18
CLM-001413,claim,108.92,water_damage,2024-07-24
CLM-001414,claim,461.84,accidental_damage,2024-09-19
CLM-001415,claim,259.83,screen_damage,2024-04-05
CLM-001416,claim,243.87,accidental_damage,2024-04-30
CLM-001417,claim,164.7,mechanical_failure,2024-02-15
CLM-001418,claim,357.54,theft,2023-09-03
CLM-001419,claim,127.04,water_damage,2024-03-07
CLM-001420,claim,356.75,water_damage,2024-01-24
CLM-001421,claim,178.8,screen_damage,2024-05-10
CLM-001422,claim,205.79,mechanical_failure,2024-04-27
CLM-001423,claim,112.46,software_issue,2024-08-04
CLM-001424,claim,1943.31,accidental_damage,2024-03-20
CLM-001425,claim,104.32,theft,2024-08-22
CLM-001426,claim,555.74,accidental_damage,2024-07-13
CLM-001427,claim,432.85,accidental_damage,2023-09-17
CLM-001428,claim,40.61,software_issue,2023-04-12
CLM-001429,claim,226.6,water_damage,2023-06-28
CLM-001430,claim,854.33,screen_damage,2023-12-18
CLM-001431,claim,197.33,mechanical_failure,2024-07-05
CLM-001432,claim,678.72,theft,2024-11-22
CLM-001433,claim,336.45,battery_issue,2024-08-13
CLM-001434,claim,42.82,software_issue,2023-03-06
CLM-001435,claim,228.98,water_damage,2023-07-06
CLM-001436,claim,107.49,theft,2024-10-01
CLM-001437,claim,97.63,water_damage,2023-08-30
CLM-001438,claim,839.73,screen_damage,2024-02-19
CLM-001439,claim,98.27,theft,2023-06-30
CLM-001440,claim,111.38,theft,2024-06-21
CLM-001441,claim,352.73,mechanical_failure,2023-10-31
CLM-001442,claim,342.39,screen_damage,2024-08-03
CLM-001443,claim,845.21,accidental_damage,2023-08-21
CLM-001444,claim,406.09,water_damage,2023-08-13
CLM-001445,claim,593.33,water_damage,2024-06-23
CLM-001446,claim,2540.95,water_damage,2023-12-20
CLM-001447,claim,131.49,theft,2023-07-11
CLM-001448,claim,531.63,mechanical_failure,2023-08-14
CLM-001449,claim,182.84,software_issue,2023-04-25
CLM-001450,claim,483.32,accidental_damage,2023-01-20
CLM-001451,claim,773.54,screen_damage,2023-09-17
CLM-001452,claim,334.1,software_issue,2023-12-16
CLM-001453,claim,482.43,theft,2024-01-18
CLM-001454,claim,21.54,software_issue,2023-12-28
CLM-001455,claim,417.9,water_damage,2024-06-20
CLM-001456,claim,307.24,water_damage,2023-09-01
CLM-001457,claim,120.98,theft,2024-08-09
CLM-001458,claim,267.88,accidental_damage,2024-07-16
CLM-001459,claim,504.63,battery_issue,2024-03-14
CLM-001460,claim,58.16,water_damage,2023-01-25
CLM-001461,claim,540.38,water_damage,2023-07-06
CLM-001462,claim,134.67,water_damage,2024-04-24
CLM-001463,claim,95.34,theft,2024-10-19
CLM-001464,claim,269.75,software_issue,2024-07-20
CLM-001465,claim,205.86,mechanical_failure,2024-05-25
CLM-001466,claim,390.65,battery_issue,2024-06-07
CLM-001467,claim,226.37,mechanical_failure,2023-07-18
CLM-001468,claim,262.67,accidental_damage,2024-10-04
CLM-001469,claim,284.07,theft,2024-05-29
CLM-001470,claim,471.0,accidental_damage,2024-09-05
CLM-001471,claim,330.69,battery_issue,2023-07-02
CLM-001472,claim,87.99,theft,2023-07-24
CLM-001473,claim,174.52,theft,2023-12-10
CLM-001474,claim,43.22,mechanical_failure,2024-03-23
CLM-001475,claim,1183.54,theft,2023-05-27
CLM-001476,claim,507.65,battery_issue,2024-06-23
CLM-001477,claim,69.4,software_issue,2024-06-22
CLM-001478,claim,320.48,software_issue,2023-07-19
CLM-001479,claim,244.24,battery_issue,2024-10-26
CLM-001480,claim,137.8,theft,2024-06-06
CLM-001481,claim,219.17,accidental_damage,2024-08-10
CLM-001482,claim,110.74,theft,2023-04-25
CLM-001483,claim,94.04,battery_issue,2024-09-23
CLM-001484,claim,362.38,water_damage,2023-09-04
CLM-001485,claim,490.13,water_damage,2024-07-31
CLM-001486,claim,381.03,water_damage,2023-06-26
CLM-001487,claim,240.89,water_damage,2023-10-26
CLM-001488,claim,212.09,theft,2023-08-09
CLM-001489,claim,350.8,software_issue,2023-02-02
CLM-001490,claim,85.71,mechanical_failure,2024-10-20
CLM-001491,claim,463.29,theft,2024-03-22
CLM-001492,claim,234.09,battery_issue,2024-11-12
CLM-001493,claim,234.44,accidental_damage,2023-12-22
CLM-001494,claim,245.5,software_issue,2023-10-03
CLM-001495,claim,135.97,screen_damage,2023-02-18
CLM-001496,claim,580.78,screen_damage,2024-10-12
CLM-001497,claim,317.48,mechanical_failure,2023-04-12
CLM-001498,claim,171.75,mechanical_failure,2024-11-24
CLM-001499,claim,107.96,screen_damage,2024-07-08
CLM-001500,claim,288.03,theft,2023-11-30
CLM-001501,claim,84.8,theft,2023-07-20
CLM-001502,claim,69.13,mechanical_failure,2023-06-28
CLM-001503,claim,182.17,accidental_damage,2024-07-12
CLM-001504,claim,263.18,screen_damage,2023-06-24
CLM-001505,claim,325.74,water_damage,2024-03-30
CLM-001506,claim,181.15,mechanical_failure,2023-12-24
CLM-001507,claim,84.75,battery_issue,2023-08-25
CLM-001508,claim,348.79,accidental_damage,2023-06-15
CLM-001509,claim,145.72,battery_issue,2024-01-19
CLM-001510,claim,109.62,water_damage,2023-04-03
CLM-001511,claim,387.68,accidental_damage,2023-07-13
CLM-001512,claim,483.46,software_issue,2023-07-19
CLM-001513,claim,468.19,battery_issue,2024-11-01
CLM-001514,claim,647.39,theft,2023-11-13
CLM-001515,claim,426.68,water_damage,2023-01-04
CLM-001516,claim,562.01,battery_issue,2023-06-11
CLM-001517,claim,54.54,water_damage,2023-06-05
CLM-001518,claim,142.99,screen_damage,2024-09-07
CLM-001519,claim,445.17,accidental_damage,2023-12-05
CLM-001520,claim,488.63,water_damage,2024-10-11
CLM-001521,claim,175.78,theft,2024-10-20
CLM-001522,claim,352.28,battery_issue,2023-11-17
CLM-001523,claim,252.91,water_damage,2023-08-30
CLM-001524,claim,246.39,software_issue,2023-02-17
CLM-001525,claim,321.6,accidental_damage,2023-03-03
CLM-001526,claim,284.61,water_damage,2024-05-12
CLM-001527,claim,378.61,accidental_damage,2023-10-29
CLM-001528,claim,364.81,theft,2024-05-16
CLM-001529,claim,698.24,mechanical_failure,2023-05-10
CLM-001530,claim,137.94,screen_damage,2024-06-02
CLM-001531,claim,134.24,battery_issue,2023-06-15
CLM-001532,claim,137.88,battery_issue,2024-06-01
CLM-001533,claim,207.49,screen_damage,2023-01-13
CLM-001534,claim,461.28,battery_issue,2023-09-19
CLM-001535,claim,193.81,software_issue,2024-06-07
CLM-001536,claim,664.99,battery_issue,2023-09-21
CLM-001537,claim,137.0,water_damage,2024-07-17
CLM-001538,claim,311.9,software_issue,2023-04-24
CLM-001539,claim,326.4,battery_issue,2023-07-15
CLM-001540,claim,122.18,accidental_damage,2024-07-15
CLM-001541,claim,257.02,battery_issue,2024-05-19
CLM-001542,claim,296.9,theft,2024-05-04
CLM-001543,claim,678.63,screen_damage,2023-10-12
CLM-001544,claim,91.68,software_issue,2023-03-29
CLM-001545,claim,86.45,theft,2023-05-19
CLM-001546,claim,132.91,screen_damage,2023-08-27
CLM-001547,claim,429.66,battery_issue,2023-09-03
CLM-001548,claim,518.67,software_issue,2024-11-26
CLM-001549,claim,242.6,battery_issue,2024-02-25
CLM-001550,claim,165.5,mechanical_failure,2024-10-27
CLM-001551,claim,344.85,mechanical_failure,2023-11-11
CLM-001552,claim,139.14,water_damage,2024-05-08
CLM-001553,claim,670.43,theft,2023-02-10
CLM-001554,claim,452.67,software_issue,2023-05-25
CLM-001555,claim,174.08,theft,2024-05-28
CLM-001556,claim,126.19,water_damage,2024-06-27
CLM-001557,claim,178.72,accidental_damage,2024-10-31
CLM-001558,claim,46.53,mechanical_failure,2023-12-14
CLM-001559,claim,476.44,theft,2024-10-17
CLM-001560,claim,227.46,screen_damage,2023-07-10
CLM-001561,claim,219.94,theft,2024-09-02
CLM-001562,claim,176.75,accidental_damage,2024-03-06
CLM-001563,claim,761.07,theft,2024-03-04
CLM-001564,claim,470.02,screen_damage,2023-12-16
CLM-001565,claim,282.83,mechanical_failure,2023-03-14
CLM-001566,claim,137.63,battery_issue,2024-03-18
CLM-001567,claim,640.53,screen_damage,2023-10-28
CLM-001568,claim,174.59,theft,2023-01-04
CLM-001569,claim,411.94,water_damage,2024-09-02
CLM-001570,claim,231.84,accidental_damage,2024-01-24
CLM-001571,claim,417.02,accidental_damage,2023-09-29
CLM-001572,claim,158.34,software_issue,2023-02-22
CLM-001573,claim,87.88,battery_issue,2023-11-05
CLM-001574,claim,205.54,software_issue,2024-06-18
CLM-001575,claim,123.11,screen_damage,2023-08-10
CLM-001576,claim,449.97,theft,2024-04-20
CLM-001577,claim,293.74,theft,2023-01-06
CLM-001578,claim,273.99,battery_issue,2024-11-30
CLM-001579,claim,221.02,software_issue,2023-03-11
CLM-001580,claim,243.82,accidental_damage,2023-10-09
CLM-001581,claim,115.62,software_issue,2023-02-27
CLM-001582,claim,89.8,screen_damage,2024-10-27
CLM-001583,claim,355.86,accidental_damage,2024-09-18
CLM-001584,claim,216.31,screen_damage,2024-01-25
CLM-001585,claim,62.47,mechanical_failure,2023-06-22
CLM-001586,claim,884.77,water_damage,2023-06-02
CLM-001587,claim,85.77,software_issue,2023-09-19
CLM-001588,claim,149.92,accidental_damage,2023-08-15
CLM-001589,claim,194.3,accidental_damage,2023-04-23
CLM-001590,claim,384.52,software_issue,2024-06-19
CLM-001591,claim,436.59,mechanical_failure,2024-01-13
CLM-001592,claim,1682.38,screen_damage,2023-04-12
CLM-001593,claim,244.54,software_issue,2023-06-02
CLM-001594,claim,422.26,mechanical_failure,2023-10-24
CLM-001595,claim,147.18,software_issue,2024-07-03
CLM-001596,claim,277.2,theft,2024-06-02
CLM-001597,claim,113.19,software_issue,2024-02-19
CLM-001598,claim,69.22,battery_issue,2024-03-02
CLM-001599,claim,117.05,theft,2023-07-08
CLM-001600,claim,81.83,mechanical_failure,2023-02-02
CLM-001601,claim,537.23,accidental_damage,2023-01-04
CLM-001602,claim,709.75,mechanical_failure,2024-09-13
CLM-001603,claim,507.38,water_damage,2023-11-29
CLM-001604,claim,313.76,water_damage,2024-01-01
CLM-001605,claim,267.39,accidental_damage,2024-03-05
CLM-001606,claim,244.43,water_damage,2023-07-31
CLM-001607,claim,117.5,battery_issue,2024-06-24
CLM-001608,claim,252.2,software_issue,2023-03-07
CLM-001609,claim,105.2,screen_damage,2023-06-28
CLM-001610,claim,285.04,accidental_damage,2024-03-17
CLM-001611,claim,173.37,accidental_damage,2023-04-12
CLM-001612,claim,202.66,software_issue,2024-03-30
CLM-001613,claim,202.21,accidental_damage,2023-06-29
CLM-001614,claim,128.1,accidental_damage,2024-10-12
CLM-001615,claim,61.54,screen_damage,2023-06-11
CLM-001616,claim,487.14,water_damage,2024-11-12
CLM-001617,claim,225.68,water_damage,2023-11-14
CLM-001618,claim,133.21,accidental_damage,2023-01-01
CLM-001619,claim,254.15,battery_issue,2024-05-05
CLM-001620,claim,371.21,mechanical_failure,2024-03-20
CLM-001621,claim,545.74,theft,2024-05-16
CLM-001622,claim,287.31,theft,2023-01-03
CLM-001623,claim,131.57,screen_damage,2024-07-08
CLM-001624,claim,132.99,water_damage,2024-04-26
CLM-001625,claim,404.78,screen_damage,2024-02-03
CLM-001626,claim,168.27,screen_damage,2023-05-01
CLM-001627,claim,119.25,water_damage,2023-08-21
CLM-001628,claim,201.5,screen_damage,2024-03-12
CLM-001629,claim,311.94,battery_issue,2023-12-08
CLM-001630,claim,114.64,mechanical_failure,2023-06-12
CLM-001631,claim,186.69,water_damage,2024-10-21
CLM-001632,claim,296.79,accidental_damage,2024-08-31
CLM-001633,claim,107.38,water_damage,2023-08-13
CLM-001634,claim,778.08,theft,2024-10-18
CLM-001635,claim,266.59,accidental_damage,2024-06-10
CLM-001636,claim,106.21,accidental_damage,2023-12-03
CLM-001637,claim,82.33,water_damage,2023-03-19
CLM-001638,claim,246.79,accidental_damage,2023-11-29
CLM-001639,claim,62.18,water_damage,2023-12-04
CLM-001640,claim,846.04,software_issue,2024-03-18
CLM-001641,claim,58.01,water_damage,2023-11-17
CLM-001642,claim,526.64,battery_issue,2023-03-12
CLM-001643,claim,451.36,water_damage,2024-02-14
CLM-001644,claim,84.65,accidental_damage,2023-09-25
CLM-001645,claim,661.4,theft,2024-11-24
CLM-001646,claim,928.4,mechanical_failure,2023-12-10
CLM-001647,claim,144.46,software_issue,2024-08-14
CLM-001648,claim,688.66,water_damage,2024-09-27
CLM-001649,claim,240.7,accidental_damage,2023-01-14
CLM-001650,claim,270.78,screen_damage,2023-11-28
CLM-001651,claim,89.95,software_issue,2023-06-27
CLM-001652,claim,220.35,water_damage,2024-11-28
CLM-001653,claim,318.29,screen_damage,2023-05-08
CLM-001654,claim,229.98,water_damage,2023-09-11
CLM-001655,claim,443.52,water_damage,2024-06-10
CLM-001656,claim,169.01,accidental_damage,2023-03-27
CLM-001657,claim,168.38,battery_issue,2024-06-14
CLM-001658,claim,252.0,theft,2023-09-11
CLM-001659,claim,382.65,screen_damage,2023-04-30
CLM-001660,claim,265.2,software_issue,2024-07-20
CLM-001661,claim,91.88,theft,2024-07-28
CLM-001662,claim,46.94,theft,2024-11-15
CLM-001663,claim,95.94,mechanical_failure,2024-01-16
CLM-001664,claim,88.3,screen_damage,2023-12-21
CLM-001665,claim,58.37,mechanical_failure,2024-07-21
CLM-001666,claim,166.64,theft,2024-11-09
CLM-001667,claim,484.62,water_damage,2023-02-09
CLM-001668,claim,15.03,accidental_damage,2023-11-17
CLM-001669,claim,51.93,accidental_damage,2023-02-07
CLM-001670,claim,197.47,battery_issue,2024-10-06
CLM-001671,claim,1020.05,screen_damage,2023-12-25
CLM-001672,claim,154.64,theft,2024-08-03
CLM-001673,claim,1192.23,screen_damage,2024-11-27
CLM-001674,claim,117.33,screen_damage,2023-11-02
CLM-001675,claim,207.88,software_issue,2024-04-08
CLM-001676,claim,104.49,theft,2023-07-26
CLM-001677,claim,243.62,screen_damage,2023-09-20
CLM-001678,claim,238.87,water_damage,2024-02-20
CLM-001679,claim,31.46,water_damage,2023-10-17
CLM-001680,claim,1587.49,screen_damage,2023-12-29
CLM-001681,claim,347.17,water_damage,2023-12-07
CLM-001682,claim,262.67,mechanical_failure,2023-08-10
CLM-001683,claim,267.86,software_issue,2024-01-07
CLM-001684,claim,434.3,software_issue,2024-06-09
CLM-001685,claim,375.02,water_damage,2024-04-04
CLM-001686,claim,262.17,accidental_damage,2023-11-19
CLM-001687,claim,203.06,theft,2023-02-17
CLM-001688,claim,448.18,water_damage,2023-10-25
CLM-001689,claim,201.21,battery_issue,2023-01-31
CLM-001690,claim,133.88,water_damage,2023-11-10
CLM-001691,claim,567.49,water_damage,2024-03-27
CLM-001692,claim,166.85,screen_damage,2024-06-07
CLM-001693,claim,397.25,software_issue,2023-10-09
CLM-001694,claim,847.59,screen_damage,2023-07-25
CLM-001695,claim,157.77,theft,2024-08-16
CLM-001696,claim,167.52,screen_damage,2024-04-18
CLM-001697,claim,310.27,theft,2023-04-21
CLM-001698,claim,601.74,accidental_damage,2023-04-06
CLM-001699,claim,394.29,accidental_damage,2023-10-10
CLM-001700,claim,65.86,software_issue,2023-07-04
CLM-001701,claim,263.18,theft,2024-04-22
CLM-001702,claim,513.4,battery_issue,2024-09-02
CLM-001703,claim,398.16,water_damage,2023-04-08
CLM-001704,claim,57.73,mechanical_failure,2023-01-03
CLM-001705,claim,178.01,screen_damage,2024-09-25
CLM-001706,claim,127.43,theft,2023-01-30
CLM-001707,claim,406.52,mechanical_failure,2023-11-08
CLM-001708,claim,198.2,screen_damage,2023-07-17
CLM-001709,claim,302.72,software_issue,2023-09-22
CLM-001710,claim,802.59,accidental_damage,2023-05-15
CLM-001711,claim,244.38,mechanical_failure,2023-01-06
CLM-001712,claim,199.67,theft,2023-04-23
CLM-001713,claim,99.76,mechanical_failure,2024-09-13
CLM-001714,claim,746.15,software_issue,2023-07-08
CLM-001715,claim,350.08,water_damage,2024-02-29
CLM-001716,claim,1130.59,battery_issue,2024-01-11
CLM-001717,claim,53.07,accidental_damage,2023-10-09
CLM-001718,claim,695.06,screen_damage,2023-12-18
CLM-001719,claim,1028.15,software_issue,2024-03-14
CLM-001720,claim,1056.14,accidental_damage,2023-05-22
CLM-001721,claim,450.05,mechanical_failure,2023-08-29
CLM-001722,claim,200.43,mechanical_failure,2023-03-12
CLM-001723,claim,191.59,mechanical_failure,2024-10-07
CLM-001724,claim,172.69,battery_issue,2023-07-21
CLM-001725,claim,330.1,mechanical_failure,2023-11-12
CLM-001726,claim,2247.97,accidental_damage,2023-11-15
CLM-001727,claim,441.23,water_damage,2024-10-12
CLM-001728,claim,532.41,screen_damage,2024-01-28
CLM-001729,claim,286.39,screen_damage,2023-05-27
CLM-001730,claim,543.82,theft,2024-07-15
CLM-001731,claim,121.07,theft,2023-11-09
CLM-001732,claim,2097.31,battery_issue,2024-03-31
CLM-001733,claim,829.13,theft,2023-07-07
CLM-001734,claim,215.69,accidental_damage,2023-09-21
CLM-001735,claim,516.79,theft,2024-04-13
CLM-001736,claim,1309.71,software_issue,2024-01-21
CLM-001737,claim,30.07,software_issue,2023-03-09
CLM-001738,claim,599.41,screen_damage,2023-10-13
CLM-001739,claim,299.52,mechanical_failure,2023-01-27
CLM-001740,claim,165.46,battery_issue,2023-07-29
CLM-001741,claim,472.11,battery_issue,2023-12-08
CLM-001742,claim,398.85,mechanical_failure,2023-05-05
CLM-001743,claim,289.08,theft,2024-07-16
CLM-001744,claim,236.47,screen_damage,2024-09-28
CLM-001745,claim,116.53,battery_issue,2023-08-21
CLM-001746,claim,879.15,software_issue,2024-03-23
CLM-001747,claim,1319.4,accidental_damage,2024-09-29
CLM-001748,claim,675.4,water_damage,2024-07-10
CLM-001749,claim,54.72,battery_issue,2023-03-31
CLM-001750,claim,323.72,software_issue,2023-06-28
CLM-001751,claim,424.22,software_issue,2024-10-30
CLM-001752,claim,579.14,battery_issue,2023-11-27
CLM-001753,claim,304.68,accidental_damage,2024-11-18
CLM-001754,claim,67.55,software_issue,2024-02-05
CLM-001755,claim,274.32,screen_damage,2023-12-08
CLM-001756,claim,423.76,mechanical_failure,2024-06-12
CLM-001757,claim,331.46,battery_issue,2023-02-08
CLM-001758,claim,186.47,theft,2024-05-26
CLM-001759,claim,204.92,mechanical_failure,2024-05-03
CLM-001760,claim,309.28,screen_damage,2023-01-10
CLM-001761,claim,732.36,water_damage,2023-05-08
CLM-001762,claim,218.29,screen_damage,2023-04-06
CLM-001763,claim,464.82,screen_damage,2024-10-14
CLM-001764,claim,194.81,water_damage,2024-06-19
CLM-001765,claim,218.72,mechanical_failure,2023-02-05
CLM-001766,claim,2619.0,screen_damage,2024-03-07
CLM-001767,claim,131.77,battery_issue,2024-03-20
CLM-001768,claim,687.7,water_damage,2024-06-27
CLM-001769,claim,59.72,theft,2024-02-09
CLM-001770,claim,302.89,battery_issue,2024-02-22
CLM-001771,claim,242.37,software_issue,2023-04-28
CLM-001772,claim,124.71,mechanical_failure,2024-09-30
CLM-001773,claim,1013.3,software_issue,2024-06-25
CLM-001774,claim,113.84,software_issue,2023-08-12
CLM-001775,claim,146.5,battery_issue,2023-05-18
CLM-001776,claim,275.24,water_damage,2024-05-05
CLM-001777,claim,493.87,accidental_damage,2023-03-05
CLM-001778,claim,715.62,software_issue,2023-10-26
CLM-001779,claim,164.39,theft,2024-02-06
CLM-001780,claim,522.99,theft,2023-01-22
CLM-001781,claim,112.14,software_issue,2024-07-31
CLM-001782,claim,902.44,water_damage,2023-12-17
CLM-001783,claim,357.04,theft,2024-06-16
CLM-001784,claim,690.08,software_issue,2024-06-28
CLM-001785,claim,512.17,water_damage,2023-03-31
CLM-001786,claim,719.84,screen_damage,2023-06-28
CLM-001787,claim,447.14,mechanical_failure,2023-01-08
CLM-001788,claim,407.23,battery_issue,2023-01-06
CLM-001789,claim,48.07,theft,2024-04-10
CLM-001790,claim,44.5,software_issue,2024-03-20
CLM-001791,claim,144.09,water_damage,2023-09-01
CLM-001792,claim,584.02,accidental_damage,2023-07-18
CLM-001793,claim,456.33,battery_issue,2023-11-15
CLM-001794,claim,745.33,accidental_damage,2023-09-11
CLM-001795,claim,338.37,theft,2023-03-21
CLM-001796,claim,1084.27,battery_issue,2023-09-27
CLM-001797,claim,123.79,mechanical_failure,2024-02-22
CLM-001798,claim,486.64,water_damage,2023-12-23
CLM-001799,claim,373.9,theft,2023-05-08
CLM-001800,claim,577.31,accidental_damage,2023-05-17
CLM-001801,claim,488.98,screen_damage,2023-02-28
CLM-001802,claim,198.13,theft,2024-05-26
CLM-001803,claim,182.57,battery_issue,2024-10-06
CLM-001804,claim,353.06,accidental_damage,2024-05-13
CLM-001805,claim,150.7,water_damage,2024-01-07
CLM-001806,claim,840.23,screen_damage,2023-07-28
CLM-001807,claim,228.75,mechanical_failure,2023-10-30
CLM-001808,claim,300.36,battery_issue,2023-08-24
CLM-001809,claim,636.41,battery_issue,2024-10-01
CLM-001810,claim,207.15,water_damage,2023-02-19
CLM-001811,claim,216.72,battery_issue,2023-09-27
CLM-001812,claim,277.51,accidental_damage,2023-04-06
CLM-001813,claim,216.46,accidental_damage,2023-07-26
CLM-001814,claim,402.93,water_damage,2024-01-13
CLM-001815,claim,299.56,software_issue,2023-11-25
CLM-001816,claim,122.13,software_issue,2024-08-18
CLM-001817,claim,477.66,water_damage,2024-10-30
CLM-001818,claim,501.3,software_issue,2024-07-22
CLM-001819,claim,165.95,battery_issue,2024-10-20
CLM-001820,claim,827.21,screen_damage,2023-04-04
CLM-001821,claim,999.49,screen_damage,2024-05-13
CLM-001822,claim,226.43,software_issue,2023-09-29
CLM-001823,claim,203.95,accidental_damage,2023-11-01
CLM-001824,claim,293.52,screen_damage,2023-05-02
CLM-001825,claim,1557.57,water_damage,2023-04-05
CLM-001826,claim,603.8,accidental_damage,2023-02-12
CLM-001827,claim,947.91,battery_issue,2024-04-15
CLM-001828,claim,277.55,battery_issue,2023-10-11
CLM-001829,claim,240.89,water_damage,2024-08-06
CLM-001830,claim,946.44,mechanical_failure,2024-02-26
CLM-001831,claim,66.79,accidental_damage,2023-01-26
CLM-001832,claim,80.77,battery_issue,2023-09-07
CLM-001833,claim,344.06,theft,2024-04-17
CLM-001834,claim,225.26,theft,2024-01-12
CLM-001835,claim,1428.33,battery_issue,2024-05-25
CLM-001836,claim,221.56,battery_issue,2024-02-23
CLM-001837,claim,146.78,screen_damage,2023-07-01
CLM-001838,claim,65.9,screen_damage,2024-04-21
CLM-001839,claim,54.71,theft,2023-12-29
CLM-001840,claim,160.08,theft,2023-11-29
CLM-001841,claim,382.37,theft,2024-02-18
CLM-001842,claim,132.43,accidental_damage,2023-07-12
CLM-001843,claim,406.31,mechanical_failure,2023-05-14
CLM-001844,claim,145.37,accidental_damage,2024-05-13
CLM-001845,claim,267.66,theft,2023-02-26
CLM-001846,claim,154.43,accidental_damage,2023-05-15
CLM-001847,claim,113.84,mechanical_failure,2023-01-13
CLM-001848,claim,339.37,theft,2024-10-11
CLM-001849,claim,168.54,theft,2023-11-14
CLM-001850,claim,95.05,theft,2024-08-26
CLM-001851,claim,182.46,theft,2023-08-18
CLM-001852,claim,813.99,software_issue,2024-06-02
CLM-001853,claim,1138.52,screen_damage,2023-05-11
CLM-001854,claim,171.66,software_issue,2023-03-30
CLM-001855,claim,515.33,theft,2024-07-19
CLM-001856,claim,329.69,battery_issue,2024-09-05
CLM-001857,claim,277.84,mechanical_failure,2024-05-06
CLM-001858,claim,673.1,water_damage,2023-07-30
CLM-001859,claim,173.05,battery_issue,2024-10-24
CLM-001860,claim,525.45,software_issue,2023-12-12
CLM-001861,claim,543.04,mechanical_failure,2023-05-28
CLM-001862,claim,194.83,battery_issue,2023-11-06
CLM-001863,claim,191.15,water_damage,2023-03-27
CLM-001864,claim,418.98,screen_damage,2024-11-02
CLM-001865,claim,184.79,screen_damage,2024-08-07
CLM-001866,claim,116.92,screen_damage,2023-08-18
CLM-001867,claim,160.7,mechanical_failure,2023-06-17
CLM-001868,claim,302.91,mechanical_failure,2023-04-05
CLM-001869,claim,1405.61,screen_damage,2023-04-10
CLM-001870,claim,143.04,battery_issue,2024-04-13
CLM-001871,claim,524.11,battery_issue,2023-02-11
CLM-001872,claim,318.45,software_issue,2024-11-16
CLM-001873,claim,322.01,mechanical_failure,2024-05-25
CLM-001874,claim,143.37,software_issue,2023-03-21
CLM-001875,claim,332.78,theft,2023-01-09
CLM-001876,claim,938.76,theft,2023-07-27
CLM-001877,claim,224.49,software_issue,2023-11-13
CLM-001878,claim,678.31,battery_issue,2023-05-30
CLM-001879,claim,645.65,mechanical_failure,2024-05-02
CLM-001880,claim,630.23,software_issue,2024-04-17
CLM-001881,claim,289.46,water_damage,2024-03-31
CLM-001882,claim,292.23,theft,2023-07-25
CLM-001883,claim,606.19,battery_issue,2024-06-02
CLM-001884,claim,123.12,water_damage,2023-06-15
CLM-001885,claim,250.13,theft,2023-05-02
CLM-001886,claim,182.16,theft,2023-07-07
CLM-001887,claim,51.61,software_issue,2023-01-27
CLM-001888,claim,315.96,screen_damage,2024-11-04
CLM-001889,claim,226.08,mechanical_failure,2023-06-26
CLM-001890,claim,389.33,theft,2024-08-22
CLM-001891,claim,434.85,software_issue,2024-06-08
CLM-001892,claim,402.78,screen_damage,2023-12-01
CLM-001893,claim,405.71,accidental_damage,2023-02-09
CLM-001894,claim,250.47,water_damage,2023-05-22
CLM-001895,claim,306.98,water_damage,2023-12-30
CLM-001896,claim,107.95,screen_damage,2024-08-17
CLM-001897,claim,541.83,software_issue,2023-07-24
CLM-001898,claim,45.61,battery_issue,2024-06-14
CLM-001899,claim,595.49,screen_damage,2023-01-26
CLM-001900,claim,72.87,battery_issue,2023-09-17
CLM-001901,claim,395.06,theft,2023-01-25
CLM-001902,claim,170.09,accidental_damage,2024-11-01
CLM-001903,claim,245.56,screen_damage,2023-08-03
CLM-001904,claim,383.04,software_issue,2023-12-28
CLM-001905,claim,155.62,mechanical_failure,2024-03-01
CLM-001906,claim,420.78,theft,2024-09-21
CLM-001907,claim,1179.97,theft,2024-10-19
CLM-001908,claim,441.53,screen_damage,2023-04-05
CLM-001909,claim,224.48,water_damage,2024-04-02
CLM-001910,claim,650.89,theft,2024-02-07
CLM-001911,claim,178.72,battery_issue,2023-12-07
CLM-001912,claim,301.5,screen_damage,2023-12-22
CLM-001913,claim,264.73,screen_damage,2023-06-09
CLM-001914,claim,415.76,battery_issue,2024-09-12
CLM-001915,claim,128.16,battery_issue,2024-01-20
CLM-001916,claim,731.77,screen_damage,2023-11-29
CLM-001917,claim,249.48,theft,2024-07-24
CLM-001918,claim,404.12,accidental_damage,2023-07-25
CLM-001919,claim,132.05,theft,2024-06-26
CLM-001920,claim,139.97,mechanical_failure,2023-09-27
CLM-001921,claim,86.98,mechanical_failure,2024-07-15
CLM-001922,claim,275.11,software_issue,2024-02-04
CLM-001923,claim,177.45,battery_issue,2023-07-02
CLM-001924,claim,136.83,water_damage,2024-07-13
CLM-001925,claim,573.92,battery_issue,2024-03-08
CLM-001926,claim,149.5,screen_damage,2024-02-09
CLM-001927,claim,489.96,software_issue,2024-09-05
CLM-001928,claim,232.9,screen_damage,2024-06-05
CLM-001929,claim,578.66,screen_damage,2024-08-10
CLM-001930,claim,121.89,battery_issue,2023-09-20
CLM-001931,claim,363.77,software_issue,2024-06-21
CLM-001932,claim,98.93,software_issue,2023-12-17
CLM-001933,claim,186.23,accidental_damage,2024-02-20
CLM-001934,claim,458.91,water_damage,2024-07-20
CLM-001935,claim,2259.02,battery_issue,2024-03-14
CLM-001936,claim,112.19,screen_damage,2023-09-22
CLM-001937,claim,542.19,software_issue,2023-04-04
CLM-001938,claim,94.25,theft,2024-08-26
CLM-001939,claim,298.04,screen_damage,2023-01-26
CLM-001940,claim,498.49,accidental_damage,2023-03-23
CLM-001941,claim,601.13,mechanical_failure,2024-04-30
CLM-001942,claim,186.85,battery_issue,2023-12-21
CLM-001943,claim,345.94,screen_damage,2024-11-14
CLM-001944,claim,116.61,accidental_damage,2023-07-05
CLM-001945,claim,131.7,battery_issue,2023-09-06
CLM-001946,claim,487.88,battery_issue,2024-11-06
CLM-001947,claim,604.83,battery_issue,2024-09-11
CLM-001948,claim,131.77,theft,2023-10-30
CLM-001949,claim,275.47,mechanical_failure,2023-10-25
CLM-001950,claim,108.44,accidental_damage,2024-06-20
CLM-001951,claim,419.3,mechanical_failure,2023-02-05
CLM-001952,claim,232.28,screen_damage,2024-11-09
CLM-001953,claim,81.75,software_issue,2023-02-17
CLM-001954,claim,951.46,theft,2023-04-29
CLM-001955,claim,242.84,mechanical_failure,2024-05-06
CLM-001956,claim,71.21,battery_issue,2023-07-19
CLM-001957,claim,228.22,theft,2024-01-18
CLM-001958,claim,379.47,software_issue,2024-07-02
CLM-001959,claim,317.23,accidental_damage,2023-05-24
CLM-001960,claim,705.21,screen_damage,2024-08-10
CLM-001961,claim,273.72,accidental_damage,2024-04-09
CLM-001962,claim,125.6,mechanical_failure,2024-06-16
CLM-001963,claim,64.77,screen_damage,2024-01-23
CLM-001964,claim,1190.77,software_issue,2024-08-18
CLM-001965,claim,329.97,mechanical_failure,2023-12-06
CLM-001966,claim,147.92,accidental_damage,2023-05-12
CLM-001967,claim,515.64,accidental_damage,2023-01-07
CLM-001968,claim,522.62,battery_issue,2024-07-02
CLM-001969,claim,133.05,mechanical_failure,2023-02-10
CLM-001970,claim,104.97,screen_damage,2023-01-02
CLM-001971,claim,400.18,accidental_damage,2024-11-20
CLM-001972,claim,621.99,theft,2024-09-30
CLM-001973,claim,309.32,mechanical_failure,2023-05-19
CLM-001974,claim,107.13,water_damage,2023-05-31
CLM-001975,claim,87.85,battery_issue,2023-07-19
CLM-001976,claim,143.01,theft,2023-09-07
CLM-001977,claim,417.6,mechanical_failure,2023-08-17
CLM-001978,claim,505.64,battery_issue,2023-04-15
CLM-001979,claim,372.06,software_issue,2024-11-14
CLM-001980,claim,1761.18,screen_damage,2023-12-29
CLM-001981,claim,456.97,mechanical_failure,2023-05-12
CLM-001982,claim,133.58,software_issue,2023-11-17
CLM-001983,claim,85.66,water_damage,2024-10-28
CLM-001984,claim,235.31,battery_issue,2023-10-11
CLM-001985,claim,646.74,mechanical_failure,2023-04-03
CLM-001986,claim,85.82,screen_damage,2024-09-24
CLM-001987,claim,324.29,screen_damage,2023-03-22
CLM-001988,claim,57.07,water_damage,2024-08-07
CLM-001989,claim,618.23,mechanical_failure,2023-10-24
CLM-001990,claim,444.72,software_issue,2023-04-14
CLM-001991,claim,1518.52,theft,2024-07-29
CLM-001992,claim,228.51,software_issue,2023-07-22
CLM-001993,claim,206.48,water_damage,2024-02-18
CLM-001994,claim,462.45,screen_damage,2023-07-09
CLM-001995,claim,1949.5,mechanical_failure,2023-07-13
CLM-001996,claim,404.71,theft,2023-07-06
CLM-001997,claim,679.11,software_issue,2023-08-30
CLM-001998,claim,356.36,theft,2023-08-03
CLM-001999,claim,344.61,screen_damage,2023-04-25
CLM-002000,claim,488.06,battery_issue,2024-11-11
CLM-002001,claim,188.67,screen_damage,2024-11-18
CLM-002002,claim,255.09,water_damage,2023-09-25
CLM-002003,claim,414.74,theft,2023-06-24
CLM-002004,claim,1247.03,software_issue,2023-03-16
CLM-002005,claim,213.92,software_issue,2024-10-08
CLM-002006,claim,65.74,mechanical_failure,2023-01-04
CLM-002007,claim,808.94,battery_issue,2024-01-24
CLM-002008,claim,149.01,accidental_damage,2024-11-30
CLM-002009,claim,468.36,screen_damage,2024-02-09
CLM-002010,claim,31.2,theft,2024-04-13
CLM-002011,claim,948.78,software_issue,2023-04-12
CLM-002012,claim,359.3,theft,2023-02-22
CLM-002013,claim,592.3,screen_damage,2024-08-09
CLM-002014,claim,184.81,battery_issue,2023-08-15
CLM-002015,claim,253.55,water_damage,2023-05-07
CLM-002016,claim,445.17,accidental_damage,2024-10-02
CLM-002017,claim,335.26,screen_damage,2023-06-26
CLM-002018,claim,59.32,screen_damage,2024-03-24
CLM-002019,claim,97.52,software_issue,2024-05-17
CLM-002020,claim,238.23,water_damage,2024-03-14
CLM-002021,claim,346.86,accidental_damage,2023-06-08
CLM-002022,claim,235.88,battery_issue,2024-06-15
CLM-002023,claim,508.95,theft,2024-09-23
CLM-002024,claim,173.4,mechanical_failure,2023-08-18
CLM-002025,claim,197.79,software_issue,2023-10-06
CLM-002026,claim,219.55,software_issue,2023-06-13
CLM-002027,claim,570.61,battery_issue,2023-01-27
CLM-002028,claim,114.93,accidental_damage,2024-04-01
CLM-002029,claim,372.57,water_damage,2024-06-03
CLM-002030,claim,106.75,water_damage,2024-10-29
CLM-002031,claim,69.5,mechanical_failure,2023-01-06
CLM-002032,claim,372.89,water_damage,2024-07-21
CLM-002033,claim,204.85,accidental_damage,2024-01-14
CLM-002034,claim,248.4,screen_damage,2023-01-11
CLM-002035,claim,870.29,battery_issue,2024-09-19
CLM-002036,claim,654.24,water_damage,2023-04-11
CLM-002037,claim,159.46,screen_damage,2023-02-11
CLM-002038,claim,200.43,theft,2024-07-26
CLM-002039,claim,710.91,software_issue,2024-06-18
CLM-002040,claim,115.13,theft,2024-02-22
CLM-002041,claim,179.1,software_issue,2024-11-24
CLM-002042,claim,56.48,screen_damage,2023-08-01
CLM-002043,claim,222.83,theft,2024-11-14
CLM-002044,claim,332.62,accidental_damage,2023-12-09
CLM-002045,claim,215.51,theft,2024-01-04
CLM-002046,claim,230.76,theft,2024-07-28
CLM-002047,claim,1109.51,mechanical_failure,2024-08-30
CLM-002048,claim,306.31,theft,2023-07-03
CLM-002049,claim,222.16,battery_issue,2023-03-29
CLM-002050,claim,375.28,theft,2024-09-11
CLM-002051,claim,207.15,water_damage,2023-09-11
CLM-002052,claim,244.39,water_damage,2024-08-19
CLM-002053,claim,236.52,mechanical_failure,2023-01-04
CLM-002054,claim,334.95,screen_damage,2023-08-04
CLM-002055,claim,217.05,battery_issue,2023-09-29
CLM-002056,claim,247.2,mechanical_failure,2023-06-08
CLM-002057,claim,239.03,accidental_damage,2024-11-13
CLM-002058,claim,317.04,software_issue,2024-08-13
CLM-002059,claim,464.81,mechanical_failure,2023-06-09
CLM-002060,claim,307.93,accidental_damage,2024-06-24
CLM-002061,claim,209.0,water_damage,2023-04-07
CLM-002062,claim,72.26,screen_damage,2023-08-01
CLM-002063,claim,406.46,theft,2023-08-31
CLM-002064,claim,84.22,battery_issue,2023-06-27
CLM-002065,claim,14.71,screen_damage,2023-07-12
CLM-002066,claim,197.05,battery_issue,2023-07-24
CLM-002067,claim,163.91,water_damage,2024-07-17
CLM-002068,claim,452.27,mechanical_failure,2023-06-03
CLM-002069,claim,144.27,software_issue,2024-03-30
CLM-002070,claim,475.32,water_damage,2023-04-08
CLM-002071,claim,152.22,mechanical_failure,2024-06-17
CLM-002072,claim,110.45,accidental_damage,2024-06-20
CLM-002073,claim,338.72,screen_damage,2023-05-02
CLM-002074,claim,68.35,theft,2023-12-21
CLM-002075,claim,339.43,software_issue,2024-10-29
CLM-002076,claim,162.9,accidental_damage,2023-07-18
CLM-002077,claim,299.73,accidental_damage,2023-02-11
CLM-002078,claim,324.51,accidental_damage,2024-09-26
CLM-002079,claim,231.82,water_damage,2024-02-03
CLM-002080,claim,182.24,screen_damage,2024-10-03
CLM-002081,claim,84.65,theft,2024-07-25
CLM-002082,claim,317.7,water_damage,2023-11-01
CLM-002083,claim,231.62,screen_damage,2023-05-01
CLM-002084,claim,1454.14,battery_issue,2023-11-12
CLM-002085,claim,471.96,battery_issue,2024-09-27
CLM-002086,claim,145.57,accidental_damage,2024-04-11
CLM-002087,claim,361.66,software_issue,2024-10-18
CLM-002088,claim,274.54,battery_issue,2024-01-04
CLM-002089,claim,294.92,accidental_damage,2024-02-02
CLM-002090,claim,280.58,mechanical_failure,2023-03-04
CLM-002091,claim,222.04,theft,2023-11-10
CLM-002092,claim,1231.29,accidental_damage,2023-08-02
CLM-002093,claim,264.6,theft,2024-09-26
CLM-002094,claim,62.54,water_damage,2024-08-11
CLM-002095,claim,1681.75,mechanical_failure,2023-09-18
CLM-002096,claim,209.06,software_issue,2024-01-05
CLM-002097,claim,211.06,water_damage,2024-01-05
CLM-002098,claim,256.79,theft,2023-01-11
CLM-002099,claim,912.81,screen_damage,2024-10-23
CLM-002100,claim,276.49,theft,2023-02-06
CLM-002101,claim,201.53,theft,2024-07-10
CLM-002102,claim,103.96,water_damage,2023-11-19
CLM-002103,claim,160.13,software_issue,2023-12-02
CLM-002104,claim,231.5,water_damage,2023-09-10
CLM-002105,claim,251.59,software_issue,2023-03-23
CLM-002106,claim,291.57,battery_issue,2023-12-17
CLM-002107,claim,235.0,accidental_damage,2023-07-25
CLM-002108,claim,63.05,accidental_damage,2023-02-01
CLM-002109,claim,125.91,mechanical_failure,2023-02-19
CLM-002110,claim,20.33,software_issue,2023-08-26
CLM-002111,claim,271.23,water_damage,2023-01-06
CLM-002112,claim,109.48,theft,2023-07-13
CLM-002113,claim,306.72,screen_damage,2023-11-30
CLM-002114,claim,448.29,software_issue,2024-04-04
CLM-002115,claim,73.12,theft,2024-10-28
CLM-002116,claim,256.41,software_issue,2023-04-26
CLM-002117,claim,146.26,mechanical_failure,2024-06-17
CLM-002118,claim,63.3,theft,2024-02-24
CLM-002119,claim,67.64,water_damage,2024-05-21
CLM-002120,claim,267.71,battery_issue,2024-07-01
CLM-002121,claim,91.8,software_issue,2024-08-18
CLM-002122,claim,182.06,battery_issue,2024-11-25
CLM-002123,claim,143.91,accidental_damage,2024-01-14
CLM-002124,claim,1150.1,accidental_damage,2023-09-14
CLM-002125,claim,444.77,software_issue,2024-09-26
CLM-002126,claim,841.9,battery_issue,2023-05-20
CLM-002127,claim,482.82,water_damage,2024-03-23
CLM-002128,claim,660.16,battery_issue,2024-05-07
CLM-002129,claim,298.01,accidental_damage,2023-06-17
CLM-002130,claim,45.64,accidental_damage,2024-11-06
CLM-002131,claim,63.56,mechanical_failure,2023-10-09
CLM-002132,claim,359.22,battery_issue,2023-02-10
CLM-002133,claim,134.05,mechanical_failure,2024-09-22
CLM-002134,claim,916.38,screen_damage,2024-02-16
CLM-002135,claim,296.06,screen_damage,2023-08-25
CLM-002136,claim,316.38,water_damage,2024-03-25
CLM-002137,claim,351.71,water_damage,2023-06-08
CLM-002138,claim,205.25,theft,2023-08-09
CLM-002139,claim,264.88,theft,2024-07-23
CLM-002140,claim,148.61,software_issue,2023-03-09
CLM-002141,claim,296.47,accidental_damage,2023-10-15
CLM-002142,claim,120.22,water_damage,2023-01-25
CLM-002143,claim,619.48,battery_issue,2024-02-08
CLM-002144,claim,153.5,battery_issue,2024-08-09
CLM-002145,claim,233.12,battery_issue,2023-11-24
CLM-002146,claim,59.3,mechanical_failure,2023-11-06
CLM-002147,claim,239.2,screen_damage,2024-08-17
CLM-002148,claim,147.44,theft,2024-06-08
CLM-002149,claim,273.03,screen_damage,2023-05-13
CLM-002150,claim,589.46,mechanical_failure,2023-06-02
CLM-002151,claim,224.98,mechanical_failure,2024-06-06
CLM-002152,claim,1816.73,battery_issue,2023-08-16
CLM-002153,claim,295.34,water_damage,2024-05-13
CLM-002154,claim,378.63,battery_issue,2024-01-01
CLM-002155,claim,342.5,accidental_damage,2024-03-13
CLM-002156,claim,268.46,mechanical_failure,2023-02-12
CLM-002157,claim,154.7,software_issue,2023-02-04
CLM-002158,claim,505.31,accidental_damage,2023-03-02
CLM-002159,claim,593.35,theft,2023-04-27
CLM-002160,claim,199.83,battery_issue,2023-12-21
CLM-002161,claim,183.34,mechanical_failure,2023-07-22
CLM-002162,claim,51.54,software_issue,2023-11-14
CLM-002163,claim,678.37,battery_issue,2023-07-16
CLM-002164,claim,340.32,water_damage,2023-12-26
CLM-002165,claim,270.87,screen_damage,2024-05-15
CLM-002166,claim,223.64,theft,2024-06-07
CLM-002167,claim,375.02,theft,2023-03-10
CLM-002168,claim,203.62,mechanical_failure,2024-04-08
CLM-002169,claim,630.09,screen_damage,2023-06-28
CLM-002170,claim,110.11,battery_issue,2024-09-03
CLM-002171,claim,259.14,mechanical_failure,2024-02-01
CLM-002172,claim,735.39,accidental_damage,2023-07-02
CLM-002173,claim,232.19,software_issue,2024-05-13
CLM-002174,claim,111.85,screen_damage,2024-10-18
CLM-002175,claim,110.46,software_issue,2023-07-07
CLM-002176,claim,187.53,software_issue,2024-04-30
CLM-002177,claim,58.2,screen_damage,2023-08-04
CLM-002178,claim,571.22,battery_issue,2024-05-05
CLM-002179,claim,39.89,accidental_damage,2023-01-10
CLM-002180,claim,194.83,water_damage,2023-10-30
CLM-002181,claim,127.86,water_damage,2023-08-31
CLM-002182,claim,260.78,mechanical_failure,2024-07-31
CLM-002183,claim,550.65,screen_damage,2023-11-19
CLM-002184,claim,117.31,theft,2024-04-04
CLM-002185,claim,110.36,screen_damage,2023-05-10
CLM-002186,claim,190.21,theft,2023-11-29
CLM-002187,claim,112.74,software_issue,2023-03-28
CLM-002188,claim,144.17,water_damage,2024-09-09
CLM-002189,claim,300.88,water_damage,2024-11-19
CLM-002190,claim,69.19,accidental_damage,2024-07-29
CLM-002191,claim,235.06,mechanical_failure,2024-10-30
CLM-002192,claim,312.37,accidental_damage,2024-03-06
CLM-002193,claim,309.67,battery_issue,2023-01-30
CLM-002194,claim,347.42,screen_damage,2023-06-17
CLM-002195,claim,406.71,accidental_damage,2023-09-26
CLM-002196,claim,517.93,theft,2024-03-02
CLM-002197,claim,71.42,mechanical_failure,2024-08-06
CLM-002198,claim,773.31,water_damage,2024-03-17
CLM-002199,claim,1070.68,battery_issue,2024-09-10
CLM-002200,claim,102.04,mechanical_failure,2024-03-21
CLM-002201,claim,436.94,water_damage,2024-11-20
CLM-002202,claim,108.28,accidental_damage,2023-09-11
CLM-002203,claim,776.98,water_damage,2024-03-27
CLM-002204,claim,137.68,theft,2024-05-21
CLM-002205,claim,350.99,mechanical_failure,2024-01-06
CLM-002206,claim,113.99,battery_issue,2024-06-26
CLM-002207,claim,307.26,accidental_damage,2023-02-04
CLM-002208,claim,67.15,software_issue,2023-06-04
CLM-002209,claim,88.45,theft,2024-01-28
CLM-002210,claim,218.75,software_issue,2023-12-19
CLM-002211,claim,663.13,battery_issue,2023-11-19
CLM-002212,claim,101.27,mechanical_failure,2023-06-20
CLM-002213,claim,105.88,battery_issue,2024-01-24
CLM-002214,claim,383.94,software_issue,2024-04-20
CLM-002215,claim,513.25,battery_issue,2024-11-10
CLM-002216,claim,250.15,accidental_damage,2023-04-30
CLM-002217,claim,105.58,water_damage,2023-09-13
CLM-002218,claim,393.77,screen_damage,2023-01-31
CLM-002219,claim,337.12,water_damage,2024-08-20
CLM-002220,claim,275.08,battery_issue,2023-09-04
CLM-002221,claim,523.44,theft,2024-06-13
CLM-002222,claim,275.14,accidental_damage,2023-10-03
CLM-002223,claim,208.48,theft,2023-02-04
CLM-002224,claim,238.7,theft,2023-04-07
CLM-002225,claim,109.73,screen_damage,2023-11-13
CLM-002226,claim,346.78,water_damage,2024-10-23
CLM-002227,claim,225.98,screen_damage,2024-08-26
CLM-002228,claim,510.51,screen_damage,2023-09-22
CLM-002229,claim,426.08,theft,2023-10-18
CLM-002230,claim,175.46,battery_issue,2023-06-23
CLM-002231,claim,143.68,screen_damage,2023-07-05
CLM-002232,claim,35.5,software_issue,2024-05-26
CLM-002233,claim,378.59,mechanical_failure,2023-12-12
CLM-002234,claim,171.92,battery_issue,2024-10-16
CLM-002235,claim,275.81,battery_issue,2023-08-04
CLM-002236,claim,396.03,battery_issue,2024-05-25
CLM-002237,claim,127.29,water_damage,2023-08-22
CLM-002238,claim,244.97,accidental_damage,2024-03-23
CLM-002239,claim,363.87,accidental_damage,2024-01-30
CLM-002240,claim,685.97,software_issue,2023-03-19
CLM-002241,claim,1287.76,battery_issue,2024-08-28
CLM-002242,claim,131.8,screen_damage,2024-11-04
CLM-002243,claim,227.29,accidental_damage,2023-03-17
CLM-002244,claim,139.0,battery_issue,2023-08-14
CLM-002245,claim,330.82,software_issue,2023-09-01
CLM-002246,claim,1083.75,software_issue,2024-11-25
CLM-002247,claim,204.63,accidental_damage,2024-02-18
CLM-002248,claim,435.41,screen_damage,2024-01-08
CLM-002249,claim,777.97,battery_issue,2024-04-18
CLM-002250,claim,367.27,battery_issue,2023-04-18
CLM-002251,claim,531.41,battery_issue,2024-07-09
CLM-002252,claim,41.61,accidental_damage,2024-06-04
CLM-002253,claim,40.52,battery_issue,2023-05-30
CLM-002254,claim,783.61,battery_issue,2024-07-20
CLM-002255,claim,814.31,accidental_damage,2023-06-15
CLM-002256,claim,202.32,accidental_damage,2023-08-04
CLM-002257,claim,302.28,screen_damage,2023-07-06
CLM-002258,claim,158.55,battery_issue,2023-09-27
CLM-002259,claim,172.03,water_damage,2024-01-25
CLM-002260,claim,193.87,battery_issue,2023-08-20
CLM-002261,claim,134.03,accidental_damage,2024-10-19
CLM-002262,claim,439.34,accidental_damage,2023-08-09
CLM-002263,claim,116.09,screen_damage,2024-03-12
CLM-002264,claim,575.55,accidental_damage,2023-09-30
CLM-002265,claim,136.08,software_issue,2023-09-21
CLM-002266,claim,427.63,water_damage,2024-04-10
CLM-002267,claim,228.91,mechanical_failure,2023-03-06
CLM-002268,claim,189.39,software_issue,2023-11-25
CLM-002269,claim,311.69,water_damage,2023-04-28
CLM-002270,claim,175.45,accidental_damage,2024-06-07
CLM-002271,claim,129.25,screen_damage,2024-04-28
CLM-002272,claim,127.57,battery_issue,2023-05-20
CLM-002273,claim,274.46,accidental_damage,2023-11-27
CLM-002274,claim,134.75,mechanical_failure,2024-11-15
CLM-002275,claim,624.17,accidental_damage,2023-01-06
CLM-002276,claim,279.38,water_damage,2024-04-07
CLM-002277,claim,120.62,battery_issue,2023-04-05
CLM-002278,claim,569.26,water_damage,2023-09-18
CLM-002279,claim,202.77,software_issue,2023-10-21
CLM-002280,claim,545.53,accidental_damage,2024-09-04
CLM-002281,claim,116.84,mechanical_failure,2024-06-27
CLM-002282,claim,230.28,theft,2023-12-19
CLM-002283,claim,392.93,accidental_damage,2023-06-05
CLM-002284,claim,444.23,theft,2024-08-25
CLM-002285,claim,386.35,battery_issue,2024-05-22
CLM-002286,claim,512.43,theft,2024-01-28
CLM-002287,claim,319.73,mechanical_failure,2023-07-16
CLM-002288,claim,522.45,screen_damage,2024-09-18
CLM-002289,claim,113.33,software_issue,2024-04-06
CLM-002290,claim,339.49,theft,2023-10-19
CLM-002291,claim,658.28,screen_damage,2023-02-25
CLM-002292,claim,122.55,screen_damage,2023-11-21
CLM-002293,claim,265.4,battery_issue,2023-03-07
CLM-002294,claim,51.71,battery_issue,2023-02-16
CLM-002295,claim,271.44,software_issue,2023-02-01
CLM-002296,claim,372.1,accidental_damage,2024-04-23
CLM-002297,claim,358.64,screen_damage,2024-06-27
CLM-002298,claim,469.77,water_damage,2023-06-03
CLM-002299,claim,131.35,screen_damage,2023-01-02
CLM-002300,claim,1545.35,screen_damage,2023-07-14
CLM-002301,claim,35.21,accidental_damage,2024-03-28
CLM-002302,claim,120.61,software_issue,2023-07-02
CLM-002303,claim,353.81,mechanical_failure,2023-03-27
CLM-002304,claim,344.72,theft,2024-03-03
CLM-002305,claim,219.7,water_damage,2023-01-20
CLM-002306,claim,199.33,software_issue,2023-04-24
CLM-002307,claim,134.9,water_damage,2023-10-14
CLM-002308,claim,368.43,screen_damage,2024-10-05
CLM-002309,claim,413.27,software_issue,2024-04-27
CLM-002310,claim,19.79,battery_issue,2023-07-16
CLM-002311,claim,337.27,water_damage,2024-05-03
CLM-002312,claim,347.26,software_issue,2024-10-06
CLM-002313,claim,295.66,battery_issue,2024-01-21
CLM-002314,claim,121.03,battery_issue,2023-10-24
CLM-002315,claim,69.77,software_issue,2024-08-17
CLM-002316,claim,257.36,software_issue,2023-02-08
CLM-002317,claim,739.67,accidental_damage,2023-12-19
CLM-002318,claim,231.24,mechanical_failure,2023-07-02
CLM-002319,claim,312.28,screen_damage,2023-01-13
CLM-002320,claim,281.87,screen_damage,2024-05-15
CLM-002321,claim,454.78,water_damage,2023-12-14
CLM-002322,claim,69.19,battery_issue,2024-08-06
CLM-002323,claim,665.44,water_damage,2024-05-14
CLM-002324,claim,421.28,accidental_damage,2023-10-14
CLM-002325,claim,524.14,accidental_damage,2023-11-24
CLM-002326,claim,368.62,mechanical_failure,2023-06-21
CLM-002327,claim,496.71,mechanical_failure,2023-02-21
CLM-002328,claim,240.58,screen_damage,2023-12-12
CLM-002329,claim,270.76,theft,2024-02-05
CLM-002330,claim,129.36,theft,2023-05-20
CLM-002331,claim,115.65,battery_issue,2023-03-06
CLM-002332,claim,439.64,screen_damage,2023-11-10
CLM-002333,claim,225.3,screen_damage,2023-02-11
CLM-002334,claim,87.33,accidental_damage,2024-09-10
CLM-002335,claim,1154.88,accidental_damage,2023-07-23
CLM-002336,claim,586.18,mechanical_failure,2023-08-12
CLM-002337,claim,559.95,accidental_damage,2024-09-26
CLM-002338,claim,130.6,screen_damage,2024-10-13
CLM-002339,claim,210.28,screen_damage,2023-08-18
CLM-002340,claim,139.8,battery_issue,2024-09-17
CLM-002341,claim,1437.55,theft,2024-04-03
CLM-002342,claim,169.56,screen_damage,2023-06-11
CLM-002343,claim,76.16,software_issue,2024-04-02
CLM-002344,claim,298.08,battery_issue,2024-03-17
CLM-002345,claim,204.77,theft,2023-09-01
CLM-002346,claim,165.17,screen_damage,2024-02-18
CLM-002347,claim,237.46,theft,2024-08-25
CLM-002348,claim,196.49,mechanical_failure,2024-01-20
CLM-002349,claim,231.65,theft,2024-04-18
CLM-002350,claim,582.36,accidental_damage,2023-03-26
CLM-002351,claim,269.58,software_issue,2024-05-19
CLM-002352,claim,981.21,accidental_damage,2023-12-19
CLM-002353,claim,86.28,software_issue,2023-11-14
CLM-002354,claim,160.11,accidental_damage,2023-12-14
CLM-002355,claim,465.6,accidental_damage,2023-07-27
CLM-002356,claim,315.42,screen_damage,2023-09-26
CLM-002357,claim,394.15,water_damage,2023-03-27
CLM-002358,claim,602.61,screen_damage,2023-04-21
CLM-002359,claim,448.07,mechanical_failure,2024-05-13
CLM-002360,claim,430.78,screen_damage,2023-01-06
CLM-002361,claim,147.76,software_issue,2023-03-21
CLM-002362,claim,153.52,battery_issue,2024-04-18
CLM-002363,claim,243.78,screen_damage,2023-12-21
CLM-002364,claim,1492.58,accidental_damage,2024-06-28
CLM-002365,claim,552.95,theft,2023-05-09
CLM-002366,claim,74.35,mechanical_failure,2024-09-04
CLM-002367,claim,109.68,mechanical_failure,2023-01-04
CLM-002368,claim,140.89,software_issue,2023-01-30
CLM-002369,claim,57.52,battery_issue,2024-07-23
CLM-002370,claim,129.6,water_damage,2023-03-03
CLM-002371,claim,78.24,accidental_damage,2023-06-25
CLM-002372,claim,675.67,software_issue,2023-05-13
CLM-002373,claim,359.11,water_damage,2024-04-24
CLM-002374,claim,215.41,software_issue,2024-08-27
CLM-002375,claim,639.33,theft,2023-04-04
CLM-002376,claim,457.1,theft,2024-06-25
CLM-002377,claim,249.85,water_damage,2023-02-09
CLM-002378,claim,431.97,battery_issue,2023-02-17
CLM-002379,claim,805.39,water_damage,2023-04-15
CLM-002380,claim,293.66,mechanical_failure,2024-10-29
CLM-002381,claim,120.53,mechanical_failure,2023-02-28
CLM-002382,claim,520.6,screen_damage,2024-01-22
CLM-002383,claim,32.46,software_issue,2023-09-21
CLM-002384,claim,198.64,software_issue,2024-11-01
CLM-002385,claim,246.02,mechanical_failure,2023-04-19
CLM-002386,claim,451.88,theft,2023-12-19
CLM-002387,claim,790.62,mechanical_failure,2024-05-08
CLM-002388,claim,217.17,water_damage,2023-01-15
CLM-002389,claim,133.44,water_damage,2023-11-26
CLM-002390,claim,88.06,screen_damage,2024-03-16
CLM-002391,claim,743.37,mechanical_failure,2023-09-05
CLM-002392,claim,206.52,water_damage,2023-11-15
CLM-002393,claim,104.82,software_issue,2023-04-10
CLM-002394,claim,452.27,software_issue,2024-09-11
CLM-002395,claim,191.68,water_damage,2024-02-28
CLM-002396,claim,507.78,water_damage,2023-04-20
CLM-002397,claim,138.73,water_damage,2024-01-28
CLM-002398,claim,717.65,screen_damage,2024-09-20
CLM-002399,claim,230.48,screen_damage,2023-04-10
CLM-002400,claim,170.49,mechanical_failure,2024-01-29
CLM-002401,claim,580.13,screen_damage,2023-04-30
CLM-002402,claim,252.85,software_issue,2023-05-30
CLM-002403,claim,104.8,software_issue,2023-05-08
CLM-002404,claim,1070.01,battery_issue,2024-08-29
CLM-002405,claim,61.26,battery_issue,2023-03-03
CLM-002406,claim,54.22,software_issue,2024-03-08
CLM-002407,claim,668.09,battery_issue,2023-09-29
CLM-002408,claim,222.18,screen_damage,2024-11-02
CLM-002409,claim,351.49,water_damage,2024-11-21
CLM-002410,claim,69.98,accidental_damage,2023-01-06
CLM-002411,claim,82.63,theft,2024-03-14
CLM-002412,claim,1490.19,battery_issue,2023-11-25
CLM-002413,claim,510.25,battery_issue,2023-05-27
CLM-002414,claim,272.87,screen_damage,2024-06-11
CLM-002415,claim,273.03,accidental_damage,2024-06-28
CLM-002416,claim,392.51,battery_issue,2023-02-08
CLM-002417,claim,107.96,theft,2024-08-10
CLM-002418,claim,594.0,software_issue,2023-07-01
CLM-002419,claim,253.2,software_issue,2024-05-22
CLM-002420,claim,253.37,screen_damage,2023-10-11
CLM-002421,claim,1030.02,theft,2023-10-07
CLM-002422,claim,60.49,software_issue,2024-02-27
CLM-002423,claim,1072.24,screen_damage,2023-11-09
CLM-002424,claim,446.11,battery_issue,2023-04-19
CLM-002425,claim,730.62,theft,2024-05-01
CLM-002426,claim,550.4,water_damage,2024-07-03
CLM-002427,claim,73.54,mechanical_failure,2023-08-21
CLM-002428,claim,34.83,mechanical_failure,2023-06-08
CLM-002429,claim,1286.45,mechanical_failure,2023-03-11
CLM-002430,claim,230.03,water_damage,2023-12-08
CLM-002431,claim,199.43,battery_issue,2023-06-05
CLM-002432,claim,790.33,software_issue,2023-03-06
CLM-002433,claim,172.42,water_damage,2023-09-14
CLM-002434,claim,434.78,water_damage,2024-09-01
CLM-002435,claim,108.66,accidental_damage,2023-01-24
CLM-002436,claim,151.31,screen_damage,2023-11-08
CLM-002437,claim,87.49,theft,2023-10-30
CLM-002438,claim,86.48,battery_issue,2023-10-20
CLM-002439,claim,202.45,theft,2023-04-06
CLM-002440,claim,169.89,water_damage,2023-08-28
CLM-002441,claim,958.68,accidental_damage,2024-07-15
CLM-002442,claim,129.91,battery_issue,2024-03-29
CLM-002443,claim,159.52,theft,2023-07-13
CLM-002444,claim,617.48,accidental_damage,2024-06-29
CLM-002445,claim,122.31,software_issue,2024-03-26
CLM-002446,claim,456.89,water_damage,2024-07-10
CLM-002447,claim,1500.1,battery_issue,2023-05-29
CLM-002448,claim,311.96,screen_damage,2023-07-28
CLM-002449,claim,75.08,accidental_damage,2024-05-15
CLM-002450,claim,267.56,theft,2024-01-09
CLM-002451,claim,277.11,theft,2024-05-06
CLM-002452,claim,90.26,software_issue,2023-03-27
CLM-002453,claim,731.98,mechanical_failure,2024-11-21
CLM-002454,claim,409.48,software_issue,2024-10-23
CLM-002455,claim,555.69,water_damage,2024-08-23
CLM-002456,claim,316.14,software_issue,2023-03-15
CLM-002457,claim,268.35,accidental_damage,2024-08-14
CLM-002458,claim,317.39,battery_issue,2024-04-02
CLM-002459,claim,217.24,mechanical_failure,2023-04-25
CLM-002460,claim,126.85,screen_damage,2023-12-21
CLM-002461,claim,199.32,screen_damage,2023-12-17
CLM-002462,claim,101.33,software_issue,2024-01-25
CLM-002463,claim,133.98,water_damage,2024-05-17
CLM-002464,claim,300.49,theft,2024-01-05
CLM-002465,claim,93.99,battery_issue,2023-02-26
CLM-002466,claim,332.61,screen_damage,2023-02-10
CLM-002467,claim,149.95,accidental_damage,2024-08-01
CLM-002468,claim,378.1,software_issue,2024-07-17
CLM-002469,claim,426.96,battery_issue,2023-06-04
CLM-002470,claim,60.31,mechanical_failure,2023-09-24
CLM-002471,claim,180.52,software_issue,2024-07-03
CLM-002472,claim,500.87,mechanical_failure,2023-02-16
CLM-002473,claim,206.2,water_damage,2023-06-09
CLM-002474,claim,242.53,software_issue,2024-04-17
CLM-002475,claim,86.3,accidental_damage,2023-12-18
CLM-002476,claim,156.41,theft,2024-04-10
CLM-002477,claim,111.57,battery_issue,2023-12-18
CLM-002478,claim,311.0,screen_damage,2024-06-23
CLM-002479,claim,461.8,battery_issue,2023-10-23
CLM-002480,claim,44.87,accidental_damage,2023-11-24
CLM-002481,claim,184.49,software_issue,2024-01-31
CLM-002482,claim,164.57,software_issue,2024-05-01
CLM-002483,claim,1024.08,software_issue,2023-11-24
CLM-002484,claim,598.93,theft,2024-05-21
CLM-002485,claim,359.16,mechanical_failure,2023-04-16
CLM-002486,claim,52.69,mechanical_failure,2023-06-06
CLM-002487,claim,281.01,water_damage,2024-11-01
CLM-002488,claim,355.95,software_issue,2024-03-20
CLM-002489,claim,1354.25,software_issue,2024-08-12
CLM-002490,claim,694.58,software_issue,2024-01-05
CLM-002491,claim,203.63,screen_damage,2023-02-03
CLM-002492,claim,594.77,theft,2024-08-25
CLM-002493,claim,449.11,theft,2023-05-10
CLM-002494,claim,666.46,battery_issue,2023-06-17
CLM-002495,claim,81.18,software_issue,2024-10-27
CLM-002496,claim,314.21,software_issue,2024-05-31
CLM-002497,claim,290.75,mechanical_failure,2023-06-07
CLM-002498,claim,103.14,battery_issue,2024-02-04
CLM-002499,claim,106.98,battery_issue,2024-03-28
CLM-002500,claim,558.07,battery_issue,2023-08-03
CLM-002501,claim,398.86,accidental_damage,2024-09-14
CLM-002502,claim,148.94,software_issue,2024-05-14
CLM-002503,claim,246.23,accidental_damage,2023-05-04
CLM-002504,claim,235.57,software_issue,2024-07-28
CLM-002505,claim,540.54,accidental_damage,2023-05-07
CLM-002506,claim,375.85,theft,2024-09-20
CLM-002507,claim,104.36,accidental_damage,2024-03-10
CLM-002508,claim,53.36,software_issue,2024-01-23
CLM-002509,claim,50.85,theft,2023-07-10
CLM-002510,claim,147.92,water_damage,2023-12-17
CLM-002511,claim,198.42,theft,2024-03-09
CLM-002512,claim,622.4,accidental_damage,2024-05-21
CLM-002513,claim,611.21,battery_issue,2024-07-20
CLM-002514,claim,223.34,theft,2023-05-21
CLM-002515,claim,174.68,software_issue,2023-04-19
CLM-002516,claim,130.82,accidental_damage,2023-04-03
CLM-002517,claim,647.65,screen_damage,2023-11-18
CLM-002518,claim,198.33,software_issue,2023-03-27
CLM-002519,claim,418.95,software_issue,2024-10-15
CLM-002520,claim,78.28,battery_issue,2024-05-04
CLM-002521,claim,40.37,screen_damage,2023-05-30
CLM-002522,claim,125.05,theft,2024-10-02
CLM-002523,claim,1172.22,mechanical_failure,2024-02-03
CLM-002524,claim,436.32,mechanical_failure,2023-01-04
CLM-002525,claim,206.61,battery_issue,2023-01-31
CLM-002526,claim,103.91,battery_issue,2023-02-16
CLM-002527,claim,189.06,screen_damage,2023-05-05
CLM-002528,claim,128.16,software_issue,2024-03-24
CLM-002529,claim,1000.78,water_damage,2024-04-09
CLM-002530,claim,47.04,software_issue,2023-04-05
CLM-002531,claim,544.93,water_damage,2024-08-12
CLM-002532,claim,527.63,accidental_damage,2023-07-01
CLM-002533,claim,208.92,theft,2023-10-04
CLM-002534,claim,259.87,screen_damage,2024-04-29
CLM-002535,claim,546.62,mechanical_failure,2024-09-19
CLM-002536,claim,654.63,water_damage,2024-10-28
CLM-002537,claim,69.63,battery_issue,2024-04-15
CLM-002538,claim,256.07,theft,2023-10-02
CLM-002539,claim,739.19,battery_issue,2024-06-06
CLM-002540,claim,61.2,theft,2023-03-04
CLM-002541,claim,166.81,theft,2024-03-27
CLM-002542,claim,244.57,water_damage,2024-09-15
CLM-002543,claim,329.17,theft,2023-12-09
CLM-002544,claim,200.7,mechanical_failure,2023-03-23
CLM-002545,claim,175.57,theft,2023-12-23
CLM-002546,claim,102.96,software_issue,2023-04-16
CLM-002547,claim,642.36,screen_damage,2023-09-25
CLM-002548,claim,459.6,software_issue,2023-12-13
CLM-002549,claim,545.84,screen_damage,2023-10-06
CLM-002550,claim,225.96,battery_issue,2023-07-29
CLM-002551,claim,29.01,mechanical_failure,2024-08-03
CLM-002552,claim,128.09,mechanical_failure,2023-12-28
CLM-002553,claim,297.17,theft,2024-05-26
CLM-002554,claim,745.64,screen_damage,2023-08-04
CLM-002555,claim,465.23,accidental_damage,2023-10-11
CLM-002556,claim,360.05,software_issue,2024-05-07
CLM-002557,claim,556.91,accidental_damage,2023-07-07
CLM-002558,claim,95.6,accidental_damage,2024-10-22
CLM-002559,claim,436.19,water_damage,2024-09-01
CLM-002560,claim,384.16,screen_damage,2024-09-01
CLM-002561,claim,168.65,water_damage,2024-02-14
CLM-002562,claim,287.16,mechanical_failure,2023-02-25
CLM-002563,claim,80.03,screen_damage,2024-03-03
CLM-002564,claim,401.47,theft,2023-06-28
CLM-002565,claim,261.17,accidental_damage,2024-10-07
CLM-002566,claim,1387.09,water_damage,2023-04-17
CLM-002567,claim,443.94,theft,2023-10-24
CLM-002568,claim,165.54,battery_issue,2023-05-18
CLM-002569,claim,123.58,water_damage,2023-03-28
CLM-002570,claim,254.25,accidental_damage,2023-02-06
CLM-002571,claim,2112.4,accidental_damage,2023-03-19
CLM-002572,claim,67.38,software_issue,2023-03-14
CLM-002573,claim,1184.44,screen_damage,2024-09-10
CLM-002574,claim,38.38,software_issue,2024-11-23
CLM-002575,claim,607.27,screen_damage,2024-11-07
CLM-002576,claim,182.09,water_damage,2024-11-06
CLM-002577,claim,266.15,screen_damage,2024-02-01
CLM-002578,claim,286.35,water_damage,2023-03-17
CLM-002579,claim,94.14,water_damage,2023-03-27
CLM-002580,claim,92.24,accidental_damage,2024-11-17
CLM-002581,claim,223.06,theft,2024-07-16
CLM-002582,claim,480.25,screen_damage,2024-08-09
CLM-002583,claim,59.42,water_damage,2024-03-08
CLM-002584,claim,190.23,battery_issue,2023-06-16
CLM-002585,claim,552.39,screen_damage,2023-10-15
CLM-002586,claim,390.59,battery_issue,2024-07-20
CLM-002587,claim,156.34,water_damage,2023-04-04
CLM-002588,claim,58.05,software_issue,2024-04-07
CLM-002589,claim,173.63,software_issue,2023-06-09
CLM-002590,claim,541.35,theft,2024-11-07
CLM-002591,claim,107.47,accidental_damage,2023-07-21
CLM-002592,claim,43.59,software_issue,2023-12-03
CLM-002593,claim,69.86,software_issue,2023-07-03
CLM-002594,claim,141.92,battery_issue,2024-05-27
CLM-002595,claim,390.26,water_damage,2023-10-31
CLM-002596,claim,38.04,battery_issue,2023-02-25
CLM-002597,claim,577.95,theft,2023-01-28
CLM-002598,claim,268.99,software_issue,2023-08-27
CLM-002599,claim,268.38,accidental_damage,2023-02-02
CLM-002600,claim,71.6,accidental_damage,2023-04-03
CLM-002601,claim,154.48,accidental_damage,2023-01-16
CLM-002602,claim,196.5,accidental_damage,2023-08-04
CLM-002603,claim,243.82,water_damage,2024-08-28
CLM-002604,claim,434.09,theft,2024-01-02
CLM-002605,claim,621.74,theft,2024-03-26
CLM-002606,claim,130.4,screen_damage,2024-02-22
CLM-002607,claim,108.98,accidental_damage,2023-11-30
CLM-002608,claim,242.7,theft,2024-09-02
CLM-002609,claim,62.49,battery_issue,2024-06-26
CLM-002610,claim,139.38,screen_damage,2023-11-24
CLM-002611,claim,1145.06,theft,2024-05-23
CLM-002612,claim,323.46,water_damage,2024-11-24
CLM-002613,claim,163.86,accidental_damage,2023-07-22
CLM-002614,claim,209.05,software_issue,2023-12-24
CLM-002615,claim,660.49,theft,2024-01-30
CLM-002616,claim,86.69,battery_issue,2023-12-02
CLM-002617,claim,184.11,mechanical_failure,2023-08-09
CLM-002618,claim,323.32,battery_issue,2023-02-11
CLM-002619,claim,440.6,water_damage,2023-09-12
CLM-002620,claim,295.2,mechanical_failure,2023-12-21
CLM-002621,claim,146.66,water_damage,2024-06-21
CLM-002622,claim,202.78,battery_issue,2024-08-02
CLM-002623,claim,1597.81,water_damage,2023-03-25
CLM-002624,claim,273.93,screen_damage,2023-03-24
CLM-002625,claim,295.15,accidental_damage,2023-01-12
CLM-002626,claim,174.3,theft,2024-02-14
CLM-002627,claim,87.87,battery_issue,2024-04-08
CLM-002628,claim,224.31,mechanical_failure,2024-02-13
CLM-002629,claim,631.02,screen_damage,2023-07-31
CLM-002630,claim,70.27,screen_damage,2024-01-18
CLM-002631,claim,120.56,battery_issue,2023-05-28
CLM-002632,claim,870.79,software_issue,2023-06-01
CLM-002633,claim,957.14,software_issue,2023-04-04
CLM-002634,claim,1579.2,accidental_damage,2024-08-11
CLM-002635,claim,135.23,mechanical_failure,2023-07-17
CLM-002636,claim,215.48,mechanical_failure,2024-09-16
CLM-002637,claim,552.66,theft,2023-10-05
CLM-002638,claim,560.13,battery_issue,2023-01-27
CLM-002639,claim,513.03,software_issue,2024-06-26
CLM-002640,claim,141.89,battery_issue,2023-08-04
CLM-002641,claim,128.63,mechanical_failure,2023-10-26
CLM-002642,claim,75.81,theft,2023-05-17
CLM-002643,claim,89.43,battery_issue,2023-03-29
CLM-002644,claim,278.44,accidental_damage,2024-03-11
CLM-002645,claim,127.91,theft,2023-04-03
CLM-002646,claim,62.65,software_issue,2023-04-19
CLM-002647,claim,113.59,software_issue,2024-07-21
CLM-002648,claim,174.62,software_issue,2024-02-21
CLM-002649,claim,280.26,water_damage,2023-05-12
CLM-002650,claim,132.93,software_issue,2024-07-09
CLM-002651,claim,551.89,battery_issue,2024-10-24
CLM-002652,claim,594.23,battery_issue,2024-07-15
CLM-002653,claim,109.65,software_issue,2024-06-12
CLM-002654,claim,706.68,battery_issue,2023-06-20
CLM-002655,claim,78.61,mechanical_failure,2023-01-27
CLM-002656,claim,94.97,mechanical_failure,2023-08-08
CLM-002657,claim,359.73,battery_issue,2023-07-26
CLM-002658,claim,336.37,accidental_damage,2023-11-15
CLM-002659,claim,196.52,mechanical_failure,2024-08-07
CLM-002660,claim,287.24,mechanical_failure,2024-02-11
CLM-002661,claim,361.49,accidental_damage,2024-05-31
CLM-002662,claim,198.02,theft,2024-01-17
CLM-002663,claim,1591.08,battery_issue,2024-04-23
CLM-002664,claim,967.66,water_damage,2024-02-25
CLM-002665,claim,477.85,mechanical_failure,2024-08-14
CLM-002666,claim,1041.7,battery_issue,2024-01-28
CLM-002667,claim,115.63,theft,2023-02-07
CLM-002668,claim,266.05,screen_damage,2023-01-05
CLM-002669,claim,22.84,mechanical_failure,2023-07-24
CLM-002670,claim,237.57,water_damage,2023-12-17
CLM-002671,claim,64.15,water_damage,2024-07-27
CLM-002672,claim,236.53,theft,2023-06-18
CLM-002673,claim,201.91,water_damage,2024-06-01
CLM-002674,claim,216.81,battery_issue,2024-04-04
CLM-002675,claim,568.32,water_damage,2024-07-09
CLM-002676,claim,561.13,screen_damage,2023-03-21
CLM-002677,claim,1232.82,water_damage,2024-08-11
CLM-002678,claim,48.2,mechanical_failure,2023-10-31
CLM-002679,claim,208.07,battery_issue,2023-02-10
CLM-002680,claim,123.96,theft,2024-10-01
CLM-002681,claim,162.4,screen_damage,2024-05-04
CLM-002682,claim,374.51,theft,2024-09-18
CLM-002683,claim,93.16,software_issue,2024-08-31
CLM-002684,claim,87.82,theft,2024-09-20
CLM-002685,claim,104.32,screen_damage,2024-08-02
CLM-002686,claim,126.68,software_issue,2024-04-30
CLM-002687,claim,427.15,accidental_damage,2024-01-26
CLM-002688,claim,131.77,software_issue,2023-05-05
CLM-002689,claim,363.58,software_issue,2023-04-16
CLM-002690,claim,290.0,mechanical_failure,2024-03-04
CLM-002691,claim,107.22,software_issue,2024-05-29
CLM-002692,claim,311.09,theft,2024-10-13
CLM-002693,claim,181.1,software_issue,2024-03-26
CLM-002694,claim,189.29,screen_damage,2023-02-28
CLM-002695,claim,215.12,mechanical_failure,2023-01-27
CLM-002696,claim,175.72,software_issue,2024-03-19
CLM-002697,claim,143.32,screen_damage,2023-03-15
CLM-002698,claim,492.26,software_issue,2024-02-27
CLM-002699,claim,95.47,battery_issue,2023-12-07
CLM-002700,claim,121.37,software_issue,2023-05-27
CLM-002701,claim,143.39,water_damage,2024-03-09
CLM-002702,claim,338.82,water_damage,2023-01-23
CLM-002703,claim,203.86,software_issue,2023-02-04
CLM-002704,claim,261.44,mechanical_failure,2024-02-25
CLM-002705,claim,347.7,theft,2023-03-26
CLM-002706,claim,220.66,mechanical_failure,2024-05-30
CLM-002707,claim,98.58,battery_issue,2023-03-25
CLM-002708,claim,107.24,software_issue,2023-01-05
CLM-002709,claim,189.24,software_issue,2024-08-12
CLM-002710,claim,35.71,accidental_damage,2023-08-29
CLM-002711,claim,103.33,theft,2023-06-13
CLM-002712,claim,132.67,mechanical_failure,2023-10-07
CLM-002713,claim,169.38,accidental_damage,2024-04-22
CLM-002714,claim,49.59,battery_issue,2024-03-16
CLM-002715,claim,233.74,water_damage,2024-05-07
CLM-002716,claim,1565.18,water_damage,2023-10-26
CLM-002717,claim,337.91,mechanical_failure,2024-10-30
CLM-002718,claim,598.14,theft,2023-10-21
CLM-002719,claim,119.18,accidental_damage,2024-07-25
CLM-002720,claim,39.43,water_damage,2023-11-22
CLM-002721,claim,78.7,battery_issue,2023-12-11
CLM-002722,claim,282.4,theft,2024-10-16
CLM-002723,claim,39.11,accidental_damage,2024-02-29
CLM-002724,claim,140.37,software_issue,2024-06-11
CLM-002725,claim,202.83,theft,2023-04-13
CLM-002726,claim,397.43,mechanical_failure,2024-11-20
CLM-002727,claim,376.25,mechanical_failure,2024-11-28
CLM-002728,claim,421.61,screen_damage,2023-03-30
CLM-002729,claim,212.74,battery_issue,2024-03-01
CLM-002730,claim,258.69,screen_damage,2024-09-26
CLM-002731,claim,114.02,mechanical_failure,2023-02-14
CLM-002732,claim,208.29,accidental_damage,2024-08-21
CLM-002733,claim,725.72,software_issue,2023-06-27
CLM-002734,claim,102.85,accidental_damage,2023-12-20
CLM-002735,claim,352.71,software_issue,2023-09-28
CLM-002736,claim,278.8,battery_issue,2023-09-01
CLM-002737,claim,363.84,screen_damage,2023-10-24
CLM-002738,claim,625.79,screen_damage,2024-04-10
CLM-002739,claim,129.33,theft,2024-05-26
CLM-002740,claim,792.77,theft,2024-10-18
CLM-002741,claim,180.93,mechanical_failure,2023-01-23
CLM-002742,claim,318.97,software_issue,2024-07-25
CLM-002743,claim,455.1,accidental_damage,2023-08-01
CLM-002744,claim,149.74,software_issue,2024-11-04
CLM-002745,claim,185.63,theft,2024-02-11
CLM-002746,claim,360.6,theft,2024-02-23
CLM-002747,claim,448.19,battery_issue,2023-05-20
CLM-002748,claim,379.12,software_issue,2024-06-30
CLM-002749,claim,102.94,theft,2024-02-07
CLM-002750,claim,343.11,software_issue,2024-10-05
CLM-002751,claim,323.86,screen_damage,2024-10-24
CLM-002752,claim,419.37,theft,2023-04-23
CLM-002753,claim,441.64,theft,2024-11-05
CLM-002754,claim,237.28,water_damage,2024-01-29
CLM-002755,claim,61.8,accidental_damage,2024-11-08
CLM-002756,claim,255.27,software_issue,2023-08-18
CLM-002757,claim,207.37,screen_damage,2023-07-14
CLM-002758,claim,549.19,accidental_damage,2023-04-18
CLM-002759,claim,260.25,theft,2023-07-11
CLM-002760,claim,60.71,accidental_damage,2023-08-03
CLM-002761,claim,229.21,software_issue,2023-11-26
CLM-002762,claim,129.53,water_damage,2024-11-02
CLM-002763,claim,138.51,mechanical_failure,2023-03-28
CLM-002764,claim,308.73,software_issue,2024-11-01
CLM-002765,claim,362.78,water_damage,2024-11-06
CLM-002766,claim,99.99,software_issue,2024-03-01
CLM-002767,claim,166.9,accidental_damage,2023-12-28
CLM-002768,claim,178.92,battery_issue,2023-09-29
CLM-002769,claim,59.05,screen_damage,2023-12-16
CLM-002770,claim,66.87,accidental_damage,2023-10-17
CLM-002771,claim,318.42,mechanical_failure,2023-06-18
CLM-002772,claim,856.41,water_damage,2023-04-20
CLM-002773,claim,273.05,mechanical_failure,2023-01-22
CLM-002774,claim,101.73,accidental_damage,2023-05-07
CLM-002775,claim,120.78,software_issue,2024-03-23
CLM-002776,claim,272.21,battery_issue,2023-08-08
CLM-002777,claim,95.94,theft,2024-02-12
CLM-002778,claim,410.95,software_issue,2024-11-27
CLM-002779,claim,363.11,software_issue,2024-06-24
CLM-002780,claim,258.68,water_damage,2023-06-03
CLM-002781,claim,307.97,theft,2023-06-05
CLM-002782,claim,229.28,software_issue,2023-03-04
CLM-002783,claim,178.3,theft,2024-05-15
CLM-002784,claim,1860.2,accidental_damage,2024-08-16
CLM-002785,claim,234.13,screen_damage,2023-03-09
CLM-002786,claim,571.46,battery_issue,2024-03-15
CLM-002787,claim,189.96,battery_issue,2024-07-25
CLM-002788,claim,314.08,software_issue,2024-07-17
CLM-002789,claim,229.11,water_damage,2023-05-25
CLM-002790,claim,168.5,theft,2023-06-21
CLM-002791,claim,66.74,screen_damage,2024-08-23
CLM-002792,claim,338.03,software_issue,2023-01-09
CLM-002793,claim,163.81,software_issue,2023-04-08
CLM-002794,claim,289.82,water_damage,2024-10-12
CLM-002795,claim,109.7,battery_issue,2023-02-06
CLM-002796,claim,444.33,battery_issue,2023-11-18
CLM-002797,claim,1343.3,software_issue,2024-01-03
CLM-002798,claim,647.64,software_issue,2024-01-27
CLM-002799,claim,129.7,screen_damage,2024-11-01
CLM-002800,claim,405.57,water_damage,2024-03-16
CLM-002801,claim,145.82,screen_damage,2023-07-07
CLM-002802,claim,67.75,water_damage,2023-09-17
CLM-002803,claim,276.47,battery_issue,2024-05-13
CLM-002804,claim,102.13,theft,2024-06-02
CLM-002805,claim,158.01,software_issue,2024-03-24
CLM-002806,claim,565.9,theft,2023-11-23
CLM-002807,claim,302.01,water_damage,2024-03-27
CLM-002808,claim,337.12,theft,2023-07-08
CLM-002809,claim,129.02,theft,2023-11-07
CLM-002810,claim,184.81,water_damage,2024-06-06
CLM-002811,claim,230.57,battery_issue,2024-09-08
CLM-002812,claim,297.29,accidental_damage,2023-05-11
CLM-002813,claim,49.3,theft,2023-01-16
CLM-002814,claim,123.45,software_issue,2023-06-10
CLM-002815,claim,1295.48,accidental_damage,2024-08-11
CLM-002816,claim,226.46,screen_damage,2023-09-29
CLM-002817,claim,101.56,mechanical_failure,2024-10-30
CLM-002818,claim,213.43,theft,2024-02-14
CLM-002819,claim,422.12,software_issue,2023-10-17
CLM-002820,claim,714.25,screen_damage,2024-02-15
CLM-002821,claim,140.7,battery_issue,2024-05-23
CLM-002822,claim,166.48,theft,2023-12-21
CLM-002823,claim,777.61,mechanical_failure,2023-11-18
CLM-002824,claim,240.79,screen_damage,2024-11-23
CLM-002825,claim,193.11,mechanical_failure,2024-08-31
CLM-002826,claim,137.16,accidental_damage,2023-01-02
CLM-002827,claim,2741.94,theft,2023-05-20
CLM-002828,claim,210.9,accidental_damage,2024-08-08
CLM-002829,claim,253.61,water_damage,2023-11-25
CLM-002830,claim,133.66,accidental_damage,2023-12-23
CLM-002831,claim,76.67,screen_damage,2023-08-14
CLM-002832,claim,430.93,accidental_damage,2023-08-04
CLM-002833,claim,159.91,software_issue,2024-10-12
CLM-002834,claim,95.85,theft,2024-07-25
CLM-002835,claim,100.26,mechanical_failure,2023-12-27
CLM-002836,claim,225.7,screen_damage,2024-01-16
CLM-002837,claim,143.73,water_damage,2024-11-30
CLM-002838,claim,256.83,battery_issue,2024-09-09
CLM-002839,claim,69.31,theft,2023-08-14
CLM-002840,claim,479.8,screen_damage,2024-11-27
CLM-002841,claim,787.68,accidental_damage,2024-10-20
CLM-002842,claim,145.84,mechanical_failure,2024-06-16
CLM-002843,claim,122.99,software_issue,2024-02-14
CLM-002844,claim,195.79,theft,2023-06-11
CLM-002845,claim,389.33,accidental_damage,2023-12-20
CLM-002846,claim,281.76,accidental_damage,2024-11-04
CLM-002847,claim,400.36,battery_issue,2024-11-15
CLM-002848,claim,225.32,accidental_damage,2023-09-12
CLM-002849,claim,705.9,screen_damage,2024-08-12
CLM-002850,claim,834.51,battery_issue,2024-08-18
CLM-002851,claim,228.5,water_damage,2023-02-09
CLM-002852,claim,140.38,screen_damage,2024-10-06
CLM-002853,claim,2070.97,screen_damage,2023-03-09
CLM-002854,claim,36.51,software_issue,2024-03-16
CLM-002855,claim,1182.89,theft,2023-04-21
CLM-002856,claim,48.74,mechanical_failure,2024-02-21
CLM-002857,claim,164.89,screen_damage,2024-09-18
CLM-002858,claim,226.56,battery_issue,2023-05-06
CLM-002859,claim,125.62,screen_damage,2023-12-18
CLM-002860,claim,301.64,theft,2023-09-23
CLM-002861,claim,51.13,theft,2024-09-03
CLM-002862,claim,217.66,mechanical_failure,2024-02-16
CLM-002863,claim,179.71,mechanical_failure,2024-07-09
CLM-002864,claim,752.0,water_damage,2024-04-03
CLM-002865,claim,404.82,software_issue,2023-06-30
CLM-002866,claim,153.68,battery_issue,2023-04-03
CLM-002867,claim,107.3,battery_issue,2023-09-18
CLM-002868,claim,960.58,software_issue,2024-06-14
CLM-002869,claim,498.38,screen_damage,2024-09-27
CLM-002870,claim,245.61,software_issue,2023-07-26
CLM-002871,claim,670.41,water_damage,2024-02-18
CLM-002872,claim,780.78,mechanical_failure,2023-01-14
CLM-002873,claim,438.42,theft,2024-11-25
CLM-002874,claim,42.0,theft,2023-01-19
CLM-002875,claim,101.31,mechanical_failure,2023-06-20
CLM-002876,claim,41.3,water_damage,2023-11-09
CLM-002877,claim,363.42,screen_damage,2024-08-15
CLM-002878,claim,591.31,mechanical_failure,2023-02-27
CLM-002879,claim,141.94,battery_issue,2024-11-22
CLM-002880,claim,576.67,mechanical_failure,2024-03-20
CLM-002881,claim,147.25,water_damage,2024-02-04
CLM-002882,claim,193.82,accidental_damage,2024-05-24
CLM-002883,claim,141.95,battery_issue,2024-10-31
CLM-002884,claim,1048.95,battery_issue,2024-07-29
CLM-002885,claim,179.28,software_issue,2023-09-03
CLM-002886,claim,258.63,mechanical_failure,2023-12-09
CLM-002887,claim,25.47,water_damage,2024-03-31
CLM-002888,claim,401.06,accidental_damage,2023-03-10
CLM-002889,claim,92.03,theft,2024-02-09
CLM-002890,claim,312.94,theft,2024-05-03
CLM-002891,claim,173.85,theft,2024-11-16
CLM-002892,claim,245.14,theft,2023-12-08
CLM-002893,claim,240.36,battery_issue,2024-03-26
CLM-002894,claim,113.38,mechanical_failure,2024-11-16
CLM-002895,claim,91.74,mechanical_failure,2023-12-11
CLM-002896,claim,125.81,water_damage,2024-10-23
CLM-002897,claim,119.51,water_damage,2024-08-05
CLM-002898,claim,64.93,accidental_damage,2024-04-05
CLM-002899,claim,277.33,screen_damage,2023-07-07
CLM-002900,claim,204.16,mechanical_failure,2023-03-31
CLM-002901,claim,133.66,screen_damage,2023-02-24
CLM-002902,claim,224.83,battery_issue,2023-02-13
CLM-002903,claim,351.37,screen_damage,2024-04-11
CLM-002904,claim,125.35,water_damage,2024-04-02
CLM-002905,claim,303.11,battery_issue,2024-04-04
CLM-002906,claim,1094.17,software_issue,2024-06-16
CLM-002907,claim,173.29,water_damage,2024-02-15
CLM-002908,claim,523.91,mechanical_failure,2024-08-08
CLM-002909,claim,608.51,battery_issue,2024-01-12
CLM-002910,claim,79.41,mechanical_failure,2024-07-04
CLM-002911,claim,310.79,screen_damage,2023-07-03
CLM-002912,claim,191.15,accidental_damage,2023-09-29
CLM-002913,claim,371.02,battery_issue,2024-07-01
CLM-002914,claim,700.96,battery_issue,2023-06-20
CLM-002915,claim,276.83,battery_issue,2024-07-21
CLM-002916,claim,111.93,battery_issue,2023-09-25
CLM-002917,claim,479.69,accidental_damage,2023-06-15
CLM-002918,claim,210.14,screen_damage,2023-06-19
CLM-002919,claim,277.24,screen_damage,2023-03-21
CLM-002920,claim,421.65,software_issue,2023-08-04
CLM-002921,claim,237.3,accidental_damage,2024-08-27
CLM-002922,claim,1211.18,mechanical_failure,2024-06-28
CLM-002923,claim,87.5,mechanical_failure,2024-09-23
CLM-002924,claim,208.66,software_issue,2023-11-30
CLM-002925,claim,298.8,water_damage,2023-02-22
CLM-002926,claim,154.03,theft,2024-01-02
CLM-002927,claim,1249.23,screen_damage,2023-02-16
CLM-002928,claim,238.62,battery_issue,2024-05-28
CLM-002929,claim,54.98,software_issue,2023-08-21
CLM-002930,claim,399.97,software_issue,2024-08-22
CLM-002931,claim,200.29,software_issue,2023-09-12
CLM-002932,claim,186.71,theft,2024-01-24
CLM-002933,claim,75.18,software_issue,2024-05-11
CLM-002934,claim,75.19,battery_issue,2023-07-13
CLM-002935,claim,634.47,screen_damage,2024-07-14
CLM-002936,claim,1077.55,water_damage,2024-01-02
CLM-002937,claim,1121.16,battery_issue,2023-02-25
CLM-002938,claim,145.12,battery_issue,2023-09-13
CLM-002939,claim,310.34,software_issue,2024-11-25
CLM-002940,claim,149.23,accidental_damage,2024-11-10
CLM-002941,claim,195.81,accidental_damage,2024-10-21
CLM-002942,claim,310.81,mechanical_failure,2023-07-28
CLM-002943,claim,57.56,screen_damage,2023-06-22
CLM-002944,claim,84.75,screen_damage,2023-09-28
CLM-002945,claim,419.29,screen_damage,2024-06-19
CLM-002946,claim,451.98,screen_damage,2023-01-06
CLM-002947,claim,233.32,mechanical_failure,2023-01-07
CLM-002948,claim,178.75,screen_damage,2024-05-24
CLM-002949,claim,395.23,accidental_damage,2023-07-07
CLM-002950,claim,67.17,screen_damage,2024-11-23
CLM-002951,claim,1178.4,accidental_damage,2024-07-22
CLM-002952,claim,378.37,water_damage,2023-10-19
CLM-002953,claim,411.32,mechanical_failure,2023-10-20
CLM-002954,claim,339.97,screen_damage,2023-05-09
CLM-002955,claim,158.08,mechanical_failure,2023-06-21
CLM-002956,claim,262.2,battery_issue,2024-09-29
CLM-002957,claim,165.59,software_issue,2023-04-30
CLM-002958,claim,198.83,screen_damage,2024-02-07
CLM-002959,claim,702.9,software_issue,2024-02-12
CLM-002960,claim,186.29,mechanical_failure,2023-01-01
CLM-002961,claim,156.19,theft,2024-01-02
CLM-002962,claim,179.88,water_damage,2023-03-03
CLM-002963,claim,411.32,screen_damage,2024-11-07
CLM-002964,claim,192.12,water_damage,2024-02-19
CLM-002965,claim,532.4,battery_issue,2024-11-02
CLM-002966,claim,353.28,accidental_damage,2023-06-02
CLM-002967,claim,337.93,screen_damage,2024-11-09
CLM-002968,claim,350.59,battery_issue,2023-12-01
CLM-002969,claim,566.65,accidental_damage,2023-06-06
CLM-002970,claim,124.32,water_damage,2023-09-15
CLM-002971,claim,423.17,battery_issue,2023-11-30
CLM-002972,claim,121.94,water_damage,2024-02-13
CLM-002973,claim,477.18,software_issue,2023-08-08
CLM-002974,claim,67.38,water_damage,2024-08-03
CLM-002975,claim,135.76,accidental_damage,2024-01-06
CLM-002976,claim,147.13,battery_issue,2024-03-05
CLM-002977,claim,143.92,theft,2024-08-25
CLM-002978,claim,507.36,water_damage,2024-10-02
CLM-002979,claim,219.29,theft,2023-06-06
CLM-002980,claim,68.96,battery_issue,2023-09-10
CLM-002981,claim,186.81,accidental_damage,2023-05-23
CLM-002982,claim,479.34,mechanical_failure,2024-09-12
CLM-002983,claim,402.85,water_damage,2024-05-04
CLM-002984,claim,524.33,theft,2024-05-16
CLM-002985,claim,107.0,software_issue,2023-06-20
CLM-002986,claim,383.09,accidental_damage,2024-06-23
CLM-002987,claim,836.72,software_issue,2023-05-31
CLM-002988,claim,433.42,battery_issue,2024-05-05
CLM-002989,claim,88.9,accidental_damage,2024-02-10
CLM-002990,claim,731.16,screen_damage,2023-05-08
CLM-002991,claim,123.53,software_issue,2023-05-04
CLM-002992,claim,343.57,theft,2024-01-18
CLM-002993,claim,196.77,software_issue,2023-07-15
CLM-002994,claim,827.22,battery_issue,2024-09-04
CLM-002995,claim,137.87,battery_issue,2023-11-26
CLM-002996,claim,405.42,theft,2023-12-14
CLM-002997,claim,372.7,battery_issue,2024-02-22
CLM-002998,claim,546.84,accidental_damage,2024-02-15
CLM-002999,claim,119.0,theft,2024-06-18
CLM-003000,claim,553.36,software_issue,2023-04-19
CLM-003001,claim,168.01,mechanical_failure,2023-01-30
CLM-003002,claim,221.12,mechanical_failure,2023-03-18
CLM-003003,claim,105.22,software_issue,2023-04-01
CLM-003004,claim,134.2,accidental_damage,2023-07-01
CLM-003005,claim,737.2,software_issue,2024-10-08
CLM-003006,claim,336.92,screen_damage,2024-10-18
CLM-003007,claim,158.69,mechanical_failure,2024-11-04
CLM-003008,claim,255.99,mechanical_failure,2024-02-06
CLM-003009,claim,1034.4,screen_damage,2024-08-03
CLM-003010,claim,485.97,screen_damage,2023-08-06
CLM-003011,claim,251.6,battery_issue,2024-09-08
CLM-003012,claim,419.11,battery_issue,2024-04-06
CLM-003013,claim,222.36,theft,2024-11-23
CLM-003014,claim,819.08,theft,2023-10-04
CLM-003015,claim,495.45,theft,2024-05-06
CLM-003016,claim,218.44,mechanical_failure,2023-05-11
CLM-003017,claim,492.85,water_damage,2024-06-20
CLM-003018,claim,69.85,battery_issue,2023-10-29
CLM-003019,claim,347.27,screen_damage,2023-01-13
CLM-003020,claim,76.86,water_damage,2024-01-04
CLM-003021,claim,69.88,mechanical_failure,2024-02-24
CLM-003022,claim,189.89,water_damage,2023-12-30
CLM-003023,claim,1035.68,water_damage,2023-05-23
CLM-003024,claim,64.8,screen_damage,2023-04-17
CLM-003025,claim,196.88,software_issue,2023-04-01
CLM-003026,claim,288.32,battery_issue,2024-11-15
CLM-003027,claim,83.33,water_damage,2024-02-19
CLM-003028,claim,253.42,screen_damage,2023-03-06
CLM-003029,claim,298.32,mechanical_failure,2023-10-18
CLM-003030,claim,50.11,mechanical_failure,2023-06-05
CLM-003031,claim,97.9,accidental_damage,2024-09-21
CLM-003032,claim,1112.58,theft,2024-10-12
CLM-003033,claim,103.75,theft,2024-11-03
CLM-003034,claim,580.77,mechanical_failure,2023-06-25
CLM-003035,claim,220.75,accidental_damage,2024-06-25
CLM-003036,claim,310.72,software_issue,2024-01-15
CLM-003037,claim,992.04,software_issue,2024-02-01
CLM-003038,claim,604.3,software_issue,2024-09-13
CLM-003039,claim,666.55,mechanical_failure,2024-03-17
CLM-003040,claim,257.31,accidental_damage,2023-10-09
CLM-003041,claim,188.32,theft,2024-03-31
CLM-003042,claim,73.22,software_issue,2024-02-25
CLM-003043,claim,214.87,accidental_damage,2023-02-19
CLM-003044,claim,509.72,software_issue,2024-10-21
CLM-003045,claim,488.33,water_damage,2023-09-14
CLM-003046,claim,196.71,screen_damage,2023-12-01
CLM-003047,claim,903.46,theft,2024-08-03
CLM-003048,claim,122.56,water_damage,2023-09-10
CLM-003049,claim,215.52,software_issue,2023-06-28
CLM-003050,claim,140.26,accidental_damage,2023-11-13
CLM-003051,claim,1041.97,accidental_damage,2023-04-22
CLM-003052,claim,273.58,screen_damage,2024-09-16
CLM-003053,claim,830.56,water_damage,2023-12-03
CLM-003054,claim,164.23,mechanical_failure,2024-05-27
CLM-003055,claim,734.68,battery_issue,2023-05-06
CLM-003056,claim,105.18,mechanical_failure,2023-04-01
CLM-003057,claim,302.49,accidental_damage,2024-08-24
CLM-003058,claim,364.89,screen_damage,2023-06-30
CLM-003059,claim,380.91,battery_issue,2023-03-06
CLM-003060,claim,655.57,software_issue,2023-12-26
CLM-003061,claim,72.34,battery_issue,2024-02-12
CLM-003062,claim,399.56,battery_issue,2024-08-02
CLM-003063,claim,400.29,software_issue,2024-06-02
CLM-003064,claim,122.61,screen_damage,2024-04-19
CLM-003065,claim,336.06,water_damage,2023-06-06
CLM-003066,claim,153.88,water_damage,2023-04-17
CLM-003067,claim,133.79,accidental_damage,2023-05-30
CLM-003068,claim,389.41,accidental_damage,2024-10-04
CLM-003069,claim,314.45,battery_issue,2024-03-13
CLM-003070,claim,342.27,mechanical_failure,2023-10-16
CLM-003071,claim,773.36,screen_damage,2023-11-13
CLM-003072,claim,126.73,theft,2023-03-12
CLM-003073,claim,27.03,mechanical_failure,2023-04-19
CLM-003074,claim,137.95,screen_damage,2024-02-27
CLM-003075,claim,163.35,software_issue,2023-12-08
CLM-003076,claim,228.13,mechanical_failure,2023-11-26
CLM-003077,claim,96.05,screen_damage,2023-06-30
CLM-003078,claim,190.3,software_issue,2024-01-29
CLM-003079,claim,538.7,software_issue,2023-01-08
CLM-003080,claim,76.01,screen_damage,2023-09-17
CLM-003081,claim,230.27,software_issue,2024-03-11
CLM-003082,claim,1051.78,mechanical_failure,2023-02-23
CLM-003083,claim,422.05,screen_damage,2024-07-28
CLM-003084,claim,269.31,software_issue,2023-06-19
CLM-003085,claim,1330.05,software_issue,2024-08-25
CLM-003086,claim,69.49,screen_damage,2024-08-26
CLM-003087,claim,232.59,water_damage,2024-09-07
CLM-003088,claim,233.76,battery_issue,2023-12-05
CLM-003089,claim,190.77,battery_issue,2024-04-24
CLM-003090,claim,305.15,theft,2023-03-19
CLM-003091,claim,95.63,accidental_damage,2023-08-29
CLM-003092,claim,130.12,software_issue,2024-01-23
CLM-003093,claim,233.68,water_damage,2024-05-13
CLM-003094,claim,108.15,accidental_damage,2024-10-12
CLM-003095,claim,147.58,mechanical_failure,2024-04-21
CLM-003096,claim,380.69,accidental_damage,2023-05-22
CLM-003097,claim,419.02,theft,2024-02-23
CLM-003098,claim,185.21,theft,2024-05-04
CLM-003099,claim,157.54,software_issue,2024-02-11
CLM-003100,claim,226.52,accidental_damage,2024-02-07
CLM-003101,claim,309.89,accidental_damage,2024-06-14
CLM-003102,claim,445.27,battery_issue,2023-09-20
CLM-003103,claim,141.63,battery_issue,2024-03-26
CLM-003104,claim,726.28,battery_issue,2024-02-11
CLM-003105,claim,148.7,water_damage,2023-05-14
CLM-003106,claim,2988.17,water_damage,2023-10-11
CLM-003107,claim,489.87,theft,2024-05-28
CLM-003108,claim,167.8,software_issue,2024-09-07
CLM-003109,claim,359.69,theft,2024-04-25
CLM-003110,claim,681.2,theft,2023-09-26
CLM-003111,claim,99.59,screen_damage,2024-04-23
CLM-003112,claim,240.17,theft,2024-04-26
CLM-003113,claim,139.26,mechanical_failure,2023-09-28
CLM-003114,claim,264.81,theft,2024-05-09
CLM-003115,claim,176.39,theft,2023-11-02
CLM-003116,claim,166.05,software_issue,2023-12-15
CLM-003117,claim,37.67,screen_damage,2023-12-08
CLM-003118,claim,188.51,mechanical_failure,2024-04-04
CLM-003119,claim,121.88,theft,2024-01-21
CLM-003120,claim,231.47,theft,2023-07-16
CLM-003121,claim,129.48,theft,2024-01-17
CLM-003122,claim,172.38,screen_damage,2023-06-04
CLM-003123,claim,183.55,accidental_damage,2023-07-04
CLM-003124,claim,1960.79,screen_damage,2024-05-15
CLM-003125,claim,233.69,software_issue,2024-04-10
CLM-003126,claim,89.97,accidental_damage,2024-07-21
CLM-003127,claim,851.03,theft,2024-08-28
CLM-003128,claim,84.18,mechanical_failure,2024-05-23
CLM-003129,claim,94.02,mechanical_failure,2024-07-14
CLM-003130,claim,633.8,theft,2023-07-19
CLM-003131,claim,80.73,theft,2024-07-14
CLM-003132,claim,904.22,software_issue,2024-05-20
CLM-003133,claim,126.95,screen_damage,2024-02-07
CLM-003134,claim,276.66,software_issue,2024-11-28
CLM-003135,claim,174.19,accidental_damage,2023-01-18
CLM-003136,claim,115.79,theft,2023-01-21
CLM-003137,claim,204.91,theft,2024-10-28
CLM-003138,claim,107.46,software_issue,2023-11-25
CLM-003139,claim,158.02,battery_issue,2024-06-18
CLM-003140,claim,541.94,screen_damage,2024-05-01
CLM-003141,claim,650.16,screen_damage,2023-11-12
CLM-003142,claim,180.64,software_issue,2024-10-29
CLM-003143,claim,57.29,software_issue,2024-01-23
CLM-003144,claim,22.21,software_issue,2024-08-24
CLM-003145,claim,715.53,theft,2023-05-15
CLM-003146,claim,267.71,water_damage,2024-07-04
CLM-003147,claim,1174.3,accidental_damage,2023-07-31
CLM-003148,claim,389.76,mechanical_failure,2023-04-04
CLM-003149,claim,210.61,accidental_damage,2024-03-01
CLM-003150,claim,190.45,accidental_damage,2024-03-16
CLM-003151,claim,317.85,water_damage,2023-12-31
CLM-003152,claim,554.62,battery_issue,2024-03-15
CLM-003153,claim,934.14,water_damage,2023-11-16
CLM-003154,claim,127.25,battery_issue,2023-09-01
CLM-003155,claim,114.97,theft,2023-04-11
CLM-003156,claim,313.53,accidental_damage,2023-06-06
CLM-003157,claim,340.16,mechanical_failure,2023-05-02
CLM-003158,claim,160.39,theft,2024-02-15
CLM-003159,claim,549.46,battery_issue,2024-07-14
CLM-003160,claim,360.11,theft,2024-09-14
CLM-003161,claim,292.5,theft,2024-07-23
CLM-003162,claim,1223.36,battery_issue,2023-01-09
CLM-003163,claim,486.1,screen_damage,2023-03-18
CLM-003164,claim,175.0,software_issue,2023-09-09
CLM-003165,claim,48.39,theft,2023-08-30
CLM-003166,claim,151.1,mechanical_failure,2024-05-03
CLM-003167,claim,341.47,battery_issue,2023-05-16
CLM-003168,claim,885.79,accidental_damage,2023-07-20
CLM-003169,claim,289.51,accidental_damage,2024-08-12
CLM-003170,claim,221.62,software_issue,2023-09-14
CLM-003171,claim,236.96,screen_damage,2023-05-11
CLM-003172,claim,327.24,software_issue,2023-11-21
CLM-003173,claim,158.92,theft,2023-02-14
CLM-003174,claim,235.56,water_damage,2023-02-10
CLM-003175,claim,69.26,screen_damage,2024-02-07
CLM-003176,claim,575.12,battery_issue,2024-07-15
CLM-003177,claim,160.96,screen_damage,2024-08-20
CLM-003178,claim,286.66,theft,2023-12-13
CLM-003179,claim,147.5,water_damage,2024-11-03
CLM-003180,claim,112.72,water_damage,2024-09-19
CLM-003181,claim,200.87,software_issue,2023-09-09
CLM-003182,claim,172.0,accidental_damage,2023-02-25
CLM-003183,claim,149.36,screen_damage,2024-06-30
CLM-003184,claim,280.09,battery_issue,2023-12-29
CLM-003185,claim,119.06,accidental_damage,2023-07-15
CLM-003186,claim,104.52,theft,2024-11-07
CLM-003187,claim,858.37,accidental_damage,2024-06-23
CLM-003188,claim,212.91,mechanical_failure,2023-09-19
CLM-003189,claim,313.28,screen_damage,2023-09-25
CLM-003190,claim,144.9,accidental_damage,2024-08-07
CLM-003191,claim,308.14,software_issue,2023-06-22
CLM-003192,claim,669.86,water_damage,2024-10-12
CLM-003193,claim,148.28,battery_issue,2023-09-09
CLM-003194,claim,140.63,software_issue,2023-09-03
CLM-003195,claim,197.85,accidental_damage,2023-12-11
CLM-003196,claim,666.73,water_damage,2023-11-20
CLM-003197,claim,83.73,accidental_damage,2023-10-22
CLM-003198,claim,222.2,software_issue,2024-06-25
CLM-003199,claim,236.63,theft,2023-11-12
CLM-003200,claim,263.36,battery_issue,2023-01-20
CLM-003201,claim,328.03,theft,2023-08-06
CLM-003202,claim,207.24,software_issue,2024-01-02
CLM-003203,claim,83.43,theft,2023-07-07
CLM-003204,claim,238.58,software_issue,2024-06-07
CLM-003205,claim,146.44,battery_issue,2023-08-25
CLM-003206,claim,537.71,accidental_damage,2024-04-18
CLM-003207,claim,323.73,mechanical_failure,2023-03-12
CLM-003208,claim,829.97,theft,2023-01-10
CLM-003209,claim,204.13,water_damage,2024-03-29
CLM-003210,claim,163.87,theft,2023-01-19
CLM-003211,claim,365.51,screen_damage,2023-10-31
CLM-003212,claim,251.52,accidental_damage,2024-05-20
CLM-003213,claim,163.96,water_damage,2024-02-23
CLM-003214,claim,801.49,software_issue,2023-10-03
CLM-003215,claim,92.97,theft,2024-04-16
CLM-003216,claim,233.69,theft,2023-04-01
CLM-003217,claim,410.63,theft,2023-01-23
CLM-003218,claim,374.73,water_damage,2024-11-27
CLM-003219,claim,396.76,accidental_damage,2023-08-09
CLM-003220,claim,257.34,accidental_damage,2024-08-20
CLM-003221,claim,1243.09,theft,2023-06-13
CLM-003222,claim,38.41,screen_damage,2024-03-29
CLM-003223,claim,358.93,mechanical_failure,2023-06-30
CLM-003224,claim,154.99,screen_damage,2024-09-21
CLM-003225,claim,125.36,screen_damage,2024-10-10
CLM-003226,claim,56.08,theft,2024-11-09
CLM-003227,claim,528.78,software_issue,2023-04-18
CLM-003228,claim,299.02,water_damage,2024-06-29
CLM-003229,claim,263.49,battery_issue,2024-07-09
CLM-003230,claim,177.06,accidental_damage,2023-06-29
CLM-003231,claim,183.27,mechanical_failure,2023-01-16
CLM-003232,claim,168.4,mechanical_failure,2023-05-13
CLM-003233,claim,264.21,mechanical_failure,2023-03-12
CLM-003234,claim,324.56,battery_issue,2024-01-25
CLM-003235,claim,252.39,screen_damage,2024-08-15
CLM-003236,claim,417.26,theft,2023-02-07
CLM-003237,claim,462.66,screen_damage,2023-11-21
CLM-003238,claim,140.89,software_issue,2023-10-07
CLM-003239,claim,512.02,theft,2023-04-08
CLM-003240,claim,1023.56,screen_damage,2024-11-16
CLM-003241,claim,159.35,accidental_damage,2023-12-21
CLM-003242,claim,363.23,mechanical_failure,2024-02-08
CLM-003243,claim,172.21,software_issue,2024-01-14
CLM-003244,claim,924.97,water_damage,2023-08-15
CLM-003245,claim,83.54,accidental_damage,2024-11-19
CLM-003246,claim,213.16,mechanical_failure,2024-07-09
CLM-003247,claim,158.23,battery_issue,2023-02-10
CLM-003248,claim,186.55,software_issue,2024-11-23
CLM-003249,claim,390.16,theft,2023-11-26
CLM-003250,claim,361.82,theft,2024-03-22
CLM-003251,claim,151.98,accidental_damage,2023-08-27
CLM-003252,claim,308.1,battery_issue,2024-04-11
CLM-003253,claim,184.07,mechanical_failure,2023-01-13
CLM-003254,claim,507.92,accidental_damage,2024-06-02
CLM-003255,claim,46.67,mechanical_failure,2023-02-06
CLM-003256,claim,161.41,battery_issue,2024-11-16
CLM-003257,claim,711.61,theft,2023-12-31
CLM-003258,claim,84.17,water_damage,2024-08-16
CLM-003259,claim,51.09,battery_issue,2024-02-09
CLM-003260,claim,250.15,accidental_damage,2023-05-10
CLM-003261,claim,384.36,theft,2023-01-22
CLM-003262,claim,320.74,screen_damage,2023-03-27
CLM-003263,claim,913.08,battery_issue,2023-01-22
CLM-003264,claim,376.59,software_issue,2024-01-19
CLM-003265,claim,131.12,screen_damage,2024-09-19
CLM-003266,claim,563.83,software_issue,2024-11-06
CLM-003267,claim,216.13,software_issue,2023-06-03
CLM-003268,claim,733.3,theft,2024-10-04
CLM-003269,claim,184.1,screen_damage,2023-04-18
CLM-003270,claim,146.49,theft,2023-09-13
CLM-003271,claim,167.4,water_damage,2024-05-20
CLM-003272,claim,429.01,battery_issue,2024-10-07
CLM-003273,claim,213.31,theft,2023-05-04
CLM-003274,claim,111.48,mechanical_failure,2024-07-07
CLM-003275,claim,105.21,mechanical_failure,2023-02-12
CLM-003276,claim,273.76,battery_issue,2023-10-11
CLM-003277,claim,123.39,accidental_damage,2024-02-15
CLM-003278,claim,129.83,water_damage,2024-02-17
CLM-003279,claim,93.84,water_damage,2024-11-26
CLM-003280,claim,76.16,screen_damage,2024-08-24
CLM-003281,claim,250.25,water_damage,2024-05-12
CLM-003282,claim,103.16,battery_issue,2023-11-10
CLM-003283,claim,124.68,theft,2024-03-27
CLM-003284,claim,55.55,battery_issue,2024-03-10
CLM-003285,claim,228.02,screen_damage,2023-04-29
CLM-003286,claim,375.0,accidental_damage,2024-08-25
CLM-003287,claim,312.42,water_damage,2023-04-13
CLM-003288,claim,207.49,theft,2023-10-17
CLM-003289,claim,222.97,theft,2024-11-24
CLM-003290,claim,308.5,accidental_damage,2023-04-02
CLM-003291,claim,278.94,accidental_damage,2023-11-20
CLM-003292,claim,607.26,water_damage,2023-08-28
CLM-003293,claim,377.98,mechanical_failure,2024-01-25
CLM-003294,claim,81.23,software_issue,2024-03-13
CLM-003295,claim,51.69,battery_issue,2023-02-05
CLM-003296,claim,148.74,theft,2023-07-29
CLM-003297,claim,104.18,water_damage,2024-10-27
CLM-003298,claim,202.53,water_damage,2023-07-18
CLM-003299,claim,71.78,water_damage,2024-05-31
CLM-003300,claim,673.24,accidental_damage,2024-10-11
CLM-003301,claim,361.64,software_issue,2024-11-17
CLM-003302,claim,799.07,battery_issue,2024-03-05
CLM-003303,claim,244.35,software_issue,2023-04-25
CLM-003304,claim,43.74,water_damage,2023-12-03
CLM-003305,claim,316.56,mechanical_failure,2023-05-26
CLM-003306,claim,725.37,water_damage,2023-06-19
CLM-003307,claim,204.12,accidental_damage,2024-07-12
CLM-003308,claim,187.72,theft,2024-02-25
CLM-003309,claim,169.75,battery_issue,2023-10-19
CLM-003310,claim,85.98,water_damage,2023-08-24
CLM-003311,claim,762.28,accidental_damage,2023-03-30
CLM-003312,claim,151.77,battery_issue,2023-12-01
CLM-003313,claim,181.41,accidental_damage,2024-07-02
CLM-003314,claim,78.67,screen_damage,2024-05-14
CLM-003315,claim,290.97,battery_issue,2023-12-31
CLM-003316,claim,129.11,screen_damage,2023-11-22
CLM-003317,claim,37.96,water_damage,2024-02-09
CLM-003318,claim,177.27,theft,2023-11-12
CLM-003319,claim,159.21,mechanical_failure,2023-03-21
CLM-003320,claim,278.6,water_damage,2023-08-08
CLM-003321,claim,775.3,screen_damage,2023-03-04
CLM-003322,claim,97.58,screen_damage,2023-02-17
CLM-003323,claim,296.29,accidental_damage,2023-02-28
CLM-003324,claim,617.04,theft,2023-07-21
CLM-003325,claim,300.46,mechanical_failure,2023-08-18
CLM-003326,claim,243.22,accidental_damage,2024-09-18
CLM-003327,claim,130.9,accidental_damage,2024-08-01
CLM-003328,claim,144.39,battery_issue,2024-09-01
CLM-003329,claim,242.32,battery_issue,2023-09-11
CLM-003330,claim,255.31,mechanical_failure,2023-10-26
CLM-003331,claim,66.23,software_issue,2023-07-22
CLM-003332,claim,153.9,accidental_damage,2023-02-13
CLM-003333,claim,250.83,screen_damage,2023-02-22
CLM-003334,claim,100.36,theft,2023-10-26
CLM-003335,claim,161.77,screen_damage,2024-06-15
CLM-003336,claim,436.73,accidental_damage,2024-09-21
CLM-003337,claim,425.08,battery_issue,2024-11-04
CLM-003338,claim,163.59,mechanical_failure,2023-03-18
CLM-003339,claim,626.92,mechanical_failure,2023-07-05
CLM-003340,claim,162.95,water_damage,2024-10-18
CLM-003341,claim,185.25,accidental_damage,2024-05-10
CLM-003342,claim,358.88,software_issue,2024-09-01
CLM-003343,claim,272.29,battery_issue,2024-02-27
CLM-003344,claim,152.46,mechanical_failure,2024-09-25
CLM-003345,claim,640.83,accidental_damage,2024-09-27
CLM-003346,claim,114.85,software_issue,2023-04-25
CLM-003347,claim,161.49,battery_issue,2024-05-17
CLM-003348,claim,1046.81,mechanical_failure,2024-06-05
CLM-003349,claim,127.08,software_issue,2024-03-13
CLM-003350,claim,195.84,theft,2024-07-13
CLM-003351,claim,200.85,theft,2023-04-11
CLM-003352,claim,180.28,mechanical_failure,2023-08-12
CLM-003353,claim,345.81,accidental_damage,2023-10-07
CLM-003354,claim,227.01,water_damage,2023-11-09
CLM-003355,claim,156.84,mechanical_failure,2024-05-15
CLM-003356,claim,107.96,accidental_damage,2023-02-01
CLM-003357,claim,85.27,software_issue,2024-07-11
CLM-003358,claim,390.92,screen_damage,2023-06-24
CLM-003359,claim,551.56,theft,2023-03-05
CLM-003360,claim,1284.96,accidental_damage,2024-08-21
CLM-003361,claim,133.99,theft,2023-12-03
CLM-003362,claim,285.46,mechanical_failure,2023-08-28
CLM-003363,claim,359.99,screen_damage,2023-01-31
CLM-003364,claim,870.26,software_issue,2023-03-21
CLM-003365,claim,331.87,battery_issue,2024-02-23
CLM-003366,claim,83.35,theft,2023-01-02
CLM-003367,claim,1082.23,software_issue,2023-07-27
CLM-003368,claim,938.94,screen_damage,2024-01-28
CLM-003369,claim,346.27,accidental_damage,2023-06-23
CLM-003370,claim,126.15,theft,2023-11-19
CLM-003371,claim,380.21,software_issue,2023-04-03
CLM-003372,claim,1239.45,water_damage,2024-10-01
CLM-003373,claim,282.72,mechanical_failure,2024-03-17
CLM-003374,claim,170.21,software_issue,2023-11-09
CLM-003375,claim,313.39,software_issue,2023-03-04
CLM-003376,claim,449.91,theft,2024-02-14
CLM-003377,claim,159.97,screen_damage,2023-12-11
CLM-003378,claim,206.74,accidental_damage,2024-10-19
CLM-003379,claim,47.1,theft,2023-10-25
CLM-003380,claim,430.91,theft,2023-11-05
CLM-003381,claim,138.5,mechanical_failure,2024-06-04
CLM-003382,claim,308.34,battery_issue,2023-08-12
CLM-003383,claim,89.6,theft,2023-07-25
CLM-003384,claim,270.86,mechanical_failure,2023-12-21
CLM-003385,claim,306.17,battery_issue,2023-01-11
CLM-003386,claim,720.61,battery_issue,2024-05-02
CLM-003387,claim,184.28,mechanical_failure,2024-11-21
CLM-003388,claim,393.9,screen_damage,2023-08-03
CLM-003389,claim,71.69,water_damage,2024-11-01
CLM-003390,claim,185.92,water_damage,2023-10-26
CLM-003391,claim,256.75,screen_damage,2023-09-11
CLM-003392,claim,147.19,screen_damage,2023-06-04
CLM-003393,claim,199.54,mechanical_failure,2023-09-18
CLM-003394,claim,191.45,battery_issue,2024-03-27
CLM-003395,claim,187.55,water_damage,2023-03-02
CLM-003396,claim,363.53,theft,2024-02-26
CLM-003397,claim,121.93,battery_issue,2024-07-14
CLM-003398,claim,120.43,screen_damage,2024-01-05
CLM-003399,claim,532.56,software_issue,2023-11-04
CLM-003400,claim,1013.62,software_issue,2024-09-26
CLM-003401,claim,319.79,mechanical_failure,2024-06-08
CLM-003402,claim,428.37,water_damage,2024-06-11
CLM-003403,claim,651.86,software_issue,2023-12-13
CLM-003404,claim,115.82,mechanical_failure,2023-03-06
CLM-003405,claim,37.76,mechanical_failure,2023-11-09
CLM-003406,claim,25.04,theft,2024-02-08
CLM-003407,claim,90.64,mechanical_failure,2023-11-01
CLM-003408,claim,102.14,mechanical_failure,2023-03-06
CLM-003409,claim,304.8,accidental_damage,2024-03-18
CLM-003410,claim,988.96,water_damage,2023-08-14
CLM-003411,claim,293.23,screen_damage,2023-07-23
CLM-003412,claim,797.44,battery_issue,2024-01-19
CLM-003413,claim,126.84,water_damage,2024-11-13
CLM-003414,claim,153.72,theft,2023-01-17
CLM-003415,claim,494.16,mechanical_failure,2024-08-13
CLM-003416,claim,471.77,software_issue,2024-05-17
CLM-003417,claim,472.46,battery_issue,2023-12-28
CLM-003418,claim,198.36,mechanical_failure,2023-09-10
CLM-003419,claim,104.79,accidental_damage,2024-01-11
CLM-003420,claim,334.34,battery_issue,2024-04-04
CLM-003421,claim,442.1,accidental_damage,2023-06-15
CLM-003422,claim,102.91,water_damage,2024-02-18
CLM-003423,claim,129.61,software_issue,2024-10-19
CLM-003424,claim,77.79,accidental_damage,2023-11-23
CLM-003425,claim,314.92,battery_issue,2024-09-18
CLM-003426,claim,853.06,screen_damage,2024-08-15
CLM-003427,claim,492.17,mechanical_failure,2024-07-18
CLM-003428,claim,164.94,software_issue,2024-08-22
CLM-003429,claim,125.3,battery_issue,2023-04-20
CLM-003430,claim,83.95,software_issue,2023-10-19
CLM-003431,claim,263.67,water_damage,2023-07-26
CLM-003432,claim,1255.6,battery_issue,2023-03-13
CLM-003433,claim,163.35,theft,2023-08-19
CLM-003434,claim,230.92,software_issue,2023-01-20
CLM-003435,claim,595.93,screen_damage,2024-10-01
CLM-003436,claim,115.29,mechanical_failure,2024-04-05
CLM-003437,claim,124.72,water_damage,2024-02-12
CLM-003438,claim,256.59,mechanical_failure,2023-08-07
CLM-003439,claim,902.4,water_damage,2023-10-01
CLM-003440,claim,474.68,theft,2024-08-18
CLM-003441,claim,140.55,software_issue,2024-05-27
CLM-003442,claim,157.75,screen_damage,2024-07-15
CLM-003443,claim,495.5,water_damage,2023-04-17
CLM-003444,claim,97.59,software_issue,2023-10-05
CLM-003445,claim,466.09,water_damage,2023-01-06
CLM-003446,claim,353.23,battery_issue,2024-07-11
CLM-003447,claim,181.89,screen_damage,2023-02-28
CLM-003448,claim,72.22,mechanical_failure,2024-05-26
CLM-003449,claim,100.78,mechanical_failure,2024-02-14
CLM-003450,claim,537.65,water_damage,2023-09-23
CLM-003451,claim,96.31,battery_issue,2023-08-24
CLM-003452,claim,129.92,water_damage,2024-10-29
CLM-003453,claim,341.82,software_issue,2023-08-12
CLM-003454,claim,265.35,mechanical_failure,2024-01-27
CLM-003455,claim,497.35,screen_damage,2024-02-13
CLM-003456,claim,82.41,screen_damage,2024-05-31
CLM-003457,claim,168.19,software_issue,2024-10-15
CLM-003458,claim,1183.44,theft,2023-09-21
CLM-003459,claim,103.45,water_damage,2024-10-09
CLM-003460,claim,494.82,software_issue,2023-06-03
CLM-003461,claim,288.16,battery_issue,2023-04-26
CLM-003462,claim,181.0,screen_damage,2024-03-01
CLM-003463,claim,53.15,software_issue,2024-01-28
CLM-003464,claim,379.92,software_issue,2023-07-21
CLM-003465,claim,473.63,accidental_damage,2023-05-04
CLM-003466,claim,340.73,theft,2023-11-29
CLM-003467,claim,190.45,battery_issue,2024-04-29
CLM-003468,claim,505.21,screen_damage,2023-03-17
CLM-003469,claim,158.5,software_issue,2023-07-05
CLM-003470,claim,259.27,software_issue,2023-11-25
CLM-003471,claim,1546.78,software_issue,2023-09-03
CLM-003472,claim,341.44,water_damage,2024-10-08
CLM-003473,claim,170.55,theft,2023-01-23
CLM-003474,claim,292.52,software_issue,2024-03-13
CLM-003475,claim,292.84,theft,2024-06-03
CLM-003476,claim,181.87,mechanical_failure,2023-09-03
CLM-003477,claim,204.26,battery_issue,2023-01-22
CLM-003478,claim,105.0,theft,2024-03-29
CLM-003479,claim,519.72,battery_issue,2023-07-30
CLM-003480,claim,176.1,mechanical_failure,2023-01-26
CLM-003481,claim,217.87,water_damage,2023-09-14
CLM-003482,claim,161.13,theft,2024-10-15
CLM-003483,claim,360.89,screen_damage,2024-11-24
CLM-003484,claim,707.77,battery_issue,2024-09-05
CLM-003485,claim,176.99,software_issue,2024-09-18
CLM-003486,claim,218.75,software_issue,2023-02-20
CLM-003487,claim,105.03,theft,2023-06-14
CLM-003488,claim,212.17,mechanical_failure,2023-12-26
CLM-003489,claim,75.78,water_damage,2023-02-20
CLM-003490,claim,113.49,battery_issue,2024-02-28
CLM-003491,claim,377.53,theft,2023-04-02
CLM-003492,claim,165.0,software_issue,2024-10-23
CLM-003493,claim,241.4,mechanical_failure,2024-09-15
CLM-003494,claim,343.39,water_damage,2024-01-13
CLM-003495,claim,115.03,battery_issue,2023-05-04
CLM-003496,claim,672.44,accidental_damage,2024-10-01
CLM-003497,claim,712.94,screen_damage,2023-05-25
CLM-003498,claim,195.18,accidental_damage,2023-11-17
CLM-003499,claim,102.36,water_damage,2024-03-22
CLM-003500,claim,105.75,mechanical_failure,2024-10-22
CLM-003501,claim,141.52,theft,2023-06-05
CLM-003502,claim,680.58,mechanical_failure,2024-06-29
CLM-003503,claim,158.57,screen_damage,2024-05-02
CLM-003504,claim,171.64,theft,2024-10-19
CLM-003505,claim,71.62,screen_damage,2024-11-19
CLM-003506,claim,93.09,accidental_damage,2024-03-17
CLM-003507,claim,104.72,water_damage,2024-01-14
CLM-003508,claim,68.05,software_issue,2023-07-02
CLM-003509,claim,60.58,screen_damage,2023-08-30
CLM-003510,claim,2160.5,software_issue,2023-11-17
CLM-003511,claim,57.24,water_damage,2023-01-22
CLM-003512,claim,770.06,accidental_damage,2023-05-25
CLM-003513,claim,258.74,screen_damage,2024-09-21
CLM-003514,claim,737.06,water_damage,2024-04-05
CLM-003515,claim,391.41,software_issue,2024-03-27
CLM-003516,claim,192.02,theft,2024-09-12
CLM-003517,claim,351.03,mechanical_failure,2023-09-24
CLM-003518,claim,118.86,software_issue,2023-08-12
CLM-003519,claim,100.07,mechanical_failure,2024-02-15
CLM-003520,claim,210.59,software_issue,2023-10-06
CLM-003521,claim,289.53,software_issue,2024-03-13
CLM-003522,claim,529.63,water_damage,2024-02-23
CLM-003523,claim,92.83,water_damage,2024-11-15
CLM-003524,claim,90.44,accidental_damage,2024-01-25
CLM-003525,claim,493.31,accidental_damage,2023-07-27
CLM-003526,claim,1882.88,screen_damage,2023-02-09
CLM-003527,claim,801.93,accidental_damage,2024-08-19
CLM-003528,claim,403.42,accidental_damage,2023-08-12
CLM-003529,claim,353.75,software_issue,2024-11-23
CLM-003530,claim,227.35,battery_issue,2024-05-12
CLM-003531,claim,622.82,battery_issue,2023-03-02
CLM-003532,claim,285.57,water_damage,2024-03-26
CLM-003533,claim,222.14,screen_damage,2023-05-09
CLM-003534,claim,119.45,water_damage,2023-08-25
CLM-003535,claim,397.24,theft,2024-05-23
CLM-003536,claim,121.91,software_issue,2024-03-25
CLM-003537,claim,404.04,theft,2023-12-18
CLM-003538,claim,858.01,software_issue,2023-11-17
CLM-003539,claim,356.14,screen_damage,2023-03-28
CLM-003540,claim,651.9,software_issue,2024-03-11
CLM-003541,claim,122.71,screen_damage,2023-11-08
CLM-003542,claim,268.84,theft,2023-05-26
CLM-003543,claim,122.65,screen_damage,2023-10-27
CLM-003544,claim,104.89,battery_issue,2023-03-11
CLM-003545,claim,292.17,screen_damage,2024-02-01
CLM-003546,claim,330.38,screen_damage,2024-09-09
CLM-003547,claim,218.31,water_damage,2024-04-08
CLM-003548,claim,877.88,software_issue,2023-11-10
CLM-003549,claim,266.56,mechanical_failure,2023-01-13
CLM-003550,claim,445.82,battery_issue,2023-11-02
CLM-003551,claim,570.27,software_issue,2023-04-22
CLM-003552,claim,159.62,screen_damage,2024-02-20
CLM-003553,claim,271.34,software_issue,2024-06-15
CLM-003554,claim,422.23,accidental_damage,2024-10-30
CLM-003555,claim,228.43,theft,2023-09-04
CLM-003556,claim,189.19,screen_damage,2023-12-23
CLM-003557,claim,207.33,mechanical_failure,2024-05-14
CLM-003558,claim,333.14,battery_issue,2024-01-05
CLM-003559,claim,425.35,screen_damage,2023-09-18
CLM-003560,claim,1193.58,battery_issue,2024-02-04
CLM-003561,claim,91.19,screen_damage,2024-11-12
CLM-003562,claim,174.36,screen_damage,2024-08-03
CLM-003563,claim,355.96,mechanical_failure,2023-10-09
CLM-003564,claim,156.2,accidental_damage,2024-02-28
CLM-003565,claim,122.96,screen_damage,2024-01-09
CLM-003566,claim,888.82,water_damage,2023-03-29
CLM-003567,claim,86.43,theft,2023-02-28
CLM-003568,claim,186.46,water_damage,2023-04-18
CLM-003569,claim,373.67,accidental_damage,2024-03-17
CLM-003570,claim,581.78,water_damage,2023-01-19
CLM-003571,claim,272.89,software_issue,2023-09-24
CLM-003572,claim,1034.85,battery_issue,2023-01-17
CLM-003573,claim,93.59,software_issue,2024-03-12
CLM-003574,claim,561.93,screen_damage,2023-03-07
CLM-003575,claim,174.48,battery_issue,2023-10-13
CLM-003576,claim,763.3,water_damage,2023-12-07
CLM-003577,claim,338.91,battery_issue,2023-03-27
CLM-003578,claim,104.96,water_damage,2023-03-17
CLM-003579,claim,239.74,mechanical_failure,2024-06-15
CLM-003580,claim,858.9,software_issue,2024-05-29
CLM-003581,claim,615.25,battery_issue,2024-11-02
CLM-003582,claim,942.58,screen_damage,2024-11-21
CLM-003583,claim,140.96,software_issue,2023-01-22
CLM-003584,claim,709.0,mechanical_failure,2024-09-15
CLM-003585,claim,152.51,mechanical_failure,2023-09-11
CLM-003586,claim,100.56,theft,2024-05-21
CLM-003587,claim,105.04,battery_issue,2023-12-02
CLM-003588,claim,269.07,screen_damage,2023-09-04
CLM-003589,claim,122.24,battery_issue,2024-10-12
CLM-003590,claim,394.39,screen_damage,2023-05-24
CLM-003591,claim,147.91,software_issue,2023-08-09
CLM-003592,claim,1224.31,software_issue,2023-08-23
CLM-003593,claim,50.76,theft,2023-03-06
CLM-003594,claim,780.56,software_issue,2023-04-22
CLM-003595,claim,685.6,screen_damage,2023-03-24
CLM-003596,claim,481.81,screen_damage,2023-12-13
CLM-003597,claim,117.75,theft,2024-02-01
CLM-003598,claim,422.31,mechanical_failure,2023-07-24
CLM-003599,claim,193.42,battery_issue,2024-08-13
CLM-003600,claim,912.09,mechanical_failure,2023-01-21
CLM-003601,claim,177.98,accidental_damage,2023-07-14
CLM-003602,claim,190.71,mechanical_failure,2023-05-17
CLM-003603,claim,127.19,accidental_damage,2024-11-10
CLM-003604,claim,687.06,theft,2024-06-10
CLM-003605,claim,148.29,battery_issue,2024-02-01
CLM-003606,claim,636.85,software_issue,2024-03-29
CLM-003607,claim,96.15,water_damage,2023-04-23
CLM-003608,claim,219.8,mechanical_failure,2024-11-26
CLM-003609,claim,377.65,battery_issue,2024-01-05
CLM-003610,claim,223.69,theft,2024-10-02
CLM-003611,claim,285.55,screen_damage,2024-02-20
CLM-003612,claim,446.28,battery_issue,2023-05-30
CLM-003613,claim,155.83,software_issue,2024-01-02
CLM-003614,claim,222.02,theft,2023-06-18
CLM-003615,claim,39.01,accidental_damage,2023-09-12
CLM-003616,claim,675.53,screen_damage,2023-07-14
CLM-003617,claim,191.89,battery_issue,2024-01-23
CLM-003618,claim,361.65,accidental_damage,2023-06-20
CLM-003619,claim,150.38,accidental_damage,2023-12-15
CLM-003620,claim,155.96,battery_issue,2024-09-26
CLM-003621,claim,136.85,software_issue,2023-11-13
CLM-003622,claim,198.31,accidental_damage,2024-04-25
CLM-003623,claim,856.99,accidental_damage,2023-02-14
CLM-003624,claim,470.95,battery_issue,2024-02-13
CLM-003625,claim,219.49,software_issue,2023-07-18
CLM-003626,claim,1087.2,theft,2024-08-20
CLM-003627,claim,295.31,water_damage,2023-02-15
CLM-003628,claim,321.18,mechanical_failure,2024-02-27
CLM-003629,claim,56.14,accidental_damage,2024-06-25
CLM-003630,claim,206.31,water_damage,2023-11-09
CLM-003631,claim,153.13,battery_issue,2023-06-16
CLM-003632,claim,56.13,theft,2023-06-15
CLM-003633,claim,293.03,software_issue,2023-11-13
CLM-003634,claim,912.58,accidental_damage,2023-02-21
CLM-003635,claim,984.83,theft,2024-07-31
CLM-003636,claim,111.52,theft,2023-12-30
CLM-003637,claim,460.36,accidental_damage,2023-03-31
CLM-003638,claim,60.42,accidental_damage,2024-01-11
CLM-003639,claim,304.93,battery_issue,2023-04-05
CLM-003640,claim,1010.31,water_damage,2023-04-20
CLM-003641,claim,175.69,screen_damage,2023-06-22
CLM-003642,claim,373.23,screen_damage,2023-10-03
CLM-003643,claim,88.1,battery_issue,2024-04-16
CLM-003644,claim,296.97,software_issue,2023-07-16
CLM-003645,claim,118.41,battery_issue,2023-09-26
CLM-003646,claim,104.02,battery_issue,2024-04-23
CLM-003647,claim,512.81,accidental_damage,2023-09-01
CLM-003648,claim,434.69,software_issue,2024-04-13
CLM-003649,claim,409.23,mechanical_failure,2024-11-17
CLM-003650,claim,79.84,battery_issue,2023-09-14
CLM-003651,claim,511.47,theft,2024-07-21
CLM-003652,claim,799.93,water_damage,2023-08-17
CLM-003653,claim,264.14,water_damage,2024-04-14
CLM-003654,claim,214.73,battery_issue,2024-04-30
CLM-003655,claim,98.27,screen_damage,2023-09-25
CLM-003656,claim,322.49,battery_issue,2023-09-25
CLM-003657,claim,197.04,screen_damage,2023-06-19
CLM-003658,claim,316.75,software_issue,2023-10-28
CLM-003659,claim,1291.7,software_issue,2024-06-11
CLM-003660,claim,1671.77,water_damage,2024-02-02
CLM-003661,claim,1016.84,screen_damage,2023-01-09
CLM-003662,claim,800.15,battery_issue,2023-06-23
CLM-003663,claim,221.62,accidental_damage,2024-08-12
CLM-003664,claim,484.7,screen_damage,2023-06-02
CLM-003665,claim,680.53,battery_issue,2023-03-27
CLM-003666,claim,99.92,battery_issue,2024-06-29
CLM-003667,claim,50.2,mechanical_failure,2023-07-06
CLM-003668,claim,151.43,screen_damage,2023-02-25
CLM-003669,claim,214.34,mechanical_failure,2023-10-30
CLM-003670,claim,59.68,mechanical_failure,2024-05-19
CLM-003671,claim,124.86,mechanical_failure,2023-10-02
CLM-003672,claim,153.49,screen_damage,2023-03-02
CLM-003673,claim,132.23,theft,2024-11-28
CLM-003674,claim,99.81,theft,2023-12-22
CLM-003675,claim,393.1,mechanical_failure,2024-09-24
CLM-003676,claim,413.1,battery_issue,2024-08-09
CLM-003677,claim,694.95,mechanical_failure,2023-07-23
CLM-003678,claim,132.99,mechanical_failure,2024-02-21
CLM-003679,claim,1266.38,mechanical_failure,2023-02-15
CLM-003680,claim,2117.77,water_damage,2024-06-09
CLM-003681,claim,280.73,water_damage,2023-12-30
CLM-003682,claim,450.78,mechanical_failure,2024-06-05
CLM-003683,claim,195.65,accidental_damage,2024-06-16
CLM-003684,claim,576.29,accidental_damage,2023-11-19
CLM-003685,claim,122.18,software_issue,2024-09-02
CLM-003686,claim,595.48,mechanical_failure,2024-09-10
CLM-003687,claim,749.0,theft,2023-01-25
CLM-003688,claim,165.77,theft,2024-07-19
CLM-003689,claim,522.61,mechanical_failure,2024-08-01
CLM-003690,claim,221.42,mechanical_failure,2023-05-25
CLM-003691,claim,212.81,software_issue,2023-10-21
CLM-003692,claim,268.5,theft,2023-03-07
CLM-003693,claim,356.07,mechanical_failure,2023-03-15
CLM-003694,claim,105.75,battery_issue,2023-02-26
CLM-003695,claim,205.8,water_damage,2024-03-23
CLM-003696,claim,1022.25,theft,2024-06-01
CLM-003697,claim,172.39,screen_damage,2023-01-26
CLM-003698,claim,678.82,screen_damage,2024-01-01
CLM-003699,claim,366.92,software_issue,2024-08-13
CLM-003700,claim,262.25,accidental_damage,2023-05-13
CLM-003701,claim,113.45,software_issue,2023-01-20
CLM-003702,claim,611.68,screen_damage,2024-11-27
CLM-003703,claim,401.0,mechanical_failure,2024-04-04
CLM-003704,claim,577.28,theft,2023-03-14
CLM-003705,claim,548.38,accidental_damage,2023-12-15
CLM-003706,claim,238.27,screen_damage,2024-04-18
CLM-003707,claim,219.44,software_issue,2023-10-29
CLM-003708,claim,274.06,water_damage,2024-07-27
CLM-003709,claim,205.01,battery_issue,2023-10-11
CLM-003710,claim,231.03,mechanical_failure,2023-11-17
CLM-003711,claim,239.61,battery_issue,2023-01-23
CLM-003712,claim,651.6,water_damage,2023-11-15
CLM-003713,claim,83.17,water_damage,2023-01-02
CLM-003714,claim,410.31,water_damage,2023-05-07
CLM-003715,claim,540.61,water_damage,2023-01-08
CLM-003716,claim,40.89,battery_issue,2023-08-10
CLM-003717,claim,275.77,screen_damage,2023-12-14
CLM-003718,claim,568.9,theft,2024-09-25
CLM-003719,claim,85.53,mechanical_failure,2023-03-10
CLM-003720,claim,558.18,screen_damage,2024-01-18
CLM-003721,claim,306.0,water_damage,2023-11-29
CLM-003722,claim,115.2,water_damage,2024-05-10
CLM-003723,claim,697.16,battery_issue,2024-01-08
CLM-003724,claim,433.82,water_damage,2023-08-28
CLM-003725,claim,85.14,accidental_damage,2024-06-27
CLM-003726,claim,196.7,water_damage,2023-07-14
CLM-003727,claim,287.51,accidental_damage,2023-07-19
CLM-003728,claim,744.61,accidental_damage,2024-07-29
CLM-003729,claim,56.1,mechanical_failure,2023-03-06
CLM-003730,claim,386.48,water_damage,2023-02-19
CLM-003731,claim,445.22,theft,2023-07-13
CLM-003732,claim,690.84,mechanical_failure,2023-02-18
CLM-003733,claim,136.71,theft,2024-07-06
CLM-003734,claim,285.65,water_damage,2023-10-14
CLM-003735,claim,121.23,mechanical_failure,2023-11-23
CLM-003736,claim,430.22,software_issue,2024-10-01
CLM-003737,claim,184.72,accidental_damage,2024-11-06
CLM-003738,claim,209.52,mechanical_failure,2024-10-03
CLM-003739,claim,352.65,screen_damage,2023-09-15
CLM-003740,claim,147.27,battery_issue,2024-08-01
CLM-003741,claim,501.53,water_damage,2023-08-09
CLM-003742,claim,296.58,software_issue,2023-03-12
CLM-003743,claim,561.81,theft,2023-07-04
CLM-003744,claim,106.17,software_issue,2023-12-16
CLM-003745,claim,127.07,water_damage,2024-07-30
CLM-003746,claim,229.08,theft,2024-02-11
CLM-003747,claim,1117.89,battery_issue,2023-12-06
CLM-003748,claim,63.56,screen_damage,2024-08-22
CLM-003749,claim,83.57,theft,2024-06-04
CLM-003750,claim,310.36,mechanical_failure,2024-09-22
CLM-003751,claim,212.55,water_damage,2024-01-23
CLM-003752,claim,406.38,screen_damage,2023-02-17
CLM-003753,claim,508.68,software_issue,2024-05-29
CLM-003754,claim,485.15,theft,2024-02-04
CLM-003755,claim,168.55,software_issue,2024-03-22
CLM-003756,claim,165.59,mechanical_failure,2024-10-22
CLM-003757,claim,77.83,accidental_damage,2024-10-29
CLM-003758,claim,59.99,battery_issue,2023-01-07
CLM-003759,claim,793.92,battery_issue,2023-09-09
CLM-003760,claim,172.24,screen_damage,2024-05-07
CLM-003761,claim,742.22,screen_damage,2024-06-01
CLM-003762,claim,90.59,software_issue,2023-12-09
CLM-003763,claim,1074.98,software_issue,2023-03-12
CLM-003764,claim,245.33,screen_damage,2024-03-31
CLM-003765,claim,48.51,software_issue,2024-03-20
CLM-003766,claim,224.57,theft,2023-08-01
CLM-003767,claim,78.11,mechanical_failure,2023-03-07
CLM-003768,claim,167.36,water_damage,2024-04-08
CLM-003769,claim,173.01,screen_damage,2024-06-26
CLM-003770,claim,203.19,software_issue,2023-09-10
CLM-003771,claim,638.85,screen_damage,2023-12-14
CLM-003772,claim,268.15,theft,2024-10-27
CLM-003773,claim,332.07,mechanical_failure,2023-09-15
CLM-003774,claim,94.72,water_damage,2024-11-18
CLM-003775,claim,672.96,screen_damage,2023-07-18
CLM-003776,claim,197.0,mechanical_failure,2023-05-29
CLM-003777,claim,1106.34,software_issue,2023-11-03
CLM-003778,claim,766.03,battery_issue,2024-09-14
CLM-003779,claim,487.33,software_issue,2023-07-30
CLM-003780,claim,370.7,screen_damage,2023-03-16
CLM-003781,claim,88.91,water_damage,2024-04-27
CLM-003782,claim,332.19,battery_issue,2023-07-23
CLM-003783,claim,595.91,theft,2023-02-08
CLM-003784,claim,198.67,screen_damage,2023-05-11
CLM-003785,claim,99.4,water_damage,2023-02-24
CLM-003786,claim,1725.76,water_damage,2023-10-16
CLM-003787,claim,387.76,mechanical_failure,2024-08-27
CLM-003788,claim,342.62,software_issue,2023-04-01
CLM-003789,claim,1164.5,water_damage,2023-03-28
CLM-003790,claim,101.58,mechanical_failure,2024-05-13
CLM-003791,claim,1605.54,water_damage,2024-06-04
CLM-003792,claim,296.66,screen_damage,2024-05-01
CLM-003793,claim,318.88,accidental_damage,2024-07-17
CLM-003794,claim,149.68,accidental_damage,2023-03-20
CLM-003795,claim,720.81,battery_issue,2024-04-05
CLM-003796,claim,418.47,mechanical_failure,2023-04-16
CLM-003797,claim,328.98,software_issue,2024-06-13
CLM-003798,claim,404.6,water_damage,2024-07-02
CLM-003799,claim,176.0,battery_issue,2023-09-20
CLM-003800,claim,112.34,accidental_damage,2024-09-02
CLM-003801,claim,366.05,theft,2024-11-02
CLM-003802,claim,148.44,theft,2023-01-27
CLM-003803,claim,505.0,theft,2024-07-01
CLM-003804,claim,322.87,screen_damage,2023-08-29
CLM-003805,claim,62.13,screen_damage,2024-06-22
CLM-003806,claim,224.19,screen_damage,2023-02-19
CLM-003807,claim,707.06,accidental_damage,2024-10-25
CLM-003808,claim,61.57,theft,2023-05-31
CLM-003809,claim,176.71,theft,2024-04-10
CLM-003810,claim,68.04,mechanical_failure,2023-03-23
CLM-003811,claim,617.19,theft,2023-05-20
CLM-003812,claim,127.33,battery_issue,2023-04-21
CLM-003813,claim,146.95,theft,2023-04-08
CLM-003814,claim,210.74,water_damage,2024-04-09
CLM-003815,claim,144.98,mechanical_failure,2024-02-21
CLM-003816,claim,116.11,software_issue,2024-08-28
CLM-003817,claim,121.58,battery_issue,2024-10-05
CLM-003818,claim,259.78,battery_issue,2024-07-03
CLM-003819,claim,179.93,battery_issue,2024-05-22
CLM-003820,claim,44.44,water_damage,2024-05-19
CLM-003821,claim,195.18,accidental_damage,2023-11-25
CLM-003822,claim,444.64,water_damage,2023-08-13
CLM-003823,claim,201.57,theft,2024-04-06
CLM-003824,claim,369.17,screen_damage,2023-11-02
CLM-003825,claim,895.1,water_damage,2023-01-06
CLM-003826,claim,909.34,theft,2023-04-25
CLM-003827,claim,1046.01,accidental_damage,2023-12-01
CLM-003828,claim,242.96,water_damage,2024-08-17
CLM-003829,claim,292.13,mechanical_failure,2024-09-02
CLM-003830,claim,209.98,battery_issue,2023-03-16
CLM-003831,claim,1140.99,water_damage,2023-04-21
CLM-003832,claim,155.91,battery_issue,2023-06-07
CLM-003833,claim,276.07,mechanical_failure,2023-09-05
CLM-003834,claim,122.13,water_damage,2024-01-01
CLM-003835,claim,206.84,battery_issue,2023-05-06
CLM-003836,claim,96.97,mechanical_failure,2023-09-07
CLM-003837,claim,174.12,software_issue,2023-05-20
CLM-003838,claim,55.29,water_damage,2024-07-03
CLM-003839,claim,150.41,accidental_damage,2023-01-18
CLM-003840,claim,204.88,screen_damage,2024-07-03
CLM-003841,claim,376.81,screen_damage,2023-10-12
CLM-003842,claim,92.11,software_issue,2024-02-09
CLM-003843,claim,230.54,mechanical_failure,2023-03-16
CLM-003844,claim,196.28,accidental_damage,2024-09-04
CLM-003845,claim,501.96,water_damage,2023-06-08
CLM-003846,claim,164.77,screen_damage,2024-10-09
CLM-003847,claim,381.77,battery_issue,2024-03-31
CLM-003848,claim,275.72,theft,2023-08-12
CLM-003849,claim,32.22,screen_damage,2023-02-04
CLM-003850,claim,201.19,accidental_damage,2023-12-29
CLM-003851,claim,136.41,water_damage,2024-09-22
CLM-003852,claim,104.82,water_damage,2024-10-30
CLM-003853,claim,340.12,software_issue,2023-08-18
CLM-003854,claim,331.07,mechanical_failure,2024-08-19
CLM-003855,claim,416.84,mechanical_failure,2023-05-19
CLM-003856,claim,96.64,mechanical_failure,2024-01-12
CLM-003857,claim,1473.11,theft,2023-11-29
CLM-003858,claim,628.15,theft,2023-01-30
CLM-003859,claim,198.43,battery_issue,2024-01-14
CLM-003860,claim,357.08,battery_issue,2024-06-30
CLM-003861,claim,197.03,software_issue,2024-06-17
CLM-003862,claim,932.29,accidental_damage,2023-01-02
CLM-003863,claim,129.94,theft,2024-08-18
CLM-003864,claim,899.14,screen_damage,2024-05-08
CLM-003865,claim,175.56,accidental_damage,2023-01-25
CLM-003866,claim,1964.27,software_issue,2023-05-15
CLM-003867,claim,111.87,water_damage,2023-12-30
CLM-003868,claim,163.2,theft,2024-03-04
CLM-003869,claim,151.96,mechanical_failure,2023-08-23
CLM-003870,claim,751.68,accidental_damage,2024-06-29
CLM-003871,claim,827.39,battery_issue,2024-07-08
CLM-003872,claim,108.14,theft,2023-05-17
CLM-003873,claim,175.33,software_issue,2023-08-11
CLM-003874,claim,182.16,theft,2024-08-07
CLM-003875,claim,452.19,mechanical_failure,2024-02-15
CLM-003876,claim,67.38,battery_issue,2024-01-02
CLM-003877,claim,162.82,accidental_damage,2023-02-22
CLM-003878,claim,138.01,mechanical_failure,2024-01-23
CLM-003879,claim,412.07,theft,2024-08-12
CLM-003880,claim,134.9,screen_damage,2023-05-18
CLM-003881,claim,214.53,software_issue,2023-01-09
CLM-003882,claim,148.82,battery_issue,2024-08-20
CLM-003883,claim,387.26,screen_damage,2024-05-10
CLM-003884,claim,1839.87,theft,2024-04-01
CLM-003885,claim,426.51,screen_damage,2024-01-20
CLM-003886,claim,359.63,battery_issue,2024-06-15
CLM-003887,claim,165.15,screen_damage,2023-07-30
CLM-003888,claim,122.54,software_issue,2024-06-13
CLM-003889,claim,386.37,theft,2024-01-26
CLM-003890,claim,120.33,water_damage,2024-06-04
CLM-003891,claim,767.04,accidental_damage,2023-03-19
CLM-003892,claim,157.21,screen_damage,2023-08-07
CLM-003893,claim,144.47,mechanical_failure,2024-08-03
CLM-003894,claim,110.86,software_issue,2023-12-15
CLM-003895,claim,461.98,accidental_damage,2024-11-27
CLM-003896,claim,383.74,software_issue,2024-05-27
CLM-003897,claim,334.71,software_issue,2023-12-19
CLM-003898,claim,299.14,software_issue,2024-07-18
CLM-003899,claim,1993.64,water_damage,2024-02-05
CLM-003900,claim,744.32,theft,2023-05-23
CLM-003901,claim,240.27,theft,2024-05-31
CLM-003902,claim,59.06,water_damage,2023-07-27
CLM-003903,claim,203.47,screen_damage,2023-11-13
CLM-003904,claim,413.98,theft,2023-02-02
CLM-003905,claim,281.02,accidental_damage,2024-08-28
CLM-003906,claim,182.06,software_issue,2024-08-03
CLM-003907,claim,103.86,software_issue,2023-02-13
CLM-003908,claim,1011.97,battery_issue,2023-12-25
CLM-003909,claim,141.06,accidental_damage,2023-03-21
CLM-003910,claim,98.94,screen_damage,2024-06-23
CLM-003911,claim,108.55,battery_issue,2024-08-04
CLM-003912,claim,64.76,screen_damage,2024-04-28
CLM-003913,claim,60.77,battery_issue,2024-05-09
CLM-003914,claim,226.98,accidental_damage,2023-06-11
CLM-003915,claim,253.58,mechanical_failure,2024-10-20
CLM-003916,claim,321.35,accidental_damage,2024-04-27
CLM-003917,claim,656.07,mechanical_failure,2023-03-29
CLM-003918,claim,182.87,mechanical_failure,2023-07-27
CLM-003919,claim,155.82,water_damage,2023-03-30
CLM-003920,claim,92.9,mechanical_failure,2023-01-29
CLM-003921,claim,203.73,water_damage,2023-05-04
CLM-003922,claim,1414.29,theft,2023-07-08
CLM-003923,claim,559.2,screen_damage,2024-04-03
CLM-003924,claim,215.03,software_issue,2023-01-04
CLM-003925,claim,222.65,software_issue,2023-09-17
CLM-003926,claim,411.52,mechanical_failure,2023-10-12
CLM-003927,claim,91.36,water_damage,2024-11-30
CLM-003928,claim,107.53,theft,2023-08-23
CLM-003929,claim,832.87,theft,2023-04-25
CLM-003930,claim,1293.72,accidental_damage,2024-08-24
CLM-003931,claim,364.63,theft,2024-09-23
CLM-003932,claim,129.28,software_issue,2023-03-08
CLM-003933,claim,538.95,water_damage,2024-02-23
CLM-003934,claim,79.92,accidental_damage,2023-05-05
CLM-003935,claim,187.16,screen_damage,2023-02-12
CLM-003936,claim,172.13,software_issue,2024-06-20
CLM-003937,claim,109.19,accidental_damage,2024-01-17
CLM-003938,claim,122.6,battery_issue,2024-04-01
CLM-003939,claim,43.52,battery_issue,2023-10-31
CLM-003940,claim,83.37,software_issue,2023-06-08
CLM-003941,claim,30.65,accidental_damage,2024-05-17
CLM-003942,claim,129.01,mechanical_failure,2024-06-19
CLM-003943,claim,66.44,mechanical_failure,2023-04-04
CLM-003944,claim,92.68,mechanical_failure,2023-08-26
CLM-003945,claim,197.92,battery_issue,2024-11-28
CLM-003946,claim,403.05,water_damage,2024-02-02
CLM-003947,claim,591.35,water_damage,2023-06-04
CLM-003948,claim,576.93,water_damage,2024-04-18
CLM-003949,claim,275.62,water_damage,2024-01-06
CLM-003950,claim,219.11,screen_damage,2023-10-30
CLM-003951,claim,140.93,theft,2024-09-10
CLM-003952,claim,233.57,mechanical_failure,2023-09-16
CLM-003953,claim,179.34,theft,2023-04-22
CLM-003954,claim,96.98,screen_damage,2023-12-26
CLM-003955,claim,211.88,mechanical_failure,2023-02-02
CLM-003956,claim,316.29,software_issue,2024-01-20
CLM-003957,claim,280.18,water_damage,2023-08-09
CLM-003958,claim,174.66,theft,2023-07-20
CLM-003959,claim,281.02,software_issue,2023-08-01
CLM-003960,claim,439.85,water_damage,2023-03-12
CLM-003961,claim,551.29,water_damage,2023-12-25
CLM-003962,claim,142.45,mechanical_failure,2023-09-15
CLM-003963,claim,107.2,battery_issue,2023-04-04
CLM-003964,claim,427.65,software_issue,2024-03-17
CLM-003965,claim,687.85,accidental_damage,2023-12-25
CLM-003966,claim,191.98,theft,2024-02-13
CLM-003967,claim,204.65,accidental_damage,2023-05-23
CLM-003968,claim,194.82,screen_damage,2023-12-01
CLM-003969,claim,435.32,screen_damage,2024-10-24
CLM-003970,claim,240.66,mechanical_failure,2024-07-01
CLM-003971,claim,243.42,battery_issue,2023-12-12
CLM-003972,claim,177.6,mechanical_failure,2023-08-18
CLM-003973,claim,84.52,accidental_damage,2023-07-05
CLM-003974,claim,218.32,accidental_damage,2023-08-23
CLM-003975,claim,258.43,battery_issue,2024-02-02
CLM-003976,claim,952.59,accidental_damage,2024-03-11
CLM-003977,claim,123.93,software_issue,2023-07-30
CLM-003978,claim,132.98,accidental_damage,2024-11-28
CLM-003979,claim,200.0,software_issue,2024-06-12
CLM-003980,claim,55.63,battery_issue,2024-09-28
CLM-003981,claim,207.04,mechanical_failure,2023-04-18
CLM-003982,claim,568.83,software_issue,2023-03-08
CLM-003983,claim,577.27,theft,2023-11-22
CLM-003984,claim,69.66,accidental_damage,2024-07-28
CLM-003985,claim,232.05,battery_issue,2024-11-14
CLM-003986,claim,120.57,battery_issue,2023-12-03
CLM-003987,claim,206.79,water_damage,2023-06-07
CLM-003988,claim,1064.23,theft,2024-08-16
CLM-003989,claim,270.07,mechanical_failure,2023-05-26
CLM-003990,claim,158.04,battery_issue,2023-09-14
CLM-003991,claim,36.0,battery_issue,2024-06-21
CLM-003992,claim,700.08,software_issue,2024-09-02
CLM-003993,claim,316.05,battery_issue,2024-03-06
CLM-003994,claim,328.31,mechanical_failure,2023-06-23
CLM-003995,claim,823.37,mechanical_failure,2023-08-15
CLM-003996,claim,52.18,mechanical_failure,2023-02-03
CLM-003997,claim,195.94,theft,2024-07-04
CLM-003998,claim,305.75,battery_issue,2024-09-21
CLM-003999,claim,125.24,theft,2024-07-03
CLM-004000,claim,214.42,screen_damage,2023-05-24
CLM-004001,claim,134.9,mechanical_failure,2024-10-23
CLM-004002,claim,1054.09,battery_issue,2024-06-18
CLM-004003,claim,494.52,software_issue,2023-10-06
CLM-004004,claim,70.94,screen_damage,2023-12-22
CLM-004005,claim,61.9,software_issue,2024-11-21
CLM-004006,claim,237.0,theft,2023-04-19
CLM-004007,claim,407.3,software_issue,2024-05-25
CLM-004008,claim,441.91,accidental_damage,2023-06-16
CLM-004009,claim,133.88,screen_damage,2023-04-21
CLM-004010,claim,76.19,mechanical_failure,2024-05-23
CLM-004011,claim,238.08,accidental_damage,2024-07-29
CLM-004012,claim,161.72,accidental_damage,2024-06-22
CLM-004013,claim,118.57,water_damage,2023-12-27
CLM-004014,claim,149.16,accidental_damage,2024-09-11
CLM-004015,claim,284.07,water_damage,2023-08-14
CLM-004016,claim,95.26,battery_issue,2023-02-11
CLM-004017,claim,230.82,theft,2023-01-14
CLM-004018,claim,552.21,mechanical_failure,2024-06-25
CLM-004019,claim,105.41,accidental_damage,2023-07-10
CLM-004020,claim,367.74,theft,2023-07-07
CLM-004021,claim,258.57,water_damage,2024-10-04
CLM-004022,claim,148.36,accidental_damage,2024-06-29
CLM-004023,claim,175.66,accidental_damage,2023-02-14
CLM-004024,claim,146.38,software_issue,2023-06-04
CLM-004025,claim,125.61,accidental_damage,2023-08-28
CLM-004026,claim,126.27,accidental_damage,2023-11-03
CLM-004027,claim,117.4,water_damage,2023-05-11
CLM-004028,claim,224.1,water_damage,2023-06-04
CLM-004029,claim,106.9,battery_issue,2023-03-31
CLM-004030,claim,292.65,battery_issue,2023-02-21
CLM-004031,claim,279.44,battery_issue,2023-11-03
CLM-004032,claim,320.72,screen_damage,2024-07-09
CLM-004033,claim,362.94,mechanical_failure,2024-11-13
CLM-004034,claim,135.17,accidental_damage,2023-09-13
CLM-004035,claim,99.89,mechanical_failure,2023-11-23
CLM-004036,claim,204.37,mechanical_failure,2023-02-23
CLM-004037,claim,84.69,screen_damage,2024-09-12
CLM-004038,claim,347.71,battery_issue,2024-08-20
CLM-004039,claim,118.69,water_damage,2024-07-29
CLM-004040,claim,294.12,software_issue,2023-05-23
CLM-004041,claim,71.65,theft,2023-06-05
CLM-004042,claim,207.92,accidental_damage,2024-08-24
CLM-004043,claim,502.65,battery_issue,2023-01-04
CLM-004044,claim,157.15,battery_issue,2023-11-14
CLM-004045,claim,324.93,screen_damage,2024-06-16
CLM-004046,claim,417.93,water_damage,2023-04-04
CLM-004047,claim,73.49,accidental_damage,2023-07-26
CLM-004048,claim,122.67,water_damage,2024-11-20
CLM-004049,claim,634.87,water_damage,2024-04-06
CLM-004050,claim,384.9,theft,2023-12-23
CLM-004051,claim,501.07,screen_damage,2024-05-31
CLM-004052,claim,139.79,mechanical_failure,2023-01-01
CLM-004053,claim,366.87,battery_issue,2023-06-13
CLM-004054,claim,259.71,software_issue,2023-05-21
CLM-004055,claim,302.76,battery_issue,2023-08-04
CLM-004056,claim,74.71,theft,2024-02-23
CLM-004057,claim,178.35,battery_issue,2023-07-14
CLM-004058,claim,248.19,theft,2023-02-21
CLM-004059,claim,250.63,software_issue,2024-11-18
CLM-004060,claim,172.26,battery_issue,2023-09-05
CLM-004061,claim,1441.2,screen_damage,2024-09-28
CLM-004062,claim,116.16,water_damage,2023-10-09
CLM-004063,claim,181.6,battery_issue,2024-04-27
CLM-004064,claim,83.13,screen_damage,2024-05-21
CLM-004065,claim,560.96,battery_issue,2024-02-23
CLM-004066,claim,486.11,water_damage,2023-01-04
CLM-004067,claim,100.09,screen_damage,2024-04-20
CLM-004068,claim,26.2,screen_damage,2023-09-26
CLM-004069,claim,183.43,battery_issue,2024-01-24
CLM-004070,claim,315.46,battery_issue,2023-08-14
CLM-004071,claim,130.9,battery_issue,2024-06-28
CLM-004072,claim,56.74,theft,2024-07-18
CLM-004073,claim,83.78,screen_damage,2024-08-12
CLM-004074,claim,283.79,theft,2023-01-10
CLM-004075,claim,577.14,accidental_damage,2024-08-07
CLM-004076,claim,200.64,accidental_damage,2023-09-26
CLM-004077,claim,80.9,screen_damage,2023-01-03
CLM-004078,claim,1070.33,battery_issue,2024-03-03
CLM-004079,claim,177.17,battery_issue,2023-11-13
CLM-004080,claim,198.34,screen_damage,2024-06-09
CLM-004081,claim,995.57,software_issue,2024-01-14
CLM-004082,claim,266.41,screen_damage,2023-10-15
CLM-004083,claim,1827.8,water_damage,2024-08-17
CLM-004084,claim,315.39,water_damage,2023-03-03
CLM-004085,claim,308.01,water_damage,2024-02-24
CLM-004086,claim,356.53,water_damage,2024-04-03
CLM-004087,claim,55.4,accidental_damage,2023-11-28
CLM-004088,claim,134.85,screen_damage,2023-02-14
CLM-004089,claim,90.7,screen_damage,2023-03-28
CLM-004090,claim,46.57,water_damage,2024-04-18
CLM-004091,claim,376.51,software_issue,2024-05-19
CLM-004092,claim,486.41,accidental_damage,2023-07-14
CLM-004093,claim,147.2,mechanical_failure,2023-09-02
CLM-004094,claim,131.08,software_issue,2024-02-18
CLM-004095,claim,248.04,screen_damage,2023-06-06
CLM-004096,claim,199.48,theft,2023-01-11
CLM-004097,claim,96.59,accidental_damage,2024-09-03
CLM-004098,claim,1003.72,theft,2023-12-10
CLM-004099,claim,166.5,water_damage,2024-11-06
CLM-004100,claim,1329.81,mechanical_failure,2024-11-03
CLM-004101,claim,523.89,battery_issue,2023-05-11
CLM-004102,claim,777.86,screen_damage,2024-09-02
CLM-004103,claim,127.39,screen_damage,2023-08-25
CLM-004104,claim,169.26,mechanical_failure,2023-05-18
CLM-004105,claim,163.75,screen_damage,2023-05-04
CLM-004106,claim,427.39,screen_damage,2024-11-29
CLM-004107,claim,124.89,screen_damage,2024-04-04
CLM-004108,claim,112.41,screen_damage,2024-07-22
CLM-004109,claim,154.67,theft,2024-01-04
CLM-004110,claim,117.52,theft,2023-03-18
CLM-004111,claim,149.56,battery_issue,2023-12-10
CLM-004112,claim,358.95,accidental_damage,2024-05-15
CLM-004113,claim,139.24,water_damage,2023-06-29
CLM-004114,claim,260.26,software_issue,2023-03-06
CLM-004115,claim,371.8,theft,2023-11-15
CLM-004116,claim,72.15,accidental_damage,2024-09-25
CLM-004117,claim,653.83,mechanical_failure,2023-08-16
CLM-004118,claim,44.46,theft,2024-02-13
CLM-004119,claim,553.6,water_damage,2024-08-19
CLM-004120,claim,292.15,theft,2023-01-17
CLM-004121,claim,139.63,screen_damage,2023-11-14
CLM-004122,claim,176.56,mechanical_failure,2023-04-17
CLM-004123,claim,172.24,accidental_damage,2023-07-29
CLM-004124,claim,332.96,software_issue,2024-04-07
CLM-004125,claim,120.66,battery_issue,2024-02-16
CLM-004126,claim,45.88,screen_damage,2024-03-02
CLM-004127,claim,517.39,accidental_damage,2024-04-08
CLM-004128,claim,198.94,software_issue,2023-11-24
CLM-004129,claim,122.44,screen_damage,2023-06-20
CLM-004130,claim,462.35,software_issue,2023-09-30
CLM-004131,claim,218.94,mechanical_failure,2024-11-13
CLM-004132,claim,168.57,accidental_damage,2024-04-07
CLM-004133,claim,1366.39,theft,2024-07-09
CLM-004134,claim,111.25,accidental_damage,2024-08-28
CLM-004135,claim,76.36,accidental_damage,2023-05-25
CLM-004136,claim,123.88,screen_damage,2023-05-16
CLM-004137,claim,129.6,battery_issue,2023-07-08
CLM-004138,claim,1016.57,mechanical_failure,2023-01-24
CLM-004139,claim,94.26,battery_issue,2024-09-30
CLM-004140,claim,672.68,software_issue,2024-04-23
CLM-004141,claim,490.8,mechanical_failure,2023-07-28
CLM-004142,claim,326.32,screen_damage,2023-09-28
CLM-004143,claim,251.53,screen_damage,2023-08-16
CLM-004144,claim,138.13,mechanical_failure,2024-02-22
CLM-004145,claim,256.72,screen_damage,2023-10-30
CLM-004146,claim,165.38,water_damage,2023-08-07
CLM-004147,claim,243.99,theft,2024-02-11
CLM-004148,claim,188.26,theft,2023-05-15
CLM-004149,claim,340.57,software_issue,2023-08-20
CLM-004150,claim,259.74,theft,2023-02-09
CLM-004151,claim,770.64,water_damage,2024-11-01
CLM-004152,claim,165.76,accidental_damage,2023-12-17
CLM-004153,claim,395.43,battery_issue,2024-02-22
CLM-004154,claim,68.33,accidental_damage,2023-12-20
CLM-004155,claim,281.83,software_issue,2024-10-06
CLM-004156,claim,593.17,accidental_damage,2024-06-30
CLM-004157,claim,400.49,water_damage,2024-02-28
CLM-004158,claim,180.92,theft,2023-11-30
CLM-004159,claim,1144.75,battery_issue,2024-08-27
CLM-004160,claim,307.78,battery_issue,2023-01-16
CLM-004161,claim,247.42,theft,2024-07-12
CLM-004162,claim,868.21,screen_damage,2023-09-10
CLM-004163,claim,174.86,software_issue,2023-08-27
CLM-004164,claim,225.72,theft,2023-11-24
CLM-004165,claim,360.67,theft,2023-11-12
CLM-004166,claim,99.61,water_damage,2024-06-22
CLM-004167,claim,142.57,theft,2024-04-04
CLM-004168,claim,227.68,water_damage,2023-12-16
CLM-004169,claim,285.49,mechanical_failure,2024-11-26
CLM-004170,claim,1131.64,accidental_damage,2023-07-31
CLM-004171,claim,353.74,software_issue,2024-01-23
CLM-004172,claim,560.33,mechanical_failure,2024-08-11
CLM-004173,claim,259.5,mechanical_failure,2023-02-13
CLM-004174,claim,52.35,battery_issue,2023-06-13
CLM-004175,claim,297.44,accidental_damage,2023-01-03
CLM-004176,claim,309.25,screen_damage,2023-06-15
CLM-004177,claim,231.83,screen_damage,2024-07-25
CLM-004178,claim,192.53,theft,2023-10-08
CLM-004179,claim,417.27,screen_damage,2024-08-30
CLM-004180,claim,429.25,water_damage,2023-05-15
CLM-004181,claim,240.67,screen_damage,2024-08-06
CLM-004182,claim,530.04,theft,2024-08-09
CLM-004183,claim,337.05,mechanical_failure,2023-05-29
CLM-004184,claim,221.47,water_damage,2023-09-15
CLM-004185,claim,128.56,accidental_damage,2023-08-02
CLM-004186,claim,94.06,software_issue,2024-01-21
CLM-004187,claim,125.05,water_damage,2024-01-17
CLM-004188,claim,90.32,software_issue,2023-05-01
CLM-004189,claim,25.93,mechanical_failure,2024-10-29
CLM-004190,claim,247.02,battery_issue,2024-02-22
CLM-004191,claim,199.88,water_damage,2023-08-09
CLM-004192,claim,157.84,battery_issue,2023-12-13
CLM-004193,claim,496.33,mechanical_failure,2024-02-12
CLM-004194,claim,33.27,water_damage,2024-07-19
CLM-004195,claim,259.05,software_issue,2023-09-11
CLM-004196,claim,844.3,accidental_damage,2024-04-25
CLM-004197,claim,396.64,software_issue,2023-09-09
CLM-004198,claim,156.59,software_issue,2024-03-27
CLM-004199,claim,125.15,battery_issue,2024-02-20
CLM-004200,claim,812.1,screen_damage,2023-02-21
CLM-004201,claim,187.91,mechanical_failure,2024-08-01
CLM-004202,claim,111.02,water_damage,2024-05-15
CLM-004203,claim,148.11,screen_damage,2024-06-28
CLM-004204,claim,575.96,software_issue,2024-09-10
CLM-004205,claim,320.19,accidental_damage,2023-03-30
CLM-004206,claim,152.21,screen_damage,2024-08-17
CLM-004207,claim,86.03,accidental_damage,2023-05-05
CLM-004208,claim,24.36,screen_damage,2023-01-24
CLM-004209,claim,672.09,battery_issue,2024-04-12
CLM-004210,claim,102.4,battery_issue,2023-11-25
CLM-004211,claim,844.6,water_damage,2023-09-06
CLM-004212,claim,862.52,theft,2023-05-13
CLM-004213,claim,106.47,software_issue,2023-12-17
CLM-004214,claim,158.06,battery_issue,2024-05-31
CLM-004215,claim,349.23,screen_damage,2023-08-02
CLM-004216,claim,240.97,theft,2024-07-11
CLM-004217,claim,2412.42,water_damage,2024-09-14
CLM-004218,claim,474.39,screen_damage,2023-11-22
CLM-004219,claim,826.88,accidental_damage,2024-08-15
CLM-004220,claim,510.97,water_damage,2024-10-23
CLM-004221,claim,305.58,water_damage,2024-06-14
CLM-004222,claim,126.42,screen_damage,2023-03-14
CLM-004223,claim,925.42,water_damage,2024-02-25
CLM-004224,claim,101.02,water_damage,2024-06-26
CLM-004225,claim,104.12,accidental_damage,2024-08-19
CLM-004226,claim,50.55,mechanical_failure,2023-02-04
CLM-004227,claim,55.41,battery_issue,2023-07-31
CLM-004228,claim,101.96,mechanical_failure,2023-10-22
CLM-004229,claim,275.79,mechanical_failure,2024-08-15
CLM-004230,claim,55.84,battery_issue,2023-08-23
CLM-004231,claim,114.94,mechanical_failure,2024-11-14
CLM-004232,claim,3261.45,accidental_damage,2024-10-22
CLM-004233,claim,108.45,screen_damage,2023-05-25
CLM-004234,claim,564.09,battery_issue,2024-06-20
CLM-004235,claim,534.89,accidental_damage,2023-07-31
CLM-004236,claim,34.44,water_damage,2024-06-10
CLM-004237,claim,684.81,theft,2024-07-30
CLM-004238,claim,157.95,software_issue,2023-01-25
CLM-004239,claim,172.01,screen_damage,2024-11-21
CLM-004240,claim,331.34,mechanical_failure,2023-05-31
CLM-004241,claim,233.2,theft,2024-02-22
CLM-004242,claim,1091.72,screen_damage,2023-11-04
CLM-004243,claim,164.47,theft,2024-10-21
CLM-004244,claim,97.55,software_issue,2023-11-15
CLM-004245,claim,152.74,software_issue,2024-10-10
CLM-004246,claim,486.28,water_damage,2023-02-04
CLM-004247,claim,204.85,screen_damage,2024-08-07
CLM-004248,claim,146.15,water_damage,2024-07-26
CLM-004249,claim,240.86,mechanical_failure,2024-04-08
CLM-004250,claim,817.57,screen_damage,2023-12-24
CLM-004251,claim,253.0,theft,2023-09-05
CLM-004252,claim,178.13,theft,2023-11-27
CLM-004253,claim,84.37,accidental_damage,2024-02-11
CLM-004254,claim,301.69,mechanical_failure,2024-04-02
CLM-004255,claim,1326.85,theft,2023-07-16
CLM-004256,claim,539.83,software_issue,2024-02-13
CLM-004257,claim,347.02,water_damage,2023-08-27
CLM-004258,claim,233.46,mechanical_failure,2023-12-06
CLM-004259,claim,831.14,screen_damage,2024-03-08
CLM-004260,claim,427.06,water_damage,2023-09-17
CLM-004261,claim,501.4,software_issue,2023-04-04
CLM-004262,claim,563.62,accidental_damage,2023-05-20
CLM-004263,claim,169.27,accidental_damage,2023-02-06
CLM-004264,claim,26.15,water_damage,2023-01-04
CLM-004265,claim,452.65,screen_damage,2024-02-10
CLM-004266,claim,808.73,accidental_damage,2023-09-20
CLM-004267,claim,576.82,water_damage,2024-08-03
CLM-004268,claim,379.05,water_damage,2024-04-20
CLM-004269,claim,1128.14,screen_damage,2023-09-05
CLM-004270,claim,91.11,water_damage,2024-08-26
CLM-004271,claim,220.11,water_damage,2024-02-21
CLM-004272,claim,817.68,mechanical_failure,2023-02-17
CLM-004273,claim,224.51,screen_damage,2024-06-06
CLM-004274,claim,171.95,battery_issue,2023-12-19
CLM-004275,claim,250.36,mechanical_failure,2024-05-17
CLM-004276,claim,350.32,battery_issue,2023-04-01
CLM-004277,claim,222.11,software_issue,2024-02-24
CLM-004278,claim,880.48,water_damage,2024-04-25
CLM-004279,claim,208.14,mechanical_failure,2024-02-08
CLM-004280,claim,411.73,screen_damage,2023-12-27
CLM-004281,claim,233.63,mechanical_failure,2023-04-02
CLM-004282,claim,2002.06,mechanical_failure,2023-05-26
CLM-004283,claim,126.72,theft,2024-02-07
CLM-004284,claim,399.51,mechanical_failure,2024-02-04
CLM-004285,claim,139.43,water_damage,2024-02-18
CLM-004286,claim,72.26,theft,2024-05-17
CLM-004287,claim,159.21,theft,2024-01-31
CLM-004288,claim,114.47,water_damage,2023-03-13
CLM-004289,claim,381.47,screen_damage,2023-07-23
CLM-004290,claim,44.19,accidental_damage,2023-09-16
CLM-004291,claim,296.7,screen_damage,2023-11-25
CLM-004292,claim,186.17,software_issue,2023-11-23
CLM-004293,claim,490.8,software_issue,2023-10-07
CLM-004294,claim,555.97,accidental_damage,2024-05-13
CLM-004295,claim,32.75,software_issue,2024-08-08
CLM-004296,claim,312.78,screen_damage,2023-02-13
CLM-004297,claim,441.84,battery_issue,2024-01-10
CLM-004298,claim,354.1,screen_damage,2023-08-21
CLM-004299,claim,115.79,battery_issue,2023-01-03
CLM-004300,claim,80.1,software_issue,2024-09-21
CLM-004301,claim,627.49,theft,2024-04-23
CLM-004302,claim,102.23,mechanical_failure,2023-01-08
CLM-004303,claim,165.97,accidental_damage,2023-03-27
CLM-004304,claim,3089.96,theft,2024-02-03
CLM-004305,claim,357.61,water_damage,2024-11-15
CLM-004306,claim,356.32,water_damage,2024-09-08
CLM-004307,claim,491.53,theft,2024-10-16
CLM-004308,claim,106.49,battery_issue,2023-04-14
CLM-004309,claim,198.32,theft,2024-05-19
CLM-004310,claim,139.97,water_damage,2023-04-05
CLM-004311,claim,314.16,software_issue,2024-08-03
CLM-004312,claim,80.98,software_issue,2023-05-30
CLM-004313,claim,151.02,water_damage,2023-05-04
CLM-004314,claim,825.35,theft,2024-11-24
CLM-004315,claim,184.68,software_issue,2023-06-20
CLM-004316,claim,440.2,screen_damage,2023-03-21
CLM-004317,claim,165.84,mechanical_failure,2024-03-04
CLM-004318,claim,135.58,mechanical_failure,2024-03-25
CLM-004319,claim,303.93,water_damage,2023-07-22
CLM-004320,claim,415.51,water_damage,2024-02-03
CLM-004321,claim,272.42,water_damage,2024-07-23
CLM-004322,claim,595.55,water_damage,2024-05-23
CLM-004323,claim,143.05,mechanical_failure,2024-09-25
CLM-004324,claim,54.06,software_issue,2023-11-30
CLM-004325,claim,410.59,accidental_damage,2024-03-25
CLM-004326,claim,111.26,screen_damage,2024-05-19
CLM-004327,claim,66.34,accidental_damage,2024-04-11
CLM-004328,claim,82.15,accidental_damage,2023-11-19
CLM-004329,claim,240.14,theft,2024-02-11
CLM-004330,claim,131.95,battery_issue,2024-11-25
CLM-004331,claim,258.2,accidental_damage,2024-09-20
CLM-004332,claim,418.54,accidental_damage,2023-01-15
CLM-004333,claim,402.88,battery_issue,2023-07-26
CLM-004334,claim,1010.21,software_issue,2023-07-29
CLM-004335,claim,1166.44,theft,2024-02-04
CLM-004336,claim,141.89,accidental_damage,2024-10-15
CLM-004337,claim,598.22,accidental_damage,2024-04-08
CLM-004338,claim,146.72,software_issue,2023-07-07
CLM-004339,claim,128.2,battery_issue,2024-04-30
CLM-004340,claim,507.16,accidental_damage,2023-06-30
CLM-004341,claim,393.96,theft,2023-11-26
CLM-004342,claim,512.96,battery_issue,2024-11-27
CLM-004343,claim,614.71,mechanical_failure,2023-12-19
CLM-004344,claim,166.03,mechanical_failure,2023-06-04
CLM-004345,claim,222.83,mechanical_failure,2024-09-05
CLM-004346,claim,252.26,accidental_damage,2023-06-28
CLM-004347,claim,84.4,battery_issue,2024-07-09
CLM-004348,claim,123.04,water_damage,2024-11-17
CLM-004349,claim,33.22,software_issue,2024-07-17
CLM-004350,claim,223.41,water_damage,2024-05-01
CLM-004351,claim,64.25,screen_damage,2023-12-16
CLM-004352,claim,563.22,screen_damage,2024-11-04
CLM-004353,claim,273.94,battery_issue,2023-05-10
CLM-004354,claim,159.1,mechanical_failure,2023-02-04
CLM-004355,claim,627.45,water_damage,2024-04-01
CLM-004356,claim,114.4,accidental_damage,2023-10-25
CLM-004357,claim,492.21,accidental_damage,2023-08-14
CLM-004358,claim,146.53,theft,2024-01-25
CLM-004359,claim,733.73,theft,2023-07-01
CLM-004360,claim,335.95,mechanical_failure,2023-07-24
CLM-004361,claim,430.84,theft,2024-01-20
CLM-004362,claim,249.05,water_damage,2024-05-22
CLM-004363,claim,205.29,software_issue,2023-02-12
CLM-004364,claim,289.91,battery_issue,2023-04-19
CLM-004365,claim,259.58,water_damage,2023-08-29
CLM-004366,claim,225.29,battery_issue,2024-10-25
CLM-004367,claim,506.27,battery_issue,2023-09-06
CLM-004368,claim,106.26,battery_issue,2024-03-13
CLM-004369,claim,278.65,screen_damage,2024-06-06
CLM-004370,claim,1577.74,screen_damage,2024-08-09
CLM-004371,claim,56.93,theft,2024-05-21
CLM-004372,claim,370.42,accidental_damage,2024-10-18
CLM-004373,claim,311.77,battery_issue,2024-04-26
CLM-004374,claim,567.57,mechanical_failure,2023-12-22
CLM-004375,claim,253.63,accidental_damage,2024-08-21
CLM-004376,claim,199.88,software_issue,2024-04-04
CLM-004377,claim,71.99,mechanical_failure,2023-04-03
CLM-004378,claim,282.26,battery_issue,2023-12-10
CLM-004379,claim,685.67,accidental_damage,2023-10-12
CLM-004380,claim,186.4,mechanical_failure,2024-09-14
CLM-004381,claim,146.89,software_issue,2023-12-02
CLM-004382,claim,336.02,water_damage,2023-09-13
CLM-004383,claim,99.72,accidental_damage,2024-11-26
CLM-004384,claim,252.49,battery_issue,2024-09-20
CLM-004385,claim,511.88,accidental_damage,2024-03-04
CLM-004386,claim,222.32,mechanical_failure,2024-02-07
CLM-004387,claim,310.21,screen_damage,2023-11-29
CLM-004388,claim,249.75,battery_issue,2024-06-20
CLM-004389,claim,248.92,theft,2023-10-19
CLM-004390,claim,357.02,software_issue,2023-04-07
CLM-004391,claim,982.83,battery_issue,2024-11-19
CLM-004392,claim,56.23,water_damage,2023-12-28
CLM-004393,claim,217.32,theft,2023-05-27
CLM-004394,claim,120.37,software_issue,2023-01-10
CLM-004395,claim,186.24,water_damage,2023-11-15
CLM-004396,claim,551.16,software_issue,2024-03-18
CLM-004397,claim,234.35,theft,2024-03-20
CLM-004398,claim,398.62,screen_damage,2023-05-14
CLM-004399,claim,577.97,mechanical_failure,2024-04-26
CLM-004400,claim,177.91,accidental_damage,2024-08-28
CLM-004401,claim,476.61,mechanical_failure,2023-09-06
CLM-004402,claim,233.32,screen_damage,2023-02-24
CLM-004403,claim,141.81,water_damage,2023-07-07
CLM-004404,claim,212.17,mechanical_failure,2023-11-22
CLM-004405,claim,325.29,water_damage,2024-10-07
CLM-004406,claim,66.06,water_damage,2023-08-20
CLM-004407,claim,308.16,theft,2024-01-21
CLM-004408,claim,164.97,software_issue,2023-03-31
CLM-004409,claim,527.35,water_damage,2023-07-21
CLM-004410,claim,292.56,mechanical_failure,2023-08-27
CLM-004411,claim,168.4,software_issue,2024-11-18
CLM-004412,claim,313.17,water_damage,2023-05-27
CLM-004413,claim,91.33,mechanical_failure,2024-07-14
CLM-004414,claim,313.16,theft,2023-12-05
CLM-004415,claim,127.1,mechanical_failure,2023-07-23
CLM-004416,claim,931.16,water_damage,2024-05-24
CLM-004417,claim,651.14,software_issue,2024-06-03
CLM-004418,claim,124.85,mechanical_failure,2024-06-01
CLM-004419,claim,91.51,theft,2024-08-28
CLM-004420,claim,660.04,software_issue,2024-06-27
CLM-004421,claim,1068.14,theft,2023-09-06
CLM-004422,claim,418.75,software_issue,2023-07-14
CLM-004423,claim,282.17,mechanical_failure,2023-09-13
CLM-004424,claim,129.29,accidental_damage,2024-06-18
CLM-004425,claim,383.14,theft,2023-06-27
CLM-004426,claim,497.92,software_issue,2023-02-21
CLM-004427,claim,56.49,accidental_damage,2023-06-01
CLM-004428,claim,588.87,battery_issue,2023-12-08
CLM-004429,claim,154.15,software_issue,2023-07-14
CLM-004430,claim,252.9,accidental_damage,2024-02-21
CLM-004431,claim,95.36,screen_damage,2024-04-24
CLM-004432,claim,952.03,accidental_damage,2024-10-22
CLM-004433,claim,1473.44,water_damage,2023-06-21
CLM-004434,claim,2367.61,theft,2023-03-20
CLM-004435,claim,302.34,software_issue,2024-03-04
CLM-004436,claim,115.37,battery_issue,2024-01-30
CLM-004437,claim,399.92,water_damage,2023-01-05
CLM-004438,claim,164.33,theft,2024-03-06
CLM-004439,claim,221.4,screen_damage,2024-04-30
CLM-004440,claim,62.02,software_issue,2023-06-23
CLM-004441,claim,604.15,mechanical_failure,2024-04-03
CLM-004442,claim,44.4,screen_damage,2023-12-25
CLM-004443,claim,207.53,screen_damage,2024-10-09
CLM-004444,claim,227.85,battery_issue,2023-11-07
CLM-004445,claim,518.36,accidental_damage,2024-05-31
CLM-004446,claim,611.45,battery_issue,2024-01-12
CLM-004447,claim,43.43,mechanical_failure,2024-01-28
CLM-004448,claim,338.79,mechanical_failure,2023-08-04
CLM-004449,claim,191.73,battery_issue,2023-04-30
CLM-004450,claim,441.4,software_issue,2023-01-02
CLM-004451,claim,107.16,software_issue,2024-09-29
CLM-004452,claim,353.51,screen_damage,2023-03-23
CLM-004453,claim,381.84,accidental_damage,2024-08-04
CLM-004454,claim,450.24,software_issue,2024-05-29
CLM-004455,claim,218.03,screen_damage,2024-10-06
CLM-004456,claim,377.74,mechanical_failure,2023-10-08
CLM-004457,claim,287.57,theft,2023-07-27
CLM-004458,claim,78.1,water_damage,2024-09-09
CLM-004459,claim,220.56,accidental_damage,2023-04-10
CLM-004460,claim,64.37,theft,2024-03-09
CLM-004461,claim,360.61,accidental_damage,2023-03-01
CLM-004462,claim,902.25,software_issue,2023-06-14
CLM-004463,claim,364.1,theft,2024-10-19
CLM-004464,claim,275.4,screen_damage,2023-11-27
CLM-004465,claim,144.45,screen_damage,2024-01-10
CLM-004466,claim,240.78,accidental_damage,2024-06-14
CLM-004467,claim,168.24,theft,2024-01-09
CLM-004468,claim,84.26,water_damage,2024-05-08
CLM-004469,claim,46.01,mechanical_failure,2024-09-01
CLM-004470,claim,126.24,theft,2023-09-09
CLM-004471,claim,178.56,accidental_damage,2024-01-27
CLM-004472,claim,457.48,accidental_damage,2023-11-22
CLM-004473,claim,622.52,battery_issue,2023-06-16
CLM-004474,claim,260.76,battery_issue,2024-07-14
CLM-004475,claim,69.7,screen_damage,2023-11-21
CLM-004476,claim,136.89,accidental_damage,2024-01-16
CLM-004477,claim,87.08,software_issue,2024-07-10
CLM-004478,claim,420.91,battery_issue,2024-07-31
CLM-004479,claim,115.39,water_damage,2024-09-23
CLM-004480,claim,371.18,screen_damage,2024-11-08
CLM-004481,claim,42.14,theft,2024-10-31
CLM-004482,claim,788.0,screen_damage,2023-08-08
CLM-004483,claim,206.51,theft,2023-02-09
CLM-004484,claim,322.85,mechanical_failure,2023-02-16
CLM-004485,claim,90.22,mechanical_failure,2024-05-31
CLM-004486,claim,353.97,theft,2024-03-15
CLM-004487,claim,333.7,mechanical_failure,2023-03-04
CLM-004488,claim,479.36,battery_issue,2024-08-24
CLM-004489,claim,205.24,screen_damage,2023-12-03
CLM-004490,claim,330.4,accidental_damage,2023-03-06
CLM-004491,claim,339.68,water_damage,2023-07-06
CLM-004492,claim,754.17,theft,2023-11-03
CLM-004493,claim,116.26,screen_damage,2023-07-05
CLM-004494,claim,169.76,software_issue,2024-04-18
CLM-004495,claim,137.32,mechanical_failure,2024-07-14
CLM-004496,claim,390.63,theft,2024-11-11
CLM-004497,claim,86.73,screen_damage,2023-10-20
CLM-004498,claim,102.17,software_issue,2024-06-09
CLM-004499,claim,419.42,software_issue,2023-08-18
CLM-004500,claim,172.21,mechanical_failure,2024-04-25
CLM-004501,claim,141.23,accidental_damage,2023-01-07
CLM-004502,claim,46.91,water_damage,2023-03-18
CLM-004503,claim,225.44,screen_damage,2023-08-06
CLM-004504,claim,261.73,screen_damage,2023-03-04
CLM-004505,claim,503.01,theft,2024-07-26
CLM-004506,claim,907.16,battery_issue,2024-03-27
CLM-004507,claim,201.39,battery_issue,2024-11-17
CLM-004508,claim,57.79,mechanical_failure,2023-09-15
CLM-004509,claim,79.57,battery_issue,2024-06-15
CLM-004510,claim,547.32,software_issue,2024-05-21
CLM-004511,claim,29.13,mechanical_failure,2023-12-18
CLM-004512,claim,78.61,screen_damage,2023-11-08
CLM-004513,claim,417.44,accidental_damage,2023-11-26
CLM-004514,claim,472.14,theft,2023-07-09
CLM-004515,claim,385.99,mechanical_failure,2023-02-16
CLM-004516,claim,336.13,battery_issue,2024-06-15
CLM-004517,claim,182.27,accidental_damage,2024-03-02
CLM-004518,claim,151.77,mechanical_failure,2023-09-16
CLM-004519,claim,229.57,software_issue,2024-09-14
CLM-004520,claim,991.04,mechanical_failure,2023-02-26
CLM-004521,claim,637.0,accidental_damage,2024-10-10
CLM-004522,claim,548.48,mechanical_failure,2024-03-14
CLM-004523,claim,223.23,mechanical_failure,2023-03-31
CLM-004524,claim,73.1,accidental_damage,2023-03-10
CLM-004525,claim,321.03,water_damage,2023-11-15
CLM-004526,claim,230.3,accidental_damage,2023-04-14
CLM-004527,claim,319.12,screen_damage,2024-02-03
CLM-004528,claim,671.76,mechanical_failure,2023-11-18
CLM-004529,claim,318.49,battery_issue,2023-07-28
CLM-004530,claim,122.92,theft,2024-01-30
CLM-004531,claim,43.55,theft,2024-02-10
CLM-004532,claim,731.61,theft,2024-05-08
CLM-004533,claim,380.69,accidental_damage,2024-09-27
CLM-004534,claim,505.83,software_issue,2023-03-16
CLM-004535,claim,168.71,mechanical_failure,2024-03-25
CLM-004536,claim,376.58,theft,2023-10-04
CLM-004537,claim,364.1,accidental_damage,2023-04-19
CLM-004538,claim,208.55,software_issue,2024-11-18
CLM-004539,claim,125.16,screen_damage,2024-04-04
CLM-004540,claim,346.02,mechanical_failure,2024-10-20
CLM-004541,claim,176.46,screen_damage,2023-07-09
CLM-004542,claim,742.83,battery_issue,2024-03-10
CLM-004543,claim,1290.14,screen_damage,2023-09-07
CLM-004544,claim,141.73,battery_issue,2024-08-04
CLM-004545,claim,515.77,theft,2023-07-24
CLM-004546,claim,528.67,software_issue,2024-02-15
CLM-004547,claim,73.01,battery_issue,2024-04-22
CLM-004548,claim,261.67,battery_issue,2023-08-22
CLM-004549,claim,326.94,screen_damage,2024-03-13
CLM-004550,claim,284.96,battery_issue,2024-03-28
CLM-004551,claim,97.77,mechanical_failure,2023-07-21
CLM-004552,claim,359.83,water_damage,2024-06-26
CLM-004553,claim,260.39,battery_issue,2023-10-02
CLM-004554,claim,310.9,battery_issue,2024-09-11
CLM-004555,claim,97.17,theft,2024-07-27
CLM-004556,claim,406.1,screen_damage,2023-12-14
CLM-004557,claim,762.24,battery_issue,2024-11-12
CLM-004558,claim,336.25,mechanical_failure,2024-09-26
CLM-004559,claim,271.26,screen_damage,2023-12-01
CLM-004560,claim,93.81,accidental_damage,2023-06-13
CLM-004561,claim,279.58,software_issue,2024-04-02
CLM-004562,claim,644.19,theft,2024-11-21
CLM-004563,claim,470.57,screen_damage,2024-05-13
CLM-004564,claim,85.32,mechanical_failure,2023-11-11
CLM-004565,claim,1287.94,software_issue,2024-09-22
CLM-004566,claim,47.41,accidental_damage,2023-11-17
CLM-004567,claim,569.23,screen_damage,2023-03-16
CLM-004568,claim,545.33,mechanical_failure,2024-03-06
CLM-004569,claim,98.89,battery_issue,2023-07-20
CLM-004570,claim,710.42,mechanical_failure,2023-02-24
CLM-004571,claim,83.33,accidental_damage,2023-03-23
CLM-004572,claim,624.82,software_issue,2024-01-20
CLM-004573,claim,266.89,screen_damage,2023-03-05
CLM-004574,claim,185.35,software_issue,2024-07-25
CLM-004575,claim,170.26,screen_damage,2023-03-04
CLM-004576,claim,274.63,theft,2024-05-28
CLM-004577,claim,823.26,battery_issue,2023-05-10
CLM-004578,claim,213.52,mechanical_failure,2024-01-20
CLM-004579,claim,184.39,theft,2023-10-17
CLM-004580,claim,307.82,software_issue,2023-07-25
CLM-004581,claim,131.47,water_damage,2023-09-08
CLM-004582,claim,39.93,accidental_damage,2023-02-11
CLM-004583,claim,501.16,theft,2023-02-17
CLM-004584,claim,105.45,theft,2024-02-09
CLM-004585,claim,96.16,water_damage,2024-03-20
CLM-004586,claim,170.26,battery_issue,2024-01-15
CLM-004587,claim,227.72,software_issue,2023-06-09
CLM-004588,claim,67.51,theft,2023-06-29
CLM-004589,claim,224.86,accidental_damage,2023-03-04
CLM-004590,claim,96.62,screen_damage,2023-01-12
CLM-004591,claim,354.47,mechanical_failure,2024-02-21
CLM-004592,claim,1453.6,software_issue,2024-08-28
CLM-004593,claim,686.83,screen_damage,2024-09-12
CLM-004594,claim,206.36,accidental_damage,2023-08-03
CLM-004595,claim,362.07,battery_issue,2023-01-20
CLM-004596,claim,568.73,software_issue,2023-04-05
CLM-004597,claim,464.67,software_issue,2023-03-11
CLM-004598,claim,412.73,battery_issue,2023-10-09
CLM-004599,claim,269.76,software_issue,2023-10-22
CLM-004600,claim,603.82,water_damage,2024-10-30
CLM-004601,claim,156.34,accidental_damage,2023-10-26
CLM-004602,claim,108.15,mechanical_failure,2023-05-18
CLM-004603,claim,581.58,screen_damage,2024-03-15
CLM-004604,claim,137.44,accidental_damage,2024-06-21
CLM-004605,claim,78.94,theft,2023-06-07
CLM-004606,claim,494.35,software_issue,2023-04-19
CLM-004607,claim,1093.71,software_issue,2024-09-04
CLM-004608,claim,259.93,water_damage,2024-09-11
CLM-004609,claim,350.97,accidental_damage,2023-10-19
CLM-004610,claim,109.26,screen_damage,2023-02-18
CLM-004611,claim,184.33,theft,2023-06-19
CLM-004612,claim,445.05,screen_damage,2023-08-20
CLM-004613,claim,1596.51,software_issue,2023-08-21
CLM-004614,claim,1014.53,mechanical_failure,2024-06-13
CLM-004615,claim,175.31,accidental_damage,2024-06-28
CLM-004616,claim,1687.55,water_damage,2024-09-30
CLM-004617,claim,199.69,accidental_damage,2024-06-21
CLM-004618,claim,48.82,battery_issue,2023-08-26
CLM-004619,claim,138.2,screen_damage,2024-11-04
CLM-004620,claim,557.91,theft,2024-04-18
CLM-004621,claim,537.15,theft,2023-03-26
CLM-004622,claim,135.1,software_issue,2024-01-18
CLM-004623,claim,115.25,water_damage,2024-06-29
CLM-004624,claim,69.55,mechanical_failure,2024-08-27
CLM-004625,claim,298.98,theft,2024-07-30
CLM-004626,claim,74.07,water_damage,2023-08-05
CLM-004627,claim,672.06,screen_damage,2023-09-10
CLM-004628,claim,175.19,mechanical_failure,2023-09-02
CLM-004629,claim,353.17,software_issue,2023-05-27
CLM-004630,claim,108.84,theft,2023-12-19
CLM-004631,claim,229.29,battery_issue,2024-02-06
CLM-004632,claim,477.44,water_damage,2023-09-21
CLM-004633,claim,191.65,battery_issue,2024-03-15
CLM-004634,claim,298.77,screen_damage,2023-09-22
CLM-004635,claim,89.18,mechanical_failure,2024-09-11
CLM-004636,claim,478.8,screen_damage,2024-01-14
CLM-004637,claim,168.22,screen_damage,2023-10-03
CLM-004638,claim,745.38,screen_damage,2024-03-13
CLM-004639,claim,106.52,screen_damage,2024-07-05
CLM-004640,claim,388.33,mechanical_failure,2023-01-21
CLM-004641,claim,146.31,accidental_damage,2024-05-25
CLM-004642,claim,454.92,water_damage,2024-11-28
CLM-004643,claim,1202.23,software_issue,2024-11-15
CLM-004644,claim,460.65,battery_issue,2024-08-02
CLM-004645,claim,165.76,mechanical_failure,2023-06-11
CLM-004646,claim,513.61,accidental_damage,2023-01-01
CLM-004647,claim,115.64,water_damage,2024-06-06
CLM-004648,claim,806.54,battery_issue,2024-07-07
CLM-004649,claim,452.43,theft,2023-07-17
CLM-004650,claim,139.81,water_damage,2024-10-15
CLM-004651,claim,299.77,mechanical_failure,2023-08-17
CLM-004652,claim,433.03,water_damage,2023-11-28
CLM-004653,claim,41.86,screen_damage,2023-11-08
CLM-004654,claim,174.69,accidental_damage,2023-04-28
CLM-004655,claim,698.66,water_damage,2023-04-07
CLM-004656,claim,361.65,theft,2024-11-11
CLM-004657,claim,156.16,theft,2024-04-25
CLM-004658,claim,107.88,software_issue,2024-03-15
CLM-004659,claim,361.76,accidental_damage,2024-04-06
CLM-004660,claim,269.79,accidental_damage,2024-04-22
CLM-004661,claim,125.81,screen_damage,2024-02-20
CLM-004662,claim,305.79,accidental_damage,2024-01-06
CLM-004663,claim,228.19,software_issue,2023-06-02
CLM-004664,claim,818.35,water_damage,2023-11-02
CLM-004665,claim,571.91,water_damage,2024-08-06
CLM-004666,claim,253.53,mechanical_failure,2023-01-30
CLM-004667,claim,356.03,battery_issue,2023-03-27
CLM-004668,claim,283.63,theft,2024-08-18
CLM-004669,claim,98.16,mechanical_failure,2023-06-19
CLM-004670,claim,234.88,accidental_damage,2024-04-24
CLM-004671,claim,117.93,battery_issue,2024-11-17
CLM-004672,claim,449.04,accidental_damage,2023-04-08
CLM-004673,claim,839.83,screen_damage,2023-04-01
CLM-004674,claim,422.32,battery_issue,2023-05-12
CLM-004675,claim,189.11,water_damage,2024-05-27
CLM-004676,claim,430.02,accidental_damage,2023-03-27
CLM-004677,claim,165.13,theft,2024-01-24
CLM-004678,claim,588.73,software_issue,2023-07-09
CLM-004679,claim,878.83,water_damage,2024-01-29
CLM-004680,claim,367.41,software_issue,2023-02-08
CLM-004681,claim,148.7,accidental_damage,2023-03-15
CLM-004682,claim,368.27,accidental_damage,2024-04-06
CLM-004683,claim,74.52,software_issue,2024-01-17
CLM-004684,claim,117.84,battery_issue,2024-11-03
CLM-004685,claim,669.92,accidental_damage,2023-03-11
CLM-004686,claim,93.48,accidental_damage,2023-06-06
CLM-004687,claim,117.5,screen_damage,2024-11-20
CLM-004688,claim,234.41,software_issue,2023-06-06
CLM-004689,claim,138.95,water_damage,2024-08-25
CLM-004690,claim,786.12,mechanical_failure,2023-05-06
CLM-004691,claim,653.31,mechanical_failure,2023-02-16
CLM-004692,claim,282.45,water_damage,2024-06-16
CLM-004693,claim,243.34,theft,2023-03-27
CLM-004694,claim,79.19,battery_issue,2024-06-16
CLM-004695,claim,598.81,screen_damage,2023-10-12
CLM-004696,claim,730.7,accidental_damage,2023-05-13
CLM-004697,claim,150.05,accidental_damage,2024-02-19
CLM-004698,claim,162.47,mechanical_failure,2023-10-15
CLM-004699,claim,143.3,accidental_damage,2023-10-30
CLM-004700,claim,650.61,battery_issue,2023-01-12
CLM-004701,claim,202.57,battery_issue,2023-09-02
CLM-004702,claim,188.59,screen_damage,2023-03-07
CLM-004703,claim,614.32,battery_issue,2023-02-03
CLM-004704,claim,140.47,mechanical_failure,2023-06-20
CLM-004705,claim,147.18,theft,2024-09-15
CLM-004706,claim,600.08,accidental_damage,2023-05-04
CLM-004707,claim,160.57,theft,2023-08-09
CLM-004708,claim,180.73,screen_damage,2023-04-19
CLM-004709,claim,50.03,screen_damage,2024-05-25
CLM-004710,claim,211.58,software_issue,2023-06-21
CLM-004711,claim,296.26,battery_issue,2024-08-07
CLM-004712,claim,181.03,battery_issue,2024-03-18
CLM-004713,claim,202.88,accidental_damage,2023-11-26
CLM-004714,claim,135.73,accidental_damage,2023-01-21
CLM-004715,claim,179.87,water_damage,2023-09-17
CLM-004716,claim,113.79,software_issue,2024-04-22
CLM-004717,claim,206.41,mechanical_failure,2024-08-02
CLM-004718,claim,205.19,software_issue,2024-08-27
CLM-004719,claim,200.9,software_issue,2024-03-10
CLM-004720,claim,101.72,battery_issue,2024-06-24
CLM-004721,claim,108.12,software_issue,2024-06-27
CLM-004722,claim,457.63,software_issue,2023-06-05
CLM-004723,claim,576.07,water_damage,2024-08-16
CLM-004724,claim,97.24,accidental_damage,2024-06-09
CLM-004725,claim,468.45,accidental_damage,2024-01-28
CLM-004726,claim,287.59,software_issue,2024-02-11
CLM-004727,claim,47.43,software_issue,2024-06-05
CLM-004728,claim,211.61,software_issue,2023-08-16
CLM-004729,claim,4600.42,screen_damage,2023-07-14
CLM-004730,claim,232.9,screen_damage,2023-04-16
CLM-004731,claim,164.95,software_issue,2024-03-26
CLM-004732,claim,477.78,accidental_damage,2024-10-18
CLM-004733,claim,204.99,battery_issue,2023-11-09
CLM-004734,claim,683.91,software_issue,2024-01-05
CLM-004735,claim,216.03,mechanical_failure,2024-07-28
CLM-004736,claim,126.67,water_damage,2024-08-18
CLM-004737,claim,159.81,accidental_damage,2024-10-31
CLM-004738,claim,44.96,water_damage,2023-10-31
CLM-004739,claim,85.02,mechanical_failure,2024-09-27
CLM-004740,claim,387.38,software_issue,2024-08-28
CLM-004741,claim,1325.26,software_issue,2023-08-30
CLM-004742,claim,438.31,water_damage,2023-08-11
CLM-004743,claim,79.27,screen_damage,2023-12-10
CLM-004744,claim,99.02,software_issue,2023-07-31
CLM-004745,claim,311.44,battery_issue,2024-01-27
CLM-004746,claim,396.32,battery_issue,2023-01-01
CLM-004747,claim,374.74,theft,2023-07-11
CLM-004748,claim,99.07,mechanical_failure,2024-07-23
CLM-004749,claim,271.93,mechanical_failure,2024-05-17
CLM-004750,claim,327.84,theft,2023-07-15
CLM-004751,claim,300.72,battery_issue,2024-10-24
CLM-004752,claim,143.16,theft,2023-12-07
CLM-004753,claim,91.93,theft,2024-05-30
CLM-004754,claim,171.29,battery_issue,2024-04-26
CLM-004755,claim,69.93,accidental_damage,2023-06-15
CLM-004756,claim,451.71,software_issue,2024-11-30
CLM-004757,claim,384.88,battery_issue,2023-05-01
CLM-004758,claim,1628.37,battery_issue,2024-01-13
CLM-004759,claim,357.5,accidental_damage,2024-07-05
CLM-004760,claim,263.16,screen_damage,2024-10-08
CLM-004761,claim,224.48,software_issue,2024-06-15
CLM-004762,claim,97.97,water_damage,2023-12-16
CLM-004763,claim,1687.73,mechanical_failure,2024-08-16
CLM-004764,claim,284.62,accidental_damage,2024-05-16
CLM-004765,claim,495.52,theft,2024-07-06
CLM-004766,claim,167.87,water_damage,2024-11-14
CLM-004767,claim,501.46,water_damage,2023-06-05
CLM-004768,claim,514.69,accidental_damage,2023-04-10
CLM-004769,claim,148.11,water_damage,2024-10-25
CLM-004770,claim,100.64,mechanical_failure,2023-11-12
CLM-004771,claim,196.63,screen_damage,2024-06-12
CLM-004772,claim,850.75,software_issue,2024-05-19
CLM-004773,claim,65.67,theft,2024-03-07
CLM-004774,claim,97.96,mechanical_failure,2023-07-06
CLM-004775,claim,270.79,water_damage,2023-08-26
CLM-004776,claim,98.8,accidental_damage,2023-04-03
CLM-004777,claim,152.63,software_issue,2023-09-08
CLM-004778,claim,236.47,water_damage,2023-12-12
CLM-004779,claim,104.57,water_damage,2024-11-16
CLM-004780,claim,537.36,software_issue,2024-05-19
CLM-004781,claim,358.31,mechanical_failure,2023-05-06
CLM-004782,claim,379.43,theft,2024-10-12
CLM-004783,claim,399.54,software_issue,2024-03-04
CLM-004784,claim,362.03,water_damage,2024-03-17
CLM-004785,claim,97.33,battery_issue,2023-03-08
CLM-004786,claim,90.58,water_damage,2023-10-02
CLM-004787,claim,353.32,theft,2024-08-10
CLM-004788,claim,486.65,battery_issue,2024-05-21
CLM-004789,claim,107.98,accidental_damage,2024-01-21
CLM-004790,claim,336.24,theft,2023-05-04
CLM-004791,claim,251.07,theft,2023-01-18
CLM-004792,claim,243.72,theft,2024-01-26
CLM-004793,claim,339.87,mechanical_failure,2024-04-14
CLM-004794,claim,417.82,water_damage,2023-01-16
CLM-004795,claim,66.95,theft,2023-10-13
CLM-004796,claim,103.76,screen_damage,2024-01-28
CLM-004797,claim,659.7,battery_issue,2024-10-12
CLM-004798,claim,114.71,accidental_damage,2023-05-04
CLM-004799,claim,367.77,software_issue,2023-05-22
CLM-004800,claim,169.69,screen_damage,2024-09-07
CLM-004801,claim,191.09,accidental_damage,2024-03-13
CLM-004802,claim,286.04,battery_issue,2024-09-16
CLM-004803,claim,108.18,accidental_damage,2023-09-16
CLM-004804,claim,637.19,water_damage,2023-03-21
CLM-004805,claim,248.77,accidental_damage,2024-10-26
CLM-004806,claim,382.63,water_damage,2024-03-05
CLM-004807,claim,409.55,theft,2024-02-05
CLM-004808,claim,253.35,battery_issue,2023-09-30
CLM-004809,claim,184.43,battery_issue,2024-10-12
CLM-004810,claim,638.03,accidental_damage,2023-01-22
CLM-004811,claim,145.62,screen_damage,2023-08-28
CLM-004812,claim,204.4,water_damage,2024-01-30
CLM-004813,claim,445.72,battery_issue,2023-11-12
CLM-004814,claim,392.64,water_damage,2023-01-11
CLM-004815,claim,81.65,theft,2023-06-15
CLM-004816,claim,135.45,screen_damage,2024-08-27
CLM-004817,claim,199.64,screen_damage,2023-08-29
CLM-004818,claim,382.32,software_issue,2024-10-25
CLM-004819,claim,557.2,theft,2024-09-04
CLM-004820,claim,180.02,software_issue,2023-10-21
CLM-004821,claim,368.38,accidental_damage,2024-05-26
CLM-004822,claim,457.44,mechanical_failure,2023-08-04
CLM-004823,claim,692.18,battery_issue,2024-03-13
CLM-004824,claim,121.74,accidental_damage,2024-11-14
CLM-004825,claim,134.29,battery_issue,2023-03-05
CLM-004826,claim,509.73,water_damage,2024-01-19
CLM-004827,claim,95.47,water_damage,2023-02-02
CLM-004828,claim,154.13,software_issue,2024-02-21
CLM-004829,claim,221.45,battery_issue,2023-12-03
CLM-004830,claim,724.84,accidental_damage,2023-07-23
CLM-004831,claim,971.69,mechanical_failure,2024-04-20
CLM-004832,claim,103.12,battery_issue,2023-02-09
CLM-004833,claim,804.01,screen_damage,2024-07-03
CLM-004834,claim,149.87,mechanical_failure,2024-01-21
CLM-004835,claim,187.16,screen_damage,2024-01-07
CLM-004836,claim,369.53,battery_issue,2024-11-12
CLM-004837,claim,189.49,screen_damage,2024-03-21
CLM-004838,claim,1219.9,water_damage,2024-06-16
CLM-004839,claim,427.82,water_damage,2024-02-29
CLM-004840,claim,248.79,screen_damage,2024-02-07
CLM-004841,claim,605.81,water_damage,2023-01-09
CLM-004842,claim,673.87,water_damage,2024-03-24
CLM-004843,claim,382.56,software_issue,2023-08-10
CLM-004844,claim,188.94,mechanical_failure,2024-08-06
CLM-004845,claim,325.9,software_issue,2024-03-12
CLM-004846,claim,104.1,screen_damage,2024-11-08
CLM-004847,claim,151.16,software_issue,2024-04-20
CLM-004848,claim,34.23,screen_damage,2024-10-13
CLM-004849,claim,749.96,battery_issue,2023-01-10
CLM-004850,claim,66.69,water_damage,2023-08-31
CLM-004851,claim,795.91,theft,2024-09-09
CLM-004852,claim,208.35,accidental_damage,2024-07-17
CLM-004853,claim,892.26,water_damage,2024-11-25
CLM-004854,claim,360.21,theft,2023-04-24
CLM-004855,claim,243.25,screen_damage,2024-07-13
CLM-004856,claim,173.36,software_issue,2023-01-04
CLM-004857,claim,146.48,battery_issue,2024-08-05
CLM-004858,claim,254.72,water_damage,2024-11-27
CLM-004859,claim,994.62,mechanical_failure,2024-03-20
CLM-004860,claim,52.56,accidental_damage,2023-03-26
CLM-004861,claim,65.6,screen_damage,2024-01-10
CLM-004862,claim,623.28,screen_damage,2024-06-01
CLM-004863,claim,485.37,theft,2024-07-15
CLM-004864,claim,123.45,accidental_damage,2024-09-30
CLM-004865,claim,255.0,screen_damage,2024-09-28
CLM-004866,claim,457.82,software_issue,2024-01-05
CLM-004867,claim,82.95,mechanical_failure,2023-08-18
CLM-004868,claim,46.41,battery_issue,2023-06-05
CLM-004869,claim,137.01,screen_damage,2023-04-12
CLM-004870,claim,254.54,water_damage,2023-03-20
CLM-004871,claim,536.99,accidental_damage,2024-07-08
CLM-004872,claim,46.09,battery_issue,2024-09-09
CLM-004873,claim,109.4,software_issue,2023-07-21
CLM-004874,claim,1049.56,water_damage,2023-03-07
CLM-004875,claim,277.53,theft,2023-03-13
CLM-004876,claim,312.85,software_issue,2024-11-10
CLM-004877,claim,157.53,mechanical_failure,2023-06-28
CLM-004878,claim,180.47,mechanical_failure,2023-10-22
CLM-004879,claim,1165.64,accidental_damage,2023-01-21
CLM-004880,claim,162.18,theft,2023-05-10
CLM-004881,claim,124.93,water_damage,2023-12-22
CLM-004882,claim,82.36,screen_damage,2023-02-17
CLM-004883,claim,74.44,accidental_damage,2023-08-03
CLM-004884,claim,579.46,mechanical_failure,2023-12-24
CLM-004885,claim,683.23,theft,2023-03-06
CLM-004886,claim,720.06,battery_issue,2024-10-03
CLM-004887,claim,140.92,theft,2023-11-27
CLM-004888,claim,288.12,water_damage,2023-07-16
CLM-004889,claim,169.79,screen_damage,2023-12-01
CLM-004890,claim,486.18,software_issue,2024-06-28
CLM-004891,claim,189.07,water_damage,2024-07-25
CLM-004892,claim,434.99,mechanical_failure,2023-11-09
CLM-004893,claim,770.14,water_damage,2023-12-30
CLM-004894,claim,759.93,water_damage,2024-01-26
CLM-004895,claim,178.65,software_issue,2023-01-16
CLM-004896,claim,337.91,software_issue,2023-05-15
CLM-004897,claim,319.49,mechanical_failure,2023-03-04
CLM-004898,claim,65.39,software_issue,2024-08-16
CLM-004899,claim,236.15,theft,2023-10-02
CLM-004900,claim,343.76,mechanical_failure,2024-01-06
CLM-004901,claim,623.05,water_damage,2023-06-16
CLM-004902,claim,74.59,battery_issue,2024-06-07
CLM-004903,claim,254.44,theft,2024-10-19
CLM-004904,claim,69.01,battery_issue,2024-01-27
CLM-004905,claim,70.05,battery_issue,2023-04-27
CLM-004906,claim,125.11,mechanical_failure,2023-07-09
CLM-004907,claim,71.71,water_damage,2023-08-25
CLM-004908,claim,261.48,accidental_damage,2024-02-16
CLM-004909,claim,660.15,screen_damage,2024-01-15
CLM-004910,claim,123.32,battery_issue,2024-10-13
CLM-004911,claim,189.73,accidental_damage,2024-02-23
CLM-004912,claim,370.61,accidental_damage,2023-09-12
CLM-004913,claim,106.35,battery_issue,2023-03-16
CLM-004914,claim,137.1,water_damage,2023-04-11
CLM-004915,claim,977.12,mechanical_failure,2024-03-12
CLM-004916,claim,54.33,software_issue,2023-07-18
CLM-004917,claim,219.94,screen_damage,2023-06-06
CLM-004918,claim,579.08,software_issue,2023-12-31
CLM-004919,claim,165.87,theft,2024-06-20
CLM-004920,claim,322.82,mechanical_failure,2023-06-28
CLM-004921,claim,327.14,theft,2023-09-01
CLM-004922,claim,463.33,battery_issue,2024-10-15
CLM-004923,claim,790.4,software_issue,2024-07-22
CLM-004924,claim,207.48,screen_damage,2024-02-02
CLM-004925,claim,521.27,water_damage,2024-11-02
CLM-004926,claim,100.14,battery_issue,2023-10-02
CLM-004927,claim,52.43,accidental_damage,2024-08-20
CLM-004928,claim,126.43,theft,2024-11-08
CLM-004929,claim,319.19,battery_issue,2023-01-27
CLM-004930,claim,67.46,theft,2024-11-20
CLM-004931,claim,632.12,screen_damage,2024-03-07
CLM-004932,claim,286.42,mechanical_failure,2023-03-08
CLM-004933,claim,319.21,battery_issue,2023-03-15
CLM-004934,claim,233.59,mechanical_failure,2023-03-14
CLM-004935,claim,249.33,battery_issue,2023-06-27
CLM-004936,claim,370.27,water_damage,2023-10-26
CLM-004937,claim,374.01,theft,2024-07-20
CLM-004938,claim,264.42,battery_issue,2023-05-27
CLM-004939,claim,251.71,theft,2024-10-14
CLM-004940,claim,836.37,water_damage,2024-03-23
CLM-004941,claim,103.73,screen_damage,2023-12-22
CLM-004942,claim,1695.84,screen_damage,2023-04-13
CLM-004943,claim,505.23,screen_damage,2023-08-16
CLM-004944,claim,689.49,battery_issue,2024-05-21
CLM-004945,claim,130.41,water_damage,2023-06-21
CLM-004946,claim,411.6,water_damage,2024-01-30
CLM-004947,claim,128.32,accidental_damage,2023-07-17
CLM-004948,claim,573.92,battery_issue,2024-08-16
CLM-004949,claim,560.09,mechanical_failure,2024-11-30
CLM-004950,claim,465.43,battery_issue,2024-04-23
CLM-004951,claim,593.46,battery_issue,2023-06-01
CLM-004952,claim,168.37,battery_issue,2023-10-28
CLM-004953,claim,634.3,battery_issue,2024-06-27
CLM-004954,claim,470.0,software_issue,2023-11-25
CLM-004955,claim,60.5,accidental_damage,2023-09-17
CLM-004956,claim,674.36,accidental_damage,2023-04-23
CLM-004957,claim,112.95,software_issue,2023-11-16
CLM-004958,claim,184.02,theft,2024-01-28
CLM-004959,claim,316.22,mechanical_failure,2023-09-28
CLM-004960,claim,1597.34,screen_damage,2023-04-20
CLM-004961,claim,113.5,mechanical_failure,2024-07-07
CLM-004962,claim,145.61,theft,2024-02-20
CLM-004963,claim,126.39,screen_damage,2024-04-24
CLM-004964,claim,170.53,mechanical_failure,2023-02-14
CLM-004965,claim,370.21,theft,2023-10-29
CLM-004966,claim,61.09,software_issue,2023-04-20
CLM-004967,claim,62.22,mechanical_failure,2023-02-07
CLM-004968,claim,131.98,mechanical_failure,2023-03-09
CLM-004969,claim,387.16,screen_damage,2023-10-30
CLM-004970,claim,126.09,mechanical_failure,2023-07-13
CLM-004971,claim,1218.15,battery_issue,2024-10-25
CLM-004972,claim,182.9,software_issue,2023-06-25
CLM-004973,claim,122.85,water_damage,2024-08-07
CLM-004974,claim,403.19,accidental_damage,2024-02-19
CLM-004975,claim,574.33,screen_damage,2024-10-18
CLM-004976,claim,627.34,mechanical_failure,2024-02-16
CLM-004977,claim,541.89,accidental_damage,2023-11-22
CLM-004978,claim,914.39,accidental_damage,2024-11-16
CLM-004979,claim,97.58,battery_issue,2024-02-26
CLM-004980,claim,421.11,water_damage,2023-07-01
CLM-004981,claim,191.41,battery_issue,2024-06-22
CLM-004982,claim,266.08,theft,2024-06-08
CLM-004983,claim,316.82,battery_issue,2023-08-02
CLM-004984,claim,775.99,screen_damage,2024-08-29
CLM-004985,claim,152.14,software_issue,2024-11-04
CLM-004986,claim,215.43,software_issue,2024-05-28
CLM-004987,claim,428.84,theft,2023-01-10
CLM-004988,claim,92.8,battery_issue,2023-02-15
CLM-004989,claim,331.27,software_issue,2023-12-11
CLM-004990,claim,132.8,screen_damage,2024-08-08
CLM-004991,claim,821.83,water_damage,2023-08-09
CLM-004992,claim,274.77,screen_damage,2023-08-23
CLM-004993,claim,1012.34,battery_issue,2024-01-13
CLM-004994,claim,515.48,water_damage,2024-01-26
CLM-004995,claim,169.87,software_issue,2024-01-20
CLM-004996,claim,149.63,battery_issue,2024-01-24
CLM-004997,claim,154.61,theft,2023-09-22
CLM-004998,claim,247.05,theft,2024-03-25
CLM-004999,claim,325.78,mechanical_failure,2023-07-31
CLM-005000,claim,250.91,screen_damage,2023-12-29
CLM-005001,claim,318.82,screen_damage,2023-01-23
CLM-005002,claim,238.75,water_damage,2024-05-02
CLM-005003,claim,201.16,theft,2023-06-30
CLM-005004,claim,303.42,theft,2024-09-28
CLM-005005,claim,176.53,accidental_damage,2023-11-06
CLM-005006,claim,432.85,theft,2024-05-29
CLM-005007,claim,258.75,water_damage,2023-09-18
CLM-005008,claim,253.48,accidental_damage,2023-02-19
CLM-005009,claim,260.58,screen_damage,2023-01-30
CLM-005010,claim,231.59,theft,2023-11-27
CLM-005011,claim,418.44,accidental_damage,2023-05-20
CLM-005012,claim,937.03,screen_damage,2023-04-29
CLM-005013,claim,511.77,accidental_damage,2023-10-10
CLM-005014,claim,509.38,theft,2023-12-31
CLM-005015,claim,216.77,mechanical_failure,2024-08-30
CLM-005016,claim,672.81,theft,2023-03-26
CLM-005017,claim,181.21,screen_damage,2024-10-03
CLM-005018,claim,24.43,theft,2023-08-29
CLM-005019,claim,163.88,software_issue,2024-01-12
CLM-005020,claim,600.59,battery_issue,2024-10-04
CLM-005021,claim,652.71,battery_issue,2023-08-16
CLM-005022,claim,237.2,water_damage,2024-04-11
CLM-005023,claim,278.63,water_damage,2024-06-29
CLM-005024,claim,162.75,battery_issue,2024-04-02
CLM-005025,claim,684.77,theft,2023-10-04
CLM-005026,claim,63.12,software_issue,2024-07-20
CLM-005027,claim,214.55,battery_issue,2024-07-11
CLM-005028,claim,104.67,theft,2023-11-29
CLM-005029,claim,40.17,screen_damage,2024-05-13
CLM-005030,claim,205.7,screen_damage,2024-04-23
CLM-005031,claim,53.29,screen_damage,2023-02-18
CLM-005032,claim,128.19,accidental_damage,2023-09-25
CLM-005033,claim,75.88,software_issue,2023-07-26
CLM-005034,claim,272.86,accidental_damage,2023-12-12
CLM-005035,claim,203.81,mechanical_failure,2023-03-14
CLM-005036,claim,304.13,battery_issue,2024-08-12
CLM-005037,claim,595.7,battery_issue,2023-11-06
CLM-005038,claim,84.5,screen_damage,2023-07-19
CLM-005039,claim,547.89,battery_issue,2024-04-16
CLM-005040,claim,73.93,water_damage,2024-01-17
CLM-005041,claim,189.93,mechanical_failure,2024-05-21
CLM-005042,claim,734.98,accidental_damage,2024-08-12
CLM-005043,claim,267.73,battery_issue,2023-12-16
CLM-005044,claim,174.93,water_damage,2024-11-06
CLM-005045,claim,150.82,accidental_damage,2024-11-30
CLM-005046,claim,404.13,water_damage,2024-07-15
CLM-005047,claim,117.96,software_issue,2023-01-24
CLM-005048,claim,173.2,theft,2023-02-14
CLM-005049,claim,272.9,screen_damage,2024-07-11
CLM-005050,claim,188.59,theft,2023-07-29
CLM-005051,claim,122.72,mechanical_failure,2024-02-14
CLM-005052,claim,444.79,mechanical_failure,2023-10-02
CLM-005053,claim,735.42,accidental_damage,2023-05-27
CLM-005054,claim,99.17,battery_issue,2023-12-15
CLM-005055,claim,290.23,theft,2023-10-08
CLM-005056,claim,119.11,water_damage,2023-02-25
CLM-005057,claim,174.55,mechanical_failure,2023-12-17
CLM-005058,claim,289.63,software_issue,2024-06-18
CLM-005059,claim,250.76,battery_issue,2023-01-24
CLM-005060,claim,254.39,theft,2023-05-04
CLM-005061,claim,59.61,water_damage,2023-11-22
CLM-005062,claim,989.86,screen_damage,2023-01-29
CLM-005063,claim,171.36,software_issue,2024-01-13
CLM-005064,claim,570.23,software_issue,2023-05-18
CLM-005065,claim,199.47,mechanical_failure,2023-07-02
CLM-005066,claim,664.66,theft,2024-11-27
CLM-005067,claim,77.54,theft,2023-02-04
CLM-005068,claim,87.33,battery_issue,2024-01-09
CLM-005069,claim,268.31,battery_issue,2023-10-28
CLM-005070,claim,137.35,water_damage,2023-01-30
CLM-005071,claim,149.71,water_damage,2023-01-20
CLM-005072,claim,190.82,theft,2023-12-18
CLM-005073,claim,460.49,accidental_damage,2024-02-12
CLM-005074,claim,155.46,screen_damage,2023-08-22
CLM-005075,claim,73.3,theft,2023-03-09
CLM-005076,claim,722.72,accidental_damage,2024-03-31
CLM-005077,claim,99.51,mechanical_failure,2024-11-30
CLM-005078,claim,146.05,theft,2024-02-08
CLM-005079,claim,151.03,battery_issue,2024-05-09
CLM-005080,claim,387.17,mechanical_failure,2023-01-09
CLM-005081,claim,910.56,mechanical_failure,2024-03-12
CLM-005082,claim,225.23,water_damage,2024-11-24
CLM-005083,claim,281.21,mechanical_failure,2023-01-30
CLM-005084,claim,336.46,water_damage,2023-09-23
CLM-005085,claim,72.79,battery_issue,2024-05-13
CLM-005086,claim,156.37,water_damage,2023-08-15
CLM-005087,claim,229.73,screen_damage,2024-09-22
CLM-005088,claim,767.06,screen_damage,2023-12-31
CLM-005089,claim,120.59,mechanical_failure,2023-01-23
CLM-005090,claim,168.6,mechanical_failure,2023-02-03
CLM-005091,claim,73.65,battery_issue,2024-11-10
CLM-005092,claim,65.25,mechanical_failure,2024-11-18
CLM-005093,claim,972.99,mechanical_failure,2024-09-02
CLM-005094,claim,225.81,software_issue,2024-06-03
CLM-005095,claim,110.88,mechanical_failure,2023-12-12
CLM-005096,claim,224.55,mechanical_failure,2023-04-05
CLM-005097,claim,449.22,battery_issue,2023-12-25
CLM-005098,claim,41.46,mechanical_failure,2024-05-22
CLM-005099,claim,154.69,screen_damage,2023-07-20
CLM-005100,claim,94.27,accidental_damage,2024-08-24
CLM-005101,claim,50.08,water_damage,2024-10-09
CLM-005102,claim,354.28,accidental_damage,2024-08-24
CLM-005103,claim,720.97,accidental_damage,2024-11-13
CLM-005104,claim,283.56,accidental_damage,2023-01-05
CLM-005105,claim,277.17,theft,2023-11-12
CLM-005106,claim,252.41,theft,2024-06-06
CLM-005107,claim,1137.93,screen_damage,2024-08-08
CLM-005108,claim,372.52,theft,2024-01-28
CLM-005109,claim,62.47,water_damage,2023-01-11
CLM-005110,claim,197.89,theft,2023-05-15
CLM-005111,claim,143.09,screen_damage,2024-05-22
CLM-005112,claim,290.11,theft,2024-05-05
CLM-005113,claim,627.28,battery_issue,2023-01-25
CLM-005114,claim,280.64,water_damage,2024-11-22
CLM-005115,claim,169.36,mechanical_failure,2023-12-29
CLM-005116,claim,227.47,software_issue,2023-10-14
CLM-005117,claim,104.23,water_damage,2024-08-29
CLM-005118,claim,934.74,software_issue,2023-11-26
CLM-005119,claim,348.23,screen_damage,2023-11-06
CLM-005120,claim,144.11,water_damage,2023-01-24
CLM-005121,claim,511.75,mechanical_failure,2023-12-28
CLM-005122,claim,187.19,theft,2024-11-24
CLM-005123,claim,590.65,screen_damage,2023-01-08
CLM-005124,claim,309.6,theft,2023-08-03
CLM-005125,claim,94.74,water_damage,2023-09-15
CLM-005126,claim,201.26,mechanical_failure,2024-05-30
CLM-005127,claim,239.69,battery_issue,2024-06-09
CLM-005128,claim,448.8,software_issue,2024-02-15
CLM-005129,claim,832.96,water_damage,2024-06-20
CLM-005130,claim,664.39,theft,2024-08-21
CLM-005131,claim,1809.91,water_damage,2024-10-20
CLM-005132,claim,622.25,screen_damage,2024-03-24
CLM-005133,claim,370.5,accidental_damage,2024-04-14
CLM-005134,claim,229.52,water_damage,2024-05-25
CLM-005135,claim,425.12,mechanical_failure,2023-05-13
CLM-005136,claim,517.82,mechanical_failure,2023-10-29
CLM-005137,claim,770.75,screen_damage,2024-05-12
CLM-005138,claim,269.02,screen_damage,2023-01-21
CLM-005139,claim,43.58,mechanical_failure,2024-10-07
CLM-005140,claim,78.72,screen_damage,2023-12-19
CLM-005141,claim,1390.74,theft,2024-10-05
CLM-005142,claim,320.67,accidental_damage,2023-04-24
CLM-005143,claim,421.1,screen_damage,2023-10-19
CLM-005144,claim,204.84,water_damage,2023-10-30
CLM-005145,claim,86.69,mechanical_failure,2024-03-29
CLM-005146,claim,698.88,battery_issue,2023-09-05
CLM-005147,claim,951.92,mechanical_failure,2024-10-08
CLM-005148,claim,246.81,accidental_damage,2024-05-25
CLM-005149,claim,141.74,water_damage,2023-12-19
CLM-005150,claim,135.98,battery_issue,2024-07-07
CLM-005151,claim,140.27,mechanical_failure,2024-06-23
CLM-005152,claim,364.01,mechanical_failure,2024-08-13
CLM-005153,claim,525.08,software_issue,2024-06-18
CLM-005154,claim,203.06,theft,2023-12-30
CLM-005155,claim,111.21,accidental_damage,2024-06-21
CLM-005156,claim,175.17,battery_issue,2024-03-21
CLM-005157,claim,54.21,theft,2024-03-12
CLM-005158,claim,245.75,mechanical_failure,2024-06-20
CLM-005159,claim,132.94,software_issue,2023-12-05
CLM-005160,claim,18.7,water_damage,2024-09-28
CLM-005161,claim,610.8,water_damage,2024-07-18
CLM-005162,claim,756.97,battery_issue,2024-05-09
CLM-005163,claim,928.2,mechanical_failure,2023-10-30
CLM-005164,claim,118.29,water_damage,2023-12-15
CLM-005165,claim,1198.46,screen_damage,2024-09-03
CLM-005166,claim,372.05,battery_issue,2023-03-04
CLM-005167,claim,715.95,accidental_damage,2023-07-26
CLM-005168,claim,86.07,water_damage,2023-09-24
CLM-005169,claim,316.1,accidental_damage,2024-09-04
CLM-005170,claim,70.26,software_issue,2024-10-07
CLM-005171,claim,138.86,water_damage,2023-03-11
CLM-005172,claim,704.64,software_issue,2024-05-16
CLM-005173,claim,777.73,screen_damage,2024-02-09
CLM-005174,claim,240.37,software_issue,2024-05-12
CLM-005175,claim,348.43,mechanical_failure,2023-07-26
CLM-005176,claim,169.42,software_issue,2024-04-01
CLM-005177,claim,180.22,accidental_damage,2024-06-20
CLM-005178,claim,151.62,mechanical_failure,2023-07-24
CLM-005179,claim,198.11,software_issue,2024-09-08
CLM-005180,claim,444.71,screen_damage,2023-04-29
CLM-005181,claim,120.42,theft,2023-11-26
CLM-005182,claim,368.34,battery_issue,2023-12-01
CLM-005183,claim,127.22,theft,2023-06-07
CLM-005184,claim,385.97,mechanical_failure,2024-07-21
CLM-005185,claim,179.14,water_damage,2023-01-09
CLM-005186,claim,70.05,battery_issue,2024-07-26
CLM-005187,claim,316.31,theft,2023-09-03
CLM-005188,claim,1629.38,screen_damage,2023-11-18
CLM-005189,claim,266.39,software_issue,2023-12-17
CLM-005190,claim,697.88,battery_issue,2024-11-27
CLM-005191,claim,152.32,theft,2023-04-28
CLM-005192,claim,105.43,battery_issue,2024-04-08
CLM-005193,claim,50.35,software_issue,2024-02-07
CLM-005194,claim,394.02,theft,2024-09-29
CLM-005195,claim,673.76,screen_damage,2023-03-21
CLM-005196,claim,54.64,battery_issue,2023-02-07
CLM-005197,claim,668.51,mechanical_failure,2024-10-18
CLM-005198,claim,403.06,theft,2024-04-21
CLM-005199,claim,130.11,water_damage,2024-07-30
CLM-005200,claim,379.92,accidental_damage,2023-07-25
CLM-005201,claim,183.93,screen_damage,2023-03-29
CLM-005202,claim,320.19,software_issue,2024-04-11
CLM-005203,claim,266.49,accidental_damage,2023-08-15
CLM-005204,claim,301.36,water_damage,2024-05-10
CLM-005205,claim,412.46,software_issue,2024-05-05
CLM-005206,claim,517.19,accidental_damage,2024-10-12
CLM-005207,claim,132.51,accidental_damage,2024-01-05
CLM-005208,claim,756.51,battery_issue,2024-06-12
CLM-005209,claim,280.73,water_damage,2024-05-01
CLM-005210,claim,602.3,water_damage,2023-12-22
CLM-005211,claim,117.72,mechanical_failure,2024-03-17
CLM-005212,claim,523.9,theft,2023-07-17
CLM-005213,claim,459.38,mechanical_failure,2023-11-09
CLM-005214,claim,272.75,mechanical_failure,2023-11-29
CLM-005215,claim,92.93,theft,2023-02-19
CLM-005216,claim,296.75,accidental_damage,2024-04-28
CLM-005217,claim,1616.76,software_issue,2024-01-25
CLM-005218,claim,165.86,software_issue,2023-07-30
CLM-005219,claim,223.54,mechanical_failure,2024-03-10
CLM-005220,claim,137.62,software_issue,2023-01-16
CLM-005221,claim,642.79,accidental_damage,2023-11-23
CLM-005222,claim,874.94,theft,2024-10-20
CLM-005223,claim,103.09,water_damage,2024-10-09
CLM-005224,claim,592.99,mechanical_failure,2024-05-12
CLM-005225,claim,56.89,theft,2023-11-28
CLM-005226,claim,199.65,screen_damage,2023-11-21
CLM-005227,claim,428.55,water_damage,2024-02-03
CLM-005228,claim,315.07,screen_damage,2023-11-03
CLM-005229,claim,1635.43,accidental_damage,2024-11-14
CLM-005230,claim,90.98,water_damage,2023-09-05
CLM-005231,claim,199.97,battery_issue,2024-07-27
CLM-005232,claim,79.24,software_issue,2023-07-27
CLM-005233,claim,46.69,accidental_damage,2023-01-02
CLM-005234,claim,136.01,mechanical_failure,2023-12-21
CLM-005235,claim,882.84,accidental_damage,2023-09-05
CLM-005236,claim,135.38,battery_issue,2023-05-11
CLM-005237,claim,80.32,screen_damage,2024-03-11
CLM-005238,claim,782.81,water_damage,2023-03-28
CLM-005239,claim,174.57,software_issue,2023-05-24
CLM-005240,claim,71.76,water_damage,2023-12-28
CLM-005241,claim,628.99,theft,2024-03-19
CLM-005242,claim,89.28,mechanical_failure,2024-02-07
CLM-005243,claim,295.21,accidental_damage,2023-08-19
CLM-005244,claim,136.83,mechanical_failure,2024-07-02
CLM-005245,claim,195.59,screen_damage,2023-02-04
CLM-005246,claim,187.71,mechanical_failure,2023-09-29
CLM-005247,claim,84.05,theft,2023-02-03
CLM-005248,claim,177.79,software_issue,2024-09-05
CLM-005249,claim,256.31,mechanical_failure,2024-10-12
CLM-005250,claim,130.07,screen_damage,2024-01-22
CLM-005251,claim,424.46,screen_damage,2023-10-06
CLM-005252,claim,896.84,software_issue,2023-08-10
CLM-005253,claim,776.66,battery_issue,2023-07-28
CLM-005254,claim,195.25,screen_damage,2023-09-07
CLM-005255,claim,141.2,mechanical_failure,2023-04-07
CLM-005256,claim,265.94,water_damage,2024-01-20
CLM-005257,claim,83.29,battery_issue,2024-11-13
CLM-005258,claim,96.79,mechanical_failure,2024-09-18
CLM-005259,claim,347.8,battery_issue,2024-03-18
CLM-005260,claim,437.12,battery_issue,2024-04-02
CLM-005261,claim,325.85,mechanical_failure,2024-05-24
CLM-005262,claim,417.13,screen_damage,2024-11-21
CLM-005263,claim,327.85,battery_issue,2023-07-27
CLM-005264,claim,294.06,software_issue,2023-09-06
CLM-005265,claim,470.49,water_damage,2023-02-04
CLM-005266,claim,101.8,battery_issue,2024-01-09
CLM-005267,claim,235.66,water_damage,2023-04-21
CLM-005268,claim,465.84,water_damage,2024-03-23
CLM-005269,claim,399.18,software_issue,2024-01-16
CLM-005270,claim,205.44,accidental_damage,2024-07-12
CLM-005271,claim,163.71,battery_issue,2023-12-30
CLM-005272,claim,121.9,mechanical_failure,2023-04-04
CLM-005273,claim,1656.9,theft,2023-11-22
CLM-005274,claim,142.74,water_damage,2024-04-26
CLM-005275,claim,607.86,theft,2023-01-05
CLM-005276,claim,310.61,battery_issue,2023-10-14
CLM-005277,claim,64.1,theft,2023-03-28
CLM-005278,claim,203.14,water_damage,2023-11-11
CLM-005279,claim,131.51,mechanical_failure,2023-12-06
CLM-005280,claim,157.35,mechanical_failure,2024-11-01
CLM-005281,claim,115.34,battery_issue,2023-01-05
CLM-005282,claim,61.21,water_damage,2024-03-02
CLM-005283,claim,486.21,battery_issue,2024-11-21
CLM-005284,claim,105.13,screen_damage,2023-03-07
CLM-005285,claim,278.38,water_damage,2023-01-07
CLM-005286,claim,28.19,water_damage,2023-05-18
CLM-005287,claim,349.42,mechanical_failure,2023-04-16
CLM-005288,claim,288.09,screen_damage,2024-02-03
CLM-005289,claim,101.51,theft,2023-04-09
CLM-005290,claim,126.28,mechanical_failure,2024-09-17
CLM-005291,claim,158.17,battery_issue,2023-06-28
CLM-005292,claim,837.08,software_issue,2023-11-21
CLM-005293,claim,130.73,water_damage,2023-07-14
CLM-005294,claim,151.33,battery_issue,2024-03-25
CLM-005295,claim,202.07,water_damage,2023-06-01
CLM-005296,claim,159.37,theft,2024-07-21
CLM-005297,claim,624.22,mechanical_failure,2024-05-22
CLM-005298,claim,89.94,accidental_damage,2024-07-12
CLM-005299,claim,277.84,theft,2023-10-24
CLM-005300,claim,264.03,accidental_damage,2023-09-11
CLM-005301,claim,149.9,software_issue,2024-06-17
CLM-005302,claim,175.99,battery_issue,2023-07-01
CLM-005303,claim,180.08,screen_damage,2023-09-13
CLM-005304,claim,64.63,software_issue,2023-06-08
CLM-005305,claim,1116.98,accidental_damage,2023-10-10
CLM-005306,claim,1097.56,screen_damage,2023-01-21
CLM-005307,claim,205.3,mechanical_failure,2024-10-09
CLM-005308,claim,251.52,water_damage,2023-11-26
CLM-005309,claim,240.51,accidental_damage,2023-08-07
CLM-005310,claim,260.57,water_damage,2024-03-21
CLM-005311,claim,254.29,screen_damage,2023-01-03
CLM-005312,claim,228.06,battery_issue,2023-07-01
CLM-005313,claim,262.73,battery_issue,2024-10-20
CLM-005314,claim,93.83,water_damage,2024-10-28
CLM-005315,claim,260.07,theft,2024-11-08
CLM-005316,claim,70.72,theft,2023-09-17
CLM-005317,claim,216.84,screen_damage,2023-04-14
CLM-005318,claim,342.52,mechanical_failure,2024-02-12
CLM-005319,claim,150.4,mechanical_failure,2024-02-12
CLM-005320,claim,242.18,mechanical_failure,2024-11-08
CLM-005321,claim,67.16,software_issue,2023-04-02
CLM-005322,claim,465.31,water_damage,2023-07-06
CLM-005323,claim,230.21,mechanical_failure,2023-11-01
CLM-005324,claim,187.12,theft,2023-12-07
CLM-005325,claim,323.13,software_issue,2024-10-26
CLM-005326,claim,1102.43,battery_issue,2024-07-28
CLM-005327,claim,44.68,software_issue,2024-02-19
CLM-005328,claim,60.99,battery_issue,2024-02-03
CLM-005329,claim,608.53,screen_damage,2024-09-18
CLM-005330,claim,374.02,software_issue,2023-02-27
CLM-005331,claim,193.48,water_damage,2024-02-19
CLM-005332,claim,269.08,battery_issue,2024-05-04
CLM-005333,claim,301.96,water_damage,2023-09-22
CLM-005334,claim,166.15,theft,2024-11-12
CLM-005335,claim,166.65,water_damage,2023-09-21
CLM-005336,claim,457.25,screen_damage,2024-03-27
CLM-005337,claim,322.64,water_damage,2024-09-23
CLM-005338,claim,61.78,theft,2023-05-13
CLM-005339,claim,61.93,software_issue,2023-06-22
CLM-005340,claim,275.82,software_issue,2023-04-23
CLM-005341,claim,126.45,mechanical_failure,2023-07-15
CLM-005342,claim,278.21,accidental_damage,2024-09-18
CLM-005343,claim,264.17,software_issue,2024-05-06
CLM-005344,claim,422.5,screen_damage,2024-11-27
CLM-005345,claim,270.41,mechanical_failure,2023-07-16
CLM-005346,claim,269.38,battery_issue,2023-06-27
CLM-005347,claim,276.59,screen_damage,2024-01-24
CLM-005348,claim,269.26,accidental_damage,2023-04-11
CLM-005349,claim,293.24,software_issue,2024-01-04
CLM-005350,claim,512.12,battery_issue,2024-10-07
CLM-005351,claim,528.95,accidental_damage,2023-10-17
CLM-005352,claim,73.67,battery_issue,2024-09-16
CLM-005353,claim,562.63,battery_issue,2024-01-25
CLM-005354,claim,718.77,battery_issue,2023-09-06
CLM-005355,claim,263.72,software_issue,2024-07-30
CLM-005356,claim,982.49,water_damage,2023-07-03
CLM-005357,claim,307.97,mechanical_failure,2024-02-08
CLM-005358,claim,284.67,screen_damage,2023-10-21
CLM-005359,claim,150.77,accidental_damage,2023-07-31
CLM-005360,claim,119.16,water_damage,2023-10-03
CLM-005361,claim,2248.93,mechanical_failure,2024-06-12
CLM-005362,claim,120.8,battery_issue,2023-08-18
CLM-005363,claim,309.83,mechanical_failure,2023-06-07
CLM-005364,claim,134.29,water_damage,2023-06-20
CLM-005365,claim,293.63,screen_damage,2023-12-10
CLM-005366,claim,666.64,accidental_damage,2023-06-11
CLM-005367,claim,266.96,water_damage,2023-12-23
CLM-005368,claim,140.45,mechanical_failure,2023-09-13
CLM-005369,claim,346.86,screen_damage,2024-11-11
CLM-005370,claim,333.11,theft,2024-05-10
CLM-005371,claim,454.26,software_issue,2024-03-20
CLM-005372,claim,174.03,mechanical_failure,2024-07-07
CLM-005373,claim,136.53,battery_issue,2024-02-16
CLM-005374,claim,127.65,software_issue,2023-08-25
CLM-005375,claim,62.74,screen_damage,2024-11-21
CLM-005376,claim,322.87,theft,2023-07-06
CLM-005377,claim,414.71,mechanical_failure,2024-03-07
CLM-005378,claim,66.34,theft,2023-12-10
CLM-005379,claim,130.61,battery_issue,2024-09-10
CLM-005380,claim,318.4,accidental_damage,2023-12-16
CLM-005381,claim,317.55,accidental_damage,2024-08-31
CLM-005382,claim,513.16,accidental_damage,2024-08-25
CLM-005383,claim,250.29,accidental_damage,2023-07-31
CLM-005384,claim,662.45,mechanical_failure,2023-06-25
CLM-005385,claim,264.52,water_damage,2023-05-21
CLM-005386,claim,183.22,battery_issue,2024-03-02
CLM-005387,claim,628.33,screen_damage,2024-07-10
CLM-005388,claim,248.78,battery_issue,2023-04-14
CLM-005389,claim,396.21,water_damage,2023-12-16
CLM-005390,claim,147.1,accidental_damage,2023-04-30
CLM-005391,claim,1190.89,mechanical_failure,2024-02-14
CLM-005392,claim,158.43,battery_issue,2023-06-25
CLM-005393,claim,184.75,water_damage,2023-04-02
CLM-005394,claim,127.97,accidental_damage,2024-04-25
CLM-005395,claim,164.02,accidental_damage,2024-04-14
CLM-005396,claim,422.44,water_damage,2024-11-20
CLM-005397,claim,809.17,software_issue,2024-07-10
CLM-005398,claim,748.75,theft,2024-03-09
CLM-005399,claim,2621.98,accidental_damage,2024-06-02
CLM-005400,claim,79.14,water_damage,2023-12-13
CLM-005401,claim,1169.04,battery_issue,2024-08-28
CLM-005402,claim,241.61,mechanical_failure,2024-01-08
CLM-005403,claim,242.43,theft,2024-06-25
CLM-005404,claim,135.04,accidental_damage,2024-08-05
CLM-005405,claim,199.62,water_damage,2023-01-06
CLM-005406,claim,153.02,mechanical_failure,2023-07-22
CLM-005407,claim,372.55,mechanical_failure,2024-09-27
CLM-005408,claim,149.42,battery_issue,2024-01-25
CLM-005409,claim,198.81,theft,2023-07-30
CLM-005410,claim,268.6,water_damage,2024-02-04
CLM-005411,claim,514.58,software_issue,2024-10-22
CLM-005412,claim,491.88,accidental_damage,2023-02-03
CLM-005413,claim,258.02,screen_damage,2024-04-27
CLM-005414,claim,116.68,theft,2023-07-20
CLM-005415,claim,193.47,screen_damage,2023-01-01
CLM-005416,claim,202.14,accidental_damage,2024-09-14
CLM-005417,claim,41.67,screen_damage,2024-09-01
CLM-005418,claim,698.81,water_damage,2024-03-06
CLM-005419,claim,106.96,theft,2023-10-26
CLM-005420,claim,94.49,theft,2023-09-01
CLM-005421,claim,143.19,software_issue,2024-01-14
CLM-005422,claim,31.63,accidental_damage,2023-11-03
CLM-005423,claim,280.92,theft,2023-06-07
CLM-005424,claim,455.28,theft,2024-02-25
CLM-005425,claim,1140.11,theft,2023-09-27
CLM-005426,claim,186.67,battery_issue,2023-10-14
CLM-005427,claim,134.75,battery_issue,2024-04-26
CLM-005428,claim,207.17,theft,2024-10-04
CLM-005429,claim,564.43,software_issue,2023-12-10
CLM-005430,claim,314.0,water_damage,2024-06-14
CLM-005431,claim,141.3,accidental_damage,2024-11-02
CLM-005432,claim,241.58,theft,2024-10-10
CLM-005433,claim,69.77,mechanical_failure,2024-01-01
CLM-005434,claim,305.35,mechanical_failure,2023-06-20
CLM-005435,claim,312.19,battery_issue,2023-12-21
CLM-005436,claim,154.59,theft,2024-07-11
CLM-005437,claim,377.03,screen_damage,2024-10-16
CLM-005438,claim,241.61,accidental_damage,2024-10-08
CLM-005439,claim,147.26,accidental_damage,2024-09-02
CLM-005440,claim,150.93,mechanical_failure,2023-04-17
CLM-005441,claim,715.52,mechanical_failure,2023-05-06
CLM-005442,claim,182.1,mechanical_failure,2024-01-22
CLM-005443,claim,208.42,accidental_damage,2024-08-07
CLM-005444,claim,330.99,water_damage,2024-08-29
CLM-005445,claim,290.95,screen_damage,2023-04-02
CLM-005446,claim,161.83,mechanical_failure,2024-07-18
CLM-005447,claim,202.65,theft,2024-11-09
CLM-005448,claim,844.81,screen_damage,2024-09-12
CLM-005449,claim,474.44,theft,2024-06-16
CLM-005450,claim,810.49,mechanical_failure,2023-02-06
CLM-005451,claim,276.65,accidental_damage,2023-10-18
CLM-005452,claim,107.63,accidental_damage,2023-05-02
CLM-005453,claim,216.65,water_damage,2024-11-06
CLM-005454,claim,127.53,mechanical_failure,2024-02-15
CLM-005455,claim,210.11,battery_issue,2023-09-18
CLM-005456,claim,356.19,water_damage,2024-10-28
CLM-005457,claim,159.15,software_issue,2023-09-05
CLM-005458,claim,115.98,theft,2024-07-22
CLM-005459,claim,46.17,water_damage,2023-06-06
CLM-005460,claim,108.23,battery_issue,2024-11-24
CLM-005461,claim,205.16,accidental_damage,2023-10-18
CLM-005462,claim,178.27,accidental_damage,2023-10-09
CLM-005463,claim,57.77,mechanical_failure,2023-05-31
CLM-005464,claim,336.53,battery_issue,2024-02-02
CLM-005465,claim,244.56,mechanical_failure,2023-04-04
CLM-005466,claim,172.67,screen_damage,2023-07-04
CLM-005467,claim,548.24,software_issue,2024-07-31
CLM-005468,claim,79.8,accidental_damage,2023-12-02
CLM-005469,claim,160.77,battery_issue,2024-04-28
CLM-005470,claim,384.77,mechanical_failure,2023-01-03
CLM-005471,claim,288.08,water_damage,2024-06-17
CLM-005472,claim,108.02,mechanical_failure,2024-07-26
CLM-005473,claim,708.33,water_damage,2023-05-23
CLM-005474,claim,381.74,screen_damage,2023-02-12
CLM-005475,claim,67.37,screen_damage,2023-08-13
CLM-005476,claim,130.61,software_issue,2023-01-08
CLM-005477,claim,327.97,accidental_damage,2023-01-15
CLM-005478,claim,92.24,software_issue,2024-06-10
CLM-005479,claim,102.52,water_damage,2024-01-05
CLM-005480,claim,124.06,theft,2023-08-09
CLM-005481,claim,1314.35,theft,2023-04-17
CLM-005482,claim,623.32,theft,2023-03-09
CLM-005483,claim,228.28,accidental_damage,2024-06-28
CLM-005484,claim,264.69,theft,2023-04-08
CLM-005485,claim,1543.88,theft,2023-09-09
CLM-005486,claim,541.12,water_damage,2023-11-10
CLM-005487,claim,132.81,battery_issue,2024-09-10
CLM-005488,claim,800.45,water_damage,2023-05-28
CLM-005489,claim,248.7,mechanical_failure,2023-04-05
CLM-005490,claim,142.79,battery_issue,2023-05-25
CLM-005491,claim,392.19,water_damage,2024-01-09
CLM-005492,claim,145.59,software_issue,2024-09-04
CLM-005493,claim,523.71,screen_damage,2024-03-11
CLM-005494,claim,235.31,water_damage,2023-06-25
CLM-005495,claim,75.49,software_issue,2024-01-21
CLM-005496,claim,108.43,accidental_damage,2024-11-30
CLM-005497,claim,356.67,theft,2024-06-30
CLM-005498,claim,746.92,battery_issue,2024-11-04
CLM-005499,claim,144.57,mechanical_failure,2023-05-12
CLM-005500,claim,45.76,screen_damage,2024-05-08
CLM-005501,claim,224.81,theft,2024-07-25
CLM-005502,claim,1004.39,mechanical_failure,2023-06-10
CLM-005503,claim,41.72,accidental_damage,2023-11-07
CLM-005504,claim,168.34,mechanical_failure,2024-07-08
CLM-005505,claim,233.69,water_damage,2024-04-20
CLM-005506,claim,435.84,water_damage,2024-08-21
CLM-005507,claim,707.72,theft,2023-08-27
CLM-005508,claim,257.64,water_damage,2023-05-20
CLM-005509,claim,123.6,battery_issue,2023-08-18
CLM-005510,claim,336.67,mechanical_failure,2023-02-23
CLM-005511,claim,1044.85,accidental_damage,2024-08-09
CLM-005512,claim,173.45,software_issue,2024-01-10
CLM-005513,claim,181.48,accidental_damage,2023-10-08
CLM-005514,claim,239.23,mechanical_failure,2024-10-06
CLM-005515,claim,2298.61,software_issue,2024-09-25
CLM-005516,claim,65.31,theft,2023-09-01
CLM-005517,claim,290.48,mechanical_failure,2023-03-31
CLM-005518,claim,269.76,software_issue,2024-02-06
CLM-005519,claim,484.61,mechanical_failure,2023-07-09
CLM-005520,claim,270.63,accidental_damage,2024-07-12
CLM-005521,claim,520.19,screen_damage,2024-02-20
CLM-005522,claim,133.14,water_damage,2024-11-23
CLM-005523,claim,116.94,water_damage,2024-05-27
CLM-005524,claim,271.63,accidental_damage,2023-12-23
CLM-005525,claim,248.68,theft,2023-10-25
CLM-005526,claim,195.79,accidental_damage,2024-06-07
CLM-005527,claim,214.62,mechanical_failure,2024-04-27
CLM-005528,claim,202.86,accidental_damage,2023-10-20
CLM-005529,claim,184.53,software_issue,2024-04-12
CLM-005530,claim,305.82,accidental_damage,2024-09-21
CLM-005531,claim,94.2,mechanical_failure,2023-02-17
CLM-005532,claim,456.94,mechanical_failure,2023-03-18
CLM-005533,claim,171.21,software_issue,2023-05-30
CLM-005534,claim,145.33,screen_damage,2023-03-23
CLM-005535,claim,193.49,software_issue,2023-10-03
CLM-005536,claim,71.77,screen_damage,2023-08-28
CLM-005537,claim,166.06,theft,2024-08-09
CLM-005538,claim,1247.59,accidental_damage,2023-12-05
CLM-005539,claim,91.96,screen_damage,2023-09-13
CLM-005540,claim,137.24,screen_damage,2023-08-05
CLM-005541,claim,462.38,screen_damage,2024-05-28
CLM-005542,claim,546.17,screen_damage,2023-11-02
CLM-005543,claim,66.06,screen_damage,2023-12-22
CLM-005544,claim,712.04,theft,2024-05-26
CLM-005545,claim,416.54,accidental_damage,2024-10-10
CLM-005546,claim,369.24,theft,2023-05-25
CLM-005547,claim,100.65,software_issue,2023-09-10
CLM-005548,claim,116.74,battery_issue,2023-01-26
CLM-005549,claim,537.21,battery_issue,2024-06-14
CLM-005550,claim,89.74,software_issue,2023-06-16
CLM-005551,claim,650.67,theft,2024-02-01
CLM-005552,claim,358.48,software_issue,2023-11-25
CLM-005553,claim,38.55,accidental_damage,2023-01-21
CLM-005554,claim,377.77,screen_damage,2023-03-14
CLM-005555,claim,314.04,battery_issue,2024-06-30
CLM-005556,claim,342.89,water_damage,2023-03-03
CLM-005557,claim,201.8,theft,2023-06-11
CLM-005558,claim,907.9,water_damage,2023-08-19
CLM-005559,claim,274.67,theft,2024-02-18
CLM-005560,claim,383.75,screen_damage,2024-03-03
CLM-005561,claim,136.41,screen_damage,2024-06-27
CLM-005562,claim,375.1,battery_issue,2023-05-07
CLM-005563,claim,78.73,software_issue,2023-05-16
CLM-005564,claim,439.99,accidental_damage,2023-08-27
CLM-005565,claim,416.03,software_issue,2023-03-10
CLM-005566,claim,699.49,mechanical_failure,2024-06-09
CLM-005567,claim,152.95,mechanical_failure,2024-08-22
CLM-005568,claim,217.62,accidental_damage,2023-06-07
CLM-005569,claim,1281.51,battery_issue,2024-01-09
CLM-005570,claim,357.74,mechanical_failure,2023-01-03
CLM-005571,claim,191.84,theft,2023-11-30
CLM-005572,claim,142.81,battery_issue,2024-05-07
CLM-005573,claim,280.02,software_issue,2024-06-23
CLM-005574,claim,26.24,theft,2024-04-29
CLM-005575,claim,187.65,software_issue,2023-01-21
CLM-005576,claim,598.51,accidental_damage,2023-08-31
CLM-005577,claim,107.11,software_issue,2024-03-27
CLM-005578,claim,414.14,water_damage,2024-01-11
CLM-005579,claim,166.55,mechanical_failure,2024-07-29
CLM-005580,claim,62.67,screen_damage,2023-01-15
CLM-005581,claim,134.18,software_issue,2023-07-03
CLM-005582,claim,213.93,theft,2023-01-01
CLM-005583,claim,582.95,software_issue,2024-05-21
CLM-005584,claim,65.66,theft,2023-08-20
CLM-005585,claim,84.14,screen_damage,2024-02-04
CLM-005586,claim,430.25,software_issue,2024-05-16
CLM-005587,claim,100.49,software_issue,2024-03-09
CLM-005588,claim,192.66,water_damage,2023-04-14
CLM-005589,claim,182.84,water_damage,2024-01-20
CLM-005590,claim,50.48,water_damage,2024-09-21
CLM-005591,claim,417.95,water_damage,2023-02-26
CLM-005592,claim,495.48,water_damage,2024-07-09
CLM-005593,claim,51.9,screen_damage,2023-08-10
CLM-005594,claim,875.17,water_damage,2023-03-11
CLM-005595,claim,58.86,battery_issue,2023-08-06
CLM-005596,claim,236.64,battery_issue,2024-05-27
CLM-005597,claim,414.61,accidental_damage,2024-05-11
CLM-005598,claim,136.85,accidental_damage,2023-12-03
CLM-005599,claim,752.02,accidental_damage,2023-01-16
CLM-005600,claim,57.65,theft,2023-11-07
CLM-005601,claim,450.71,theft,2023-04-15
CLM-005602,claim,809.93,accidental_damage,2023-05-23
CLM-005603,claim,28.35,battery_issue,2024-06-26
CLM-005604,claim,149.04,theft,2024-07-09
CLM-005605,claim,461.81,water_damage,2024-06-15
CLM-005606,claim,162.16,mechanical_failure,2024-09-06
CLM-005607,claim,170.37,theft,2024-11-25
CLM-005608,claim,454.33,screen_damage,2023-05-10
CLM-005609,claim,205.37,screen_damage,2024-09-08
CLM-005610,claim,153.11,accidental_damage,2024-01-19
CLM-005611,claim,603.65,accidental_damage,2024-04-27
CLM-005612,claim,150.66,water_damage,2024-03-28
CLM-005613,claim,658.79,screen_damage,2024-08-20
CLM-005614,claim,30.34,software_issue,2023-03-17
CLM-005615,claim,555.99,screen_damage,2023-02-18
CLM-005616,claim,160.48,software_issue,2024-02-28
CLM-005617,claim,795.56,theft,2023-01-10
CLM-005618,claim,264.89,water_damage,2024-05-10
CLM-005619,claim,70.19,theft,2023-07-06
CLM-005620,claim,314.48,water_damage,2024-05-02
CLM-005621,claim,111.83,screen_damage,2024-02-14
CLM-005622,claim,196.26,accidental_damage,2023-10-09
CLM-005623,claim,142.85,theft,2023-04-15
CLM-005624,claim,247.78,screen_damage,2023-11-25
CLM-005625,claim,95.56,software_issue,2024-10-21
CLM-005626,claim,99.28,theft,2023-08-26
CLM-005627,claim,127.45,screen_damage,2023-07-13
CLM-005628,claim,132.25,screen_damage,2023-09-26
CLM-005629,claim,480.22,water_damage,2024-11-28
CLM-005630,claim,332.47,accidental_damage,2023-03-12
CLM-005631,claim,327.84,software_issue,2023-06-10
CLM-005632,claim,348.11,screen_damage,2024-02-14
CLM-005633,claim,175.45,water_damage,2023-07-12
CLM-005634,claim,41.11,software_issue,2023-03-04
CLM-005635,claim,120.55,screen_damage,2024-05-27
CLM-005636,claim,146.71,software_issue,2024-09-24
CLM-005637,claim,202.93,theft,2023-08-22
CLM-005638,claim,131.86,screen_damage,2023-12-21
CLM-005639,claim,341.8,mechanical_failure,2024-07-01
CLM-005640,claim,471.53,theft,2023-12-20
CLM-005641,claim,280.6,battery_issue,2023-09-30
CLM-005642,claim,453.6,water_damage,2024-03-15
CLM-005643,claim,69.48,battery_issue,2024-11-26
CLM-005644,claim,496.88,water_damage,2023-06-04
CLM-005645,claim,122.57,battery_issue,2024-06-21
CLM-005646,claim,60.92,theft,2024-02-21
CLM-005647,claim,445.26,screen_damage,2023-03-04
CLM-005648,claim,304.39,screen_damage,2024-02-02
CLM-005649,claim,424.7,water_damage,2024-04-05
CLM-005650,claim,289.09,battery_issue,2023-02-21
CLM-005651,claim,167.08,water_damage,2024-06-20
CLM-005652,claim,407.04,mechanical_failure,2023-07-20
CLM-005653,claim,404.5,battery_issue,2024-04-02
CLM-005654,claim,121.01,screen_damage,2023-07-20
CLM-005655,claim,371.72,screen_damage,2023-01-07
CLM-005656,claim,660.72,water_damage,2023-01-07
CLM-005657,claim,85.46,theft,2023-11-21
CLM-005658,claim,712.24,theft,2023-01-23
CLM-005659,claim,233.99,battery_issue,2023-07-05
CLM-005660,claim,62.8,battery_issue,2023-01-26
CLM-005661,claim,275.82,battery_issue,2024-11-08
CLM-005662,claim,1464.77,accidental_damage,2024-10-02
CLM-005663,claim,106.07,theft,2023-11-26
CLM-005664,claim,426.34,screen_damage,2023-05-20
CLM-005665,claim,239.24,water_damage,2024-09-17
CLM-005666,claim,599.61,battery_issue,2023-10-07
CLM-005667,claim,180.72,accidental_damage,2023-05-07
CLM-005668,claim,204.03,battery_issue,2023-03-20
CLM-005669,claim,145.23,screen_damage,2023-06-18
CLM-005670,claim,136.13,accidental_damage,2023-05-20
CLM-005671,claim,74.6,mechanical_failure,2023-02-06
CLM-005672,claim,81.55,mechanical_failure,2024-09-17
CLM-005673,claim,249.97,mechanical_failure,2024-03-19
CLM-005674,claim,501.89,accidental_damage,2023-10-28
CLM-005675,claim,339.01,battery_issue,2023-02-20
CLM-005676,claim,100.8,screen_damage,2023-01-23
CLM-005677,claim,301.95,accidental_damage,2023-01-08
CLM-005678,claim,69.75,software_issue,2023-01-20
CLM-005679,claim,153.91,accidental_damage,2024-03-01
CLM-005680,claim,326.34,theft,2024-08-20
CLM-005681,claim,597.02,mechanical_failure,2023-09-07
CLM-005682,claim,449.87,screen_damage,2023-10-08
CLM-005683,claim,302.19,mechanical_failure,2023-05-10
CLM-005684,claim,524.68,mechanical_failure,2024-06-29
CLM-005685,claim,777.42,water_damage,2024-03-15
CLM-005686,claim,841.92,mechanical_failure,2023-04-11
CLM-005687,claim,295.71,theft,2023-11-09
CLM-005688,claim,203.65,mechanical_failure,2023-04-14
CLM-005689,claim,216.15,screen_damage,2023-07-23
CLM-005690,claim,77.2,mechanical_failure,2023-12-26
CLM-005691,claim,234.24,theft,2024-08-04
CLM-005692,claim,132.86,battery_issue,2024-08-27
CLM-005693,claim,223.03,water_damage,2023-01-13
CLM-005694,claim,395.06,mechanical_failure,2023-09-29
CLM-005695,claim,84.95,screen_damage,2024-09-30
CLM-005696,claim,1174.72,mechanical_failure,2023-07-04
CLM-005697,claim,741.11,screen_damage,2023-06-27
CLM-005698,claim,98.34,screen_damage,2024-01-27
CLM-005699,claim,178.75,accidental_damage,2023-08-13
CLM-005700,claim,302.14,battery_issue,2024-05-07
CLM-005701,claim,489.66,accidental_damage,2023-09-13
CLM-005702,claim,114.19,mechanical_failure,2023-10-01
CLM-005703,claim,567.2,mechanical_failure,2024-04-16
CLM-005704,claim,109.83,water_damage,2024-09-29
CLM-005705,claim,297.13,water_damage,2023-07-09
CLM-005706,claim,177.88,screen_damage,2023-05-30
CLM-005707,claim,578.41,software_issue,2023-11-27
CLM-005708,claim,273.81,theft,2023-04-08
CLM-005709,claim,905.47,software_issue,2024-07-26
CLM-005710,claim,357.27,software_issue,2024-03-06
CLM-005711,claim,310.1,battery_issue,2023-07-19
CLM-005712,claim,156.24,screen_damage,2024-01-16
CLM-005713,claim,181.64,water_damage,2023-10-08
CLM-005714,claim,252.27,battery_issue,2023-09-11
CLM-005715,claim,719.36,water_damage,2023-09-25
CLM-005716,claim,1225.29,battery_issue,2023-09-22
CLM-005717,claim,394.59,battery_issue,2023-06-12
CLM-005718,claim,82.49,battery_issue,2024-09-21
CLM-005719,claim,45.94,software_issue,2023-07-05
CLM-005720,claim,719.11,battery_issue,2024-08-24
CLM-005721,claim,215.94,theft,2024-08-29
CLM-005722,claim,771.29,screen_damage,2024-08-10
CLM-005723,claim,225.3,water_damage,2024-09-08
CLM-005724,claim,421.7,accidental_damage,2023-07-24
CLM-005725,claim,340.32,battery_issue,2024-07-05
CLM-005726,claim,318.41,mechanical_failure,2023-02-18
CLM-005727,claim,108.91,mechanical_failure,2023-11-13
CLM-005728,claim,226.12,water_damage,2024-06-28
CLM-005729,claim,963.22,accidental_damage,2024-10-27
CLM-005730,claim,230.04,battery_issue,2024-06-07
CLM-005731,claim,979.52,mechanical_failure,2023-06-14
CLM-005732,claim,563.41,software_issue,2023-03-20
CLM-005733,claim,191.03,mechanical_failure,2023-04-08
CLM-005734,claim,163.1,mechanical_failure,2024-07-13
CLM-005735,claim,294.92,software_issue,2023-11-05
CLM-005736,claim,109.06,battery_issue,2024-11-02
CLM-005737,claim,424.6,water_damage,2024-01-27
CLM-005738,claim,93.52,accidental_damage,2024-03-06
CLM-005739,claim,158.92,accidental_damage,2023-01-09
CLM-005740,claim,148.73,mechanical_failure,2023-09-19
CLM-005741,claim,262.37,theft,2024-02-02
CLM-005742,claim,367.83,mechanical_failure,2024-01-22
CLM-005743,claim,340.06,battery_issue,2024-10-04
CLM-005744,claim,156.3,screen_damage,2024-07-06
CLM-005745,claim,146.52,mechanical_failure,2023-03-18
CLM-005746,claim,141.82,accidental_damage,2023-08-01
CLM-005747,claim,192.21,software_issue,2023-04-01
CLM-005748,claim,253.92,accidental_damage,2023-06-29
CLM-005749,claim,476.49,water_damage,2024-04-20
CLM-005750,claim,360.75,accidental_damage,2023-11-08
CLM-005751,claim,657.29,software_issue,2024-06-20
CLM-005752,claim,519.94,screen_damage,2024-04-22
CLM-005753,claim,49.13,screen_damage,2024-09-19
CLM-005754,claim,843.66,theft,2023-04-30
CLM-005755,claim,250.73,battery_issue,2023-07-10
CLM-005756,claim,135.13,theft,2024-06-29
CLM-005757,claim,867.0,theft,2023-09-26
CLM-005758,claim,803.69,theft,2023-07-12
CLM-005759,claim,134.95,screen_damage,2024-05-23
CLM-005760,claim,197.55,battery_issue,2023-05-11
CLM-005761,claim,368.9,mechanical_failure,2024-09-24
CLM-005762,claim,194.72,mechanical_failure,2023-03-12
CLM-005763,claim,67.77,theft,2023-04-27
CLM-005764,claim,529.81,water_damage,2023-09-10
CLM-005765,claim,481.38,accidental_damage,2023-06-04
CLM-005766,claim,72.79,accidental_damage,2024-01-06
CLM-005767,claim,321.81,screen_damage,2024-07-23
CLM-005768,claim,119.22,mechanical_failure,2023-12-25
CLM-005769,claim,202.1,software_issue,2023-11-28
CLM-005770,claim,296.24,battery_issue,2023-05-06
CLM-005771,claim,170.96,battery_issue,2024-04-08
CLM-005772,claim,1210.81,accidental_damage,2023-05-08
CLM-005773,claim,278.71,battery_issue,2023-08-31
CLM-005774,claim,161.58,software_issue,2024-05-31
CLM-005775,claim,56.5,accidental_damage,2024-05-28
CLM-005776,claim,163.68,theft,2023-10-09
CLM-005777,claim,247.97,mechanical_failure,2023-01-18
CLM-005778,claim,226.51,water_damage,2023-05-20
CLM-005779,claim,321.23,theft,2023-05-16
CLM-005780,claim,300.26,software_issue,2024-11-03
CLM-005781,claim,910.06,accidental_damage,2024-03-07
CLM-005782,claim,279.46,screen_damage,2024-10-12
CLM-005783,claim,260.94,software_issue,2023-06-19
CLM-005784,claim,183.93,mechanical_failure,2024-04-26
CLM-005785,claim,164.42,software_issue,2023-08-04
CLM-005786,claim,38.57,mechanical_failure,2024-04-05
CLM-005787,claim,356.73,accidental_damage,2024-10-22
CLM-005788,claim,57.19,accidental_damage,2024-02-19
CLM-005789,claim,158.12,screen_damage,2023-12-10
CLM-005790,claim,194.12,accidental_damage,2024-08-15
CLM-005791,claim,445.59,accidental_damage,2023-05-17
CLM-005792,claim,230.74,screen_damage,2024-03-04
CLM-005793,claim,196.03,battery_issue,2024-09-10
CLM-005794,claim,1019.11,accidental_damage,2024-06-08
CLM-005795,claim,780.45,water_damage,2024-03-07
CLM-005796,claim,314.68,mechanical_failure,2023-03-20
CLM-005797,claim,309.41,software_issue,2023-06-24
CLM-005798,claim,266.96,accidental_damage,2023-12-04
CLM-005799,claim,126.98,accidental_damage,2024-05-20
CLM-005800,claim,67.56,battery_issue,2024-10-03
CLM-005801,claim,293.44,screen_damage,2024-08-19
CLM-005802,claim,294.95,theft,2023-12-16
CLM-005803,claim,806.44,battery_issue,2024-04-23
CLM-005804,claim,1897.38,mechanical_failure,2024-10-02
CLM-005805,claim,34.33,screen_damage,2023-03-09
CLM-005806,claim,44.14,mechanical_failure,2024-08-26
CLM-005807,claim,986.64,theft,2023-01-15
CLM-005808,claim,363.98,screen_damage,2023-10-22
CLM-005809,claim,239.23,theft,2023-04-08
CLM-005810,claim,142.59,accidental_damage,2023-09-14
CLM-005811,claim,143.84,battery_issue,2024-05-28
CLM-005812,claim,435.96,accidental_damage,2024-09-07
CLM-005813,claim,94.58,battery_issue,2024-04-02
CLM-005814,claim,622.51,water_damage,2024-02-07
CLM-005815,claim,618.11,battery_issue,2024-05-29
CLM-005816,claim,124.31,accidental_damage,2023-09-20
CLM-005817,claim,87.71,theft,2023-06-03
CLM-005818,claim,218.42,screen_damage,2024-01-05
CLM-005819,claim,493.09,water_damage,2023-02-11
CLM-005820,claim,183.16,battery_issue,2023-08-03
CLM-005821,claim,58.06,theft,2023-10-24
CLM-005822,claim,95.43,water_damage,2024-10-07
CLM-005823,claim,401.42,water_damage,2024-07-28
CLM-005824,claim,55.63,screen_damage,2023-09-15
CLM-005825,claim,360.75,water_damage,2023-04-23
CLM-005826,claim,128.34,accidental_damage,2023-08-27
CLM-005827,claim,1333.37,water_damage,2023-10-05
CLM-005828,claim,151.81,battery_issue,2024-08-19
CLM-005829,claim,86.62,battery_issue,2023-08-24
CLM-005830,claim,222.68,accidental_damage,2024-09-07
CLM-005831,claim,134.07,water_damage,2023-10-24
CLM-005832,claim,506.06,theft,2023-04-22
CLM-005833,claim,121.98,accidental_damage,2024-11-05
CLM-005834,claim,526.52,software_issue,2023-02-27
CLM-005835,claim,1187.46,battery_issue,2023-06-20
CLM-005836,claim,93.53,accidental_damage,2023-11-24
CLM-005837,claim,275.43,software_issue,2024-08-30
CLM-005838,claim,150.79,theft,2024-08-17
CLM-005839,claim,411.2,software_issue,2024-09-29
CLM-005840,claim,117.04,battery_issue,2023-03-12
CLM-005841,claim,571.87,software_issue,2024-05-28
CLM-005842,claim,87.63,mechanical_failure,2023-05-02
CLM-005843,claim,159.89,accidental_damage,2024-11-04
CLM-005844,claim,83.31,software_issue,2024-07-11
CLM-005845,claim,949.2,theft,2023-08-16
CLM-005846,claim,203.75,screen_damage,2023-08-08
CLM-005847,claim,174.59,theft,2024-03-20
CLM-005848,claim,182.28,screen_damage,2024-07-21
CLM-005849,claim,86.77,mechanical_failure,2023-04-01
CLM-005850,claim,275.77,screen_damage,2023-11-29
CLM-005851,claim,189.34,accidental_damage,2024-06-04
CLM-005852,claim,225.33,mechanical_failure,2024-04-07
CLM-005853,claim,403.18,accidental_damage,2024-10-02
CLM-005854,claim,161.04,software_issue,2023-02-21
CLM-005855,claim,72.38,battery_issue,2023-10-12
CLM-005856,claim,228.99,accidental_damage,2023-02-08
CLM-005857,claim,626.25,accidental_damage,2023-03-13
CLM-005858,claim,1192.4,mechanical_failure,2023-04-03
CLM-005859,claim,187.33,battery_issue,2023-12-29
CLM-005860,claim,537.55,water_damage,2023-01-09
CLM-005861,claim,691.42,software_issue,2024-11-03
CLM-005862,claim,1002.02,screen_damage,2024-03-25
CLM-005863,claim,70.69,theft,2023-09-15
CLM-005864,claim,251.16,accidental_damage,2024-11-09
CLM-005865,claim,201.28,software_issue,2023-02-14
CLM-005866,claim,577.68,screen_damage,2023-12-08
CLM-005867,claim,211.2,software_issue,2024-10-21
CLM-005868,claim,255.87,theft,2023-06-02
CLM-005869,claim,47.42,software_issue,2023-12-23
CLM-005870,claim,42.19,screen_damage,2023-01-26
CLM-005871,claim,64.95,screen_damage,2023-04-21
CLM-005872,claim,77.25,screen_damage,2024-09-15
CLM-005873,claim,1416.09,accidental_damage,2023-08-06
CLM-005874,claim,117.77,water_damage,2024-11-03
CLM-005875,claim,203.27,accidental_damage,2023-11-18
CLM-005876,claim,359.18,battery_issue,2023-03-08
CLM-005877,claim,269.96,software_issue,2023-01-12
CLM-005878,claim,167.09,theft,2023-07-18
CLM-005879,claim,158.34,software_issue,2024-09-10
CLM-005880,claim,154.32,accidental_damage,2023-04-17
CLM-005881,claim,183.34,theft,2024-02-26
CLM-005882,claim,136.32,battery_issue,2023-03-09
CLM-005883,claim,75.93,screen_damage,2023-09-02
CLM-005884,claim,134.77,software_issue,2024-05-06
CLM-005885,claim,327.98,water_damage,2024-09-28
CLM-005886,claim,85.82,battery_issue,2024-11-27
CLM-005887,claim,113.68,accidental_damage,2024-05-30
CLM-005888,claim,291.4,screen_damage,2023-09-10
CLM-005889,claim,499.1,software_issue,2023-05-21
CLM-005890,claim,605.69,water_damage,2024-08-08
CLM-005891,claim,546.74,software_issue,2024-10-13
CLM-005892,claim,385.7,software_issue,2024-07-14
CLM-005893,claim,299.57,screen_damage,2024-11-22
CLM-005894,claim,81.11,water_damage,2024-07-17
CLM-005895,claim,48.01,accidental_damage,2023-02-08
CLM-005896,claim,224.88,accidental_damage,2023-08-10
CLM-005897,claim,129.27,mechanical_failure,2024-03-22
CLM-005898,claim,100.97,accidental_damage,2023-02-27
CLM-005899,claim,267.74,accidental_damage,2023-08-20
CLM-005900,claim,136.91,accidental_damage,2024-02-02
CLM-005901,claim,99.4,mechanical_failure,2023-04-13
CLM-005902,claim,267.96,battery_issue,2023-06-17
CLM-005903,claim,259.77,theft,2024-08-04
CLM-005904,claim,327.14,battery_issue,2023-12-08
CLM-005905,claim,198.03,water_damage,2023-12-31
CLM-005906,claim,196.55,screen_damage,2024-08-03
CLM-005907,claim,300.07,screen_damage,2024-10-05
CLM-005908,claim,175.72,software_issue,2023-04-02
CLM-005909,claim,294.05,theft,2024-03-16
CLM-005910,claim,105.34,accidental_damage,2023-08-05
CLM-005911,claim,398.67,accidental_damage,2023-07-25
CLM-005912,claim,255.68,screen_damage,2024-09-04
CLM-005913,claim,135.47,accidental_damage,2024-02-09
CLM-005914,claim,134.68,theft,2023-04-14
CLM-005915,claim,176.98,water_damage,2024-06-23
CLM-005916,claim,301.37,software_issue,2024-04-15
CLM-005917,claim,224.55,screen_damage,2024-04-28
CLM-005918,claim,291.73,theft,2024-04-29
CLM-005919,claim,181.21,software_issue,2024-08-20
CLM-005920,claim,330.73,theft,2024-08-03
CLM-005921,claim,328.0,software_issue,2024-05-27
CLM-005922,claim,173.4,screen_damage,2024-07-02
CLM-005923,claim,165.68,water_damage,2023-01-01
CLM-005924,claim,122.9,theft,2024-09-08
CLM-005925,claim,276.61,accidental_damage,2023-08-08
CLM-005926,claim,241.97,theft,2024-03-12
CLM-005927,claim,201.44,software_issue,2024-11-17
CLM-005928,claim,727.23,water_damage,2024-07-23
CLM-005929,claim,521.09,theft,2023-10-15
CLM-005930,claim,294.93,mechanical_failure,2024-11-20
CLM-005931,claim,81.05,battery_issue,2024-02-21
CLM-005932,claim,72.37,battery_issue,2023-06-09
CLM-005933,claim,138.08,software_issue,2023-02-16
CLM-005934,claim,183.5,accidental_damage,2024-08-16
CLM-005935,claim,166.17,screen_damage,2023-05-28
CLM-005936,claim,94.25,accidental_damage,2023-05-25
CLM-005937,claim,327.42,mechanical_failure,2023-01-06
CLM-005938,claim,469.56,battery_issue,2024-05-15
CLM-005939,claim,332.65,software_issue,2023-07-25
CLM-005940,claim,209.7,software_issue,2023-04-21
CLM-005941,claim,821.35,mechanical_failure,2024-02-21
CLM-005942,claim,121.09,water_damage,2024-06-29
CLM-005943,claim,158.27,screen_damage,2023-09-07
CLM-005944,claim,703.75,screen_damage,2023-03-02
CLM-005945,claim,315.35,battery_issue,2023-02-27
CLM-005946,claim,401.45,theft,2023-03-11
CLM-005947,claim,100.0,theft,2024-04-25
CLM-005948,claim,630.93,battery_issue,2023-03-20
CLM-005949,claim,164.12,accidental_damage,2024-08-15
CLM-005950,claim,223.44,software_issue,2023-05-28
CLM-005951,claim,173.41,water_damage,2023-08-21
CLM-005952,claim,276.47,theft,2024-03-16
CLM-005953,claim,261.35,water_damage,2023-04-04
CLM-005954,claim,217.89,water_damage,2023-01-23
CLM-005955,claim,99.76,accidental_damage,2023-06-13
CLM-005956,claim,322.05,theft,2023-07-18
CLM-005957,claim,280.59,theft,2024-03-03
CLM-005958,claim,159.66,screen_damage,2024-08-17
CLM-005959,claim,604.8,screen_damage,2024-09-30
CLM-005960,claim,129.42,battery_issue,2023-05-07
CLM-005961,claim,312.85,water_damage,2024-08-22
CLM-005962,claim,269.67,mechanical_failure,2023-09-20
CLM-005963,claim,198.35,water_damage,2023-12-31
CLM-005964,claim,391.03,screen_damage,2023-08-20
CLM-005965,claim,185.77,mechanical_failure,2023-12-11
CLM-005966,claim,735.17,water_damage,2023-10-07
CLM-005967,claim,646.36,mechanical_failure,2024-04-20
CLM-005968,claim,148.22,mechanical_failure,2024-11-06
CLM-005969,claim,75.65,water_damage,2023-05-19
CLM-005970,claim,131.14,screen_damage,2024-03-14
CLM-005971,claim,646.98,theft,2023-10-19
CLM-005972,claim,261.77,accidental_damage,2024-07-18
CLM-005973,claim,123.59,screen_damage,2024-11-27
CLM-005974,claim,356.27,water_damage,2023-08-23
CLM-005975,claim,509.67,battery_issue,2023-01-11
CLM-005976,claim,246.39,screen_damage,2023-09-20
CLM-005977,claim,215.73,theft,2023-11-12
CLM-005978,claim,380.26,software_issue,2024-04-26
CLM-005979,claim,278.1,accidental_damage,2023-12-10
CLM-005980,claim,615.99,accidental_damage,2024-10-13
CLM-005981,claim,298.41,battery_issue,2024-03-11
CLM-005982,claim,75.04,battery_issue,2023-01-07
CLM-005983,claim,281.94,theft,2024-09-27
CLM-005984,claim,131.33,theft,2024-08-07
CLM-005985,claim,487.15,software_issue,2023-01-13
CLM-005986,claim,191.4,battery_issue,2023-11-15
CLM-005987,claim,125.58,accidental_damage,2023-07-11
CLM-005988,claim,99.45,theft,2023-07-16
CLM-005989,claim,59.93,mechanical_failure,2024-02-03
CLM-005990,claim,62.55,accidental_damage,2023-11-30
CLM-005991,claim,213.08,theft,2024-10-18
CLM-005992,claim,317.95,software_issue,2024-01-25
CLM-005993,claim,141.87,mechanical_failure,2024-06-15
CLM-005994,claim,257.26,accidental_damage,2023-05-20
CLM-005995,claim,480.89,battery_issue,2024-09-13
CLM-005996,claim,314.1,mechanical_failure,2024-05-02
CLM-005997,claim,174.21,mechanical_failure,2024-08-10
CLM-005998,claim,568.32,theft,2023-05-16
CLM-005999,claim,1364.12,mechanical_failure,2023-10-06
CLM-006000,claim,256.12,accidental_damage,2024-07-20
CLM-006001,claim,232.73,mechanical_failure,2023-12-30
CLM-006002,claim,175.92,mechanical_failure,2024-01-06
CLM-006003,claim,145.07,mechanical_failure,2024-11-24
CLM-006004,claim,78.6,accidental_damage,2024-09-03
CLM-006005,claim,224.53,accidental_damage,2023-06-29
CLM-006006,claim,496.64,battery_issue,2023-04-01
CLM-006007,claim,330.66,battery_issue,2024-04-14
CLM-006008,claim,1164.4,screen_damage,2023-10-27
CLM-006009,claim,471.39,accidental_damage,2023-01-04
CLM-006010,claim,533.33,water_damage,2024-06-28
CLM-006011,claim,544.52,software_issue,2023-01-01
CLM-006012,claim,61.24,software_issue,2024-10-29
CLM-006013,claim,393.58,theft,2024-10-29
CLM-006014,claim,124.52,accidental_damage,2024-06-26
CLM-006015,claim,272.96,screen_damage,2023-05-22
CLM-006016,claim,285.02,screen_damage,2023-08-18
CLM-006017,claim,243.46,battery_issue,2023-09-28
CLM-006018,claim,444.24,water_damage,2024-02-20
CLM-006019,claim,95.95,theft,2023-03-17
CLM-006020,claim,159.17,water_damage,2024-11-03
CLM-006021,claim,884.59,accidental_damage,2024-11-26
CLM-006022,claim,143.63,battery_issue,2024-02-24
CLM-006023,claim,126.21,mechanical_failure,2023-04-30
CLM-006024,claim,314.87,battery_issue,2024-02-28
CLM-006025,claim,568.42,mechanical_failure,2023-02-26
CLM-006026,claim,157.02,screen_damage,2024-03-01
CLM-006027,claim,149.92,mechanical_failure,2023-02-20
CLM-006028,claim,979.88,battery_issue,2024-02-27
CLM-006029,claim,147.93,theft,2024-10-10
CLM-006030,claim,85.73,water_damage,2024-02-24
CLM-006031,claim,986.67,theft,2023-04-28
CLM-006032,claim,244.93,battery_issue,2024-09-16
CLM-006033,claim,794.47,battery_issue,2023-02-22
CLM-006034,claim,153.73,mechanical_failure,2023-04-24
CLM-006035,claim,447.96,screen_damage,2023-10-02
CLM-006036,claim,184.89,water_damage,2023-04-28
CLM-006037,claim,74.31,battery_issue,2024-01-12
CLM-006038,claim,95.1,mechanical_failure,2023-09-29
CLM-006039,claim,345.91,theft,2023-08-26
CLM-006040,claim,72.27,water_damage,2023-05-06
CLM-006041,claim,345.22,water_damage,2024-03-02
CLM-006042,claim,287.53,accidental_damage,2023-01-16
CLM-006043,claim,289.08,screen_damage,2024-05-02
CLM-006044,claim,129.42,water_damage,2024-10-27
CLM-006045,claim,168.44,battery_issue,2023-06-28
CLM-006046,claim,109.38,water_damage,2023-11-05
CLM-006047,claim,157.68,screen_damage,2023-11-02
CLM-006048,claim,187.29,battery_issue,2024-09-01
CLM-006049,claim,475.53,software_issue,2023-04-30
CLM-006050,claim,62.5,screen_damage,2023-08-16
CLM-006051,claim,532.27,theft,2023-08-21
CLM-006052,claim,166.86,screen_damage,2023-01-18
CLM-006053,claim,188.44,screen_damage,2023-04-16
CLM-006054,claim,259.21,software_issue,2023-05-14
CLM-006055,claim,270.99,mechanical_failure,2023-12-05
CLM-006056,claim,272.35,theft,2024-03-18
CLM-006057,claim,278.26,mechanical_failure,2023-12-09
CLM-006058,claim,209.54,theft,2023-09-23
CLM-006059,claim,500.26,accidental_damage,2023-09-25
CLM-006060,claim,433.91,water_damage,2023-11-11
CLM-006061,claim,346.18,mechanical_failure,2024-11-29
CLM-006062,claim,328.14,screen_damage,2024-02-20
CLM-006063,claim,72.29,mechanical_failure,2023-03-29
CLM-006064,claim,393.62,theft,2023-07-08
CLM-006065,claim,354.03,water_damage,2023-07-29
CLM-006066,claim,165.67,battery_issue,2023-08-14
CLM-006067,claim,172.99,water_damage,2024-03-28
CLM-006068,claim,301.19,water_damage,2024-11-17
CLM-006069,claim,79.93,battery_issue,2024-01-29
CLM-006070,claim,41.36,theft,2023-08-18
CLM-006071,claim,220.37,software_issue,2023-01-30
CLM-006072,claim,452.09,theft,2024-06-08
CLM-006073,claim,1164.61,theft,2023-02-22
CLM-006074,claim,625.93,software_issue,2024-03-08
CLM-006075,claim,305.42,screen_damage,2023-02-09
CLM-006076,claim,111.76,water_damage,2023-02-03
CLM-006077,claim,442.4,software_issue,2024-02-28
CLM-006078,claim,815.48,software_issue,2024-11-30
CLM-006079,claim,771.21,mechanical_failure,2023-01-23
CLM-006080,claim,56.35,battery_issue,2023-05-01
CLM-006081,claim,113.05,theft,2023-01-11
CLM-006082,claim,138.5,accidental_damage,2024-01-07
CLM-006083,claim,620.55,battery_issue,2024-01-12
CLM-006084,claim,354.95,software_issue,2023-12-19
CLM-006085,claim,411.06,battery_issue,2024-03-24
CLM-006086,claim,599.47,mechanical_failure,2023-12-19
CLM-006087,claim,281.47,battery_issue,2024-05-21
CLM-006088,claim,306.01,mechanical_failure,2024-01-21
CLM-006089,claim,157.56,battery_issue,2024-10-05
CLM-006090,claim,144.16,mechanical_failure,2023-04-09
CLM-006091,claim,491.07,software_issue,2024-01-15
CLM-006092,claim,811.23,water_damage,2024-10-02
CLM-006093,claim,596.63,accidental_damage,2024-03-18
CLM-006094,claim,864.4,theft,2023-03-01
CLM-006095,claim,239.45,accidental_damage,2023-07-16
CLM-006096,claim,111.06,water_damage,2023-08-23
CLM-006097,claim,198.64,mechanical_failure,2024-03-01
CLM-006098,claim,469.82,screen_damage,2023-02-12
CLM-006099,claim,82.1,theft,2024-01-11
CLM-006100,claim,703.85,software_issue,2024-04-22
CLM-006101,claim,188.35,battery_issue,2024-05-07
CLM-006102,claim,109.12,battery_issue,2023-08-24
CLM-006103,claim,134.83,mechanical_failure,2023-10-25
CLM-006104,claim,52.62,theft,2023-01-01
CLM-006105,claim,250.9,accidental_damage,2024-08-20
CLM-006106,claim,1066.07,water_damage,2024-11-30
CLM-006107,claim,259.41,software_issue,2024-08-27
CLM-006108,claim,168.07,screen_damage,2023-06-18
CLM-006109,claim,283.52,screen_damage,2024-02-02
CLM-006110,claim,87.77,screen_damage,2023-11-26
CLM-006111,claim,69.12,mechanical_failure,2024-01-11
CLM-006112,claim,871.17,water_damage,2023-01-02
CLM-006113,claim,301.94,mechanical_failure,2024-10-28
CLM-006114,claim,86.98,screen_damage,2023-09-10
CLM-006115,claim,642.58,battery_issue,2023-07-07
CLM-006116,claim,421.24,theft,2023-04-30
CLM-006117,claim,87.46,software_issue,2023-12-25
CLM-006118,claim,265.76,theft,2023-10-11
CLM-006119,claim,41.55,software_issue,2023-04-13
CLM-006120,claim,169.43,battery_issue,2023-08-06
CLM-006121,claim,678.64,mechanical_failure,2023-12-24
CLM-006122,claim,142.29,software_issue,2024-02-18
CLM-006123,claim,192.34,software_issue,2024-01-19
CLM-006124,claim,100.03,battery_issue,2023-04-14
CLM-006125,claim,57.52,mechanical_failure,2023-10-20
CLM-006126,claim,137.99,mechanical_failure,2024-04-17
CLM-006127,claim,199.1,mechanical_failure,2023-08-09
CLM-006128,claim,241.63,theft,2023-06-05
CLM-006129,claim,185.9,accidental_damage,2023-01-25
CLM-006130,claim,368.06,theft,2024-10-28
CLM-006131,claim,270.13,water_damage,2024-07-30
CLM-006132,claim,512.35,battery_issue,2024-06-08
CLM-006133,claim,80.24,battery_issue,2024-03-05
CLM-006134,claim,260.17,software_issue,2024-10-02
CLM-006135,claim,316.23,screen_damage,2024-01-23
CLM-006136,claim,454.45,theft,2023-04-16
CLM-006137,claim,150.59,mechanical_failure,2023-07-17
CLM-006138,claim,165.96,software_issue,2023-05-05
CLM-006139,claim,824.46,mechanical_failure,2024-05-14
CLM-006140,claim,675.54,water_damage,2023-08-27
CLM-006141,claim,284.84,theft,2024-02-24
CLM-006142,claim,25.4,battery_issue,2023-01-08
CLM-006143,claim,296.21,screen_damage,2024-01-15
CLM-006144,claim,551.39,mechanical_failure,2024-02-14
CLM-006145,claim,354.15,screen_damage,2023-02-18
CLM-006146,claim,383.84,theft,2023-09-16
CLM-006147,claim,107.92,theft,2023-01-19
CLM-006148,claim,515.94,mechanical_failure,2023-12-02
CLM-006149,claim,1187.72,battery_issue,2023-06-21
CLM-006150,claim,252.69,software_issue,2023-03-22
CLM-006151,claim,327.99,battery_issue,2023-04-22
CLM-006152,claim,1249.09,software_issue,2024-05-05
CLM-006153,claim,164.39,battery_issue,2023-03-28
CLM-006154,claim,417.46,water_damage,2023-12-14
CLM-006155,claim,192.35,software_issue,2023-06-25
CLM-006156,claim,2293.74,water_damage,2024-01-15
CLM-006157,claim,389.1,theft,2024-03-14
CLM-006158,claim,42.27,screen_damage,2023-07-30
CLM-006159,claim,86.51,screen_damage,2023-08-27
CLM-006160,claim,612.02,software_issue,2024-05-23
CLM-006161,claim,505.01,battery_issue,2024-07-20
CLM-006162,claim,103.1,software_issue,2023-08-28
CLM-006163,claim,166.52,mechanical_failure,2024-11-29
CLM-006164,claim,580.98,theft,2023-12-18
CLM-006165,claim,164.02,water_damage,2023-09-14
CLM-006166,claim,426.07,battery_issue,2024-02-18
CLM-006167,claim,276.02,mechanical_failure,2023-01-10
CLM-006168,claim,226.26,water_damage,2023-02-01
CLM-006169,claim,481.59,theft,2024-03-20
CLM-006170,claim,693.19,software_issue,2023-05-26
CLM-006171,claim,110.89,water_damage,2024-10-27
CLM-006172,claim,882.99,accidental_damage,2024-02-02
CLM-006173,claim,73.72,water_damage,2023-09-28
CLM-006174,claim,247.91,theft,2023-01-05
CLM-006175,claim,68.07,accidental_damage,2023-12-20
CLM-006176,claim,474.92,accidental_damage,2024-09-13
CLM-006177,claim,259.4,screen_damage,2024-05-24
CLM-006178,claim,290.38,mechanical_failure,2024-10-07
CLM-006179,claim,425.23,mechanical_failure,2024-05-16
CLM-006180,claim,247.43,water_damage,2023-07-23
CLM-006181,claim,228.21,screen_damage,2023-12-14
CLM-006182,claim,201.53,water_damage,2024-01-13
CLM-006183,claim,293.5,mechanical_failure,2024-02-20
CLM-006184,claim,347.8,battery_issue,2024-09-12
CLM-006185,claim,222.39,water_damage,2024-08-13
CLM-006186,claim,384.46,water_damage,2024-07-17
CLM-006187,claim,199.16,theft,2023-09-08
CLM-006188,claim,676.73,software_issue,2024-08-22
CLM-006189,claim,31.31,theft,2024-02-14
CLM-006190,claim,290.3,screen_damage,2024-05-28
CLM-006191,claim,585.55,battery_issue,2023-06-10
CLM-006192,claim,151.48,mechanical_failure,2023-01-13
CLM-006193,claim,54.63,accidental_damage,2023-02-20
CLM-006194,claim,273.79,water_damage,2024-01-26
CLM-006195,claim,769.16,software_issue,2024-09-17
CLM-006196,claim,166.66,water_damage,2024-11-25
CLM-006197,claim,229.41,software_issue,2023-11-02
CLM-006198,claim,170.21,screen_damage,2024-03-30
CLM-006199,claim,178.96,theft,2023-06-17
CLM-006200,claim,192.49,battery_issue,2023-12-09
CLM-006201,claim,45.97,accidental_damage,2024-08-04
CLM-006202,claim,216.99,software_issue,2024-11-11
CLM-006203,claim,436.78,accidental_damage,2023-02-14
CLM-006204,claim,166.16,battery_issue,2023-10-11
CLM-006205,claim,179.07,water_damage,2024-01-16
CLM-006206,claim,991.02,accidental_damage,2024-01-24
CLM-006207,claim,146.9,theft,2023-11-15
CLM-006208,claim,195.28,software_issue,2023-10-31
CLM-006209,claim,200.27,screen_damage,2023-05-09
CLM-006210,claim,193.24,water_damage,2023-05-17
CLM-006211,claim,168.95,theft,2024-06-26
CLM-006212,claim,317.97,accidental_damage,2024-04-30
CLM-006213,claim,843.01,theft,2024-10-14
CLM-006214,claim,549.66,accidental_damage,2023-04-19
CLM-006215,claim,81.45,mechanical_failure,2024-10-18
CLM-006216,claim,1113.7,mechanical_failure,2023-03-09
CLM-006217,claim,269.4,software_issue,2023-06-09
CLM-006218,claim,84.19,software_issue,2024-07-27
CLM-006219,claim,333.3,water_damage,2024-03-14
CLM-006220,claim,325.41,accidental_damage,2023-10-13
CLM-006221,claim,416.94,software_issue,2023-08-14
CLM-006222,claim,146.49,water_damage,2023-05-28
CLM-006223,claim,54.85,software_issue,2023-11-30
CLM-006224,claim,110.44,software_issue,2023-04-19
CLM-006225,claim,299.6,screen_damage,2024-01-03
CLM-006226,claim,298.85,theft,2024-02-28
CLM-006227,claim,330.84,theft,2023-04-09
CLM-006228,claim,417.38,battery_issue,2023-11-05
CLM-006229,claim,140.32,software_issue,2023-09-13
CLM-006230,claim,123.18,water_damage,2023-10-16
CLM-006231,claim,393.2,battery_issue,2024-04-14
CLM-006232,claim,485.66,accidental_damage,2023-03-31
CLM-006233,claim,101.62,software_issue,2023-06-02
CLM-006234,claim,58.91,theft,2023-10-31
CLM-006235,claim,249.09,battery_issue,2023-12-27
CLM-006236,claim,370.2,accidental_damage,2024-04-14
CLM-006237,claim,209.05,battery_issue,2024-03-11
CLM-006238,claim,104.8,theft,2023-07-07
CLM-006239,claim,184.9,accidental_damage,2024-05-28
CLM-006240,claim,148.16,accidental_damage,2024-07-05
CLM-006241,claim,401.05,water_damage,2023-06-13
CLM-006242,claim,250.0,screen_damage,2024-05-15
CLM-006243,claim,502.78,accidental_damage,2024-02-18
CLM-006244,claim,241.14,theft,2024-08-07
CLM-006245,claim,139.96,accidental_damage,2024-05-25
CLM-006246,claim,332.6,accidental_damage,2024-04-13
CLM-006247,claim,68.88,theft,2024-09-18
CLM-006248,claim,197.25,theft,2023-03-19
CLM-006249,claim,808.46,mechanical_failure,2023-07-07
CLM-006250,claim,78.53,theft,2024-09-07
CLM-006251,claim,459.19,water_damage,2023-09-06
CLM-006252,claim,127.65,water_damage,2024-09-13
CLM-006253,claim,603.01,software_issue,2023-07-05
CLM-006254,claim,57.86,water_damage,2024-02-20
CLM-006255,claim,1126.04,accidental_damage,2024-02-09
CLM-006256,claim,162.97,battery_issue,2024-04-01
CLM-006257,claim,484.0,accidental_damage,2024-09-19
CLM-006258,claim,312.99,battery_issue,2023-04-15
CLM-006259,claim,35.69,mechanical_failure,2023-07-05
CLM-006260,claim,185.89,battery_issue,2023-01-15
CLM-006261,claim,169.98,mechanical_failure,2024-05-07
CLM-006262,claim,1118.99,mechanical_failure,2023-12-24
CLM-006263,claim,97.77,theft,2023-08-04
CLM-006264,claim,392.5,software_issue,2023-03-02
CLM-006265,claim,1137.23,water_damage,2024-08-03
CLM-006266,claim,335.73,software_issue,2023-05-05
CLM-006267,claim,405.11,screen_damage,2024-02-27
CLM-006268,claim,73.42,theft,2023-07-25
CLM-006269,claim,321.64,screen_damage,2023-08-20
CLM-006270,claim,607.13,screen_damage,2024-04-26
CLM-006271,claim,240.09,mechanical_failure,2024-01-28
CLM-006272,claim,370.03,screen_damage,2023-10-29
CLM-006273,claim,525.6,water_damage,2024-01-17
CLM-006274,claim,115.5,accidental_damage,2023-10-05
CLM-006275,claim,1017.28,screen_damage,2024-06-25
CLM-006276,claim,79.38,battery_issue,2023-03-06
CLM-006277,claim,581.17,battery_issue,2023-10-11
CLM-006278,claim,267.37,water_damage,2024-02-24
CLM-006279,claim,494.94,theft,2023-02-20
CLM-006280,claim,188.17,water_damage,2023-12-02
CLM-006281,claim,322.76,software_issue,2024-01-04
CLM-006282,claim,351.02,theft,2024-11-12
CLM-006283,claim,49.75,battery_issue,2023-01-05
CLM-006284,claim,199.09,accidental_damage,2024-01-03
CLM-006285,claim,683.41,water_damage,2024-04-23
CLM-006286,claim,174.97,mechanical_failure,2023-10-14
CLM-006287,claim,140.55,software_issue,2024-02-29
CLM-006288,claim,125.71,software_issue,2024-08-07
CLM-006289,claim,136.59,mechanical_failure,2023-05-25
CLM-006290,claim,751.55,screen_damage,2023-08-07
CLM-006291,claim,138.86,battery_issue,2023-06-19
CLM-006292,claim,232.35,software_issue,2023-12-01
CLM-006293,claim,134.71,software_issue,2024-04-06
CLM-006294,claim,159.86,accidental_damage,2023-03-18
CLM-006295,claim,660.29,mechanical_failure,2023-07-08
CLM-006296,claim,509.5,software_issue,2024-03-06
CLM-006297,claim,111.05,screen_damage,2024-11-04
CLM-006298,claim,565.8,theft,2023-05-19
CLM-006299,claim,128.46,water_damage,2024-07-31
CLM-006300,claim,313.0,accidental_damage,2023-03-28
CLM-006301,claim,236.76,accidental_damage,2024-11-08
CLM-006302,claim,103.63,accidental_damage,2023-09-11
CLM-006303,claim,119.52,water_damage,2024-08-06
CLM-006304,claim,473.61,accidental_damage,2024-01-03
CLM-006305,claim,256.83,mechanical_failure,2023-01-30
CLM-006306,claim,113.83,water_damage,2024-02-19
CLM-006307,claim,679.35,mechanical_failure,2024-06-20
CLM-006308,claim,168.55,software_issue,2023-01-22
CLM-006309,claim,552.98,theft,2023-08-27
CLM-006310,claim,508.83,mechanical_failure,2023-09-14
CLM-006311,claim,257.96,water_damage,2023-12-19
CLM-006312,claim,63.93,water_damage,2023-09-14
CLM-006313,claim,94.27,battery_issue,2023-08-17
CLM-006314,claim,97.16,theft,2024-07-18
CLM-006315,claim,414.34,mechanical_failure,2023-09-28
CLM-006316,claim,158.42,software_issue,2023-02-06
CLM-006317,claim,538.35,water_damage,2024-10-30
CLM-006318,claim,491.17,screen_damage,2024-04-21
CLM-006319,claim,51.86,water_damage,2024-07-20
CLM-006320,claim,218.17,software_issue,2024-01-23
CLM-006321,claim,524.89,mechanical_failure,2024-07-10
CLM-006322,claim,196.3,accidental_damage,2024-11-12
CLM-006323,claim,152.73,accidental_damage,2023-02-28
CLM-006324,claim,79.39,mechanical_failure,2023-05-26
CLM-006325,claim,71.1,accidental_damage,2024-01-04
CLM-006326,claim,124.14,battery_issue,2023-02-24
CLM-006327,claim,127.0,software_issue,2023-11-10
CLM-006328,claim,195.57,battery_issue,2024-08-04
CLM-006329,claim,222.67,screen_damage,2024-08-21
CLM-006330,claim,482.1,accidental_damage,2024-09-12
CLM-006331,claim,97.97,screen_damage,2024-05-04
CLM-006332,claim,186.26,battery_issue,2023-12-28
CLM-006333,claim,101.67,screen_damage,2023-10-19
CLM-006334,claim,232.51,accidental_damage,2024-09-01
CLM-006335,claim,30.41,screen_damage,2024-11-21
CLM-006336,claim,626.12,battery_issue,2024-05-31
CLM-006337,claim,427.64,mechanical_failure,2023-10-13
CLM-006338,claim,372.48,software_issue,2023-08-12
CLM-006339,claim,355.33,battery_issue,2023-11-04
CLM-006340,claim,207.64,water_damage,2024-03-28
CLM-006341,claim,181.59,mechanical_failure,2024-05-22
CLM-006342,claim,511.7,theft,2024-06-25
CLM-006343,claim,712.52,battery_issue,2023-01-20
CLM-006344,claim,293.67,theft,2024-03-17
CLM-006345,claim,150.68,mechanical_failure,2023-05-14
CLM-006346,claim,316.95,theft,2023-01-21
CLM-006347,claim,101.33,theft,2024-08-02
CLM-006348,claim,504.55,theft,2023-06-25
CLM-006349,claim,560.8,water_damage,2023-07-24
CLM-006350,claim,37.49,mechanical_failure,2024-10-06
CLM-006351,claim,360.01,theft,2024-11-07
CLM-006352,claim,393.37,water_damage,2024-02-24
CLM-006353,claim,133.74,software_issue,2023-05-29
CLM-006354,claim,221.28,mechanical_failure,2023-01-15
CLM-006355,claim,153.49,theft,2024-05-04
CLM-006356,claim,85.1,water_damage,2024-10-21
CLM-006357,claim,115.75,battery_issue,2023-07-01
CLM-006358,claim,412.97,theft,2024-01-31
CLM-006359,claim,1114.31,mechanical_failure,2024-09-15
CLM-006360,claim,336.88,theft,2023-12-08
CLM-006361,claim,128.24,mechanical_failure,2024-09-02
CLM-006362,claim,416.13,screen_damage,2023-03-18
CLM-006363,claim,109.31,accidental_damage,2024-11-07
CLM-006364,claim,197.73,theft,2023-12-23
CLM-006365,claim,585.65,battery_issue,2024-08-17
CLM-006366,claim,292.72,battery_issue,2024-07-28
CLM-006367,claim,416.6,accidental_damage,2023-02-09
CLM-006368,claim,274.47,accidental_damage,2023-04-18
CLM-006369,claim,859.76,mechanical_failure,2023-02-04
CLM-006370,claim,845.17,water_damage,2024-02-13
CLM-006371,claim,210.7,accidental_damage,2023-05-21
CLM-006372,claim,55.49,theft,2024-06-02
CLM-006373,claim,509.0,software_issue,2024-03-21
CLM-006374,claim,473.73,theft,2024-11-07
CLM-006375,claim,61.86,mechanical_failure,2024-03-28
CLM-006376,claim,338.07,mechanical_failure,2023-08-14
CLM-006377,claim,788.94,water_damage,2024-06-05
CLM-006378,claim,92.33,screen_damage,2023-10-25
CLM-006379,claim,165.47,mechanical_failure,2023-07-26
CLM-006380,claim,960.41,screen_damage,2023-02-09
CLM-006381,claim,112.17,water_damage,2024-05-12
CLM-006382,claim,206.15,water_damage,2023-07-19
CLM-006383,claim,1339.99,screen_damage,2024-03-02
CLM-006384,claim,87.17,theft,2023-09-09
CLM-006385,claim,173.26,software_issue,2024-03-18
CLM-006386,claim,105.5,accidental_damage,2023-03-18
CLM-006387,claim,87.09,water_damage,2024-11-27
CLM-006388,claim,291.44,screen_damage,2023-09-04
CLM-006389,claim,998.32,mechanical_failure,2024-09-25
CLM-006390,claim,321.98,theft,2023-06-16
CLM-006391,claim,311.57,screen_damage,2024-10-26
CLM-006392,claim,114.78,theft,2023-09-03
CLM-006393,claim,542.36,accidental_damage,2023-05-13
CLM-006394,claim,200.94,mechanical_failure,2023-01-25
CLM-006395,claim,163.02,theft,2023-03-23
CLM-006396,claim,178.41,water_damage,2024-01-09
CLM-006397,claim,29.91,mechanical_failure,2023-11-14
CLM-006398,claim,788.77,software_issue,2023-01-28
CLM-006399,claim,775.57,battery_issue,2024-09-06
CLM-006400,claim,840.68,water_damage,2023-10-28
CLM-006401,claim,893.26,accidental_damage,2024-01-20
CLM-006402,claim,430.77,mechanical_failure,2024-03-01
CLM-006403,claim,328.98,battery_issue,2023-07-23
CLM-006404,claim,360.13,water_damage,2024-03-27
CLM-006405,claim,793.38,mechanical_failure,2023-11-27
CLM-006406,claim,1334.54,battery_issue,2023-04-10
CLM-006407,claim,83.47,software_issue,2023-06-03
CLM-006408,claim,98.22,software_issue,2024-09-01
CLM-006409,claim,376.21,accidental_damage,2024-08-26
CLM-006410,claim,194.45,theft,2023-08-03
CLM-006411,claim,149.29,battery_issue,2023-02-18
CLM-006412,claim,136.65,accidental_damage,2023-09-28
CLM-006413,claim,224.87,water_damage,2023-11-20
CLM-006414,claim,1072.13,screen_damage,2024-04-15
CLM-006415,claim,220.17,mechanical_failure,2024-01-07
CLM-006416,claim,622.71,software_issue,2023-04-13
CLM-006417,claim,45.97,software_issue,2023-02-05
CLM-006418,claim,120.77,theft,2023-03-20
CLM-006419,claim,127.94,screen_damage,2024-06-20
CLM-006420,claim,1302.71,water_damage,2023-04-13
CLM-006421,claim,348.95,theft,2023-09-08
CLM-006422,claim,95.08,screen_damage,2023-03-16
CLM-006423,claim,125.07,screen_damage,2023-10-24
CLM-006424,claim,93.29,accidental_damage,2024-06-25
CLM-006425,claim,496.91,screen_damage,2024-03-15
CLM-006426,claim,520.2,theft,2023-11-28
CLM-006427,claim,100.0,software_issue,2024-03-16
CLM-006428,claim,1608.94,accidental_damage,2024-07-04
CLM-006429,claim,210.68,screen_damage,2024-05-23
CLM-006430,claim,439.29,water_damage,2023-06-12
CLM-006431,claim,90.91,mechanical_failure,2023-10-17
CLM-006432,claim,395.93,screen_damage,2024-05-05
CLM-006433,claim,461.16,battery_issue,2023-08-05
CLM-006434,claim,268.94,software_issue,2024-01-04
CLM-006435,claim,712.72,water_damage,2023-09-10
CLM-006436,claim,147.58,screen_damage,2023-05-20
CLM-006437,claim,198.78,theft,2023-04-20
CLM-006438,claim,164.85,water_damage,2024-02-12
CLM-006439,claim,494.54,water_damage,2023-04-07
CLM-006440,claim,170.56,screen_damage,2024-05-13
CLM-006441,claim,384.09,screen_damage,2024-03-23
CLM-006442,claim,154.1,battery_issue,2023-08-13
CLM-006443,claim,258.53,water_damage,2023-05-17
CLM-006444,claim,184.18,water_damage,2023-03-29
CLM-006445,claim,252.0,battery_issue,2024-06-06
CLM-006446,claim,77.82,battery_issue,2024-07-22
CLM-006447,claim,145.9,battery_issue,2024-01-04
CLM-006448,claim,371.73,software_issue,2024-01-28
CLM-006449,claim,240.06,mechanical_failure,2023-06-23
CLM-006450,claim,282.36,accidental_damage,2024-11-29
CLM-006451,claim,236.87,software_issue,2024-01-10
CLM-006452,claim,548.69,water_damage,2023-10-08
CLM-006453,claim,126.67,screen_damage,2023-12-07
CLM-006454,claim,131.93,software_issue,2023-03-05
CLM-006455,claim,957.88,battery_issue,2024-11-26
CLM-006456,claim,179.55,theft,2023-04-07
CLM-006457,claim,94.66,screen_damage,2023-12-21
CLM-006458,claim,448.22,water_damage,2024-08-11
CLM-006459,claim,302.78,theft,2023-10-04
CLM-006460,claim,197.48,battery_issue,2023-05-31
CLM-006461,claim,109.6,water_damage,2023-08-18
CLM-006462,claim,257.49,screen_damage,2024-04-30
CLM-006463,claim,200.41,theft,2023-03-17
CLM-006464,claim,428.22,accidental_damage,2024-07-11
CLM-006465,claim,213.52,mechanical_failure,2024-05-25
CLM-006466,claim,441.96,water_damage,2024-02-03
CLM-006467,claim,381.39,mechanical_failure,2023-08-29
CLM-006468,claim,533.97,screen_damage,2024-10-23
CLM-006469,claim,354.8,accidental_damage,2024-08-17
CLM-006470,claim,173.45,accidental_damage,2023-06-24
CLM-006471,claim,844.5,water_damage,2023-11-29
CLM-006472,claim,131.75,battery_issue,2023-05-10
CLM-006473,claim,232.35,water_damage,2023-06-03
CLM-006474,claim,169.09,battery_issue,2024-05-14
CLM-006475,claim,259.97,water_damage,2023-05-26
CLM-006476,claim,96.1,screen_damage,2024-05-10
CLM-006477,claim,135.25,water_damage,2023-07-15
CLM-006478,claim,86.13,theft,2024-08-08
CLM-006479,claim,130.47,software_issue,2024-04-21
CLM-006480,claim,191.13,theft,2023-09-01
CLM-006481,claim,684.13,water_damage,2023-06-16
CLM-006482,claim,18.17,mechanical_failure,2024-03-16
CLM-006483,claim,249.12,screen_damage,2024-08-05
CLM-006484,claim,168.98,software_issue,2024-04-20
CLM-006485,claim,85.79,mechanical_failure,2023-07-19
CLM-006486,claim,156.97,battery_issue,2023-12-28
CLM-006487,claim,254.95,water_damage,2023-08-16
CLM-006488,claim,378.95,battery_issue,2024-10-10
CLM-006489,claim,160.43,screen_damage,2023-01-22
CLM-006490,claim,317.69,theft,2023-03-16
CLM-006491,claim,99.98,accidental_damage,2023-05-09
CLM-006492,claim,1375.55,battery_issue,2024-07-11
CLM-006493,claim,110.36,software_issue,2023-04-21
CLM-006494,claim,125.81,screen_damage,2024-01-13
CLM-006495,claim,190.99,battery_issue,2023-03-19
CLM-006496,claim,108.42,water_damage,2023-04-01
CLM-006497,claim,596.32,theft,2024-09-06
CLM-006498,claim,515.09,software_issue,2023-01-08
CLM-006499,claim,184.11,accidental_damage,2023-12-02
CLM-006500,claim,197.37,software_issue,2023-11-22
CLM-006501,claim,123.29,battery_issue,2023-04-21
CLM-006502,claim,106.99,water_damage,2024-03-15
CLM-006503,claim,92.28,mechanical_failure,2023-12-03
CLM-006504,claim,640.37,theft,2023-09-19
CLM-006505,claim,324.38,screen_damage,2023-08-07
CLM-006506,claim,124.22,accidental_damage,2024-04-17
CLM-006507,claim,299.91,water_damage,2023-08-17
CLM-006508,claim,538.78,water_damage,2023-01-17
CLM-006509,claim,104.19,accidental_damage,2024-11-03
CLM-006510,claim,62.46,accidental_damage,2024-04-20
CLM-006511,claim,433.09,battery_issue,2024-09-29
CLM-006512,claim,277.45,theft,2024-03-31
CLM-006513,claim,111.69,battery_issue,2023-05-23
CLM-006514,claim,272.93,theft,2024-11-11
CLM-006515,claim,308.3,software_issue,2024-09-10
CLM-006516,claim,253.21,theft,2024-04-30
CLM-006517,claim,289.09,mechanical_failure,2024-06-07
CLM-006518,claim,220.06,theft,2023-09-29
CLM-006519,claim,238.09,screen_damage,2024-04-28
CLM-006520,claim,313.0,water_damage,2023-10-24
CLM-006521,claim,257.1,water_damage,2024-03-07
CLM-006522,claim,411.54,battery_issue,2023-07-06
CLM-006523,claim,130.59,water_damage,2024-05-29
CLM-006524,claim,134.83,software_issue,2023-06-26
CLM-006525,claim,57.39,water_damage,2024-02-09
CLM-006526,claim,1095.6,water_damage,2024-11-02
CLM-006527,claim,65.19,mechanical_failure,2023-04-24
CLM-006528,claim,98.96,accidental_damage,2023-06-02
CLM-006529,claim,178.56,theft,2024-01-28
CLM-006530,claim,132.08,screen_damage,2024-01-23
CLM-006531,claim,861.03,mechanical_failure,2023-11-08
CLM-006532,claim,234.53,theft,2023-04-09
CLM-006533,claim,172.62,screen_damage,2023-05-16
CLM-006534,claim,70.15,water_damage,2024-01-23
CLM-006535,claim,183.16,accidental_damage,2023-12-28
CLM-006536,claim,130.39,mechanical_failure,2024-10-15
CLM-006537,claim,296.94,water_damage,2023-01-31
CLM-006538,claim,1039.97,screen_damage,2024-04-17
CLM-006539,claim,220.71,software_issue,2023-01-19
CLM-006540,claim,268.17,theft,2023-11-11
CLM-006541,claim,894.67,mechanical_failure,2023-01-29
CLM-006542,claim,119.69,software_issue,2023-07-07
CLM-006543,claim,445.57,accidental_damage,2024-03-18
CLM-006544,claim,312.0,accidental_damage,2024-11-27
CLM-006545,claim,309.52,mechanical_failure,2024-10-19
CLM-006546,claim,663.5,battery_issue,2023-12-17
CLM-006547,claim,229.84,water_damage,2023-05-09
CLM-006548,claim,73.06,water_damage,2023-11-10
CLM-006549,claim,331.92,screen_damage,2024-01-16
CLM-006550,claim,1269.98,software_issue,2023-09-19
CLM-006551,claim,135.75,water_damage,2023-10-18
CLM-006552,claim,203.6,water_damage,2024-09-13
CLM-006553,claim,562.42,accidental_damage,2023-01-14
CLM-006554,claim,974.78,water_damage,2024-02-16
CLM-006555,claim,259.83,software_issue,2023-06-07
CLM-006556,claim,192.97,theft,2024-09-12
CLM-006557,claim,131.78,mechanical_failure,2024-03-22
CLM-006558,claim,142.4,battery_issue,2024-07-21
CLM-006559,claim,377.09,water_damage,2023-05-04
CLM-006560,claim,580.61,mechanical_failure,2024-08-11
CLM-006561,claim,183.7,software_issue,2024-09-13
CLM-006562,claim,143.2,accidental_damage,2023-10-05
CLM-006563,claim,63.45,accidental_damage,2023-09-11
CLM-006564,claim,535.41,accidental_damage,2023-09-03
CLM-006565,claim,114.38,screen_damage,2023-09-02
CLM-006566,claim,43.25,mechanical_failure,2023-05-25
CLM-006567,claim,282.2,theft,2023-06-02
CLM-006568,claim,237.24,screen_damage,2024-08-18
CLM-006569,claim,694.03,screen_damage,2024-11-12
CLM-006570,claim,196.41,water_damage,2023-09-11
CLM-006571,claim,216.3,battery_issue,2023-07-11
CLM-006572,claim,198.32,accidental_damage,2024-01-17
CLM-006573,claim,64.07,mechanical_failure,2023-10-25
CLM-006574,claim,81.58,battery_issue,2024-03-20
CLM-006575,claim,103.36,mechanical_failure,2024-01-14
CLM-006576,claim,227.62,water_damage,2024-11-11
CLM-006577,claim,252.64,battery_issue,2024-08-19
CLM-006578,claim,623.95,theft,2024-06-03
CLM-006579,claim,170.2,water_damage,2023-08-08
CLM-006580,claim,66.84,water_damage,2024-09-18
CLM-006581,claim,177.04,battery_issue,2023-01-22
CLM-006582,claim,64.13,mechanical_failure,2023-08-22
CLM-006583,claim,123.4,mechanical_failure,2023-11-26
CLM-006584,claim,132.58,accidental_damage,2023-04-29
CLM-006585,claim,50.69,software_issue,2023-10-13
CLM-006586,claim,222.02,accidental_damage,2024-08-10
CLM-006587,claim,231.73,screen_damage,2023-05-10
CLM-006588,claim,432.13,mechanical_failure,2023-03-05
CLM-006589,claim,266.4,theft,2023-12-18
CLM-006590,claim,291.0,water_damage,2024-11-14
CLM-006591,claim,144.55,screen_damage,2023-11-09
CLM-006592,claim,158.9,software_issue,2023-03-22
CLM-006593,claim,359.59,theft,2023-10-28
CLM-006594,claim,117.55,software_issue,2024-02-03
CLM-006595,claim,430.91,accidental_damage,2024-04-24
CLM-006596,claim,86.57,theft,2023-10-24
CLM-006597,claim,141.63,theft,2023-09-05
CLM-006598,claim,260.61,theft,2023-10-14
CLM-006599,claim,764.55,accidental_damage,2024-08-26
CLM-006600,claim,621.08,battery_issue,2023-02-17
CLM-006601,claim,432.58,screen_damage,2024-05-11
CLM-006602,claim,489.84,accidental_damage,2024-10-20
CLM-006603,claim,299.68,water_damage,2023-01-27
CLM-006604,claim,87.22,software_issue,2023-09-12
CLM-006605,claim,117.9,battery_issue,2023-08-30
CLM-006606,claim,120.71,theft,2024-04-29
CLM-006607,claim,101.63,battery_issue,2023-07-15
CLM-006608,claim,214.55,mechanical_failure,2023-08-30
CLM-006609,claim,153.0,software_issue,2023-08-20
CLM-006610,claim,430.04,software_issue,2024-04-25
CLM-006611,claim,160.26,accidental_damage,2024-04-23
CLM-006612,claim,970.17,software_issue,2023-01-05
CLM-006613,claim,1137.43,accidental_damage,2024-04-18
CLM-006614,claim,650.01,screen_damage,2024-10-22
CLM-006615,claim,317.08,screen_damage,2023-07-24
CLM-006616,claim,285.2,accidental_damage,2024-07-13
CLM-006617,claim,1319.9,battery_issue,2024-07-07
CLM-006618,claim,183.65,water_damage,2023-11-04
CLM-006619,claim,359.84,mechanical_failure,2023-04-27
CLM-006620,claim,169.18,battery_issue,2024-01-24
CLM-006621,claim,77.38,accidental_damage,2023-04-20
CLM-006622,claim,512.83,water_damage,2023-04-06
CLM-006623,claim,35.08,theft,2023-12-30
CLM-006624,claim,406.77,battery_issue,2024-01-26
CLM-006625,claim,521.11,screen_damage,2024-04-08
CLM-006626,claim,1019.26,battery_issue,2023-04-19
CLM-006627,claim,156.16,accidental_damage,2023-12-01
CLM-006628,claim,246.08,screen_damage,2023-11-29
CLM-006629,claim,242.12,accidental_damage,2024-11-07
CLM-006630,claim,158.13,mechanical_failure,2023-02-19
CLM-006631,claim,209.35,software_issue,2024-11-15
CLM-006632,claim,126.97,theft,2023-01-17
CLM-006633,claim,1007.59,accidental_damage,2024-05-20
CLM-006634,claim,162.39,software_issue,2023-04-23
CLM-006635,claim,96.2,battery_issue,2024-11-08
CLM-006636,claim,246.16,theft,2024-01-04
CLM-006637,claim,270.3,battery_issue,2024-11-15
CLM-006638,claim,622.63,mechanical_failure,2024-08-31
CLM-006639,claim,414.7,accidental_damage,2023-11-03
CLM-006640,claim,139.33,theft,2024-10-26
CLM-006641,claim,435.13,accidental_damage,2024-09-21
CLM-006642,claim,133.84,battery_issue,2024-04-07
CLM-006643,claim,151.89,accidental_damage,2024-06-30
CLM-006644,claim,72.27,mechanical_failure,2024-03-06
CLM-006645,claim,111.4,theft,2024-07-11
CLM-006646,claim,167.57,mechanical_failure,2024-09-11
CLM-006647,claim,201.03,screen_damage,2024-11-02
CLM-006648,claim,180.03,mechanical_failure,2024-09-17
CLM-006649,claim,338.78,accidental_damage,2024-08-17
CLM-006650,claim,193.97,screen_damage,2024-11-01
CLM-006651,claim,177.03,theft,2023-12-14
CLM-006652,claim,377.87,screen_damage,2024-04-26
CLM-006653,claim,327.03,battery_issue,2023-05-23
CLM-006654,claim,423.55,water_damage,2023-08-31
CLM-006655,claim,160.02,accidental_damage,2023-09-16
CLM-006656,claim,31.54,theft,2023-01-17
CLM-006657,claim,122.2,mechanical_failure,2024-06-22
CLM-006658,claim,118.72,screen_damage,2023-09-15
CLM-006659,claim,355.16,water_damage,2023-09-10
CLM-006660,claim,181.17,mechanical_failure,2023-05-03
CLM-006661,claim,254.41,screen_damage,2023-07-10
CLM-006662,claim,83.65,accidental_damage,2023-05-21
CLM-006663,claim,436.1,water_damage,2024-04-25
CLM-006664,claim,603.11,mechanical_failure,2024-03-23
CLM-006665,claim,159.21,software_issue,2023-10-10
CLM-006666,claim,107.57,mechanical_failure,2023-02-12
CLM-006667,claim,260.77,accidental_damage,2023-05-23
CLM-006668,claim,369.89,theft,2023-05-21
CLM-006669,claim,70.28,water_damage,2024-07-30
CLM-006670,claim,351.0,mechanical_failure,2024-05-01
CLM-006671,claim,493.83,theft,2023-12-15
CLM-006672,claim,823.37,battery_issue,2023-10-13
CLM-006673,claim,100.9,screen_damage,2023-01-13
CLM-006674,claim,175.97,screen_damage,2024-11-22
CLM-006675,claim,667.54,accidental_damage,2024-04-22
CLM-006676,claim,427.95,theft,2024-08-03
CLM-006677,claim,222.83,screen_damage,2023-12-11
CLM-006678,claim,235.89,theft,2023-08-01
CLM-006679,claim,206.66,theft,2023-10-02
CLM-006680,claim,465.7,water_damage,2024-07-06
CLM-006681,claim,338.6,water_damage,2023-01-15
CLM-006682,claim,571.48,screen_damage,2024-07-09
CLM-006683,claim,689.39,water_damage,2024-05-04
CLM-006684,claim,222.53,screen_damage,2024-08-02
CLM-006685,claim,772.73,water_damage,2023-12-14
CLM-006686,claim,220.91,accidental_damage,2024-01-09
CLM-006687,claim,557.47,theft,2023-10-04
CLM-006688,claim,135.08,theft,2023-05-25
CLM-006689,claim,159.78,mechanical_failure,2023-12-11
CLM-006690,claim,235.88,screen_damage,2024-02-14
CLM-006691,claim,113.94,battery_issue,2023-08-07
CLM-006692,claim,319.93,screen_damage,2023-11-28
CLM-006693,claim,142.4,water_damage,2023-02-14
CLM-006694,claim,517.68,software_issue,2024-04-17
CLM-006695,claim,118.44,water_damage,2023-04-06
CLM-006696,claim,323.28,screen_damage,2023-06-03
CLM-006697,claim,181.69,water_damage,2023-01-19
CLM-006698,claim,204.78,water_damage,2024-05-30
CLM-006699,claim,162.99,theft,2023-11-14
CLM-006700,claim,81.27,theft,2024-08-28
CLM-006701,claim,323.29,software_issue,2023-02-05
CLM-006702,claim,222.77,software_issue,2023-04-04
CLM-006703,claim,191.78,water_damage,2023-07-07
CLM-006704,claim,122.02,software_issue,2023-10-07
CLM-006705,claim,232.51,software_issue,2023-10-16
CLM-006706,claim,443.26,battery_issue,2023-03-09
CLM-006707,claim,119.01,software_issue,2023-04-08
CLM-006708,claim,965.85,screen_damage,2023-05-15
CLM-006709,claim,947.04,mechanical_failure,2024-04-18
CLM-006710,claim,397.49,water_damage,2023-09-04
CLM-006711,claim,108.94,software_issue,2024-04-19
CLM-006712,claim,355.88,screen_damage,2024-10-22
CLM-006713,claim,208.29,screen_damage,2023-08-18
CLM-006714,claim,217.22,mechanical_failure,2023-01-20
CLM-006715,claim,256.61,screen_damage,2023-08-10
CLM-006716,claim,715.7,software_issue,2023-01-03
CLM-006717,claim,238.15,theft,2024-09-01
CLM-006718,claim,132.92,screen_damage,2023-02-07
CLM-006719,claim,632.43,water_damage,2024-05-05
CLM-006720,claim,394.83,theft,2023-02-26
CLM-006721,claim,439.22,software_issue,2024-01-03
CLM-006722,claim,358.28,mechanical_failure,2023-02-01
CLM-006723,claim,162.0,battery_issue,2023-10-09
CLM-006724,claim,162.09,theft,2023-03-01
CLM-006725,claim,332.73,battery_issue,2023-12-12
CLM-006726,claim,162.39,software_issue,2023-10-06
CLM-006727,claim,1120.67,software_issue,2024-05-05
CLM-006728,claim,91.16,accidental_damage,2023-01-02
CLM-006729,claim,270.5,mechanical_failure,2024-01-19
CLM-006730,claim,115.0,accidental_damage,2024-03-31
CLM-006731,claim,251.76,software_issue,2024-10-25
CLM-006732,claim,187.98,water_damage,2023-02-23
CLM-006733,claim,343.55,battery_issue,2024-05-02
CLM-006734,claim,319.39,screen_damage,2024-03-16
CLM-006735,claim,500.88,screen_damage,2023-01-12
CLM-006736,claim,1265.99,software_issue,2024-05-26
CLM-006737,claim,291.62,software_issue,2024-07-10
CLM-006738,claim,53.57,software_issue,2023-01-21
CLM-006739,claim,533.21,battery_issue,2023-06-15
CLM-006740,claim,234.39,screen_damage,2023-08-06
CLM-006741,claim,558.89,screen_damage,2023-09-11
CLM-006742,claim,98.75,mechanical_failure,2023-08-12
CLM-006743,claim,533.84,accidental_damage,2023-12-31
CLM-006744,claim,232.49,theft,2024-10-03
CLM-006745,claim,249.61,mechanical_failure,2024-05-09
CLM-006746,claim,111.9,software_issue,2023-01-12
CLM-006747,claim,99.67,water_damage,2023-04-19
CLM-006748,claim,195.29,accidental_damage,2024-09-28
CLM-006749,claim,169.51,screen_damage,2023-04-21
CLM-006750,claim,469.25,accidental_damage,2024-04-19
CLM-006751,claim,105.12,water_damage,2023-01-30
CLM-006752,claim,508.49,accidental_damage,2023-12-11
CLM-006753,claim,887.34,screen_damage,2023-06-11
CLM-006754,claim,178.59,software_issue,2024-01-19
CLM-006755,claim,623.25,theft,2024-11-23
CLM-006756,claim,245.75,accidental_damage,2023-04-05
CLM-006757,claim,262.59,mechanical_failure,2023-03-28
CLM-006758,claim,322.38,mechanical_failure,2023-01-26
CLM-006759,claim,388.74,battery_issue,2023-08-03
CLM-006760,claim,181.79,accidental_damage,2023-11-24
CLM-006761,claim,161.14,battery_issue,2023-05-21
CLM-006762,claim,1642.99,accidental_damage,2023-04-09
CLM-006763,claim,182.69,theft,2024-02-05
CLM-006764,claim,81.46,accidental_damage,2023-12-23
CLM-006765,claim,192.26,water_damage,2024-03-07
CLM-006766,claim,186.1,water_damage,2023-04-08
CLM-006767,claim,139.96,accidental_damage,2024-04-28
CLM-006768,claim,143.4,software_issue,2023-10-03
CLM-006769,claim,296.74,software_issue,2024-03-21
CLM-006770,claim,650.31,screen_damage,2023-11-10
CLM-006771,claim,138.56,software_issue,2023-10-23
CLM-006772,claim,128.53,accidental_damage,2024-04-14
CLM-006773,claim,210.67,screen_damage,2023-07-18
CLM-006774,claim,235.73,accidental_damage,2023-06-01
CLM-006775,claim,151.74,theft,2023-03-04
CLM-006776,claim,1765.26,accidental_damage,2023-03-22
CLM-006777,claim,239.84,battery_issue,2024-09-19
CLM-006778,claim,84.07,theft,2023-02-19
CLM-006779,claim,186.48,accidental_damage,2023-09-13
CLM-006780,claim,130.75,accidental_damage,2023-02-07
CLM-006781,claim,420.66,software_issue,2024-01-07
CLM-006782,claim,43.84,theft,2023-03-02
CLM-006783,claim,446.15,water_damage,2024-07-15
CLM-006784,claim,474.4,software_issue,2023-04-30
CLM-006785,claim,292.69,battery_issue,2023-06-29
CLM-006786,claim,63.5,battery_issue,2023-01-09
CLM-006787,claim,327.23,water_damage,2023-03-14
CLM-006788,claim,92.94,software_issue,2024-10-19
CLM-006789,claim,617.58,software_issue,2024-03-13
CLM-006790,claim,56.48,software_issue,2024-01-18
CLM-006791,claim,510.39,screen_damage,2024-08-06
CLM-006792,claim,147.28,mechanical_failure,2023-05-07
CLM-006793,claim,245.34,water_damage,2024-03-27
CLM-006794,claim,142.83,water_damage,2023-05-26
CLM-006795,claim,252.04,mechanical_failure,2024-01-23
CLM-006796,claim,414.57,screen_damage,2024-09-29
CLM-006797,claim,626.37,mechanical_failure,2023-12-30
CLM-006798,claim,702.73,mechanical_failure,2024-06-01
CLM-006799,claim,427.25,mechanical_failure,2024-11-12
CLM-006800,claim,197.29,mechanical_failure,2024-02-06
CLM-006801,claim,235.46,mechanical_failure,2023-11-07
CLM-006802,claim,280.34,theft,2023-10-09
CLM-006803,claim,107.27,battery_issue,2024-08-22
CLM-006804,claim,431.07,accidental_damage,2023-11-24
CLM-006805,claim,186.75,software_issue,2023-02-07
CLM-006806,claim,92.91,water_damage,2024-07-06
CLM-006807,claim,51.61,battery_issue,2024-07-26
CLM-006808,claim,126.24,water_damage,2023-12-19
CLM-006809,claim,144.37,accidental_damage,2023-05-04
CLM-006810,claim,212.05,theft,2024-10-03
CLM-006811,claim,742.15,accidental_damage,2024-08-24
CLM-006812,claim,110.36,screen_damage,2023-04-05
CLM-006813,claim,185.33,software_issue,2024-09-17
CLM-006814,claim,383.94,water_damage,2023-07-12
CLM-006815,claim,54.07,software_issue,2023-12-31
CLM-006816,claim,487.79,theft,2024-01-26
CLM-006817,claim,212.99,theft,2024-09-28
CLM-006818,claim,502.15,mechanical_failure,2023-10-17
CLM-006819,claim,123.2,theft,2024-02-19
CLM-006820,claim,213.08,accidental_damage,2024-06-20
CLM-006821,claim,471.34,water_damage,2024-02-29
CLM-006822,claim,246.77,water_damage,2024-11-07
CLM-006823,claim,34.27,mechanical_failure,2024-09-17
CLM-006824,claim,84.66,mechanical_failure,2023-01-15
CLM-006825,claim,596.93,theft,2024-01-04
CLM-006826,claim,84.52,battery_issue,2024-03-18
CLM-006827,claim,609.91,software_issue,2024-06-19
CLM-006828,claim,422.0,battery_issue,2024-09-11
CLM-006829,claim,216.82,software_issue,2024-07-30
CLM-006830,claim,229.67,screen_damage,2024-05-30
CLM-006831,claim,553.04,accidental_damage,2024-01-23
CLM-006832,claim,512.44,software_issue,2024-01-12
CLM-006833,claim,327.83,battery_issue,2024-08-27
CLM-006834,claim,82.96,mechanical_failure,2023-07-22
CLM-006835,claim,213.74,software_issue,2024-11-20
CLM-006836,claim,146.98,mechanical_failure,2023-03-04
CLM-006837,claim,103.44,mechanical_failure,2024-03-19
CLM-006838,claim,667.82,battery_issue,2023-03-29
CLM-006839,claim,128.07,screen_damage,2024-05-25
CLM-006840,claim,1654.11,battery_issue,2024-09-05
CLM-006841,claim,259.46,battery_issue,2024-04-14
CLM-006842,claim,619.21,mechanical_failure,2024-11-28
CLM-006843,claim,369.45,screen_damage,2023-01-04
CLM-006844,claim,105.6,accidental_damage,2024-11-02
CLM-006845,claim,423.98,theft,2024-10-29
CLM-006846,claim,397.5,screen_damage,2023-01-08
CLM-006847,claim,109.31,software_issue,2023-09-17
CLM-006848,claim,204.42,software_issue,2023-12-30
CLM-006849,claim,94.79,theft,2024-03-18
CLM-006850,claim,301.09,accidental_damage,2023-12-22
CLM-006851,claim,220.11,theft,2023-11-25
CLM-006852,claim,203.56,mechanical_failure,2023-06-29
CLM-006853,claim,179.34,theft,2024-07-05
CLM-006854,claim,210.01,theft,2024-06-25
CLM-006855,claim,101.56,accidental_damage,2023-06-27
CLM-006856,claim,406.06,accidental_damage,2024-08-06
CLM-006857,claim,129.03,mechanical_failure,2024-10-16
CLM-006858,claim,420.78,mechanical_failure,2024-07-17
CLM-006859,claim,1039.64,software_issue,2023-12-17
CLM-006860,claim,248.08,theft,2023-07-09
CLM-006861,claim,640.6,accidental_damage,2023-11-29
CLM-006862,claim,151.05,water_damage,2024-07-01
CLM-006863,claim,175.91,water_damage,2024-06-17
CLM-006864,claim,81.78,accidental_damage,2024-08-09
CLM-006865,claim,410.85,accidental_damage,2024-06-11
CLM-006866,claim,189.1,accidental_damage,2024-09-29
CLM-006867,claim,353.54,screen_damage,2023-03-24
CLM-006868,claim,146.15,water_damage,2023-10-29
CLM-006869,claim,61.01,mechanical_failure,2023-08-17
CLM-006870,claim,1065.81,screen_damage,2024-08-22
CLM-006871,claim,154.4,mechanical_failure,2023-12-21
CLM-006872,claim,85.08,battery_issue,2024-09-12
CLM-006873,claim,677.57,software_issue,2024-01-20
CLM-006874,claim,135.46,accidental_damage,2023-03-03
CLM-006875,claim,495.39,mechanical_failure,2024-10-29
CLM-006876,claim,302.46,water_damage,2023-03-03
CLM-006877,claim,429.09,accidental_damage,2024-02-03
CLM-006878,claim,65.69,water_damage,2024-09-10
CLM-006879,claim,91.85,accidental_damage,2023-12-09
CLM-006880,claim,226.19,accidental_damage,2024-06-27
CLM-006881,claim,587.81,accidental_damage,2023-02-16
CLM-006882,claim,125.18,software_issue,2024-01-15
CLM-006883,claim,397.21,accidental_damage,2023-12-11
CLM-006884,claim,346.7,software_issue,2024-05-22
CLM-006885,claim,120.97,mechanical_failure,2024-02-01
CLM-006886,claim,724.92,software_issue,2023-03-02
CLM-006887,claim,497.81,software_issue,2024-03-09
CLM-006888,claim,87.1,software_issue,2023-08-03
CLM-006889,claim,120.0,theft,2023-03-18
CLM-006890,claim,1646.82,battery_issue,2024-08-12
CLM-006891,claim,153.01,accidental_damage,2024-10-09
CLM-006892,claim,121.45,accidental_damage,2023-12-07
CLM-006893,claim,268.44,software_issue,2023-10-06
CLM-006894,claim,62.63,software_issue,2024-01-18
CLM-006895,claim,63.71,water_damage,2023-08-15
CLM-006896,claim,88.04,screen_damage,2023-02-17
CLM-006897,claim,247.05,theft,2023-10-15
CLM-006898,claim,259.01,screen_damage,2024-04-23
CLM-006899,claim,799.45,accidental_damage,2023-04-11
CLM-006900,claim,91.05,water_damage,2023-08-06
CLM-006901,claim,618.82,water_damage,2023-12-27
CLM-006902,claim,95.13,theft,2024-03-08
CLM-006903,claim,637.25,mechanical_failure,2024-05-22
CLM-006904,claim,382.99,theft,2024-04-24
CLM-006905,claim,358.97,water_damage,2024-05-02
CLM-006906,claim,223.29,theft,2024-02-09
CLM-006907,claim,112.11,theft,2024-07-24
CLM-006908,claim,560.76,screen_damage,2024-09-03
CLM-006909,claim,710.72,screen_damage,2024-03-15
CLM-006910,claim,618.31,water_damage,2023-06-23
CLM-006911,claim,802.73,battery_issue,2023-02-14
CLM-006912,claim,219.86,accidental_damage,2024-11-09
CLM-006913,claim,479.37,water_damage,2023-09-08
CLM-006914,claim,207.07,theft,2023-04-29
CLM-006915,claim,312.01,mechanical_failure,2023-06-11
CLM-006916,claim,332.7,accidental_damage,2023-12-09
CLM-006917,claim,157.14,accidental_damage,2024-01-13
CLM-006918,claim,159.35,screen_damage,2023-05-09
CLM-006919,claim,942.18,water_damage,2024-09-13
CLM-006920,claim,1058.05,accidental_damage,2024-03-06
CLM-006921,claim,185.09,screen_damage,2024-07-05
CLM-006922,claim,104.49,accidental_damage,2023-10-14
CLM-006923,claim,179.36,software_issue,2024-06-20
CLM-006924,claim,199.82,theft,2023-12-19
CLM-006925,claim,182.82,theft,2023-03-15
CLM-006926,claim,237.17,battery_issue,2024-03-09
CLM-006927,claim,240.6,software_issue,2024-07-06
CLM-006928,claim,257.88,battery_issue,2024-02-10
CLM-006929,claim,403.03,screen_damage,2024-11-16
CLM-006930,claim,126.38,mechanical_failure,2024-07-15
CLM-006931,claim,125.63,accidental_damage,2024-09-19
CLM-006932,claim,148.87,theft,2024-08-31
CLM-006933,claim,111.24,accidental_damage,2024-03-17
CLM-006934,claim,921.08,software_issue,2023-12-23
CLM-006935,claim,378.25,battery_issue,2023-01-09
CLM-006936,claim,3278.01,mechanical_failure,2023-04-01
CLM-006937,claim,362.95,battery_issue,2024-06-02
CLM-006938,claim,238.46,accidental_damage,2024-10-27
CLM-006939,claim,948.94,screen_damage,2024-02-23
CLM-006940,claim,104.7,software_issue,2024-11-15
CLM-006941,claim,224.1,software_issue,2023-08-24
CLM-006942,claim,136.76,water_damage,2023-02-19
CLM-006943,claim,88.54,screen_damage,2023-04-26
CLM-006944,claim,196.22,mechanical_failure,2024-11-20
CLM-006945,claim,170.48,theft,2024-09-18
CLM-006946,claim,303.57,battery_issue,2023-03-27
CLM-006947,claim,127.28,screen_damage,2024-02-03
CLM-006948,claim,499.92,mechanical_failure,2023-10-03
CLM-006949,claim,147.18,screen_damage,2024-07-06
CLM-006950,claim,881.53,mechanical_failure,2024-03-07
CLM-006951,claim,863.14,software_issue,2024-06-25
CLM-006952,claim,95.71,screen_damage,2023-07-05
CLM-006953,claim,231.38,battery_issue,2024-10-07
CLM-006954,claim,160.78,software_issue,2023-01-19
CLM-006955,claim,337.44,accidental_damage,2023-09-17
CLM-006956,claim,267.52,software_issue,2024-04-19
CLM-006957,claim,284.66,screen_damage,2024-10-16
CLM-006958,claim,220.3,water_damage,2024-05-06
CLM-006959,claim,157.49,water_damage,2023-03-09
CLM-006960,claim,129.69,accidental_damage,2024-09-23
CLM-006961,claim,297.37,battery_issue,2024-01-20
CLM-006962,claim,401.41,accidental_damage,2023-04-16
CLM-006963,claim,62.53,water_damage,2024-01-16
CLM-006964,claim,472.94,battery_issue,2023-06-13
CLM-006965,claim,426.39,theft,2024-07-05
CLM-006966,claim,74.38,screen_damage,2023-04-25
CLM-006967,claim,590.95,software_issue,2024-06-17
CLM-006968,claim,359.96,water_damage,2023-06-01
CLM-006969,claim,218.94,mechanical_failure,2024-04-12
CLM-006970,claim,178.92,theft,2024-06-16
CLM-006971,claim,68.96,screen_damage,2023-10-15
CLM-006972,claim,447.94,water_damage,2024-04-26
CLM-006973,claim,170.4,battery_issue,2023-06-29
CLM-006974,claim,94.15,mechanical_failure,2024-08-28
CLM-006975,claim,1036.8,accidental_damage,2024-10-07
CLM-006976,claim,129.35,water_damage,2023-12-31
CLM-006977,claim,267.66,water_damage,2023-06-14
CLM-006978,claim,118.68,accidental_damage,2023-11-02
CLM-006979,claim,79.37,software_issue,2024-11-12
CLM-006980,claim,507.53,screen_damage,2023-05-21
CLM-006981,claim,168.02,water_damage,2023-06-28
CLM-006982,claim,78.56,mechanical_failure,2023-04-23
CLM-006983,claim,1812.1,accidental_damage,2023-03-15
CLM-006984,claim,674.44,mechanical_failure,2024-10-12
CLM-006985,claim,195.05,mechanical_failure,2024-08-12
CLM-006986,claim,889.3,battery_issue,2024-05-17
CLM-006987,claim,355.23,theft,2024-07-02
CLM-006988,claim,214.7,water_damage,2023-11-29
CLM-006989,claim,312.4,accidental_damage,2023-01-02
CLM-006990,claim,178.8,mechanical_failure,2023-11-04
CLM-006991,claim,100.84,battery_issue,2024-09-25
CLM-006992,claim,171.46,screen_damage,2023-08-20
CLM-006993,claim,82.39,software_issue,2023-12-14
CLM-006994,claim,1047.42,software_issue,2023-07-18
CLM-006995,claim,632.86,software_issue,2024-02-25
CLM-006996,claim,455.43,accidental_damage,2024-01-09
CLM-006997,claim,381.47,theft,2023-08-26
CLM-006998,claim,202.79,screen_damage,2024-05-09
CLM-006999,claim,106.94,battery_issue,2024-04-10
CLM-007000,claim,353.38,battery_issue,2023-02-10
CLM-007001,claim,4535.85,software_issue,2024-08-16
CLM-007002,claim,4308.43,screen_damage,2024-08-16
CLM-007003,claim,1368.22,theft,2024-08-13
CLM-007004,claim,1090.12,screen_damage,2024-08-14
CLM-007005,claim,3238.96,theft,2024-08-16
CLM-007006,claim,7699.76,mechanical_failure,2024-07-17
CLM-007007,claim,4878.8,mechanical_failure,2024-07-18
CLM-007008,claim,6067.63,mechanical_failure,2024-07-11
CLM-007009,claim,6864.62,mechanical_failure,2024-07-17
CLM-007010,claim,2747.55,battery_issue,2023-07-18
CLM-007011,claim,595.88,theft,2023-07-23
CLM-007012,claim,1434.01,battery_issue,2023-07-19
CLM-007013,claim,3424.44,software_issue,2023-07-18
CLM-007014,claim,1543.52,accidental_damage,2023-07-28
CLM-007015,claim,2668.8,battery_issue,2023-07-19
CLM-007016,claim,3036.04,mechanical_failure,2024-01-21
CLM-007017,claim,5046.24,accidental_damage,2024-01-24
CLM-007018,claim,2975.84,accidental_damage,2024-01-27
CLM-007019,claim,1912.55,mechanical_failure,2024-01-27
CLM-007020,claim,2454.6,theft,2024-05-16
CLM-007021,claim,1881.64,software_issue,2024-05-11
CLM-007022,claim,1013.96,theft,2024-05-09
CLM-007023,claim,3713.89,mechanical_failure,2023-11-15
CLM-007024,claim,5555.64,mechanical_failure,2023-11-13
CLM-007025,claim,6580.21,mechanical_failure,2023-11-14
CLM-007026,claim,5963.54,mechanical_failure,2023-11-13
CLM-007027,claim,1816.74,water_damage,2024-03-08
CLM-007028,claim,600.93,software_issue,2024-03-12
CLM-007029,claim,2549.73,software_issue,2024-03-13
CLM-007030,claim,1134.16,accidental_damage,2024-03-15
CLM-007031,claim,5875.89,mechanical_failure,2023-08-09
CLM-007032,claim,3304.32,accidental_damage,2023-08-04
CLM-007033,claim,3757.69,mechanical_failure,2023-08-05
CLM-007034,claim,4352.86,mechanical_failure,2023-08-06
CLM-007035,claim,4563.08,accidental_damage,2024-01-01
CLM-007036,claim,4309.23,software_issue,2023-12-28
CLM-007037,claim,3299.45,accidental_damage,2023-12-29
CLM-007038,claim,3231.76,software_issue,2024-01-01
CLM-007039,claim,2174.79,software_issue,2023-12-31
CLM-007040,claim,5100.12,mechanical_failure,2023-09-07
CLM-007041,claim,4604.37,mechanical_failure,2023-09-04
CLM-007042,claim,7619.65,mechanical_failure,2023-09-06
CLM-007043,claim,3612.56,mechanical_failure,2023-09-03
CLM-007044,claim,6716.63,mechanical_failure,2023-09-07
CLM-007045,claim,4226.79,mechanical_failure,2023-09-08
CLM-007046,claim,612.51,water_damage,2023-12-04
CLM-007047,claim,975.42,accidental_damage,2023-12-06
CLM-007048,claim,2714.59,accidental_damage,2023-12-02
CLM-007049,claim,916.15,water_damage,2023-12-08
CLM-007050,claim,1049.32,theft,2023-12-04
CLM-007051,claim,2875.79,accidental_damage,2024-04-07
CLM-007052,claim,2140.79,mechanical_failure,2024-03-31
CLM-007053,claim,5543.74,mechanical_failure,2024-04-04
CLM-007054,claim,5187.32,mechanical_failure,2024-03-31
CLM-007055,claim,3735.51,mechanical_failure,2024-04-05
CLM-007056,claim,2382.97,mechanical_failure,2024-03-27
CLM-007057,claim,2898.11,accidental_damage,2023-08-23
CLM-007058,claim,1288.24,screen_damage,2023-08-22
CLM-007059,claim,900.41,mechanical_failure,2023-08-21
CLM-007060,claim,1934.82,battery_issue,2023-08-21
CLM-007061,claim,3575.16,theft,2023-08-20
CLM-007062,claim,2539.85,mechanical_failure,2024-09-17
CLM-007063,claim,6581.35,mechanical_failure,2024-09-16
CLM-007064,claim,4524.18,mechanical_failure,2024-09-17
CLM-007065,claim,2982.83,mechanical_failure,2024-09-21
CLM-007066,claim,6722.33,mechanical_failure,2024-09-19
CLM-007067,claim,964.28,theft,2023-08-13
CLM-007068,claim,2716.19,screen_damage,2023-08-12
CLM-007069,claim,2269.65,software_issue,2023-08-13
CLM-007070,claim,736.68,theft,2023-08-14
CLM-007071,claim,5690.78,mechanical_failure,2024-02-22
CLM-007072,claim,6480.46,mechanical_failure,2024-02-27
CLM-007073,claim,5032.97,accidental_damage,2024-03-03
CLM-007074,claim,4823.2,accidental_damage,2024-03-01
CLM-007075,claim,3417.67,screen_damage,2024-07-20
CLM-007076,claim,937.12,battery_issue,2024-07-20
CLM-007077,claim,1643.98,screen_damage,2024-07-10
CLM-007078,claim,4061.4,mechanical_failure,2023-06-12
CLM-007079,claim,7011.46,mechanical_failure,2023-06-14
CLM-007080,claim,2834.68,mechanical_failure,2023-06-10
CLM-007081,claim,7404.03,mechanical_failure,2023-06-11
CLM-007082,claim,3191.7,mechanical_failure,2023-06-14
CLM-007083,claim,2559.94,water_damage,2024-06-15
CLM-007084,claim,2976.82,battery_issue,2024-06-12
CLM-007085,claim,506.07,software_issue,2024-06-14
CLM-007086,claim,4859.35,accidental_damage,2024-01-08
CLM-007087,claim,6756.53,accidental_damage,2024-01-03
CLM-007088,claim,1860.1,mechanical_failure,2023-12-28
CLM-007089,claim,2459.24,accidental_damage,2024-01-01
CLM-007090,claim,2978.08,mechanical_failure,2024-01-09
CLM-DEMO-001,claim,3352.69,accidental_damage,2024-08-15
CLM-007091,claim,3164.07,accidental_damage,2024-08-16
CLM-007092,claim,3153.99,accidental_damage,2024-08-17
CLM-007093,claim,2844.44,accidental_damage,2024-08-18
CUS-000144,customer,,,
CUS-001851,customer,,,
CUS-002133,customer,,,
CUS-001258,customer,,,
CUS-000032,customer,,,
CUS-002856,customer,,,
CUS-002615,customer,,,
CUS-001400,customer,,,
CUS-001990,customer,,,
CUS-000902,customer,,,
CUS-000784,customer,,,
CUS-001804,customer,,,
CUS-000387,customer,,,
CUS-002522,customer,,,
CUS-002976,customer,,,
CUS-002171,customer,,,
CUS-000596,customer,,,
CUS-002911,customer,,,
CUS-002760,customer,,,
CUS-002804,customer,,,
CUS-002028,customer,,,
CUS-002382,customer,,,
CUS-001262,customer,,,
CUS-000337,customer,,,
CUS-002187,customer,,,
CUS-000466,customer,,,
CUS-002614,customer,,,
CUS-002239,customer,,,
CUS-001106,customer,,,
CUS-002844,customer,,,
CUS-001639,customer,,,
CUS-002409,customer,,,
CUS-002551,customer,,,
CUS-000330,customer,,,
CUS-001318,customer,,,
CUS-002662,customer,,,
CUS-002774,customer,,,
CUS-002949,customer,,,
CUS-001143,customer,,,
CUS-002649,customer,,,
CUS-000331,customer,,,
CUS-002677,customer,,,
CUS-001000,customer,,,
CUS-001912,customer,,,
CUS-000688,customer,,,
CUS-001581,customer,,,
CUS-001384,customer,,,
CUS-000368,customer,,,
CUS-002349,customer,,,
CUS-001894,customer,,,
CUS-000463,customer,,,
CUS-001495,customer,,,
CUS-000676,customer,,,
CUS-000729,customer,,,
CUS-002560,customer,,,
CUS-001572,customer,,,
CUS-001380,customer,,,
CUS-002929,customer,,,
CUS-002284,customer,,,
CUS-002673,customer,,,
CUS-002684,customer,,,
CUS-000550,customer,,,
CUS-001631,customer,,,
CUS-002767,customer,,,
CUS-002130,customer,,,
CUS-002473,customer,,,
CUS-000638,customer,,,
CUS-000099,customer,,,
CUS-001918,customer,,,
CUS-001551,customer,,,
CUS-001328,customer,,,
CUS-000616,customer,,,
CUS-002092,customer,,,
CUS-001786,customer,,,
CUS-000489,customer,,,
CUS-000965,customer,,,
CUS-000433,customer,,,
CUS-001502,customer,,,
CUS-002796,customer,,,
CUS-000094,customer,,,
CUS-000073,customer,,,
CUS-000462,customer,,,
CUS-002410,customer,,,
CUS-000836,customer,,,
CUS-000868,customer,,,
CUS-000601,customer,,,
CUS-001871,customer,,,
CUS-002168,customer,,,
CUS-002364,customer,,,
CUS-001229,customer,,,
CUS-000731,customer,,,
CUS-000510,customer,,,
CUS-002209,customer,,,
CUS-002660,customer,,,
CUS-002469,customer,,,
CUS-002665,customer,,,
CUS-002176,customer,,,
CUS-002823,customer,,,
CUS-002454,customer,,,
CUS-000313,customer,,,
CUS-000007,customer,,,
CUS-001342,customer,,,
CUS-000467,customer,,,
CUS-000015,customer,,,
CUS-000883,customer,,,
CUS-001123,customer,,,
CUS-001138,customer,,,
CUS-000122,customer,,,
CUS-001018,customer,,,
CUS-001081,customer,,,
CUS-002788,customer,,,
CUS-000833,customer,,,
CUS-000625,customer,,,
CUS-000759,customer,,,
CUS-000615,customer,,,
CUS-002476,customer,,,
CUS-002307,customer,,,
CUS-002766,customer,,,
CUS-001080,customer,,,
CUS-001438,customer,,,
CUS-000392,customer,,,
CUS-000293,customer,,,
CUS-002735,customer,,,
CUS-000826,customer,,,
CUS-002282,customer,,,
CUS-002688,customer,,,
CUS-000436,customer,,,
CUS-002105,customer,,,
CUS-001556,customer,,,
CUS-000764,customer,,,
CUS-001275,customer,,,
CUS-002174,customer,,,
CUS-000292,customer,,,
CUS-001360,customer,,,
CUS-002303,customer,,,
CUS-000038,customer,,,
CUS-000898,customer,,,
CUS-000327,customer,,,
CUS-000982,customer,,,
CUS-001191,customer,,,
CUS-000710,customer,,,
CUS-000087,customer,,,
CUS-002243,customer,,,
CUS-002647,customer,,,
CUS-002573,customer,,,
CUS-002155,customer,,,
CUS-001520,customer,,,
CUS-001002,customer,,,
CUS-001493,customer,,,
CUS-002740,customer,,,
CUS-002185,customer,,,
CUS-001684,customer,,,
CUS-000076,customer,,,
CUS-000490,customer,,,
CUS-000506,customer,,,
CUS-001834,customer,,,
CUS-001789,customer,,,
CUS-002453,customer,,,
CUS-002539,customer,,,
CUS-000990,customer,,,
CUS-001513,customer,,,
CUS-000235,customer,,,
CUS-002951,customer,,,
CUS-002865,customer,,,
CUS-000655,customer,,,
CUS-002890,customer,,,
CUS-002254,customer,,,
CUS-000166,customer,,,
CUS-000180,customer,,,
CUS-000056,customer,,,
CUS-001890,customer,,,
CUS-002033,customer,,,
CUS-001331,customer,,,
CUS-001927,customer,,,
CUS-001424,customer,,,
CUS-002964,customer,,,
CUS-001129,customer,,,
CUS-000218,customer,,,
CUS-001610,customer,,,
CUS-001294,customer,,,
CUS-001973,customer,,,
CUS-000577,customer,,,
CUS-000944,customer,,,
CUS-001741,customer,,,
CUS-002639,customer,,,
CUS-000192,customer,,,
CUS-000017,customer,,,
CUS-002809,customer,,,
CUS-000165,customer,,,
CUS-000744,customer,,,
CUS-001363,customer,,,
CUS-000205,customer,,,
CUS-000682,customer,,,
CUS-001805,customer,,,
CUS-000248,customer,,,
CUS-002211,customer,,,
CUS-002166,customer,,,
CUS-000815,customer,,,
CUS-000311,customer,,,
CUS-001819,customer,,,
CUS-000067,customer,,,
CUS-002172,customer,,,
CUS-002066,customer,,,
CUS-000958,customer,,,
CUS-002751,customer,,,
CUS-000349,customer,,,
CUS-000319,customer,,,
CUS-002389,customer,,,
CUS-002244,customer,,,
CUS-001146,customer,,,
CUS-002421,customer,,,
CUS-000919,customer,,,
CUS-000111,customer,,,
CUS-000648,customer,,,
CUS-001697,customer,,,
CUS-002675,customer,,,
CUS-002101,customer,,,
CUS-000030,customer,,,
CUS-000226,customer,,,
CUS-002907,customer,,,
CUS-002510,customer,,,
CUS-002645,customer,,,
CUS-002963,customer,,,
CUS-001062,customer,,,
CUS-000640,customer,,,
CUS-000158,customer,,,
CUS-001418,customer,,,
CUS-002074,customer,,,
CUS-001544,customer,,,
CUS-000127,customer,,,
CUS-001427,customer,,,
CUS-001149,customer,,,
CUS-002845,customer,,,
CUS-002733,customer,,,
CUS-000719,customer,,,
CUS-002320,customer,,,
CUS-002958,customer,,,
CUS-002571,customer,,,
CUS-000450,customer,,,
CUS-003000,customer,,,
CUS-001231,customer,,,
CUS-002080,customer,,,
CUS-002018,customer,,,
CUS-002196,customer,,,
CUS-001549,customer,,,
CUS-000779,customer,,,
CUS-001947,customer,,,
CUS-002912,customer,,,
CUS-000787,customer,,,
CUS-001334,customer,,,
CUS-002906,customer,,,
CUS-001105,customer,,,
CUS-000457,customer,,,
CUS-000421,customer,,,
CUS-002745,customer,,,
CUS-000420,customer,,,
CUS-001530,customer,,,
CUS-000408,customer,,,
CUS-000291,customer,,,
CUS-002538,customer,,,
CUS-000190,customer,,,
CUS-001815,customer,,,
CUS-001162,customer,,,
CUS-001712,customer,,,
CUS-002818,customer,,,
CUS-002987,customer,,,
CUS-001921,customer,,,
CUS-002686,customer,,,
CUS-002513,customer,,,
CUS-000249,customer,,,
CUS-000555,customer,,,
CUS-002795,customer,,,
CUS-001354,customer,,,
CUS-002432,customer,,,
CUS-001161,customer,,,
CUS-001268,customer,,,
CUS-000774,customer,,,
CUS-001501,customer,,,
CUS-001420,customer,,,
CUS-000642,customer,,,
CUS-001978,customer,,,
CUS-000687,customer,,,
CUS-001920,customer,,,
CUS-002810,customer,,,
CUS-001806,customer,,,
CUS-002459,customer,,,
CUS-000502,customer,,,
CUS-002863,customer,,,
CUS-001433,customer,,,
CUS-001536,customer,,,
CUS-000912,customer,,,
CUS-000110,customer,,,
CUS-000632,customer,,,
CUS-000643,customer,,,
CUS-002115,customer,,,
CUS-001232,customer,,,
CUS-001460,customer,,,
CUS-001103,customer,,,
CUS-002753,customer,,,
CUS-001057,customer,,,
CUS-002965,customer,,,
CUS-001886,customer,,,
CUS-002897,customer,,,
CUS-002347,customer,,,
CUS-002177,customer,,,
CUS-001527,customer,,,
CUS-002491,customer,,,
CUS-002633,customer,,,
CUS-002904,customer,,,
CUS-002079,customer,,,
CUS-001392,customer,,,
CUS-001960,customer,,,
CUS-002131,customer,,,
CUS-001678,customer,,,
CUS-001942,customer,,,
CUS-002813,customer,,,
CUS-000959,customer,,,
CUS-001261,customer,,,
CUS-000978,customer,,,
CUS-001936,customer,,,
CUS-001009,customer,,,
CUS-000895,customer,,,
CUS-002668,customer,,,
CUS-002042,customer,,,
CUS-002803,customer,,,
CUS-002108,customer,,,
CUS-002219,customer,,,
CUS-001395,customer,,,
CUS-001615,customer,,,
CUS-000741,customer,,,
CUS-002127,customer,,,
CUS-002262,customer,,,
CUS-000470,customer,,,
CUS-001277,customer,,,
CUS-002697,customer,,,
CUS-002380,customer,,,
CUS-000546,customer,,,
CUS-001690,customer,,,
CUS-000486,customer,,,
CUS-001559,customer,,,
CUS-000221,customer,,,
CUS-001030,customer,,,
CUS-000154,customer,,,
CUS-000041,customer,,,
CUS-002789,customer,,,
CUS-000021,customer,,,
CUS-002623,customer,,,
CUS-002666,customer,,,
CUS-002868,customer,,,
CUS-002089,customer,,,
CUS-001457,customer,,,
CUS-001186,customer,,,
CUS-000717,customer,,,
CUS-002574,customer,,,
CUS-002801,customer,,,
CUS-002335,customer,,,
CUS-000096,customer,,,
CUS-002554,customer,,,
CUS-002162,customer,,,
CUS-001760,customer,,,
CUS-000321,customer,,,
CUS-001450,customer,,,
CUS-000621,customer,,,
CUS-001933,customer,,,
CUS-002041,customer,,,
CUS-002456,customer,,,
CUS-000637,customer,,,
CUS-000992,customer,,,
CUS-001281,customer,,,
CUS-000767,customer,,,
CUS-002225,customer,,,
CUS-001677,customer,,,
CUS-000752,customer,,,
CUS-000395,customer,,,
CUS-000088,customer,,,
CUS-001282,customer,,,
CUS-002479,customer,,,
CUS-002648,customer,,,
CUS-002706,customer,,,
CUS-001456,customer,,,
CUS-001190,customer,,,
CUS-002933,customer,,,
CUS-001468,customer,,,
CUS-000035,customer,,,
CUS-001750,customer,,,
CUS-000996,customer,,,
CUS-002073,customer,,,
CUS-001972,customer,,,
CUS-002125,customer,,,
CUS-000370,customer,,,
CUS-000178,customer,,,
CUS-001406,customer,,,
CUS-000447,customer,,,
CUS-001605,customer,,,
CUS-002797,customer,,,
CUS-001221,customer,,,
CUS-002596,customer,,,
CUS-002726,customer,,,
CUS-001998,customer,,,
CUS-001195,customer,,,
CUS-000501,customer,,,
CUS-002533,customer,,,
CUS-001085,customer,,,
CUS-002878,customer,,,
CUS-001459,customer,,,
CUS-001670,customer,,,
CUS-001725,customer,,,
CUS-002891,customer,,,
CUS-001321,customer,,,
CUS-001961,customer,,,
CUS-002535,customer,,,
CUS-002178,customer,,,
CUS-000277,customer,,,
CUS-000720,customer,,,
CUS-002952,customer,,,
CUS-002839,customer,,,
CUS-002811,customer,,,
CUS-000369,customer,,,
CUS-000769,customer,,,
CUS-001905,customer,,,
CUS-002468,customer,,,
CUS-002118,customer,,,
CUS-000398,customer,,,
CUS-000325,customer,,,
CUS-001723,customer,,,
CUS-000095,customer,,,
CUS-001462,customer,,,
CUS-000647,customer,,,
CUS-001935,customer,,,
CUS-002833,customer,,,
CUS-002612,customer,,,
CUS-000991,customer,,,
CUS-002655,customer,,,
CUS-002953,customer,,,
CUS-002780,customer,,,
CUS-000963,customer,,,
CUS-002636,customer,,,
CUS-001989,customer,,,
CUS-001251,customer,,,
CUS-002819,customer,,,
CUS-001599,customer,,,
CUS-002831,customer,,,
CUS-001780,customer,,,
CUS-002333,customer,,,
CUS-001356,customer,,,
CUS-002069,customer,,,
CUS-002631,customer,,,
CUS-002060,customer,,,
CUS-002606,customer,,,
CUS-002355,customer,,,
CUS-000505,customer,,,
CUS-001525,customer,,,
CUS-001616,customer,,,
CUS-001937,customer,,,
CUS-000981,customer,,,
CUS-002988,customer,,,
CUS-001412,customer,,,
CUS-001931,customer,,,
CUS-002248,customer,,,
CUS-000222,customer,,,
CUS-002438,customer,,,
CUS-002632,customer,,,
CUS-002128,customer,,,
CUS-000357,customer,,,
CUS-001734,customer,,,
CUS-000013,customer,,,
CUS-000738,customer,,,
CUS-001880,customer,,,
CUS-002497,customer,,,
CUS-002230,customer,,,
CUS-001243,customer,,,
CUS-000333,customer,,,
CUS-001902,customer,,,
CUS-000690,customer,,,
CUS-002872,customer,,,
CUS-000227,customer,,,
CUS-002526,customer,,,
CUS-001151,customer,,,
CUS-002781,customer,,,
CUS-001820,customer,,,
CUS-001170,customer,,,
CUS-000865,customer,,,
CUS-002136,customer,,,
CUS-000595,customer,,,
CUS-002313,customer,,,
CUS-000132,customer,,,
CUS-002616,customer,,,
CUS-001554,customer,,,
CUS-001523,customer,,,
CUS-002287,customer,,,
CUS-000162,customer,,,
CUS-002783,customer,,,
CUS-001830,customer,,,
CUS-001066,customer,,,
CUS-001189,customer,,,
CUS-001133,customer,,,
CUS-001675,customer,,,
CUS-001157,customer,,,
CUS-002850,customer,,,
CUS-000783,customer,,,
CUS-001576,customer,,,
CUS-000573,customer,,,
CUS-002587,customer,,,
CUS-001410,customer,,,
CUS-000220,customer,,,
CUS-000750,customer,,,
CUS-000591,customer,,,
CUS-002299,customer,,,
CUS-000070,customer,,,
CUS-002901,customer,,,
CUS-002875,customer,,,
CUS-002030,customer,,,
CUS-002561,customer,,,
CUS-002567,customer,,,
CUS-000517,customer,,,
CUS-001538,customer,,,
CUS-001943,customer,,,
CUS-002546,customer,,,
CUS-001043,customer,,,
CUS-000974,customer,,,
CUS-002455,customer,,,
CUS-002910,customer,,,
CUS-002914,customer,,,
CUS-001731,customer,,,
CUS-001829,customer,,,
CUS-001141,customer,,,
CUS-000518,customer,,,
CUS-000214,customer,,,
CUS-000768,customer,,,
CUS-000071,customer,,,
CUS-000736,customer,,,
CUS-000521,customer,,,
CUS-000910,customer,,,
CUS-002496,customer,,,
CUS-000860,customer,,,
CUS-000228,customer,,,
CUS-001596,customer,,,
CUS-001312,customer,,,
CUS-001944,customer,,,
CUS-002500,customer,,,
CUS-000215,customer,,,
CUS-001842,customer,,,
CUS-001403,customer,,,
CUS-002165,customer,,,
CUS-000448,customer,,,
CUS-001785,customer,,,
CUS-002394,customer,,,
CUS-002153,customer,,,
CUS-000273,customer,,,
CUS-002076,customer,,,
CUS-002014,customer,,,
CUS-001898,customer,,,
CUS-001562,customer,,,
CUS-002944,customer,,,
CUS-002106,customer,,,
CUS-001563,customer,,,
CUS-001733,customer,,,
CUS-001205,customer,,,
CUS-001374,customer,,,
CUS-000338,customer,,,
CUS-002516,customer,,,
CUS-002583,customer,,,
CUS-001991,customer,,,
CUS-002736,customer,,,
CUS-001434,customer,,,
CUS-002227,customer,,,
CUS-002793,customer,,,
CUS-001308,customer,,,
CUS-002576,customer,,,
CUS-002702,customer,,,
CUS-001067,customer,,,
CUS-000945,customer,,,
CUS-001098,customer,,,
CUS-002996,customer,,,
CUS-002630,customer,,,
CUS-002057,customer,,,
CUS-001976,customer,,,
CUS-000948,customer,,,
CUS-002464,customer,,,
CUS-002961,customer,,,
CUS-002690,customer,,,
CUS-002817,customer,,,
CUS-001213,customer,,,
CUS-001349,customer,,,
CUS-000742,customer,,,
CUS-000773,customer,,,
CUS-001704,customer,,,
CUS-001086,customer,,,
CUS-000143,customer,,,
CUS-000329,customer,,,
CUS-002889,customer,,,
CUS-000134,customer,,,
CUS-001464,customer,,,
CUS-002950,customer,,,
CUS-002428,customer,,,
CUS-000366,customer,,,
CUS-001917,customer,,,
CUS-001793,customer,,,
CUS-001618,customer,,,
CUS-000386,customer,,,
CUS-000952,customer,,,
CUS-000069,customer,,,
CUS-000696,customer,,,
CUS-000465,customer,,,
CUS-002180,customer,,,
CUS-001881,customer,,,
CUS-000052,customer,,,
CUS-001187,customer,,,
CUS-002472,customer,,,
CUS-002528,customer,,,
CUS-000584,customer,,,
CUS-002617,customer,,,
CUS-000679,customer,,,
CUS-001797,customer,,,
CUS-000233,customer,,,
CUS-000411,customer,,,
CUS-000049,customer,,,
CUS-002300,customer,,,
CUS-001295,customer,,,
CUS-002319,customer,,,
CUS-002008,customer,,,
CUS-002991,customer,,,
CUS-002407,customer,,,
CUS-002691,customer,,,
CUS-000234,customer,,,
CUS-000078,customer,,,
CUS-001200,customer,,,
CUS-001113,customer,,,
CUS-002443,customer,,,
CUS-001660,customer,,,
CUS-002055,customer,,,
CUS-002090,customer,,,
CUS-001399,customer,,,
CUS-001681,customer,,,
CUS-002709,customer,,,
CUS-000476,customer,,,
CUS-001997,customer,,,
CUS-000256,customer,,,
CUS-000469,customer,,,
CUS-002815,customer,,,
CUS-002544,customer,,,
CUS-002314,customer,,,
CUS-001743,customer,,,
CUS-001019,customer,,,
CUS-001578,customer,,,
CUS-002210,customer,,,
CUS-000984,customer,,,
CUS-002502,customer,,,
CUS-000876,customer,,,
CUS-001580,customer,,,
CUS-000608,customer,,,
CUS-000403,customer,,,
CUS-000892,customer,,,
CUS-001225,customer,,,
CUS-000295,customer,,,
CUS-002902,customer,,,
CUS-001218,customer,,,
CUS-001089,customer,,,
CUS-000907,customer,,,
CUS-000344,customer,,,
CUS-000838,customer,,,
CUS-001455,customer,,,
CUS-000960,customer,,,
CUS-000272,customer,,,
CUS-002802,customer,,,
CUS-000264,customer,,,
CUS-002156,customer,,,
CUS-001377,customer,,,
CUS-000407,customer,,,
CUS-002798,customer,,,
CUS-001158,customer,,,
CUS-002816,customer,,,
CUS-000941,customer,,,
CUS-001487,customer,,,
CUS-000428,customer,,,
CUS-002255,customer,,,
CUS-001959,customer,,,
CUS-000957,customer,,,
CUS-002954,customer,,,
CUS-001474,customer,,,
CUS-001946,customer,,,
CUS-000044,customer,,,
CUS-001048,customer,,,
CUS-002086,customer,,,
CUS-001588,customer,,,
CUS-002876,customer,,,
CUS-001094,customer,,,
CUS-002589,customer,,,
CUS-001263,customer,,,
CUS-000481,customer,,,
CUS-002765,customer,,,
CUS-001503,customer,,,
CUS-002737,customer,,,
CUS-002980,customer,,,
CUS-002306,customer,,,
CUS-000429,customer,,,
CUS-001093,customer,,,
CUS-002658,customer,,,
CUS-000718,customer,,,
CUS-001364,customer,,,
CUS-000406,customer,,,
CUS-000358,customer,,,
CUS-000363,customer,,,
CUS-000125,customer,,,
CUS-001272,customer,,,
CUS-000559,customer,,,
CUS-002157,customer,,,
CUS-002791,customer,,,
CUS-002466,customer,,,
CUS-000136,customer,,,
CUS-002029,customer,,,
CUS-002461,customer,,,
CUS-000660,customer,,,
CUS-001279,customer,,,
CUS-002812,customer,,,
CUS-000586,customer,,,
CUS-001325,customer,,,
CUS-001414,customer,,,
CUS-001664,customer,,,
CUS-002579,customer,,,
CUS-000821,customer,,,
CUS-001477,customer,,,
CUS-002235,customer,,,
CUS-001865,customer,,,
CUS-001419,customer,,,
CUS-001626,customer,,,
CUS-002381,customer,,,
CUS-001994,customer,,,
CUS-002493,customer,,,
CUS-002346,customer,,,
CUS-001461,customer,,,
CUS-000270,customer,,,
CUS-002051,customer,,,
CUS-001154,customer,,,
CUS-000631,customer,,,
CUS-002059,customer,,,
CUS-001060,customer,,,
CUS-000943,customer,,,
CUS-002729,customer,,,
CUS-001217,customer,,,
CUS-002202,customer,,,
CUS-001652,customer,,,
CUS-002679,customer,,,
CUS-002077,customer,,,
CUS-000464,customer,,,
CUS-001028,customer,,,
CUS-001148,customer,,,
CUS-000296,customer,,,
CUS-002193,customer,,,
CUS-002160,customer,,,
CUS-002336,customer,,,
CUS-002377,customer,,,
CUS-002532,customer,,,
CUS-000818,customer,,,
CUS-001561,customer,,,
CUS-001004,customer,,,
CUS-001296,customer,,,
CUS-000459,customer,,,
CUS-000823,customer,,,
CUS-002212,customer,,,
CUS-001065,customer,,,
CUS-002721,customer,,,
CUS-002755,customer,,,
CUS-002249,customer,,,
CUS-000828,customer,,,
CUS-001693,customer,,,
CUS-001227,customer,,,
CUS-000813,customer,,,
CUS-002052,customer,,,
CUS-002173,customer,,,
CUS-002837,customer,,,
CUS-000079,customer,,,
CUS-002748,customer,,,
CUS-000852,customer,,,
CUS-002880,customer,,,
CUS-001539,customer,,,
CUS-002794,customer,,,
CUS-000606,customer,,,
CUS-001676,customer,,,
CUS-002822,customer,,,
CUS-000263,customer,,,
CUS-001027,customer,,,
CUS-000131,customer,,,
CUS-002474,customer,,,
CUS-000118,customer,,,
CUS-000524,customer,,,
CUS-002928,customer,,,
CUS-000627,customer,,,
CUS-000739,customer,,,
CUS-002504,customer,,,
CUS-001320,customer,,,
CUS-000901,customer,,,
CUS-001147,customer,,,
CUS-002412,customer,,,
CUS-000704,customer,,,
CUS-000036,customer,,,
CUS-001557,customer,,,
CUS-002555,customer,,,
CUS-002296,customer,,,
CUS-000917,customer,,,
CUS-000059,customer,,,
CUS-000657,customer,,,
CUS-000691,customer,,,
CUS-000793,customer,,,
CUS-000224,customer,,,
CUS-001014,customer,,,
CUS-000832,customer,,,
CUS-002989,customer,,,
CUS-000760,customer,,,
CUS-001216,customer,,,
CUS-002557,customer,,,
CUS-000207,customer,,,
CUS-000347,customer,,,
CUS-002390,customer,,,
CUS-002930,customer,,,
CUS-002935,customer,,,
CUS-001126,customer,,,
CUS-001965,customer,,,
CUS-000085,customer,,,
CUS-002252,customer,,,
CUS-001929,customer,,,
CUS-000402,customer,,,
CUS-002849,customer,,,
CUS-000065,customer,,,
CUS-000677,customer,,,
CUS-001175,customer,,,
CUS-002487,customer,,,
CUS-000528,customer,,,
CUS-002123,customer,,,
CUS-001518,customer,,,
CUS-001770,customer,,,
CUS-002023,customer,,,
CUS-002122,customer,,,
CUS-002329,customer,,,
CUS-000536,customer,,,
CUS-002832,customer,,,
CUS-000843,customer,,,
CUS-001347,customer,,,
CUS-002480,customer,,,
CUS-002625,customer,,,
CUS-001718,customer,,,
CUS-002874,customer,,,
CUS-000342,customer,,,
CUS-000977,customer,,,
CUS-001039,customer,,,
CUS-002622,customer,,,
CUS-000204,customer,,,
CUS-002433,customer,,,
CUS-002450,customer,,,
CUS-002167,customer,,,
CUS-002937,customer,,,
CUS-002322,customer,,,
CUS-001838,customer,,,
CUS-000160,customer,,,
CUS-001761,customer,,,
CUS-000932,customer,,,
CUS-000152,customer,,,
CUS-001907,customer,,,
CUS-002860,customer,,,
CUS-000747,customer,,,
CUS-002611,customer,,,
CUS-001305,customer,,,
CUS-002286,customer,,,
CUS-002488,customer,,,
CUS-000675,customer,,,
CUS-002368,customer,,,
CUS-001478,customer,,,
CUS-002276,customer,,,
CUS-001967,customer,,,
CUS-002843,customer,,,
CUS-000597,customer,,,
CUS-001600,customer,,,
CUS-002787,customer,,,
CUS-000762,customer,,,
CUS-001682,customer,,,
CUS-000415,customer,,,
CUS-001700,customer,,,
CUS-001082,customer,,,
CUS-000987,customer,,,
CUS-000726,customer,,,
CUS-002650,customer,,,
CUS-002292,customer,,,
CUS-000730,customer,,,
CUS-002999,customer,,,
CUS-002511,customer,,,
CUS-002246,customer,,,
CUS-001738,customer,,,
CUS-002226,customer,,,
CUS-001759,customer,,,
CUS-000213,customer,,,
CUS-002141,customer,,,
CUS-000867,customer,,,
CUS-001928,customer,,,
CUS-000438,customer,,,
CUS-001287,customer,,,
CUS-002499,customer,,,
CUS-001293,customer,,,
CUS-000781,customer,,,
CUS-000746,customer,,,
CUS-001059,customer,,,
CUS-000636,customer,,,
CUS-002256,customer,,,
CUS-000039,customer,,,
CUS-001409,customer,,,
CUS-002367,customer,,,
CUS-001198,customer,,,
CUS-001097,customer,,,
CUS-001012,customer,,,
CUS-002642,customer,,,
CUS-000416,customer,,,
CUS-001385,customer,,,
CUS-001001,customer,,,
CUS-002446,customer,,,
CUS-002350,customer,,,
CUS-001852,customer,,,
CUS-000979,customer,,,
CUS-000700,customer,,,
CUS-001903,customer,,,
CUS-000054,customer,,,
CUS-000786,customer,,,
CUS-001269,customer,,,
CUS-002654,customer,,,
CUS-002358,customer,,,
CUS-000531,customer,,,
CUS-001930,customer,,,
CUS-001617,customer,,,
CUS-001249,customer,,,
CUS-000870,customer,,,
CUS-001271,customer,,,
CUS-001145,customer,,,
CUS-000315,customer,,,
CUS-000806,customer,,,
CUS-001259,customer,,,
CUS-001110,customer,,,
CUS-001601,customer,,,
CUS-002325,customer,,,
CUS-000289,customer,,,
CUS-000060,customer,,,
CUS-001643,customer,,,
CUS-000109,customer,,,
CUS-002194,customer,,,
CUS-002053,customer,,,
CUS-001988,customer,,,
CUS-000585,customer,,,
CUS-001436,customer,,,
CUS-001389,customer,,,
CUS-001713,customer,,,
CUS-002515,customer,,,
CUS-002814,customer,,,
CUS-000544,customer,,,
CUS-001274,customer,,,
CUS-001629,customer,,,
CUS-001008,customer,,,
CUS-001736,customer,,,
CUS-002004,customer,,,
CUS-002903,customer,,,
CUS-001633,customer,,,
CUS-000560,customer,,,
CUS-002993,customer,,,
CUS-000733,customer,,,
CUS-000269,customer,,,
CUS-002486,customer,,,
CUS-001969,customer,,,
CUS-000911,customer,,,
CUS-000962,customer,,,
CUS-001802,customer,,,
CUS-002512,customer,,,
CUS-000187,customer,,,
CUS-001862,customer,,,
CUS-000610,customer,,,
CUS-001056,customer,,,
CUS-002365,customer,,,
CUS-002738,customer,,,
CUS-000633,customer,,,
CUS-002792,customer,,,
CUS-002759,customer,,,
CUS-001215,customer,,,
CUS-000401,customer,,,
CUS-001439,customer,,,
CUS-001724,customer,,,
CUS-002834,customer,,,
CUS-002523,customer,,,
CUS-001130,customer,,,
CUS-002566,customer,,,
CUS-002208,customer,,,
CUS-000580,customer,,,
CUS-001270,customer,,,
CUS-001329,customer,,,
CUS-002217,customer,,,
CUS-001178,customer,,,
CUS-002710,customer,,,
CUS-001844,customer,,,
CUS-001730,customer,,,
CUS-001116,customer,,,
CUS-000628,customer,,,
CUS-001575,customer,,,
CUS-000279,customer,,,
CUS-000954,customer,,,
CUS-000641,customer,,,
CUS-000280,customer,,,
CUS-000626,customer,,,
CUS-002520,customer,,,
CUS-002317,customer,,,
CUS-002159,customer,,,
CUS-000993,customer,,,
CUS-002707,customer,,,
CUS-001995,customer,,,
CUS-002582,customer,,,
CUS-002921,customer,,,
CUS-000382,customer,,,
CUS-002104,customer,,,
CUS-000142,customer,,,
CUS-002651,customer,,,
CUS-000620,customer,,,
CUS-000266,customer,,,
CUS-002626,customer,,,
CUS-001598,customer,,,
CUS-001112,customer,,,
CUS-001864,customer,,,
CUS-001977,customer,,,
CUS-000929,customer,,,
CUS-000113,customer,,,
CUS-000600,customer,,,
CUS-002637,customer,,,
CUS-000326,customer,,,
CUS-002562,customer,,,
CUS-000831,customer,,,
CUS-001634,customer,,,
CUS-000788,customer,,,
CUS-001023,customer,,,
CUS-000219,customer,,,
CUS-001220,customer,,,
CUS-000474,customer,,,
CUS-001006,customer,,,
CUS-002397,customer,,,
CUS-000953,customer,,,
CUS-000782,customer,,,
CUS-002026,customer,,,
CUS-000351,customer,,,
CUS-000023,customer,,,
CUS-000583,customer,,,
CUS-002429,customer,,,
CUS-000419,customer,,,
CUS-000393,customer,,,
CUS-002129,customer,,,
CUS-001388,customer,,,
CUS-000216,customer,,,
CUS-000172,customer,,,
CUS-000432,customer,,,
CUS-000300,customer,,,
CUS-002113,customer,,,
CUS-000765,customer,,,
CUS-000888,customer,,,
CUS-001818,customer,,,
CUS-002448,customer,,,
CUS-002569,customer,,,
CUS-001250,customer,,,
CUS-000801,customer,,,
CUS-001073,customer,,,
CUS-002414,customer,,,
CUS-001451,customer,,,
CUS-002435,customer,,,
CUS-000097,customer,,,
CUS-002607,customer,,,
CUS-001020,customer,,,
CUS-002357,customer,,,
CUS-001359,customer,,,
CUS-002430,customer,,,
CUS-002327,customer,,,
CUS-002356,customer,,,
CUS-001022,customer,,,
CUS-001230,customer,,,
CUS-000334,customer,,,
CUS-002245,customer,,,
CUS-001651,customer,,,
CUS-002970,customer,,,
CUS-000174,customer,,,
CUS-000399,customer,,,
CUS-001507,customer,,,
CUS-001302,customer,,,
CUS-001765,customer,,,
CUS-002595,customer,,,
CUS-002744,customer,,,
CUS-002047,customer,,,
CUS-001491,customer,,,
CUS-000663,customer,,,
CUS-001382,customer,,,
CUS-000484,customer,,,
CUS-000685,customer,,,
CUS-000538,customer,,,
CUS-000698,customer,,,
CUS-001297,customer,,,
CUS-002411,customer,,,
CUS-000796,customer,,,
CUS-000281,customer,,,
CUS-002200,customer,,,
CUS-002395,customer,,,
CUS-001963,customer,,,
CUS-001402,customer,,,
CUS-000955,customer,,,
CUS-000362,customer,,,
CUS-000998,customer,,,
CUS-000554,customer,,,
CUS-001003,customer,,,
CUS-002075,customer,,,
CUS-000493,customer,,,
CUS-002701,customer,,,
CUS-002373,customer,,,
CUS-000348,customer,,,
CUS-002093,customer,,,
CUS-001583,customer,,,
CUS-000561,customer,,,
CUS-000853,customer,,,
CUS-000320,customer,,,
CUS-002656,customer,,,
CUS-002283,customer,,,
CUS-001254,customer,,,
CUS-001017,customer,,,
CUS-000875,customer,,,
CUS-000755,customer,,,
CUS-000444,customer,,,
CUS-000126,customer,,,
CUS-001925,customer,,,
CUS-002034,customer,,,
CUS-002272,customer,,,
CUS-002424,customer,,,
CUS-002586,customer,,,
CUS-000149,customer,,,
CUS-000251,customer,,,
CUS-001892,customer,,,
CUS-001087,customer,,,
CUS-002398,customer,,,
CUS-001521,customer,,,
CUS-001054,customer,,,
CUS-000445,customer,,,
CUS-001776,customer,,,
CUS-000923,customer,,,
CUS-000689,customer,,,
CUS-001889,customer,,,
CUS-001431,customer,,,
CUS-000353,customer,,,
CUS-001863,customer,,,
CUS-001045,customer,,,
CUS-001515,customer,,,
CUS-001755,customer,,,
CUS-000261,customer,,,
CUS-002540,customer,,,
CUS-002009,customer,,,
CUS-000914,customer,,,
CUS-002548,customer,,,
CUS-001345,customer,,,
CUS-001494,customer,,,
CUS-000045,customer,,,
CUS-000920,customer,,,
CUS-000844,customer,,,
CUS-002871,customer,,,
CUS-000046,customer,,,
CUS-001650,customer,,,
CUS-001511,customer,,,
CUS-002877,customer,,,
CUS-001422,customer,,,
CUS-002984,customer,,,
CUS-002828,customer,,,
CUS-002585,customer,,,
CUS-000108,customer,,,
CUS-000159,customer,,,
CUS-000926,customer,,,
CUS-001445,customer,,,
CUS-001821,customer,,,
CUS-001857,customer,,,
CUS-000356,customer,,,
CUS-002396,customer,,,
CUS-002379,customer,,,
CUS-001632,customer,,,
CUS-001810,customer,,,
CUS-002853,customer,,,
CUS-001895,customer,,,
CUS-001953,customer,,,
CUS-001779,customer,,,
CUS-001814,customer,,,
CUS-002870,customer,,,
CUS-000592,customer,,,
CUS-000543,customer,,,
CUS-001638,customer,,,
CUS-000075,customer,,,
CUS-002337,customer,,,
CUS-002309,customer,,,
CUS-000693,customer,,,
CUS-001415,customer,,,
CUS-002799,customer,,,
CUS-002967,customer,,,
CUS-002000,customer,,,
CUS-000804,customer,,,
CUS-001512,customer,,,
CUS-002181,customer,,,
CUS-001172,customer,,,
CUS-001543,customer,,,
CUS-000066,customer,,,
CUS-001641,customer,,,
CUS-002549,customer,,,
CUS-001882,customer,,,
CUS-000532,customer,,,
CUS-001706,customer,,,
CUS-001941,customer,,,
CUS-000940,customer,,,
CUS-000971,customer,,,
CUS-001570,customer,,,
CUS-001773,customer,,,
CUS-001529,customer,,,
CUS-002932,customer,,,
CUS-000282,customer,,,
CUS-002311,customer,,,
CUS-000816,customer,,,
CUS-002444,customer,,,
CUS-002163,customer,,,
CUS-001694,customer,,,
CUS-001831,customer,,,
CUS-001242,customer,,,
CUS-001727,customer,,,
CUS-002109,customer,,,
CUS-002741,customer,,,
CUS-001394,customer,,,
CUS-001649,customer,,,
CUS-002340,customer,,,
CUS-000706,customer,,,
CUS-001846,customer,,,
CUS-002638,customer,,,
CUS-001289,customer,,,
CUS-000345,customer,,,
CUS-000359,customer,,,
CUS-000390,customer,,,
CUS-000114,customer,,,
CUS-001506,customer,,,
CUS-001996,customer,,,
CUS-000653,customer,,,
CUS-002416,customer,,,
CUS-002608,customer,,,
CUS-002786,customer,,,
CUS-001368,customer,,,
CUS-000587,customer,,,
CUS-002040,customer,,,
CUS-001508,customer,,,
CUS-002900,customer,,,
CUS-001061,customer,,,
CUS-002836,customer,,,
CUS-002917,customer,,,
CUS-002426,customer,,,
CUS-001256,customer,,,
CUS-000138,customer,,,
CUS-002045,customer,,,
CUS-001432,customer,,,
CUS-002431,customer,,,
CUS-002945,customer,,,
CUS-001504,customer,,,
CUS-000294,customer,,,
CUS-001975,customer,,,
CUS-000255,customer,,,
CUS-000754,customer,,,
CUS-001435,customer,,,
CUS-002725,customer,,,
CUS-000899,customer,,,
CUS-001090,customer,,,
CUS-002981,customer,,,
CUS-002640,customer,,,
CUS-000104,customer,,,
CUS-002652,customer,,,
CUS-001560,customer,,,
CUS-001841,customer,,,
CUS-002184,customer,,,
CUS-000010,customer,,,
CUS-002768,customer,,,
CUS-001233,customer,,,
CUS-000384,customer,,,
CUS-001421,customer,,,
CUS-000877,customer,,,
CUS-001565,customer,,,
CUS-001753,customer,,,
CUS-000931,customer,,,
CUS-002565,customer,,,
CUS-002754,customer,,,
CUS-000305,customer,,,
CUS-002344,customer,,,
CUS-000455,customer,,,
CUS-001366,customer,,,
CUS-002926,customer,,,
CUS-002218,customer,,,
CUS-001612,customer,,,
CUS-000423,customer,,,
CUS-000307,customer,,,
CUS-002179,customer,,,
CUS-002482,customer,,,
CUS-002851,customer,,,
CUS-001278,customer,,,
CUS-001687,customer,,,
CUS-002825,customer,,,
CUS-000749,customer,,,
CUS-001177,customer,,,
CUS-000708,customer,,,
CUS-001609,customer,,,
CUS-001443,customer,,,
CUS-002005,customer,,,
CUS-002175,customer,,,
CUS-001442,customer,,,
CUS-002913,customer,,,
CUS-001167,customer,,,
CUS-002222,customer,,,
CUS-000674,customer,,,
CUS-000670,customer,,,
CUS-002490,customer,,,
CUS-000997,customer,,,
CUS-001475,customer,,,
CUS-000761,customer,,,
CUS-000246,customer,,,
CUS-001314,customer,,,
CUS-002826,customer,,,
CUS-002979,customer,,,
CUS-000244,customer,,,
CUS-000699,customer,,,
CUS-001234,customer,,,
CUS-002112,customer,,,
CUS-002936,customer,,,
CUS-000404,customer,,,
CUS-002288,customer,,,
CUS-001732,customer,,,
CUS-001847,customer,,,
CUS-001077,customer,,,
CUS-001260,customer,,,
CUS-001031,customer,,,
CUS-002605,customer,,,
CUS-000389,customer,,,
CUS-002885,customer,,,
CUS-000814,customer,,,
CUS-000123,customer,,,
CUS-002888,customer,,,
CUS-000885,customer,,,
CUS-002689,customer,,,
CUS-001099,customer,,,
CUS-001594,customer,,,
CUS-001645,customer,,,
CUS-001951,customer,,,
CUS-000607,customer,,,
CUS-002896,customer,,,
CUS-002035,customer,,,
CUS-000324,customer,,,
CUS-001848,customer,,,
CUS-000890,customer,,,
CUS-000475,customer,,,
CUS-000913,customer,,,
CUS-002575,customer,,,
CUS-001867,customer,,,
CUS-001822,customer,,,
CUS-001300,customer,,,
CUS-001555,customer,,,
CUS-002919,customer,,,
CUS-002232,customer,,,
CUS-002898,customer,,,
CUS-001075,customer,,,
CUS-001552,customer,,,
CUS-000841,customer,,,
CUS-002265,customer,,,
CUS-001517,customer,,,
CUS-001304,customer,,,
CUS-002564,customer,,,
CUS-001983,customer,,,
CUS-001661,customer,,,
CUS-000303,customer,,,
CUS-002215,customer,,,
CUS-000381,customer,,,
CUS-000735,customer,,,
CUS-000549,customer,,,
CUS-002724,customer,,,
CUS-001914,customer,,,
CUS-001498,customer,,,
CUS-000414,customer,,,
CUS-002492,customer,,,
CUS-000016,customer,,,
CUS-000904,customer,,,
CUS-000156,customer,,,
CUS-001241,customer,,,
CUS-002694,customer,,,
CUS-001024,customer,,,
CUS-000105,customer,,,
CUS-001371,customer,,,
CUS-002541,customer,,,
CUS-001827,customer,,,
CUS-000371,customer,,,
CUS-002408,customer,,,
CUS-001569,customer,,,
CUS-002261,customer,,,
CUS-001985,customer,,,
CUS-001524,customer,,,
CUS-001324,customer,,,
CUS-001850,customer,,,
CUS-000652,customer,,,
CUS-002229,customer,,,
CUS-000422,customer,,,
CUS-000785,customer,,,
CUS-000029,customer,,,
CUS-000098,customer,,,
CUS-002170,customer,,,
CUS-002002,customer,,,
CUS-000551,customer,,,
CUS-002351,customer,,,
CUS-002603,customer,,,
CUS-000306,customer,,,
CUS-000715,customer,,,
CUS-000147,customer,,,
CUS-000153,customer,,,
CUS-002021,customer,,,
CUS-002058,customer,,,
CUS-000211,customer,,,
CUS-001939,customer,,,
CUS-001932,customer,,,
CUS-002495,customer,,,
CUS-000824,customer,,,
CUS-001855,customer,,,
CUS-001974,customer,,,
CUS-002293,customer,,,
CUS-001376,customer,,,
CUS-000799,customer,,,
CUS-000092,customer,,,
CUS-002584,customer,,,
CUS-001174,customer,,,
CUS-002670,customer,,,
CUS-000482,customer,,,
CUS-000169,customer,,,
CUS-002158,customer,,,
CUS-000891,customer,,,
CUS-001237,customer,,,
CUS-001564,customer,,,
CUS-001029,customer,,,
CUS-002221,customer,,,
CUS-002280,customer,,,
CUS-000602,customer,,,
CUS-000201,customer,,,
CUS-001635,customer,,,
CUS-001136,customer,,,
CUS-001288,customer,,,
CUS-002986,customer,,,
CUS-002663,customer,,,
CUS-001837,customer,,,
CUS-002065,customer,,,
CUS-002097,customer,,,
CUS-002829,customer,,,
CUS-000848,customer,,,
CUS-000202,customer,,,
CUS-001013,customer,,,
CUS-002990,customer,,,
CUS-001585,customer,,,
CUS-002862,customer,,,
CUS-002011,customer,,,
CUS-000855,customer,,,
CUS-002242,customer,,,
CUS-001747,customer,,,
CUS-000175,customer,,,
CUS-002406,customer,,,
CUS-000645,customer,,,
CUS-001303,customer,,,
CUS-002629,customer,,,
CUS-001005,customer,,,
CUS-002859,customer,,,
CUS-000116,customer,,,
CUS-000772,customer,,,
CUS-001467,customer,,,
CUS-002387,customer,,,
CUS-002570,customer,,,
CUS-002772,customer,,,
CUS-000492,customer,,,
CUS-002563,customer,,,
CUS-002747,customer,,,
CUS-000372,customer,,,
CUS-000672,customer,,,
CUS-001049,customer,,,
CUS-001945,customer,,,
CUS-001341,customer,,,
CUS-002338,customer,,,
CUS-000697,customer,,,
CUS-002978,customer,,,
CUS-001100,customer,,,
CUS-001982,customer,,,
CUS-000734,customer,,,
CUS-002727,customer,,,
CUS-001866,customer,,,
CUS-001669,customer,,,
CUS-001070,customer,,,
CUS-001966,customer,,,
CUS-001058,customer,,,
CUS-000283,customer,,,
CUS-002618,customer,,,
CUS-000988,customer,,,
CUS-001340,customer,,,
CUS-002102,customer,,,
CUS-000257,customer,,,
CUS-002216,customer,,,
CUS-002892,customer,,,
CUS-002893,customer,,,
CUS-000302,customer,,,
CUS-001407,customer,,,
CUS-000656,customer,,,
CUS-000939,customer,,,
CUS-001273,customer,,,
CUS-000336,customer,,,
CUS-000304,customer,,,
CUS-002975,customer,,,
CUS-000388,customer,,,
CUS-000195,customer,,,
CUS-001209,customer,,,
CUS-002082,customer,,,
CUS-002506,customer,,,
CUS-000869,customer,,,
CUS-002674,customer,,,
CUS-002477,customer,,,
CUS-000509,customer,,,
CUS-000239,customer,,,
CUS-002947,customer,,,
CUS-000364,customer,,,
CUS-002779,customer,,,
CUS-001265,customer,,,
CUS-000210,customer,,,
CUS-001088,customer,,,
CUS-001707,customer,,,
CUS-002784,customer,,,
CUS-000446,customer,,,
CUS-000360,customer,,,
CUS-000566,customer,,,
CUS-001699,customer,,,
CUS-001211,customer,,,
CUS-002923,customer,,,
CUS-000062,customer,,,
CUS-000434,customer,,,
CUS-000534,customer,,,
CUS-001680,customer,,,
CUS-002126,customer,,,
CUS-000571,customer,,,
CUS-000479,customer,,,
CUS-001330,customer,,,
CUS-001365,customer,,,
CUS-000916,customer,,,
CUS-001808,customer,,,
CUS-000748,customer,,,
CUS-002003,customer,,,
CUS-001337,customer,,,
CUS-001166,customer,,,
CUS-000897,customer,,,
CUS-000694,customer,,,
CUS-001720,customer,,,
CUS-001763,customer,,,
CUS-000508,customer,,,
CUS-001291,customer,,,
CUS-002037,customer,,,
CUS-002007,customer,,,
CUS-001606,customer,,,
CUS-000451,customer,,,
CUS-001137,customer,,,
CUS-002842,customer,,,
CUS-000951,customer,,,
CUS-002758,customer,,,
CUS-002887,customer,,,
CUS-001127,customer,,,
CUS-002835,customer,,,
CUS-002534,customer,,,
CUS-000725,customer,,,
CUS-000298,customer,,,
CUS-001239,customer,,,
CUS-002771,customer,,,
CUS-001746,customer,,,
CUS-001298,customer,,,
CUS-001683,customer,,,
CUS-000705,customer,,,
CUS-000798,customer,,,
CUS-002323,customer,,,
CUS-001299,customer,,,
CUS-000778,customer,,,
CUS-000605,customer,,,
CUS-000802,customer,,,
CUS-000053,customer,,,
CUS-001096,customer,,,
CUS-002032,customer,,,
CUS-000431,customer,,,
CUS-000526,customer,,,
CUS-001924,customer,,,
CUS-001665,customer,,,
CUS-001579,customer,,,
CUS-000209,customer,,,
CUS-002019,customer,,,
CUS-002581,customer,,,
CUS-002039,customer,,,
CUS-000230,customer,,,
CUS-000323,customer,,,
CUS-000417,customer,,,
CUS-000454,customer,,,
CUS-000776,customer,,,
CUS-002756,customer,,,
CUS-002494,customer,,,
CUS-000936,customer,,,
CUS-001592,customer,,,
CUS-002604,customer,,,
CUS-002790,customer,,,
CUS-001180,customer,,,
CUS-000980,customer,,,
CUS-002228,customer,,,
CUS-001203,customer,,,
CUS-002437,customer,,,
CUS-000780,customer,,,
CUS-002460,customer,,,
CUS-002031,customer,,,
CUS-001011,customer,,,
CUS-002318,customer,,,
CUS-001908,customer,,,
CUS-000873,customer,,,
CUS-000267,customer,,,
CUS-001964,customer,,,
CUS-001238,customer,,,
CUS-000884,customer,,,
CUS-002994,customer,,,
CUS-002943,customer,,,
CUS-002103,customer,,,
CUS-002899,customer,,,
CUS-000262,customer,,,
CUS-001874,customer,,,
CUS-002378,customer,,,
CUS-000604,customer,,,
CUS-002063,customer,,,
CUS-001870,customer,,,
CUS-002013,customer,,,
CUS-002271,customer,,,
CUS-002545,customer,,,
CUS-002628,customer,,,
CUS-001654,customer,,,
CUS-001809,customer,,,
CUS-001026,customer,,,
CUS-000639,customer,,,
CUS-002547,customer,,,
CUS-000967,customer,,,
CUS-000276,customer,,,
CUS-000837,customer,,,
CUS-002884,customer,,,
CUS-000935,customer,,,
CUS-000918,customer,,,
CUS-001118,customer,,,
CUS-002452,customer,,,
CUS-000441,customer,,,
CUS-000777,customer,,,
CUS-000194,customer,,,
CUS-000308,customer,,,
CUS-002505,customer,,,
CUS-002277,customer,,,
CUS-001795,customer,,,
CUS-001481,customer,,,
CUS-002955,customer,,,
CUS-001352,customer,,,
CUS-001041,customer,,,
CUS-001350,customer,,,
CUS-000512,customer,,,
CUS-002696,customer,,,
CUS-002514,customer,,,
CUS-000763,customer,,,
CUS-000634,customer,,,
CUS-002274,customer,,,
CUS-000599,customer,,,
CUS-001357,customer,,,
CUS-001171,customer,,,
CUS-002120,customer,,,
CUS-002764,customer,,,
CUS-002139,customer,,,
CUS-002974,customer,,,
CUS-002543,customer,,,
CUS-002400,customer,,,
CUS-001492,customer,,,
CUS-002027,customer,,,
CUS-002324,customer,,,
CUS-002078,customer,,,
CUS-000426,customer,,,
CUS-000499,customer,,,
CUS-000757,customer,,,
CUS-002223,customer,,,
CUS-001383,customer,,,
CUS-000866,customer,,,
CUS-001076,customer,,,
CUS-002237,customer,,,
CUS-000811,customer,,,
CUS-000847,customer,,,
CUS-000942,customer,,,
CUS-000809,customer,,,
CUS-002393,customer,,,
CUS-001361,customer,,,
CUS-000473,customer,,,
CUS-002339,customer,,,
CUS-000151,customer,,,
CUS-002805,customer,,,
CUS-001534,customer,,,
CUS-002806,customer,,,
CUS-000405,customer,,,
CUS-001659,customer,,,
CUS-002231,customer,,,
CUS-000091,customer,,,
CUS-000896,customer,,,
CUS-001858,customer,,,
CUS-002857,customer,,,
CUS-002591,customer,,,
CUS-000504,customer,,,
CUS-001541,customer,,,
CUS-002354,customer,,,
CUS-002664,customer,,,
CUS-001370,customer,,,
CUS-002150,customer,,,
CUS-002297,customer,,,
CUS-000107,customer,,,
CUS-002214,customer,,,
CUS-001782,customer,,,
CUS-002915,customer,,,
CUS-001128,customer,,,
CUS-001454,customer,,,
CUS-001603,customer,,,
CUS-000593,customer,,,
CUS-000523,customer,,,
CUS-000082,customer,,,
CUS-002855,customer,,,
CUS-002763,customer,,,
CUS-001910,customer,,,
CUS-002478,customer,,,
CUS-001648,customer,,,
CUS-000238,customer,,,
CUS-002191,customer,,,
CUS-002846,customer,,,
CUS-001483,customer,,,
CUS-002577,customer,,,
CUS-002848,customer,,,
CUS-000418,customer,,,
CUS-000055,customer,,,
CUS-002960,customer,,,
CUS-002985,customer,,,
CUS-002343,customer,,,
CUS-001836,customer,,,
CUS-001025,customer,,,
CUS-000692,customer,,,
CUS-000516,customer,,,
CUS-002072,customer,,,
CUS-001452,customer,,,
CUS-001016,customer,,,
CUS-001223,customer,,,
CUS-000995,customer,,,
CUS-001338,customer,,,
CUS-000807,customer,,,
CUS-001375,customer,,,
CUS-002852,customer,,,
CUS-001007,customer,,,
CUS-000229,customer,,,
CUS-000171,customer,,,
CUS-001092,customer,,,
CUS-002110,customer,,,
CUS-000460,customer,,,
CUS-000753,customer,,,
CUS-002769,customer,,,
CUS-002521,customer,,,
CUS-000803,customer,,,
CUS-001140,customer,,,
CUS-002659,customer,,,
CUS-000924,customer,,,
CUS-001586,customer,,,
CUS-002942,customer,,,
CUS-002635,customer,,,
CUS-000011,customer,,,
CUS-001826,customer,,,
CUS-000449,customer,,,
CUS-001728,customer,,,
CUS-000603,customer,,,
CUS-000961,customer,,,
CUS-000666,customer,,,
CUS-000623,customer,,,
CUS-000511,customer,,,
CUS-000989,customer,,,
CUS-000745,customer,,,
CUS-000328,customer,,,
CUS-001748,customer,,,
CUS-002399,customer,,,
CUS-001692,customer,,,
CUS-000650,customer,,,
CUS-000872,customer,,,
CUS-001124,customer,,,
CUS-000051,customer,,,
CUS-001887,customer,,,
CUS-002088,customer,,,
CUS-002091,customer,,,
CUS-000537,customer,,,
CUS-002220,customer,,,
CUS-002197,customer,,,
CUS-002143,customer,,,
CUS-000805,customer,,,
CUS-000545,customer,,,
CUS-001164,customer,,,
CUS-001621,customer,,,
CUS-001367,customer,,,
CUS-000686,customer,,,
CUS-000702,customer,,,
CUS-001737,customer,,,
CUS-001398,customer,,,
CUS-000574,customer,,,
CUS-002285,customer,,,
CUS-001952,customer,,,
CUS-001102,customer,,,
CUS-001568,customer,,,
CUS-000157,customer,,,
CUS-000514,customer,,,
CUS-000579,customer,,,
CUS-002263,customer,,,
CUS-001627,customer,,,
CUS-000002,customer,,,
CUS-001055,customer,,,
CUS-000048,customer,,,
CUS-000624,customer,,,
CUS-001069,customer,,,
CUS-000106,customer,,,
CUS-002972,customer,,,
CUS-000810,customer,,,
CUS-002672,customer,,,
CUS-001878,customer,,,
CUS-002982,customer,,,
CUS-000712,customer,,,
CUS-001453,customer,,,
CUS-002646,customer,,,
CUS-001465,customer,,,
CUS-000949,customer,,,
CUS-000594,customer,,,
CUS-002366,customer,,,
CUS-002895,customer,,,
CUS-000864,customer,,,
CUS-000590,customer,,,
CUS-000468,customer,,,
CUS-000050,customer,,,
CUS-001285,customer,,,
CUS-001702,customer,,,
CUS-002233,customer,,,
CUS-000037,customer,,,
CUS-000915,customer,,,
CUS-000258,customer,,,
CUS-001037,customer,,,
CUS-002925,customer,,,
CUS-001550,customer,,,
CUS-002362,customer,,,
CUS-002620,customer,,,
CUS-000520,customer,,,
CUS-000756,customer,,,
CUS-000137,customer,,,
CUS-001671,customer,,,
CUS-001686,customer,,,
CUS-000072,customer,,,
CUS-001658,customer,,,
CUS-002518,customer,,,
CUS-000568,customer,,,
CUS-000163,customer,,,
CUS-000440,customer,,,
CUS-002205,customer,,,
CUS-001768,customer,,,
CUS-001577,customer,,,
CUS-001423,customer,,,
CUS-000654,customer,,,
CUS-002419,customer,,,
CUS-001196,customer,,,
CUS-001873,customer,,,
CUS-000887,customer,,,
CUS-000430,customer,,,
CUS-002610,customer,,,
CUS-001915,customer,,,
CUS-002873,customer,,,
CUS-001981,customer,,,
CUS-002739,customer,,,
CUS-002224,customer,,,
CUS-001115,customer,,,
CUS-002439,customer,,,
CUS-002213,customer,,,
CUS-000716,customer,,,
CUS-001522,customer,,,
CUS-000850,customer,,,
CUS-000161,customer,,,
CUS-001301,customer,,,
CUS-000964,customer,,,
CUS-000058,customer,,,
CUS-000379,customer,,,
CUS-001762,customer,,,
CUS-002776,customer,,,
CUS-000191,customer,,,
CUS-002024,customer,,,
CUS-001440,customer,,,
CUS-002025,customer,,,
CUS-002107,customer,,,
CUS-001689,customer,,,
CUS-001771,customer,,,
CUS-001207,customer,,,
CUS-001800,customer,,,
CUS-001437,customer,,,
CUS-002295,customer,,,
CUS-001558,customer,,,
CUS-001319,customer,,,
CUS-001510,customer,,,
CUS-001292,customer,,,
CUS-002948,customer,,,
CUS-002142,customer,,,
CUS-002643,customer,,,
CUS-000819,customer,,,
CUS-001774,customer,,,
CUS-000241,customer,,,
CUS-001396,customer,,,
CUS-000084,customer,,,
CUS-001778,customer,,,
CUS-002685,customer,,,
CUS-000024,customer,,,
CUS-001667,customer,,,
CUS-000112,customer,,,
CUS-000985,customer,,,
CUS-002723,customer,,,
CUS-001425,customer,,,
CUS-000352,customer,,,
CUS-000581,customer,,,
CUS-001122,customer,,,
CUS-001095,customer,,,
CUS-001514,customer,,,
CUS-002924,customer,,,
CUS-001121,customer,,,
CUS-002881,customer,,,
CUS-002070,customer,,,
CUS-002241,customer,,,
CUS-000999,customer,,,
CUS-002568,customer,,,
CUS-001875,customer,,,
CUS-002099,customer,,,
CUS-001726,customer,,,
CUS-001653,customer,,,
CUS-000488,customer,,,
CUS-002838,customer,,,
CUS-000770,customer,,,
CUS-000800,customer,,,
CUS-002542,customer,,,
CUS-002360,customer,,,
CUS-002251,customer,,,
CUS-001290,customer,,,
CUS-002062,customer,,,
CUS-001906,customer,,,
CUS-002298,customer,,,
CUS-001859,customer,,,
CUS-001473,customer,,,
CUS-002201,customer,,,
CUS-002392,customer,,,
CUS-002203,customer,,,
CUS-000232,customer,,,
CUS-001192,customer,,,
CUS-000667,customer,,,
CUS-002258,customer,,,
CUS-001628,customer,,,
CUS-001245,customer,,,
CUS-002653,customer,,,
CUS-002969,customer,,,
CUS-001839,customer,,,
CUS-001084,customer,,,
CUS-001949,customer,,,
CUS-001379,customer,,,
CUS-001719,customer,,,
CUS-002730,customer,,,
CUS-002236,customer,,,
CUS-002552,customer,,,
CUS-001479,customer,,,
CUS-000410,customer,,,
CUS-000646,customer,,,
CUS-001182,customer,,,
CUS-000141,customer,,,
CUS-000133,customer,,,
CUS-001212,customer,,,
CUS-002388,customer,,,
CUS-001391,customer,,,
CUS-001749,customer,,,
CUS-001446,customer,,,
CUS-001255,customer,,,
CUS-001107,customer,,,
CUS-002556,customer,,,
CUS-002442,customer,,,
CUS-001064,customer,,,
CUS-002240,customer,,,
CUS-000969,customer,,,
CUS-000090,customer,,,
CUS-000880,customer,,,
CUS-000373,customer,,,
CUS-002312,customer,,,
CUS-001079,customer,,,
CUS-002934,customer,,,
CUS-001757,customer,,,
CUS-001134,customer,,,
CUS-002330,customer,,,
CUS-002401,customer,,,
CUS-001758,customer,,,
CUS-000200,customer,,,
CUS-001160,customer,,,
CUS-000789,customer,,,
CUS-000519,customer,,,
CUS-002920,customer,,,
CUS-000701,customer,,,
CUS-001999,customer,,,
CUS-000527,customer,,,
CUS-000661,customer,,,
CUS-002290,customer,,,
CUS-000820,customer,,,
CUS-001861,customer,,,
CUS-001327,customer,,,
CUS-000025,customer,,,
CUS-002559,customer,,,
CUS-001052,customer,,,
CUS-000727,customer,,,
CUS-001642,customer,,,
CUS-000617,customer,,,
CUS-000397,customer,,,
CUS-000012,customer,,,
CUS-002778,customer,,,
CUS-002275,customer,,,
CUS-001309,customer,,,
CUS-001938,customer,,,
CUS-002938,customer,,,
CUS-002680,customer,,,
CUS-002144,customer,,,
CUS-001589,customer,,,
CUS-001335,customer,,,
CUS-001447,customer,,,
CUS-000189,customer,,,
CUS-002334,customer,,,
CUS-000265,customer,,,
CUS-001183,customer,,,
CUS-000117,customer,,,
CUS-001194,customer,,,
CUS-001135,customer,,,
CUS-002190,customer,,,
CUS-000497,customer,,,
CUS-002508,customer,,,
CUS-001840,customer,,,
CUS-002886,customer,,,
CUS-002531,customer,,,
CUS-001688,customer,,,
CUS-002716,customer,,,
CUS-001168,customer,,,
CUS-000822,customer,,,
CUS-001911,customer,,,
CUS-001219,customer,,,
CUS-001114,customer,,,
CUS-001901,customer,,,
CUS-001444,customer,,,
CUS-000541,customer,,,
CUS-002931,customer,,,
CUS-001142,customer,,,
CUS-002048,customer,,,
CUS-000909,customer,,,
CUS-002703,customer,,,
CUS-001348,customer,,,
CUS-001131,customer,,,
CUS-001899,customer,,,
CUS-000933,customer,,,
CUS-002644,customer,,,
CUS-001893,customer,,,
CUS-000242,customer,,,
CUS-002207,customer,,,
CUS-001246,customer,,,
CUS-000722,customer,,,
CUS-002001,customer,,,
CUS-000498,customer,,,
CUS-000938,customer,,,
CUS-000240,customer,,,
CUS-000186,customer,,,
CUS-002269,customer,,,
CUS-002250,customer,,,
CUS-001071,customer,,,
CUS-000128,customer,,,
CUS-001545,customer,,,
CUS-002519,customer,,,
CUS-000278,customer,,,
CUS-002627,customer,,,
CUS-000198,customer,,,
CUS-001072,customer,,,
CUS-001322,customer,,,
CUS-002098,customer,,,
CUS-002100,customer,,,
CUS-000618,customer,,,
CUS-000173,customer,,,
CUS-000290,customer,,,
CUS-000732,customer,,,
CUS-000540,customer,,,
CUS-001807,customer,,,
CUS-000900,customer,,,
CUS-000412,customer,,,
CUS-000946,customer,,,
CUS-000751,customer,,,
CUS-002302,customer,,,
CUS-001775,customer,,,
CUS-001469,customer,,,
CUS-000179,customer,,,
CUS-000206,customer,,,
CUS-000863,customer,,,
CUS-002341,customer,,,
CUS-000976,customer,,,
CUS-002530,customer,,,
CUS-001854,customer,,,
CUS-001644,customer,,,
CUS-001573,customer,,,
CUS-000878,customer,,,
CUS-000507,customer,,,
CUS-002866,customer,,,
CUS-002440,customer,,,
CUS-000588,customer,,,
CUS-000223,customer,,,
CUS-002071,customer,,,
CUS-000922,customer,,,
CUS-000018,customer,,,
CUS-000947,customer,,,
CUS-000285,customer,,,
CUS-001620,customer,,,
CUS-002775,customer,,,
CUS-000535,customer,,,
CUS-002882,customer,,,
CUS-001679,customer,,,
CUS-002326,customer,,,
CUS-000275,customer,,,
CUS-001553,customer,,,
CUS-000385,customer,,,
CUS-000042,customer,,,
CUS-000478,customer,,,
CUS-001781,customer,,,
CUS-000619,customer,,,
CUS-001597,customer,,,
CUS-001152,customer,,,
CUS-002310,customer,,,
CUS-001923,customer,,,
CUS-001185,customer,,,
CUS-000740,customer,,,
CUS-000145,customer,,,
CUS-000547,customer,,,
CUS-001449,customer,,,
CUS-001472,customer,,,
CUS-001922,customer,,,
CUS-002149,customer,,,
CUS-000185,customer,,,
CUS-000564,customer,,,
CUS-000146,customer,,,
CUS-000365,customer,,,
CUS-001909,customer,,,
CUS-000139,customer,,,
CUS-000297,customer,,,
CUS-002971,customer,,,
CUS-002192,customer,,,
CUS-002096,customer,,,
CUS-002278,customer,,,
CUS-000199,customer,,,
CUS-002186,customer,,,
CUS-000792,customer,,,
CUS-000529,customer,,,
CUS-000312,customer,,,
CUS-002434,customer,,,
CUS-001701,customer,,,
CUS-001197,customer,,,
CUS-001817,customer,,,
CUS-000567,customer,,,
CUS-001500,customer,,,
CUS-002148,customer,,,
CUS-001708,customer,,,
CUS-002308,customer,,,
CUS-001496,customer,,,
CUS-002147,customer,,,
CUS-001698,customer,,,
CUS-001801,customer,,,
CUS-000322,customer,,,
CUS-002238,customer,,,
CUS-001448,customer,,,
CUS-000835,customer,,,
CUS-002124,customer,,,
CUS-001416,customer,,,
CUS-001860,customer,,,
CUS-000001,customer,,,
CUS-000003,customer,,,
CUS-000004,customer,,,
DEV-001627,device,,,
DEV-002452,device,,,
DEV-002993,device,,,
DEV-002023,device,,,
DEV-000992,device,,,
DEV-002096,device,,,
DEV-002405,device,,,
DEV-000089,device,,,
DEV-001373,device,,,
DEV-000126,device,,,
DEV-002019,device,,,
DEV-000525,device,,,
DEV-001587,device,,,
DEV-001562,device,,,
DEV-000168,device,,,
DEV-002679,device,,,
DEV-002433,device,,,
DEV-001227,device,,,
DEV-002711,device,,,
DEV-000175,device,,,
DEV-001258,device,,,
DEV-002418,device,,,
DEV-002974,device,,,
DEV-002969,device,,,
DEV-000350,device,,,
DEV-002366,device,,,
DEV-001462,device,,,
DEV-000363,device,,,
DEV-002146,device,,,
DEV-001354,device,,,
DEV-001868,device,,,
DEV-000300,device,,,
DEV-000447,device,,,
DEV-002482,device,,,
DEV-000739,device,,,
DEV-001472,device,,,
DEV-000970,device,,,
DEV-000541,device,,,
DEV-000226,device,,,
DEV-002803,device,,,
DEV-000816,device,,,
DEV-001559,device,,,
DEV-000061,device,,,
DEV-002470,device,,,
DEV-000482,device,,,
DEV-000367,device,,,
DEV-002076,device,,,
DEV-001180,device,,,
DEV-000073,device,,,
DEV-001839,device,,,
DEV-001949,device,,,
DEV-000812,device,,,
DEV-000103,device,,,
DEV-002580,device,,,
DEV-000123,device,,,
DEV-001124,device,,,
DEV-000695,device,,,
DEV-002600,device,,,
DEV-000084,device,,,
DEV-002053,device,,,
DEV-002300,device,,,
DEV-000028,device,,,
DEV-000937,device,,,
DEV-001649,device,,,
DEV-002386,device,,,
DEV-000498,device,,,
DEV-000584,device,,,
DEV-001957,device,,,
DEV-001256,device,,,
DEV-000147,device,,,
DEV-001669,device,,,
DEV-000210,device,,,
DEV-002899,device,,,
DEV-000647,device,,,
DEV-000251,device,,,
DEV-000119,device,,,
DEV-002854,device,,,
DEV-000229,device,,,
DEV-002875,device,,,
DEV-001952,device,,,
DEV-000380,device,,,
DEV-001922,device,,,
DEV-001399,device,,,
DEV-001811,device,,,
DEV-002762,device,,,
DEV-001950,device,,,
DEV-000438,device,,,
DEV-000485,device,,,
DEV-000237,device,,,
DEV-002107,device,,,
DEV-000145,device,,,
DEV-002907,device,,,
DEV-000486,device,,,
DEV-000650,device,,,
DEV-000998,device,,,
DEV-001578,device,,,
DEV-002059,device,,,
DEV-000523,device,,,
DEV-000411,device,,,
DEV-001046,device,,,
DEV-002846,device,,,
DEV-001274,device,,,
DEV-001529,device,,,
DEV-000320,device,,,
DEV-000364,device,,,
DEV-002014,device,,,
DEV-002423,device,,,
DEV-001146,device,,,
DEV-000102,device,,,
DEV-001514,device,,,
DEV-002815,device,,,
DEV-000598,device,,,
DEV-002817,device,,,
DEV-000483,device,,,
DEV-002293,device,,,
DEV-001532,device,,,
DEV-002513,device,,,
DEV-000303,device,,,
DEV-001277,device,,,
DEV-001715,device,,,
DEV-002804,device,,,
DEV-002868,device,,,
DEV-001548,device,,,
DEV-000959,device,,,
DEV-001753,device,,,
DEV-001393,device,,,
DEV-002754,device,,,
DEV-000045,device,,,
DEV-001954,device,,,
DEV-001449,device,,,
DEV-002728,device,,,
DEV-000748,device,,,
DEV-002949,device,,,
DEV-001342,device,,,
DEV-000282,device,,,
DEV-000012,device,,,
DEV-000680,device,,,
DEV-002852,device,,,
DEV-002869,device,,,
DEV-000337,device,,,
DEV-000610,device,,,
DEV-000574,device,,,
DEV-000345,device,,,
DEV-001304,device,,,
DEV-001743,device,,,
DEV-002112,device,,,
DEV-000379,device,,,
DEV-000427,device,,,
DEV-001677,device,,,
DEV-002874,device,,,
DEV-000602,device,,,
DEV-001480,device,,,
DEV-000866,device,,,
DEV-002391,device,,,
DEV-000153,device,,,
DEV-001469,device,,,
DEV-001927,device,,,
DEV-002686,device,,,
DEV-000100,device,,,
DEV-002091,device,,,
DEV-002835,device,,,
DEV-000845,device,,,
DEV-000076,device,,,
DEV-001689,device,,,
DEV-000430,device,,,
DEV-000521,device,,,
DEV-000731,device,,,
DEV-002310,device,,,
DEV-000971,device,,,
DEV-000822,device,,,
DEV-000890,device,,,
DEV-002410,device,,,
DEV-000166,device,,,
DEV-001153,device,,,
DEV-002837,device,,,
DEV-002831,device,,,
DEV-000884,device,,,
DEV-001981,device,,,
DEV-001749,device,,,
DEV-001058,device,,,
DEV-002060,device,,,
DEV-002576,device,,,
DEV-001570,device,,,
DEV-000623,device,,,
DEV-002950,device,,,
DEV-002260,device,,,
DEV-000233,device,,,
DEV-000269,device,,,
DEV-000268,device,,,
DEV-000920,device,,,
DEV-002722,device,,,
DEV-001719,device,,,
DEV-001307,device,,,
DEV-000072,device,,,
DEV-001504,device,,,
DEV-000182,device,,,
DEV-002921,device,,,
DEV-000969,device,,,
DEV-000343,device,,,
DEV-000392,device,,,
DEV-002977,device,,,
DEV-001971,device,,,
DEV-001556,device,,,
DEV-000330,device,,,
DEV-002573,device,,,
DEV-002553,device,,,
DEV-000281,device,,,
DEV-000549,device,,,
DEV-000469,device,,,
DEV-000137,device,,,
DEV-000858,device,,,
DEV-001084,device,,,
DEV-002934,device,,,
DEV-002545,device,,,
DEV-000306,device,,,
DEV-002238,device,,,
DEV-002581,device,,,
DEV-002627,device,,,
DEV-002941,device,,,
DEV-000424,device,,,
DEV-000620,device,,,
DEV-000481,device,,,
DEV-002062,device,,,
DEV-002944,device,,,
DEV-001692,device,,,
DEV-002674,device,,,
DEV-002733,device,,,
DEV-001224,device,,,
DEV-001533,device,,,
DEV-001016,device,,,
DEV-001551,device,,,
DEV-002443,device,,,
DEV-002673,device,,,
DEV-001647,device,,,
DEV-001279,device,,,
DEV-001286,device,,,
DEV-002445,device,,,
DEV-001162,device,,,
DEV-000563,device,,,
DEV-000334,device,,,
DEV-002967,device,,,
DEV-000700,device,,,
DEV-002844,device,,,
DEV-001125,device,,,
DEV-000653,device,,,
DEV-001060,device,,,
DEV-000945,device,,,
DEV-002971,device,,,
DEV-001540,device,,,
DEV-000654,device,,,
DEV-002121,device,,,
DEV-002558,device,,,
DEV-002205,device,,,
DEV-002989,device,,,
DEV-001429,device,,,
DEV-002486,device,,,
DEV-002466,device,,,
DEV-002990,device,,,
DEV-000791,device,,,
DEV-001986,device,,,
DEV-002696,device,,,
DEV-002822,device,,,
DEV-001524,device,,,
DEV-001358,device,,,
DEV-000867,device,,,
DEV-001694,device,,,
DEV-000324,device,,,
DEV-001416,device,,,
DEV-000565,device,,,
DEV-002508,device,,,
DEV-000257,device,,,
DEV-002058,device,,,
DEV-002194,device,,,
DEV-000892,device,,,
DEV-000284,device,,,
DEV-000876,device,,,
DEV-001485,device,,,
DEV-000214,device,,,
DEV-002416,device,,,
DEV-001597,device,,,
DEV-001196,device,,,
DEV-002035,device,,,
DEV-000266,device,,,
DEV-000749,device,,,
DEV-000092,device,,,
DEV-000133,device,,,
DEV-001826,device,,,
DEV-001571,device,,,
DEV-001579,device,,,
DEV-000552,device,,,
DEV-002712,device,,,
DEV-001251,device,,,
DEV-000962,device,,,
DEV-002996,device,,,
DEV-001104,device,,,
DEV-001789,device,,,
DEV-000425,device,,,
DEV-002609,device,,,
DEV-000060,device,,,
DEV-002917,device,,,
DEV-001015,device,,,
DEV-001546,device,,,
DEV-000851,device,,,
DEV-001631,device,,,
DEV-002192,device,,,
DEV-002816,device,,,
DEV-000398,device,,,
DEV-002363,device,,,
DEV-000219,device,,,
DEV-000313,device,,,
DEV-002342,device,,,
DEV-000203,device,,,
DEV-002870,device,,,
DEV-001736,device,,,
DEV-000886,device,,,
DEV-002661,device,,,
DEV-001593,device,,,
DEV-001632,device,,,
DEV-000626,device,,,
DEV-002554,device,,,
DEV-000814,device,,,
DEV-001948,device,,,
DEV-001964,device,,,
DEV-002415,device,,,
DEV-002331,device,,,
DEV-001718,device,,,
DEV-002642,device,,,
DEV-001590,device,,,
DEV-001617,device,,,
DEV-001283,device,,,
DEV-000346,device,,,
DEV-000707,device,,,
DEV-000642,device,,,
DEV-000838,device,,,
DEV-002729,device,,,
DEV-001056,device,,,
DEV-001788,device,,,
DEV-000088,device,,,
DEV-001823,device,,,
DEV-000312,device,,,
DEV-002954,device,,,
DEV-000533,device,,,
DEV-000470,device,,,
DEV-002556,device,,,
DEV-000904,device,,,
DEV-002246,device,,,
DEV-001047,device,,,
DEV-001265,device,,,
DEV-001916,device,,,
DEV-000458,device,,,
DEV-002911,device,,,
DEV-001896,device,,,
DEV-001446,device,,,
DEV-001260,device,,,
DEV-000129,device,,,
DEV-000055,device,,,
DEV-002476,device,,,
DEV-002315,device,,,
DEV-001011,device,,,
DEV-001490,device,,,
DEV-001337,device,,,
DEV-000082,device,,,
DEV-000578,device,,,
DEV-000882,device,,,
DEV-002037,device,,,
DEV-002801,device,,,
DEV-000922,device,,,
DEV-001206,device,,,
DEV-000291,device,,,
DEV-000913,device,,,
DEV-001003,device,,,
DEV-002163,device,,,
DEV-001186,device,,,
DEV-001892,device,,,
DEV-001643,device,,,
DEV-002544,device,,,
DEV-002265,device,,,
DEV-002890,device,,,
DEV-000362,device,,,
DEV-001602,device,,,
DEV-002620,device,,,
DEV-000989,device,,,
DEV-000252,device,,,
DEV-001031,device,,,
DEV-002516,device,,,
DEV-000604,device,,,
DEV-001939,device,,,
DEV-001229,device,,,
DEV-001797,device,,,
DEV-002998,device,,,
DEV-000143,device,,,
DEV-001945,device,,,
DEV-000667,device,,,
DEV-000755,device,,,
DEV-002185,device,,,
DEV-002369,device,,,
DEV-001371,device,,,
DEV-001601,device,,,
DEV-000560,device,,,
DEV-000459,device,,,
DEV-002713,device,,,
DEV-001610,device,,,
DEV-002247,device,,,
DEV-001724,device,,,
DEV-001442,device,,,
DEV-000764,device,,,
DEV-002166,device,,,
DEV-000936,device,,,
DEV-000726,device,,,
DEV-001423,device,,,
DEV-001398,device,,,
DEV-001390,device,,,
DEV-000651,device,,,
DEV-000352,device,,,
DEV-001500,device,,,
DEV-002543,device,,,
DEV-002227,device,,,
DEV-002266,device,,,
DEV-001779,device,,,
DEV-001135,device,,,
DEV-002223,device,,,
DEV-001311,device,,,
DEV-002446,device,,,
DEV-001109,device,,,
DEV-000781,device,,,
DEV-000274,device,,,
DEV-002925,device,,,
DEV-002094,device,,,
DEV-000164,device,,,
DEV-002404,device,,,
DEV-001791,device,,,
DEV-000412,device,,,
DEV-000612,device,,,
DEV-001619,device,,,
DEV-001881,device,,,
DEV-001969,device,,,
DEV-002179,device,,,
DEV-000860,device,,,
DEV-000568,device,,,
DEV-000371,device,,,
DEV-000176,device,,,
DEV-000894,device,,,
DEV-001523,device,,,
DEV-002253,device,,,
DEV-000049,device,,,
DEV-000624,device,,,
DEV-002828,device,,,
DEV-000567,device,,,
DEV-000215,device,,,
DEV-000025,device,,,
DEV-001805,device,,,
DEV-002660,device,,,
DEV-000663,device,,,
DEV-001310,device,,,
DEV-002507,device,,,
DEV-001849,device,,,
DEV-001721,device,,,
DEV-000558,device,,,
DEV-001127,device,,,
DEV-002400,device,,,
DEV-000136,device,,,
DEV-002170,device,,,
DEV-001704,device,,,
DEV-000511,device,,,
DEV-001994,device,,,
DEV-002145,device,,,
DEV-002231,device,,,
DEV-000243,device,,,
DEV-002335,device,,,
DEV-001528,device,,,
DEV-002936,device,,,
DEV-001009,device,,,
DEV-002707,device,,,
DEV-000940,device,,,
DEV-002614,device,,,
DEV-000365,device,,,
DEV-000905,device,,,
DEV-001851,device,,,
DEV-000256,device,,,
DEV-001170,device,,,
DEV-002749,device,,,
DEV-002065,device,,,
DEV-001320,device,,,
DEV-001990,device,,,
DEV-001792,device,,,
DEV-001835,device,,,
DEV-000476,device,,,
DEV-000422,device,,,
DEV-000317,device,,,
DEV-000733,device,,,
DEV-001876,device,,,
DEV-001253,device,,,
DEV-000798,device,,,
DEV-000461,device,,,
DEV-002878,device,,,
DEV-000622,device,,,
DEV-000053,device,,,
DEV-000752,device,,,
DEV-001137,device,,,
DEV-000793,device,,,
DEV-000788,device,,,
DEV-001506,device,,,
DEV-002607,device,,,
DEV-001488,device,,,
DEV-002689,device,,,
DEV-000848,device,,,
DEV-002171,device,,,
DEV-001350,device,,,
DEV-001157,device,,,
DEV-001305,device,,,
DEV-000220,device,,,
DEV-001018,device,,,
DEV-000888,device,,,
DEV-001917,device,,,
DEV-000183,device,,,
DEV-001877,device,,,
DEV-001913,device,,,
DEV-001482,device,,,
DEV-001710,device,,,
DEV-000512,device,,,
DEV-000681,device,,,
DEV-001800,device,,,
DEV-001668,device,,,
DEV-001451,device,,,
DEV-002275,device,,,
DEV-002492,device,,,
DEV-001443,device,,,
DEV-000682,device,,,
DEV-001491,device,,,
DEV-001169,device,,,
DEV-000968,device,,,
DEV-002703,device,,,
DEV-001166,device,,,
DEV-000141,device,,,
DEV-002222,device,,,
DEV-000239,device,,,
DEV-002115,device,,,
DEV-001911,device,,,
DEV-002045,device,,,
DEV-002987,device,,,
DEV-002210,device,,,
DEV-002687,device,,,
DEV-000212,device,,,
DEV-002723,device,,,
DEV-000526,device,,,
DEV-000529,device,,,
DEV-000911,device,,,
DEV-000501,device,,,
DEV-002249,device,,,
DEV-001455,device,,,
DEV-002123,device,,,
DEV-001637,device,,,
DEV-000131,device,,,
DEV-001768,device,,,
DEV-000767,device,,,
DEV-002273,device,,,
DEV-001764,device,,,
DEV-002311,device,,,
DEV-001784,device,,,
DEV-002564,device,,,
DEV-002958,device,,,
DEV-002309,device,,,
DEV-000826,device,,,
DEV-000041,device,,,
DEV-000224,device,,,
DEV-002961,device,,,
DEV-000464,device,,,
DEV-001830,device,,,
DEV-001427,device,,,
DEV-000171,device,,,
DEV-002358,device,,,
DEV-000420,device,,,
DEV-000722,device,,,
DEV-000572,device,,,
DEV-000148,device,,,
DEV-001037,device,,,
DEV-002296,device,,,
DEV-002897,device,,,
DEV-001377,device,,,
DEV-000079,device,,,
DEV-002589,device,,,
DEV-002046,device,,,
DEV-001634,device,,,
DEV-001214,device,,,
DEV-002318,device,,,
DEV-002422,device,,,
DEV-001955,device,,,
DEV-001487,device,,,
DEV-001707,device,,,
DEV-002052,device,,,
DEV-000779,device,,,
DEV-000828,device,,,
DEV-002021,device,,,
DEV-002108,device,,,
DEV-001316,device,,,
DEV-000935,device,,,
DEV-002597,device,,,
DEV-002198,device,,,
DEV-002169,device,,,
DEV-000010,device,,,
DEV-000319,device,,,
DEV-001683,device,,,
DEV-002656,device,,,
DEV-000338,device,,,
DEV-000790,device,,,
DEV-000096,device,,,
DEV-002522,device,,,
DEV-001238,device,,,
DEV-002022,device,,,
DEV-001894,device,,,
DEV-002077,device,,,
DEV-002031,device,,,
DEV-001322,device,,,
DEV-000502,device,,,
DEV-002933,device,,,
DEV-002454,device,,,
DEV-000108,device,,,
DEV-002716,device,,,
DEV-002752,device,,,
DEV-002533,device,,,
DEV-001702,device,,,
DEV-000694,device,,,
DEV-001437,device,,,
DEV-001110,device,,,
DEV-001961,device,,,
DEV-000098,device,,,
DEV-001029,device,,,
DEV-000704,device,,,
DEV-001089,device,,,
DEV-001027,device,,,
DEV-002863,device,,,
DEV-001287,device,,,
DEV-001200,device,,,
DEV-001168,device,,,
DEV-002332,device,,,
DEV-001817,device,,,
DEV-001218,device,,,
DEV-001519,device,,,
DEV-002736,device,,,
DEV-002825,device,,,
DEV-000074,device,,,
DEV-000586,device,,,
DEV-002499,device,,,
DEV-001219,device,,,
DEV-000789,device,,,
DEV-002431,device,,,
DEV-001345,device,,,
DEV-000912,device,,,
DEV-000037,device,,,
DEV-001090,device,,,
DEV-001576,device,,,
DEV-001395,device,,,
DEV-000190,device,,,
DEV-002629,device,,,
DEV-001606,device,,,
DEV-002397,device,,,
DEV-000046,device,,,
DEV-000921,device,,,
DEV-001901,device,,,
DEV-001179,device,,,
DEV-001598,device,,,
DEV-000972,device,,,
DEV-000815,device,,,
DEV-002756,device,,,
DEV-001848,device,,,
DEV-000383,device,,,
DEV-001747,device,,,
DEV-001400,device,,,
DEV-002621,device,,,
DEV-000979,device,,,
DEV-002250,device,,,
DEV-001411,device,,,
DEV-001314,device,,,
DEV-002467,device,,,
DEV-000024,device,,,
DEV-002823,device,,,
DEV-001857,device,,,
DEV-001210,device,,,
DEV-001858,device,,,
DEV-001645,device,,,
DEV-001583,device,,,
DEV-002809,device,,,
DEV-001444,device,,,
DEV-000706,device,,,
DEV-000453,device,,,
DEV-002082,device,,,
DEV-000091,device,,,
DEV-000518,device,,,
DEV-001222,device,,,
DEV-001052,device,,,
DEV-000387,device,,,
DEV-001440,device,,,
DEV-002268,device,,,
DEV-000001,device,,,
DEV-001294,device,,,
DEV-001671,device,,,
DEV-000015,device,,,
DEV-002242,device,,,
DEV-002095,device,,,
DEV-001846,device,,,
DEV-002617,device,,,
DEV-002401,device,,,
DEV-002161,device,,,
DEV-000631,device,,,
DEV-001781,device,,,
DEV-000399,device,,,
DEV-001188,device,,,
DEV-000986,device,,,
DEV-001995,device,,,
DEV-001698,device,,,
DEV-002453,device,,,
DEV-000811,device,,,
DEV-002159,device,,,
DEV-002550,device,,,
DEV-002340,device,,,
DEV-000191,device,,,
DEV-001178,device,,,
DEV-001963,device,,,
DEV-000132,device,,,
DEV-000381,device,,,
DEV-002152,device,,,
DEV-000202,device,,,
DEV-002789,device,,,
DEV-001869,device,,,
DEV-001236,device,,,
DEV-000217,device,,,
DEV-000861,device,,,
DEV-001933,device,,,
DEV-000930,device,,,
DEV-000720,device,,,
DEV-002858,device,,,
DEV-000335,device,,,
DEV-002797,device,,,
DEV-001453,device,,,
DEV-000507,device,,,
DEV-001194,device,,,
DEV-000310,device,,,
DEV-002877,device,,,
DEV-000279,device,,,
DEV-002745,device,,,
DEV-001993,device,,,
DEV-000590,device,,,
DEV-002195,device,,,
DEV-000020,device,,,
DEV-001600,device,,,
DEV-000080,device,,,
DEV-000835,device,,,
DEV-002085,device,,,
DEV-002594,device,,,
DEV-002212,device,,,
DEV-000958,device,,,
DEV-000607,device,,,
DEV-000747,device,,,
DEV-001278,device,,,
DEV-002229,device,,,
DEV-001384,device,,,
DEV-002322,device,,,
DEV-002187,device,,,
DEV-001024,device,,,
DEV-000135,device,,,
DEV-001941,device,,,
DEV-000178,device,,,
DEV-001476,device,,,
DEV-002855,device,,,
DEV-001332,device,,,
DEV-001028,device,,,
DEV-000987,device,,,
DEV-001737,device,,,
DEV-002317,device,,,
DEV-001697,device,,,
DEV-001383,device,,,
DEV-001496,device,,,
DEV-001284,device,,,
DEV-000535,device,,,
DEV-002377,device,,,
DEV-002798,device,,,
DEV-002820,device,,,
DEV-000255,device,,,
DEV-002894,device,,,
DEV-001082,device,,,
DEV-000693,device,,,
DEV-002778,device,,,
DEV-002172,device,,,
DEV-000048,device,,,
DEV-002876,device,,,
DEV-002984,device,,,
DEV-002871,device,,,
DEV-002156,device,,,
DEV-000746,device,,,
DEV-002283,device,,,
DEV-001363,device,,,
DEV-001658,device,,,
DEV-000396,device,,,
DEV-001012,device,,,
DEV-002682,device,,,
DEV-002131,device,,,
DEV-001888,device,,,
DEV-001740,device,,,
DEV-002356,device,,,
DEV-001207,device,,,
DEV-001591,device,,,
DEV-002740,device,,,
DEV-002498,device,,,
DEV-001436,device,,,
DEV-002086,device,,,
DEV-001364,device,,,
DEV-002821,device,,,
DEV-000348,device,,,
DEV-002007,device,,,
DEV-002353,device,,,
DEV-000618,device,,,
DEV-001439,device,,,
DEV-000156,device,,,
DEV-000950,device,,,
DEV-000862,device,,,
DEV-002744,device,,,
DEV-001586,device,,,
DEV-002472,device,,,
DEV-002512,device,,,
DEV-002763,device,,,
DEV-001413,device,,,
DEV-002940,device,,,
DEV-001263,device,,,
DEV-000750,device,,,
DEV-000488,device,,,
DEV-001966,device,,,
DEV-002097,device,,,
DEV-000799,device,,,
DEV-002104,device,,,
DEV-000967,device,,,
DEV-000938,device,,,
DEV-000577,device,,,
DEV-002168,device,,,
DEV-000456,device,,,
DEV-000437,device,,,
DEV-001010,device,,,
DEV-000474,device,,,
DEV-000238,device,,,
DEV-001094,device,,,
DEV-002119,device,,,
DEV-000253,device,,,
DEV-001803,device,,,
DEV-000588,device,,,
DEV-000150,device,,,
DEV-001095,device,,,
DEV-001629,device,,,
DEV-000545,device,,,
DEV-001585,device,,,
DEV-002448,device,,,
DEV-002398,device,,,
DEV-001831,device,,,
DEV-001862,device,,,
DEV-001330,device,,,
DEV-000569,device,,,
DEV-001819,device,,,
DEV-002240,device,,,
DEV-001810,device,,,
DEV-001071,device,,,
DEV-002928,device,,,
DEV-002280,device,,,
DEV-002320,device,,,
DEV-001270,device,,,
DEV-001077,device,,,
DEV-000115,device,,,
DEV-002182,device,,,
DEV-001573,device,,,
DEV-002819,device,,,
DEV-002456,device,,,
DEV-002618,device,,,
DEV-001596,device,,,
DEV-002608,device,,,
DEV-001558,device,,,
DEV-001974,device,,,
DEV-001664,device,,,
DEV-000354,device,,,
DEV-002387,device,,,
DEV-001611,device,,,
DEV-000467,device,,,
DEV-001623,device,,,
DEV-000926,device,,,
DEV-000571,device,,,
DEV-002141,device,,,
DEV-000042,device,,,
DEV-002206,device,,,
DEV-001527,device,,,
DEV-002375,device,,,
DEV-000583,device,,,
DEV-000917,device,,,
DEV-002324,device,,,
DEV-001367,device,,,
DEV-002289,device,,,
DEV-002645,device,,,
DEV-001191,device,,,
DEV-002926,device,,,
DEV-002718,device,,,
DEV-001313,device,,,
DEV-002793,device,,,
DEV-002370,device,,,
DEV-002117,device,,,
DEV-000699,device,,,
DEV-000173,device,,,
DEV-000891,device,,,
DEV-002221,device,,,
DEV-000207,device,,,
DEV-000872,device,,,
DEV-001319,device,,,
DEV-000372,device,,,
DEV-002105,device,,,
DEV-002675,device,,,
DEV-000725,device,,,
DEV-002298,device,,,
DEV-001005,device,,,
DEV-001101,device,,,
DEV-001167,device,,,
DEV-000299,device,,,
DEV-002867,device,,,
DEV-001181,device,,,
DEV-000766,device,,,
DEV-001459,device,,,
DEV-001198,device,,,
DEV-001770,device,,,
DEV-001574,device,,,
DEV-002914,device,,,
DEV-000619,device,,,
DEV-002475,device,,,
DEV-002805,device,,,
DEV-000924,device,,,
DEV-002706,device,,,
DEV-000509,device,,,
DEV-001129,device,,,
DEV-000751,device,,,
DEV-001038,device,,,
DEV-001516,device,,,
DEV-001856,device,,,
DEV-002330,device,,,
DEV-001401,device,,,
DEV-000506,device,,,
DEV-001387,device,,,
DEV-002399,device,,,
DEV-002761,device,,,
DEV-002165,device,,,
DEV-000247,device,,,
DEV-002938,device,,,
DEV-000159,device,,,
DEV-001908,device,,,
DEV-000544,device,,,
DEV-000146,device,,,
DEV-000029,device,,,
DEV-000009,device,,,
DEV-001396,device,,,
DEV-002449,device,,,
DEV-002084,device,,,
DEV-000879,device,,,
DEV-000613,device,,,
DEV-000258,device,,,
DEV-002927,device,,,
DEV-001708,device,,,
DEV-002396,device,,,
DEV-002469,device,,,
DEV-002043,device,,,
DEV-000413,device,,,
DEV-001145,device,,,
DEV-001445,device,,,
DEV-002720,device,,,
DEV-002471,device,,,
DEV-001001,device,,,
DEV-001554,device,,,
DEV-002613,device,,,
DEV-001651,device,,,
DEV-000802,device,,,
DEV-000500,device,,,
DEV-001907,device,,,
DEV-000637,device,,,
DEV-001228,device,,,
DEV-001349,device,,,
DEV-002575,device,,,
DEV-000994,device,,,
DEV-002295,device,,,
DEV-002200,device,,,
DEV-000714,device,,,
DEV-001852,device,,,
DEV-001402,device,,,
DEV-000491,device,,,
DEV-001545,device,,,
DEV-002314,device,,,
DEV-000719,device,,,
DEV-002126,device,,,
DEV-002464,device,,,
DEV-000874,device,,,
DEV-002427,device,,,
DEV-001654,device,,,
DEV-001078,device,,,
DEV-000954,device,,,
DEV-001560,device,,,
DEV-000897,device,,,
DEV-002074,device,,,
DEV-000193,device,,,
DEV-000180,device,,,
DEV-002030,device,,,
DEV-000934,device,,,
DEV-001430,device,,,
DEV-000547,device,,,
DEV-000641,device,,,
DEV-002851,device,,,
DEV-001344,device,,,
DEV-000280,device,,,
DEV-001967,device,,,
DEV-002403,device,,,
DEV-002321,device,,,
DEV-001712,device,,,
DEV-000223,device,,,
DEV-001962,device,,,
DEV-002048,device,,,
DEV-001924,device,,,
DEV-000953,device,,,
DEV-002923,device,,,
DEV-001242,device,,,
DEV-000735,device,,,
DEV-002110,device,,,
DEV-002196,device,,,
DEV-000597,device,,,
DEV-000687,device,,,
DEV-000593,device,,,
DEV-002218,device,,,
DEV-001422,device,,,
DEV-002737,device,,,
DEV-002197,device,,,
DEV-002339,device,,,
DEV-002595,device,,,
DEV-000242,device,,,
DEV-002888,device,,,
DEV-001481,device,,,
DEV-000839,device,,,
DEV-001531,device,,,
DEV-000627,device,,,
DEV-001026,device,,,
DEV-001603,device,,,
DEV-000377,device,,,
DEV-001296,device,,,
DEV-001298,device,,,
DEV-002757,device,,,
DEV-001921,device,,,
DEV-002011,device,,,
DEV-001486,device,,,
DEV-002866,device,,,
DEV-001195,device,,,
DEV-001285,device,,,
DEV-002118,device,,,
DEV-002992,device,,,
DEV-002826,device,,,
DEV-002408,device,,,
DEV-002662,device,,,
DEV-002659,device,,,
DEV-001076,device,,,
DEV-002257,device,,,
DEV-002864,device,,,
DEV-001448,device,,,
DEV-002316,device,,,
DEV-002203,device,,,
DEV-000101,device,,,
DEV-000188,device,,,
DEV-001369,device,,,
DEV-002916,device,,,
DEV-001874,device,,,
DEV-001004,device,,,
DEV-002278,device,,,
DEV-001656,device,,,
DEV-000927,device,,,
DEV-000585,device,,,
DEV-002548,device,,,
DEV-001091,device,,,
DEV-002748,device,,,
DEV-000629,device,,,
DEV-001678,device,,,
DEV-001659,device,,,
DEV-002893,device,,,
DEV-000230,device,,,
DEV-000169,device,,,
DEV-000761,device,,,
DEV-001940,device,,,
DEV-001752,device,,,
DEV-000370,device,,,
DEV-002879,device,,,
DEV-001280,device,,,
DEV-001936,device,,,
DEV-002903,device,,,
DEV-002334,device,,,
DEV-000824,device,,,
DEV-002570,device,,,
DEV-001199,device,,,
DEV-001158,device,,,
DEV-001115,device,,,
DEV-000008,device,,,
DEV-002739,device,,,
DEV-002920,device,,,
DEV-000418,device,,,
DEV-002349,device,,,
DEV-000951,device,,,
DEV-000179,device,,,
DEV-001386,device,,,
DEV-002939,device,,,
DEV-001428,device,,,
DEV-001918,device,,,
DEV-001499,device,,,
DEV-002435,device,,,
DEV-002849,device,,,
DEV-001978,device,,,
DEV-001151,device,,,
DEV-002457,device,,,
DEV-001155,device,,,
DEV-001887,device,,,
DEV-000915,device,,,
DEV-000375,device,,,
DEV-001905,device,,,
DEV-002788,device,,,
DEV-000772,device,,,
DEV-000880,device,,,
DEV-001925,device,,,
DEV-001699,device,,,
DEV-000605,device,,,
DEV-001861,device,,,
DEV-000070,device,,,
DEV-001842,device,,,
DEV-002216,device,,,
DEV-001376,device,,,
DEV-002526,device,,,
DEV-002441,device,,,
DEV-002264,device,,,
DEV-001085,device,,,
DEV-001748,device,,,
DEV-002883,device,,,
DEV-000741,device,,,
DEV-001187,device,,,
DEV-000805,device,,,
DEV-001113,device,,,
DEV-002945,device,,,
DEV-000956,device,,,
DEV-001417,device,,,
DEV-000206,device,,,
DEV-000205,device,,,
DEV-002450,device,,,
DEV-001324,device,,,
DEV-001126,device,,,
DEV-001844,device,,,
DEV-000916,device,,,
DEV-002385,device,,,
DEV-002708,device,,,
DEV-002880,device,,,
DEV-001457,device,,,
DEV-002644,device,,,
DEV-001666,device,,,
DEV-000426,device,,,
DEV-001203,device,,,
DEV-001343,device,,,
DEV-002741,device,,,
DEV-001980,device,,,
DEV-001914,device,,,
DEV-001742,device,,,
DEV-000865,device,,,
DEV-002116,device,,,
DEV-002155,device,,,
DEV-000952,device,,,
DEV-001773,device,,,
DEV-000683,device,,,
DEV-001864,device,,,
DEV-002016,device,,,
DEV-002598,device,,,
DEV-000673,device,,,
DEV-002140,device,,,
DEV-000932,device,,,
DEV-001700,device,,,
DEV-000446,device,,,
DEV-002054,device,,,
DEV-001006,device,,,
DEV-002691,device,,,
DEV-000738,device,,,
DEV-001308,device,,,
DEV-002133,device,,,
DEV-000128,device,,,
DEV-002425,device,,,
DEV-002779,device,,,
DEV-000262,device,,,
DEV-000189,device,,,
DEV-000259,device,,,
DEV-001326,device,,,
DEV-002047,device,,,
DEV-001341,device,,,
DEV-000400,device,,,
DEV-000419,device,,,
DEV-002919,device,,,
DEV-001577,device,,,
DEV-000729,device,,,
DEV-001988,device,,,
DEV-000083,device,,,
DEV-002479,device,,,
DEV-000576,device,,,
DEV-001021,device,,,
DEV-000403,device,,,
DEV-000515,device,,,
DEV-000186,device,,,
DEV-001625,device,,,
DEV-001714,device,,,
DEV-000820,device,,,
DEV-001096,device,,,
DEV-000877,device,,,
DEV-002601,device,,,
DEV-000289,device,,,
DEV-001463,device,,,
DEV-002359,device,,,
DEV-000032,device,,,
DEV-001264,device,,,
DEV-001255,device,,,
DEV-002567,device,,,
DEV-000248,device,,,
DEV-002384,device,,,
DEV-000038,device,,,
DEV-002009,device,,,
DEV-002730,device,,,
DEV-000982,device,,,
DEV-001879,device,,,
DEV-000316,device,,,
DEV-002438,device,,,
DEV-000404,device,,,
DEV-002547,device,,,
DEV-002344,device,,,
DEV-001477,device,,,
DEV-001097,device,,,
DEV-000250,device,,,
DEV-000394,device,,,
DEV-000531,device,,,
DEV-000929,device,,,
DEV-002056,device,,,
DEV-001767,device,,,
DEV-000898,device,,,
DEV-000832,device,,,
DEV-001630,device,,,
DEV-001711,device,,,
DEV-001686,device,,,
DEV-000086,device,,,
DEV-000960,device,,,
DEV-001681,device,,,
DEV-000407,device,,,
DEV-002217,device,,,
DEV-000782,device,,,
DEV-001832,device,,,
DEV-001497,device,,,
DEV-001979,device,,,
DEV-002252,device,,,
DEV-001334,device,,,
DEV-000440,device,,,
DEV-000112,device,,,
DEV-001572,device,,,
DEV-001441,device,,,
DEV-002228,device,,,
DEV-002684,device,,,
DEV-002000,device,,,
DEV-000644,device,,,
DEV-002592,device,,,
DEV-001841,device,,,
DEV-001064,device,,,
DEV-002374,device,,,
DEV-000676,device,,,
DEV-001599,device,,,
DEV-000690,device,,,
DEV-002028,device,,,
DEV-001473,device,,,
DEV-002248,device,,,
DEV-002981,device,,,
DEV-002447,device,,,
DEV-002303,device,,,
DEV-002440,device,,,
DEV-001025,device,,,
DEV-002191,device,,,
DEV-001812,device,,,
DEV-002254,device,,,
DEV-001568,device,,,
DEV-001105,device,,,
DEV-000199,device,,,
DEV-000117,device,,,
DEV-000643,device,,,
DEV-002953,device,,,
DEV-002807,device,,,
DEV-002738,device,,,
DEV-002672,device,,,
DEV-001412,device,,,
DEV-002677,device,,,
DEV-001607,device,,,
DEV-001050,device,,,
DEV-000231,device,,,
DEV-000939,device,,,
DEV-000991,device,,,
DEV-001392,device,,,
DEV-002710,device,,,
DEV-001926,device,,,
DEV-000241,device,,,
DEV-002651,device,,,
DEV-001840,device,,,
DEV-000649,device,,,
DEV-001906,device,,,
DEV-000213,device,,,
DEV-002968,device,,,
DEV-001410,device,,,
DEV-001663,device,,,
DEV-001612,device,,,
DEV-001774,device,,,
DEV-000356,device,,,
DEV-001403,device,,,
DEV-000389,device,,,
DEV-000615,device,,,
DEV-001804,device,,,
DEV-001237,device,,,
DEV-001930,device,,,
DEV-001983,device,,,
DEV-002839,device,,,
DEV-000606,device,,,
DEV-001461,device,,,
DEV-000778,device,,,
DEV-002219,device,,,
DEV-001890,device,,,
DEV-002751,device,,,
DEV-000232,device,,,
DEV-002637,device,,,
DEV-000564,device,,,
DEV-002381,device,,,
DEV-002542,device,,,
DEV-000366,device,,,
DEV-001541,device,,,
DEV-001616,device,,,
DEV-002177,device,,,
DEV-001564,device,,,
DEV-000792,device,,,
DEV-000209,device,,,
DEV-000308,device,,,
DEV-000902,device,,,
DEV-000807,device,,,
DEV-000582,device,,,
DEV-001802,device,,,
DEV-002717,device,,,
DEV-000184,device,,,
DEV-001989,device,,,
DEV-002407,device,,,
DEV-000124,device,,,
DEV-000941,device,,,
DEV-002536,device,,,
DEV-001339,device,,,
DEV-001193,device,,,
DEV-001352,device,,,
DEV-002960,device,,,
DEV-002259,device,,,
DEV-002853,device,,,
DEV-002235,device,,,
DEV-000554,device,,,
DEV-001953,device,,,
DEV-002559,device,,,
DEV-002421,device,,,
DEV-000561,device,,,
DEV-001626,device,,,
DEV-002276,device,,,
DEV-001739,device,,,
DEV-000659,device,,,
DEV-001575,device,,,
DEV-002566,device,,,
DEV-002951,device,,,
DEV-002509,device,,,
DEV-000628,device,,,
DEV-000198,device,,,
DEV-001230,device,,,
DEV-001271,device,,,
DEV-001535,device,,,
DEV-001672,device,,,
DEV-002460,device,,,
DEV-002176,device,,,
DEV-001595,device,,,
DEV-002891,device,,,
DEV-000943,device,,,
DEV-001479,device,,,
DEV-000177,device,,,
DEV-002101,device,,,
DEV-003000,device,,,
DEV-001414,device,,,
DEV-001261,device,,,
DEV-000546,device,,,
DEV-002287,device,,,
DEV-000149,device,,,
DEV-002747,device,,,
DEV-001267,device,,,
DEV-002484,device,,,
DEV-000955,device,,,
DEV-000409,device,,,
DEV-000097,device,,,
DEV-001108,device,,,
DEV-000067,device,,,
DEV-001353,device,,,
DEV-000740,device,,,
DEV-000355,device,,,
DEV-001501,device,,,
DEV-001063,device,,,
DEV-001493,device,,,
DEV-002500,device,,,
DEV-000869,device,,,
DEV-000283,device,,,
DEV-001081,device,,,
DEV-002372,device,,,
DEV-001898,device,,,
DEV-000885,device,,,
DEV-000272,device,,,
DEV-000109,device,,,
DEV-002389,device,,,
DEV-000831,device,,,
DEV-000297,device,,,
DEV-000717,device,,,
DEV-002583,device,,,
DEV-002800,device,,,
DEV-002901,device,,,
DEV-000249,device,,,
DEV-002402,device,,,
DEV-002605,device,,,
DEV-001247,device,,,
DEV-000857,device,,,
DEV-000445,device,,,
DEV-000701,device,,,
DEV-002506,device,,,
DEV-000040,device,,,
DEV-000325,device,,,
DEV-002132,device,,,
DEV-002709,device,,,
DEV-000855,device,,,
DEV-002373,device,,,
DEV-002808,device,,,
DEV-002186,device,,,
DEV-001202,device,,,
DEV-002680,device,,,
DEV-000329,device,,,
DEV-001938,device,,,
DEV-000664,device,,,
DEV-001268,device,,,
DEV-000608,device,,,
DEV-001190,device,,,
DEV-002361,device,,,
DEV-002742,device,,,
DEV-001498,device,,,
DEV-001919,device,,,
DEV-001680,device,,,
DEV-000670,device,,,
DEV-002653,device,,,
DEV-002428,device,,,
DEV-002935,device,,,
DEV-001331,device,,,
DEV-002572,device,,,
DEV-000931,device,,,
DEV-001161,device,,,
DEV-002794,device,,,
DEV-000305,device,,,
DEV-000632,device,,,
DEV-002004,device,,,
DEV-001824,device,,,
DEV-002272,device,,,
DEV-002420,device,,,
DEV-000292,device,,,
DEV-000609,device,,,
DEV-000744,device,,,
DEV-001172,device,,,
DEV-001759,device,,,
DEV-002487,device,,,
DEV-001171,device,,,
DEV-001066,device,,,
DEV-002524,device,,,
DEV-002388,device,,,
DEV-000479,device,,,
DEV-000451,device,,,
DEV-002290,device,,,
DEV-002962,device,,,
DEV-001644,device,,,
DEV-000023,device,,,
DEV-001780,device,,,
DEV-000181,device,,,
DEV-001758,device,,,
DEV-001434,device,,,
DEV-001295,device,,,
DEV-000581,device,,,
DEV-002650,device,,,
DEV-000786,device,,,
DEV-001223,device,,,
DEV-001041,device,,,
DEV-001208,device,,,
DEV-001544,device,,,
DEV-002834,device,,,
DEV-002199,device,,,
DEV-000264,device,,,
DEV-002850,device,,,
DEV-002304,device,,,
DEV-000105,device,,,
DEV-000732,device,,,
DEV-001325,device,,,
DEV-002151,device,,,
DEV-002538,device,,,
DEV-002015,device,,,
DEV-002025,device,,,
DEV-000326,device,,,
DEV-000436,device,,,
DEV-002251,device,,,
DEV-002483,device,,,
DEV-001040,device,,,
DEV-000698,device,,,
DEV-000035,device,,,
DEV-001447,device,,,
DEV-000797,device,,,
DEV-000359,device,,,
DEV-001526,device,,,
DEV-000290,device,,,
DEV-001838,device,,,
DEV-000157,device,,,
DEV-000513,device,,,
DEV-001458,device,,,
DEV-002288,device,,,
DEV-000635,device,,,
DEV-001380,device,,,
DEV-002013,device,,,
DEV-000721,device,,,
DEV-002784,device,,,
DEV-000794,device,,,
DEV-002658,device,,,
DEV-001609,device,,,
DEV-001662,device,,,
DEV-001975,device,,,
DEV-002560,device,,,
DEV-002515,device,,,
DEV-001183,device,,,
DEV-000677,device,,,
DEV-000557,device,,,
DEV-001117,device,,,
DEV-000287,device,,,
DEV-001807,device,,,
DEV-001745,device,,,
DEV-002365,device,,,
DEV-001315,device,,,
DEV-001309,device,,,
DEV-000428,device,,,
DEV-001794,device,,,
DEV-001299,device,,,
DEV-001002,device,,,
DEV-000776,device,,,
DEV-002699,device,,,
DEV-000985,device,,,
DEV-001100,device,,,
DEV-000405,device,,,
DEV-001833,device,,,
DEV-001716,device,,,
DEV-002434,device,,,
DEV-000433,device,,,
DEV-001691,device,,,
DEV-001765,device,,,
DEV-000058,device,,,
DEV-000174,device,,,
DEV-001275,device,,,
DEV-002648,device,,,
DEV-001549,device,,,
DEV-002125,device,,,
DEV-000071,device,,,
DEV-000656,device,,,
DEV-000144,device,,,
DEV-000270,device,,,
DEV-000107,device,,,
DEV-001360,device,,,
DEV-001734,device,,,
DEV-000705,device,,,
DEV-002690,device,,,
DEV-000573,device,,,
DEV-001281,device,,,
DEV-002683,device,,,
DEV-002064,device,,,
DEV-002207,device,,,
DEV-001592,device,,,
DEV-000646,device,,,
DEV-001217,device,,,
DEV-001814,device,,,
DEV-001312,device,,,
DEV-000197,device,,,
DEV-002075,device,,,
DEV-001507,device,,,
DEV-001189,device,,,
DEV-001854,device,,,
DEV-002142,device,,,
DEV-001676,device,,,
DEV-001723,device,,,
DEV-000538,device,,,
DEV-000900,device,,,
DEV-001426,device,,,
DEV-002959,device,,,
DEV-000401,device,,,
DEV-001944,device,,,
DEV-000723,device,,,
DEV-001512,device,,,
DEV-000052,device,,,
DEV-000106,device,,,
DEV-001837,device,,,
DEV-000871,device,,,
DEV-000594,device,,,
DEV-002302,device,,,
DEV-000047,device,,,
DEV-002905,device,,,
DEV-002942,device,,,
DEV-001829,device,,,
DEV-001943,device,,,
DEV-001059,device,,,
DEV-000318,device,,,
DEV-002167,device,,,
DEV-002258,device,,,
DEV-002623,device,,,
DEV-002436,device,,,
DEV-000155,device,,,
DEV-000527,device,,,
DEV-000439,device,,,
DEV-001133,device,,,
DEV-000510,device,,,
DEV-000078,device,,,
DEV-000634,device,,,
DEV-002032,device,,,
DEV-000996,device,,,
DEV-000277,device,,,
DEV-001608,device,,,
DEV-001867,device,,,
DEV-000275,device,,,
DEV-002511,device,,,
DEV-002796,device,,,
DEV-001235,device,,,
DEV-002380,device,,,
DEV-001657,device,,,
DEV-001239,device,,,
DEV-000727,device,,,
DEV-000800,device,,,
DEV-001048,device,,,
DEV-001735,device,,,
DEV-002459,device,,,
DEV-001074,device,,,
DEV-001509,device,,,
DEV-002947,device,,,
DEV-000636,device,,,
DEV-002496,device,,,
DEV-002714,device,,,
DEV-001897,device,,,
DEV-002412,device,,,
DEV-002307,device,,,
DEV-001705,device,,,
DEV-001947,device,,,
DEV-000218,device,,,
DEV-001070,device,,,
DEV-002204,device,,,
DEV-000384,device,,,
DEV-002782,device,,,
DEV-001103,device,,,
DEV-001243,device,,,
DEV-002622,device,,,
DEV-002379,device,,,
DEV-000844,device,,,
DEV-000710,device,,,
DEV-002768,device,,,
DEV-000878,device,,,
DEV-002551,device,,,
DEV-001467,device,,,
DEV-002669,device,,,
DEV-002040,device,,,
DEV-000195,device,,,
DEV-000391,device,,,
DEV-002872,device,,,
DEV-001795,device,,,
DEV-002067,device,,,
DEV-002158,device,,,
DEV-002590,device,,,
DEV-002092,device,,,
DEV-001946,device,,,
DEV-001372,device,,,
DEV-001653,device,,,
DEV-002792,device,,,
DEV-001703,device,,,
DEV-000863,device,,,
DEV-000246,device,,,
DEV-000011,device,,,
DEV-002829,device,,,
DEV-001175,device,,,
DEV-002020,device,,,
DEV-000349,device,,,
DEV-001900,device,,,
DEV-002138,device,,,
DEV-002164,device,,,
DEV-001909,device,,,
DEV-000868,device,,,
DEV-000064,device,,,
DEV-001205,device,,,
DEV-002767,device,,,
DEV-000864,device,,,
DEV-000543,device,,,
DEV-000617,device,,,
DEV-001761,device,,,
DEV-001550,device,,,
DEV-001149,device,,,
DEV-000295,device,,,
DEV-000004,device,,,
DEV-002039,device,,,
DEV-001119,device,,,
DEV-001684,device,,,
DEV-000850,device,,,
DEV-001346,device,,,
DEV-000854,device,,,
DEV-000889,device,,,
DEV-002640,device,,,
DEV-001796,device,,,
DEV-000918,device,,,
DEV-000490,device,,,
DEV-002664,device,,,
DEV-002150,device,,,
DEV-001720,device,,,
DEV-001618,device,,,
DEV-001798,device,,,
DEV-002568,device,,,
DEV-000163,device,,,
DEV-000036,device,,,
DEV-002294,device,,,
DEV-002236,device,,,
DEV-001886,device,,,
DEV-001356,device,,,
DEV-000003,device,,,
DEV-001328,device,,,
DEV-000966,device,,,
DEV-002812,device,,,
DEV-002882,device,,,
DEV-000696,device,,,
DEV-002527,device,,,
DEV-001030,device,,,
DEV-001241,device,,,
DEV-002202,device,,,
DEV-001991,device,,,
DEV-002787,device,,,
DEV-000711,device,,,
DEV-001464,device,,,
DEV-001406,device,,,
DEV-001870,device,,,
DEV-002774,device,,,
DEV-000691,device,,,
DEV-002943,device,,,
DEV-002985,device,,,
DEV-000522,device,,,
DEV-001970,device,,,
DEV-001998,device,,,
DEV-001483,device,,,
DEV-001045,device,,,
DEV-000351,device,,,
DEV-000118,device,,,
DEV-002505,device,,,
DEV-002127,device,,,
DEV-001212,device,,,
DEV-000679,device,,,
DEV-001787,device,,,
DEV-002367,device,,,
DEV-002964,device,,,
DEV-002997,device,,,
DEV-000758,device,,,
DEV-000016,device,,,
DEV-000452,device,,,
DEV-000376,device,,,
DEV-002281,device,,,
DEV-000130,device,,,
DEV-002922,device,,,
DEV-002005,device,,,
DEV-000503,device,,,
DEV-001584,device,,,
DEV-000963,device,,,
DEV-001336,device,,,
DEV-002975,device,,,
DEV-002360,device,,,
DEV-002124,device,,,
DEV-002012,device,,,
DEV-002474,device,,,
DEV-001421,device,,,
DEV-001432,device,,,
DEV-002655,device,,,
DEV-002795,device,,,
DEV-002362,device,,,
DEV-000528,device,,,
DEV-002411,device,,,
DEV-002770,device,,,
DEV-000566,device,,,
DEV-000973,device,,,
DEV-000122,device,,,
DEV-000478,device,,,
DEV-002494,device,,,
DEV-001049,device,,,
DEV-002810,device,,,
DEV-001234,device,,,
DEV-001148,device,,,
DEV-001361,device,,,
DEV-001489,device,,,
DEV-000151,device,,,
DEV-001017,device,,,
DEV-002549,device,,,
DEV-002134,device,,,
DEV-002676,device,,,
DEV-001688,device,,,
DEV-001359,device,,,
DEV-002135,device,,,
DEV-002999,device,,,
DEV-002534,device,,,
DEV-002183,device,,,
DEV-002237,device,,,
DEV-000829,device,,,
DEV-002965,device,,,
DEV-000421,device,,,
DEV-000548,device,,,
DEV-001639,device,,,
DEV-001863,device,,,
DEV-001621,device,,,
DEV-002395,device,,,
DEV-000386,device,,,
DEV-002376,device,,,
DEV-002465,device,,,
DEV-000587,device,,,
DEV-002510,device,,,
DEV-002910,device,,,
DEV-002586,device,,,
DEV-002044,device,,,
DEV-002355,device,,,
DEV-001408,device,,,
DEV-002417,device,,,
DEV-002678,device,,,
DEV-002724,device,,,
DEV-000165,device,,,
DEV-000331,device,,,
DEV-000765,device,,,
DEV-000948,device,,,
DEV-000795,device,,,
DEV-000059,device,,,
DEV-002041,device,,,
DEV-001055,device,,,
DEV-001019,device,,,
DEV-002991,device,,,
DEV-001878,device,,,
DEV-000611,device,,,
DEV-000434,device,,,
DEV-000051,device,,,
DEV-002881,device,,,
DEV-001569,device,,,
DEV-001246,device,,,
DEV-000978,device,,,
DEV-002937,device,,,
DEV-001717,device,,,
DEV-001306,device,,,
DEV-001538,device,,,
DEV-002468,device,,,
DEV-002213,device,,,
DEV-002193,device,,,
DEV-000340,device,,,
DEV-000903,device,,,
DEV-000817,device,,,
DEV-001589,device,,,
DEV-001706,device,,,
DEV-000160,device,,,
DEV-000840,device,,,
DEV-000536,device,,,
DEV-002128,device,,,
DEV-001215,device,,,
DEV-002006,device,,,
DEV-001760,device,,,
DEV-002071,device,,,
DEV-000273,device,,,
DEV-001996,device,,,
DEV-002603,device,,,
DEV-001329,device,,,
DEV-002350,device,,,
DEV-002654,device,,,
DEV-001292,device,,,
DEV-001454,device,,,
DEV-002540,device,,,
DEV-000730,device,,,
DEV-002008,device,,,
DEV-002952,device,,,
DEV-002333,device,,,
DEV-001293,device,,,
DEV-002638,device,,,
DEV-002625,device,,,
DEV-000494,device,,,
DEV-002862,device,,,
DEV-001273,device,,,
DEV-001604,device,,,
DEV-000095,device,,,
DEV-002378,device,,,
DEV-002497,device,,,
DEV-001646,device,,,
DEV-002027,device,,,
DEV-001385,device,,,
DEV-000441,device,,,
DEV-002973,device,,,
DEV-000783,device,,,
DEV-002226,device,,,
DEV-002144,device,,,
DEV-000093,device,,,
DEV-001729,device,,,
DEV-001291,device,,,
DEV-001695,device,,,
DEV-002080,device,,,
DEV-001282,device,,,
DEV-000534,device,,,
DEV-000465,device,,,
DEV-001915,device,,,
DEV-002234,device,,,
DEV-002772,device,,,
DEV-001682,device,,,
DEV-001853,device,,,
DEV-001895,device,,,
DEV-001128,device,,,
DEV-001624,device,,,
DEV-000121,device,,,
DEV-001880,device,,,
DEV-002209,device,,,
DEV-001778,device,,,
DEV-001351,device,,,
DEV-002501,device,,,
DEV-000368,device,,,
DEV-000358,device,,,
DEV-002896,device,,,
DEV-002776,device,,,
DEV-001492,device,,,
DEV-002731,device,,,
DEV-002270,device,,,
DEV-002286,device,,,
DEV-002912,device,,,
DEV-000090,device,,,
DEV-000539,device,,,
DEV-002308,device,,,
DEV-000638,device,,,
DEV-000718,device,,,
DEV-002368,device,,,
DEV-000712,device,,,
DEV-001232,device,,,
DEV-000225,device,,,
DEV-000039,device,,,
DEV-002432,device,,,
DEV-001368,device,,,
DEV-001937,device,,,
DEV-002143,device,,,
DEV-001756,device,,,
DEV-001211,device,,,
DEV-002628,device,,,
DEV-002856,device,,,
DEV-000019,device,,,
DEV-000899,device,,,
DEV-000819,device,,,
DEV-002137,device,,,
DEV-000901,device,,,
DEV-001750,device,,,
DEV-001259,device,,,
DEV-000309,device,,,
DEV-001883,device,,,
DEV-001801,device,,,
DEV-001375,device,,,
DEV-000596,device,,,
DEV-001034,device,,,
DEV-000553,device,,,
DEV-002898,device,,,
DEV-001999,device,,,
DEV-001530,device,,,
DEV-002663,device,,,
DEV-002173,device,,,
DEV-000614,device,,,
DEV-002239,device,,,
DEV-001176,device,,,
DEV-000742,device,,,
DEV-001333,device,,,
DEV-001563,device,,,
DEV-001751,device,,,
DEV-001276,device,,,
DEV-002424,device,,,
DEV-002726,device,,,
DEV-000669,device,,,
DEV-001958,device,,,
DEV-001508,device,,,
DEV-000737,device,,,
DEV-002561,device,,,
DEV-002764,device,,,
DEV-002670,device,,,
DEV-001836,device,,,
DEV-001266,device,,,
DEV-002055,device,,,
DEV-000665,device,,,
DEV-000114,device,,,
DEV-000462,device,,,
DEV-001722,device,,,
DEV-000808,device,,,
DEV-002017,device,,,
DEV-000429,device,,,
DEV-000499,device,,,
DEV-000054,device,,,
DEV-001220,device,,,
DEV-002948,device,,,
DEV-002814,device,,,
DEV-001517,device,,,
DEV-002083,device,,,
DEV-000947,device,,,
DEV-001505,device,,,
DEV-000734,device,,,
DEV-002514,device,,,
DEV-000896,device,,,
DEV-001613,device,,,
DEV-001502,device,,,
DEV-000487,device,,,
DEV-001513,device,,,
DEV-002582,device,,,
DEV-000022,device,,,
DEV-001327,device,,,
DEV-001067,device,,,
DEV-001379,device,,,
DEV-000825,device,,,
DEV-001834,device,,,
DEV-002073,device,,,
DEV-002569,device,,,
DEV-001474,device,,,
DEV-002562,device,,,
DEV-001184,device,,,
DEV-001543,device,,,
DEV-000014,device,,,
DEV-000222,device,,,
DEV-001257,device,,,
DEV-001182,device,,,
DEV-001165,device,,,
DEV-000923,device,,,
DEV-000580,device,,,
DEV-001872,device,,,
DEV-002139,device,,,
DEV-000697,device,,,
DEV-000559,device,,,
DEV-001468,device,,,
DEV-001557,device,,,
DEV-002072,device,,,
DEV-002596,device,,,
DEV-000823,device,,,
DEV-000216,device,,,
DEV-002635,device,,,
DEV-002585,device,,,
DEV-002345,device,,,
DEV-001816,device,,,
DEV-000240,device,,,
DEV-000167,device,,,
DEV-001143,device,,,
DEV-002147,device,,,
DEV-000505,device,,,
DEV-002292,device,,,
DEV-001470,device,,,
DEV-000870,device,,,
DEV-001262,device,,,
DEV-000267,device,,,
DEV-000827,device,,,
DEV-000444,device,,,
DEV-002610,device,,,
DEV-001642,device,,,
DEV-001542,device,,,
DEV-002802,device,,,
DEV-001827,device,,,
DEV-002493,device,,,
DEV-001605,device,,,
DEV-002995,device,,,
DEV-002263,device,,,
DEV-002351,device,,,
DEV-001159,device,,,
DEV-000524,device,,,
DEV-000296,device,,,
DEV-000196,device,,,
DEV-000666,device,,,
DEV-000728,device,,,
DEV-001138,device,,,
DEV-002279,device,,,
DEV-001391,device,,,
DEV-002477,device,,,
DEV-000158,device,,,
DEV-000034,device,,,
DEV-001438,device,,,
DEV-001080,device,,,
DEV-001466,device,,,
DEV-000818,device,,,
DEV-000674,device,,,
DEV-001537,device,,,
DEV-001132,device,,,
DEV-000200,device,,,
DEV-002329,device,,,
DEV-000942,device,,,
DEV-002811,device,,,
DEV-002532,device,,,
DEV-000946,device,,,
DEV-002970,device,,,
DEV-002406,device,,,
DEV-002979,device,,,
DEV-001885,device,,,
DEV-000842,device,,,
DEV-000736,device,,,
DEV-000393,device,,,
DEV-001301,device,,,
DEV-002766,device,,,
DEV-000063,device,,,
DEV-002956,device,,,
DEV-001785,device,,,
DEV-002383,device,,,
DEV-000769,device,,,
DEV-002841,device,,,
DEV-001164,device,,,
DEV-000492,device,,,
DEV-000301,device,,,
DEV-001173,device,,,
DEV-001435,device,,,
DEV-001131,device,,,
DEV-000489,device,,,
DEV-001755,device,,,
DEV-001891,device,,,
DEV-000265,device,,,
DEV-001290,device,,,
DEV-000875,device,,,
DEV-001382,device,,,
DEV-001150,device,,,
DEV-002327,device,,,
DEV-002180,device,,,
DEV-000066,device,,,
DEV-002843,device,,,
DEV-000245,device,,,
DEV-001762,device,,,
DEV-001075,device,,,
DEV-002719,device,,,
DEV-002426,device,,,
DEV-002129,device,,,
DEV-001054,device,,,
DEV-002026,device,,,
DEV-000113,device,,,
DEV-002588,device,,,
DEV-000127,device,,,
DEV-000385,device,,,
DEV-001397,device,,,
DEV-001471,device,,,
DEV-000668,device,,,
DEV-001378,device,,,
DEV-002889,device,,,
DEV-002230,device,,,
DEV-002088,device,,,
DEV-001960,device,,,
DEV-001204,device,,,
DEV-001244,device,,,
DEV-000208,device,,,
DEV-002034,device,,,
DEV-000211,device,,,
DEV-001818,device,,,
DEV-000378,device,,,
DEV-001674,device,,,
DEV-000288,device,,,
DEV-001746,device,,,
DEV-001107,device,,,
DEV-002725,device,,,
DEV-000314,device,,,
DEV-002120,device,,,
DEV-002444,device,,,
DEV-002860,device,,,
DEV-002593,device,,,
DEV-001288,device,,,
DEV-001815,device,,,
DEV-002983,device,,,
DEV-002813,device,,,
DEV-002615,device,,,
DEV-001323,device,,,
DEV-000056,device,,,
DEV-002535,device,,,
DEV-002584,device,,,
DEV-000304,device,,,
DEV-000688,device,,,
DEV-000715,device,,,
DEV-001424,device,,,
DEV-001374,device,,,
DEV-000475,device,,,
DEV-002721,device,,,
DEV-001536,device,,,
DEV-000570,device,,,
DEV-000661,device,,,
DEV-002791,device,,,
DEV-000977,device,,,
DEV-002955,device,,,
DEV-000579,device,,,
DEV-002429,device,,,
DEV-001086,device,,,
DEV-002520,device,,,
REP-000350,repair_shop,,,
REP-000626,repair_shop,,,
REP-000380,repair_shop,,,
REP-000595,repair_shop,,,
REP-000092,repair_shop,,,
REP-000615,repair_shop,,,
REP-000220,repair_shop,,,
REP-000334,repair_shop,,,
REP-000333,repair_shop,,,
REP-000467,repair_shop,,,
REP-000323,repair_shop,,,
REP-000012,repair_shop,,,
REP-000367,repair_shop,,,
REP-000670,repair_shop,,,
REP-000104,repair_shop,,,
REP-000624,repair_shop,,,
REP-000460,repair_shop,,,
REP-000331,repair_shop,,,
REP-000682,repair_shop,,,
REP-000105,repair_shop,,,
REP-000110,repair_shop,,,
REP-000111,repair_shop,,,
REP-000298,repair_shop,,,
REP-000346,repair_shop,,,
REP-000090,repair_shop,,,
REP-000664,repair_shop,,,
REP-000500,repair_shop,,,
REP-000419,repair_shop,,,
REP-000679,repair_shop,,,
REP-000496,repair_shop,,,
REP-000625,repair_shop,,,
REP-000099,repair_shop,,,
REP-000219,repair_shop,,,
REP-000273,repair_shop,,,
REP-000329,repair_shop,,,
REP-000369,repair_shop,,,
REP-000330,repair_shop,,,
REP-000296,repair_shop,,,
REP-000197,repair_shop,,,
REP-000579,repair_shop,,,
REP-000045,repair_shop,,,
REP-000223,repair_shop,,,
REP-000457,repair_shop,,,
REP-000316,repair_shop,,,
REP-000254,repair_shop,,,
REP-000638,repair_shop,,,
REP-000688,repair_shop,,,
REP-000570,repair_shop,,,
REP-000492,repair_shop,,,
REP-000024,repair_shop,,,
REP-000191,repair_shop,,,
REP-000697,repair_shop,,,
REP-000577,repair_shop,,,
REP-000643,repair_shop,,,
REP-000124,repair_shop,,,
REP-000414,repair_shop,,,
REP-000134,repair_shop,,,
REP-000070,repair_shop,,,
REP-000628,repair_shop,,,
REP-000198,repair_shop,,,
REP-000043,repair_shop,,,
REP-000571,repair_shop,,,
REP-000176,repair_shop,,,
REP-000257,repair_shop,,,
REP-000501,repair_shop,,,
REP-000081,repair_shop,,,
REP-000148,repair_shop,,,
REP-000662,repair_shop,,,
REP-000150,repair_shop,,,
REP-000268,repair_shop,,,
REP-000590,repair_shop,,,
REP-000386,repair_shop,,,
REP-000027,repair_shop,,,
REP-000578,repair_shop,,,
REP-000675,repair_shop,,,
REP-000036,repair_shop,,,
REP-000366,repair_shop,,,
REP-000588,repair_shop,,,
REP-000649,repair_shop,,,
REP-000163,repair_shop,,,
REP-000235,repair_shop,,,
REP-000157,repair_shop,,,
REP-000548,repair_shop,,,
REP-000398,repair_shop,,,
REP-000393,repair_shop,,,
REP-000609,repair_shop,,,
REP-000035,repair_shop,,,
REP-000262,repair_shop,,,
REP-000305,repair_shop,,,
REP-000522,repair_shop,,,
REP-000475,repair_shop,,,
REP-000661,repair_shop,,,
REP-000421,repair_shop,,,
REP-000417,repair_shop,,,
REP-000540,repair_shop,,,
REP-000064,repair_shop,,,
REP-000488,repair_shop,,,
REP-000155,repair_shop,,,
REP-000372,repair_shop,,,
REP-000631,repair_shop,,,
REP-000089,repair_shop,,,
REP-000608,repair_shop,,,
REP-000485,repair_shop,,,
REP-000567,repair_shop,,,
REP-000284,repair_shop,,,
REP-000415,repair_shop,,,
REP-000301,repair_shop,,,
REP-000665,repair_shop,,,
REP-000232,repair_shop,,,
REP-000535,repair_shop,,,
REP-000634,repair_shop,,,
REP-000642,repair_shop,,,
REP-000181,repair_shop,,,
REP-000086,repair_shop,,,
REP-000227,repair_shop,,,
REP-000452,repair_shop,,,
REP-000550,repair_shop,,,
REP-000087,repair_shop,,,
REP-000243,repair_shop,,,
REP-000601,repair_shop,,,
REP-000016,repair_shop,,,
REP-000075,repair_shop,,,
REP-000050,repair_shop,,,
REP-000497,repair_shop,,,
REP-000180,repair_shop,,,
REP-000599,repair_shop,,,
REP-000109,repair_shop,,,
REP-000407,repair_shop,,,
REP-000451,repair_shop,,,
REP-000456,repair_shop,,,
REP-000015,repair_shop,,,
REP-000515,repair_shop,,,
REP-000676,repair_shop,,,
REP-000499,repair_shop,,,
REP-000633,repair_shop,,,
REP-000681,repair_shop,,,
REP-000598,repair_shop,,,
REP-000510,repair_shop,,,
REP-000526,repair_shop,,,
REP-000560,repair_shop,,,
REP-000299,repair_shop,,,
REP-000698,repair_shop,,,
REP-000659,repair_shop,,,
REP-000555,repair_shop,,,
REP-000469,repair_shop,,,
REP-000142,repair_shop,,,
REP-000249,repair_shop,,,
REP-000483,repair_shop,,,
REP-000187,repair_shop,,,
REP-000476,repair_shop,,,
REP-000573,repair_shop,,,
REP-000205,repair_shop,,,
REP-000007,repair_shop,,,
REP-000120,repair_shop,,,
REP-000569,repair_shop,,,
REP-000055,repair_shop,,,
REP-000309,repair_shop,,,
REP-000008,repair_shop,,,
REP-000368,repair_shop,,,
REP-000562,repair_shop,,,
REP-000175,repair_shop,,,
REP-000252,repair_shop,,,
REP-000025,repair_shop,,,
REP-000686,repair_shop,,,
REP-000062,repair_shop,,,
REP-000295,repair_shop,,,
REP-000011,repair_shop,,,
REP-000335,repair_shop,,,
REP-000213,repair_shop,,,
REP-000622,repair_shop,,,
REP-000239,repair_shop,,,
REP-000399,repair_shop,,,
REP-000684,repair_shop,,,
REP-000131,repair_shop,,,
REP-000077,repair_shop,,,
REP-000145,repair_shop,,,
REP-000513,repair_shop,,,
REP-000215,repair_shop,,,
REP-000559,repair_shop,,,
REP-000010,repair_shop,,,
REP-000147,repair_shop,,,
REP-000013,repair_shop,,,
REP-000193,repair_shop,,,
REP-000217,repair_shop,,,
REP-000426,repair_shop,,,
REP-000371,repair_shop,,,
REP-000420,repair_shop,,,
REP-000403,repair_shop,,,
REP-000051,repair_shop,,,
REP-000379,repair_shop,,,
REP-000683,repair_shop,,,
REP-000300,repair_shop,,,
REP-000534,repair_shop,,,
REP-000360,repair_shop,,,
REP-000236,repair_shop,,,
REP-000480,repair_shop,,,
REP-000151,repair_shop,,,
REP-000509,repair_shop,,,
REP-000553,repair_shop,,,
REP-000336,repair_shop,,,
REP-000135,repair_shop,,,
REP-000280,repair_shop,,,
REP-000048,repair_shop,,,
REP-000069,repair_shop,,,
REP-000146,repair_shop,,,
REP-000039,repair_shop,,,
REP-000061,repair_shop,,,
REP-000279,repair_shop,,,
REP-000556,repair_shop,,,
REP-000671,repair_shop,,,
REP-000161,repair_shop,,,
REP-000468,repair_shop,,,
REP-000527,repair_shop,,,
REP-000433,repair_shop,,,
REP-000183,repair_shop,,,
REP-000614,repair_shop,,,
REP-000319,repair_shop,,,
REP-000377,repair_shop,,,
REP-000477,repair_shop,,,
REP-000259,repair_shop,,,
REP-000337,repair_shop,,,
REP-000088,repair_shop,,,
REP-000654,repair_shop,,,
REP-000594,repair_shop,,,
REP-000019,repair_shop,,,
REP-000572,repair_shop,,,
REP-000166,repair_shop,,,
REP-000700,repair_shop,,,
REP-000516,repair_shop,,,
REP-000053,repair_shop,,,
REP-000209,repair_shop,,,
REP-000326,repair_shop,,,
REP-000196,repair_shop,,,
REP-000484,repair_shop,,,
REP-000186,repair_shop,,,
REP-000342,repair_shop,,,
REP-000245,repair_shop,,,
REP-000604,repair_shop,,,
REP-000093,repair_shop,,,
REP-000374,repair_shop,,,
REP-000189,repair_shop,,,
REP-000507,repair_shop,,,
REP-000248,repair_shop,,,
REP-000106,repair_shop,,,
REP-000020,repair_shop,,,
REP-000357,repair_shop,,,
REP-000464,repair_shop,,,
REP-000228,repair_shop,,,
REP-000074,repair_shop,,,
REP-000084,repair_shop,,,
REP-000140,repair_shop,,,
REP-000416,repair_shop,,,
REP-000321,repair_shop,,,
REP-000057,repair_shop,,,
REP-000378,repair_shop,,,
REP-000656,repair_shop,,,
REP-000383,repair_shop,,,
REP-000432,repair_shop,,,
REP-000052,repair_shop,,,
REP-000412,repair_shop,,,
REP-000620,repair_shop,,,
REP-000495,repair_shop,,,
REP-000185,repair_shop,,,
REP-000479,repair_shop,,,
REP-000584,repair_shop,,,
REP-000288,repair_shop,,,
REP-000023,repair_shop,,,
REP-000265,repair_shop,,,
REP-000536,repair_shop,,,
REP-000397,repair_shop,,,
REP-000568,repair_shop,,,
REP-000317,repair_shop,,,
REP-000503,repair_shop,,,
REP-000418,repair_shop,,,
REP-000408,repair_shop,,,
REP-000271,repair_shop,,,
REP-000687,repair_shop,,,
REP-000127,repair_shop,,,
REP-000158,repair_shop,,,
REP-000441,repair_shop,,,
REP-000395,repair_shop,,,
REP-000091,repair_shop,,,
REP-000435,repair_shop,,,
REP-000194,repair_shop,,,
REP-000211,repair_shop,,,
REP-000318,repair_shop,,,
REP-000538,repair_shop,,,
REP-000167,repair_shop,,,
REP-000302,repair_shop,,,
REP-000428,repair_shop,,,
REP-000173,repair_shop,,,
REP-000472,repair_shop,,,
REP-000076,repair_shop,,,
REP-000689,repair_shop,,,
REP-000523,repair_shop,,,
REP-000221,repair_shop,,,
REP-000463,repair_shop,,,
REP-000539,repair_shop,,,
REP-000439,repair_shop,,,
REP-000576,repair_shop,,,
REP-000078,repair_shop,,,
REP-000264,repair_shop,,,
REP-000349,repair_shop,,,
REP-000289,repair_shop,,,
REP-000410,repair_shop,,,
REP-000190,repair_shop,,,
REP-000272,repair_shop,,,
REP-000137,repair_shop,,,
REP-000447,repair_shop,,,
REP-000537,repair_shop,,,
REP-000246,repair_shop,,,
REP-000652,repair_shop,,,
REP-000385,repair_shop,,,
REP-000125,repair_shop,,,
REP-000303,repair_shop,,,
REP-000487,repair_shop,,,
REP-000341,repair_shop,,,
REP-000627,repair_shop,,,
REP-000581,repair_shop,,,
REP-000586,repair_shop,,,
REP-000699,repair_shop,,,
REP-000692,repair_shop,,,
REP-000651,repair_shop,,,
REP-000474,repair_shop,,,
REP-000114,repair_shop,,,
REP-000022,repair_shop,,,
REP-000583,repair_shop,,,
REP-000306,repair_shop,,,
REP-000029,repair_shop,,,
REP-000585,repair_shop,,,
REP-000391,repair_shop,,,
REP-000580,repair_shop,,,
REP-000028,repair_shop,,,
REP-000554,repair_shop,,,
REP-000290,repair_shop,,,
REP-000506,repair_shop,,,
REP-000154,repair_shop,,,
REP-000250,repair_shop,,,
REP-000685,repair_shop,,,
REP-000287,repair_shop,,,
REP-000054,repair_shop,,,
REP-000666,repair_shop,,,
REP-000143,repair_shop,,,
REP-000619,repair_shop,,,
REP-000026,repair_shop,,,
REP-000107,repair_shop,,,
REP-000083,repair_shop,,,
REP-000481,repair_shop,,,
REP-000234,repair_shop,,,
REP-000230,repair_shop,,,
REP-000431,repair_shop,,,
REP-000653,repair_shop,,,
REP-000320,repair_shop,,,
REP-000169,repair_shop,,,
REP-000222,repair_shop,,,
REP-000348,repair_shop,,,
REP-000427,repair_shop,,,
REP-000160,repair_shop,,,
REP-000238,repair_shop,,,
REP-000260,repair_shop,,,
REP-000200,repair_shop,,,
REP-000263,repair_shop,,,
REP-000607,repair_shop,,,
REP-000443,repair_shop,,,
REP-000405,repair_shop,,,
REP-000361,repair_shop,,,
REP-000629,repair_shop,,,
REP-000100,repair_shop,,,
REP-000172,repair_shop,,,
REP-000283,repair_shop,,,
REP-000282,repair_shop,,,
REP-000079,repair_shop,,,
REP-000695,repair_shop,,,
REP-000231,repair_shop,,,
REP-000409,repair_shop,,,
REP-000616,repair_shop,,,
REP-000458,repair_shop,,,
REP-000168,repair_shop,,,
REP-000632,repair_shop,,,
REP-000121,repair_shop,,,
REP-000033,repair_shop,,,
REP-000324,repair_shop,,,
REP-000138,repair_shop,,,
REP-000356,repair_shop,,,
REP-000327,repair_shop,,,
REP-000437,repair_shop,,,
REP-000122,repair_shop,,,
REP-000390,repair_shop,,,
REP-000547,repair_shop,,,
REP-000311,repair_shop,,,
REP-000364,repair_shop,,,
REP-000338,repair_shop,,,
REP-000098,repair_shop,,,
REP-000344,repair_shop,,,
REP-000095,repair_shop,,,
REP-000261,repair_shop,,,
REP-000564,repair_shop,,,
REP-000304,repair_shop,,,
REP-000606,repair_shop,,,
REP-000478,repair_shop,,,
REP-000394,repair_shop,,,
REP-000352,repair_shop,,,
REP-000673,repair_shop,,,
REP-000277,repair_shop,,,
REP-000256,repair_shop,,,
REP-000325,repair_shop,,,
REP-000541,repair_shop,,,
REP-000471,repair_shop,,,
REP-000641,repair_shop,,,
REP-000322,repair_shop,,,
REP-000376,repair_shop,,,
REP-000188,repair_shop,,,
REP-000611,repair_shop,,,
REP-000072,repair_shop,,,
REP-000603,repair_shop,,,
REP-000347,repair_shop,,,
REP-000430,repair_shop,,,
REP-000216,repair_shop,,,
REP-000648,repair_shop,,,
REP-000690,repair_shop,,,
REP-000130,repair_shop,,,
REP-000353,repair_shop,,,
REP-000307,repair_shop,,,
REP-000199,repair_shop,,,
REP-000493,repair_shop,,,
REP-000446,repair_shop,,,
REP-000339,repair_shop,,,
REP-000387,repair_shop,,,
REP-000602,repair_shop,,,
REP-000533,repair_shop,,,
REP-000208,repair_shop,,,
REP-000101,repair_shop,,,
REP-000667,repair_shop,,,
REP-000112,repair_shop,,,
REP-000244,repair_shop,,,
REP-000204,repair_shop,,,
REP-000566,repair_shop,,,
REP-000060,repair_shop,,,
REP-000672,repair_shop,,,
REP-000001,repair_shop,,,
REP-000489,repair_shop,,,
REP-000065,repair_shop,,,
REP-000108,repair_shop,,,
REP-000085,repair_shop,,,
REP-000247,repair_shop,,,
REP-000080,repair_shop,,,
REP-000258,repair_shop,,,
REP-000532,repair_shop,,,
REP-000511,repair_shop,,,
REP-000401,repair_shop,,,
REP-000373,repair_shop,,,
REP-000470,repair_shop,,,
REP-000613,repair_shop,,,
REP-000589,repair_shop,,,
REP-000552,repair_shop,,,
REP-000332,repair_shop,,,
REP-000543,repair_shop,,,
REP-000370,repair_shop,,,
REP-000240,repair_shop,,,
REP-000658,repair_shop,,,
REP-000519,repair_shop,,,
REP-000049,repair_shop,,,
REP-000623,repair_shop,,,
REP-000674,repair_shop,,,
REP-000343,repair_shop,,,
REP-000071,repair_shop,,,
REP-000591,repair_shop,,,
REP-000563,repair_shop,,,
REP-000644,repair_shop,,,
REP-000103,repair_shop,,,
REP-000128,repair_shop,,,
REP-000229,repair_shop,,,
REP-000132,repair_shop,,,
REP-000073,repair_shop,,,
REP-000438,repair_shop,,,
REP-000066,repair_shop,,,
REP-000531,repair_shop,,,
REP-000310,repair_shop,,,
REP-000174,repair_shop,,,
REP-000156,repair_shop,,,
REP-000119,repair_shop,,,
REP-000400,repair_shop,,,
REP-000278,repair_shop,,,
REP-000453,repair_shop,,,
REP-000524,repair_shop,,,
REP-000434,repair_shop,,,
REP-000312,repair_shop,,,
REP-000530,repair_shop,,,
REP-000201,repair_shop,,,
REP-000297,repair_shop,,,
REP-000171,repair_shop,,,
REP-000218,repair_shop,,,
REP-000455,repair_shop,,,
REP-000034,repair_shop,,,
REP-000502,repair_shop,,,
REP-000647,repair_shop,,,
REP-000636,repair_shop,,,
REP-000031,repair_shop,,,
REP-000355,repair_shop,,,
REP-000542,repair_shop,,,
REP-000178,repair_shop,,,
REP-000082,repair_shop,,,
REP-000449,repair_shop,,,
REP-000136,repair_shop,,,
REP-000544,repair_shop,,,
REP-000678,repair_shop,,,
REP-000113,repair_shop,,,
REP-000612,repair_shop,,,
REP-000184,repair_shop,,,
REP-000669,repair_shop,,,
REP-000637,repair_shop,,,
REP-000014,repair_shop,,,
REP-000639,repair_shop,,,
REP-000406,repair_shop,,,
REP-000253,repair_shop,,,
REP-000018,repair_shop,,,
REP-000549,repair_shop,,,
REP-000618,repair_shop,,,
REP-000645,repair_shop,,,
REP-000459,repair_shop,,,
REP-000202,repair_shop,,,
REP-000004,repair_shop,,,
REP-000691,repair_shop,,,
REP-000351,repair_shop,,,
REP-000293,repair_shop,,,
REP-000291,repair_shop,,,
REP-000126,repair_shop,,,
REP-000177,repair_shop,,,
REP-000448,repair_shop,,,
REP-000021,repair_shop,,,
REP-000462,repair_shop,,,
REP-000094,repair_shop,,,
REP-000587,repair_shop,,,
REP-000159,repair_shop,,,
REP-000520,repair_shop,,,
REP-000660,repair_shop,,,
REP-000382,repair_shop,,,
REP-000203,repair_shop,,,
REP-000389,repair_shop,,,
REP-000505,repair_shop,,,
REP-000546,repair_shop,,,
REP-000575,repair_shop,,,
REP-000512,repair_shop,,,
REP-000345,repair_shop,,,
REP-000362,repair_shop,,,
REP-000498,repair_shop,,,
REP-000486,repair_shop,,,
REP-000454,repair_shop,,,
REP-000192,repair_shop,,,
REP-000600,repair_shop,,,
REP-000275,repair_shop,,,
REP-000269,repair_shop,,,
REP-000123,repair_shop,,,
REP-000466,repair_shop,,,
REP-000396,repair_shop,,,
REP-000381,repair_shop,,,
REP-000557,repair_shop,,,
REP-000044,repair_shop,,,
REP-000635,repair_shop,,,
REP-000144,repair_shop,,,
REP-000266,repair_shop,,,
REP-000514,repair_shop,,,
REP-000621,repair_shop,,,
REP-000440,repair_shop,,,
REP-000281,repair_shop,,,
REP-000224,repair_shop,,,
REP-000006,repair_shop,,,
REP-000561,repair_shop,,,
REP-000680,repair_shop,,,
REP-000388,repair_shop,,,
REP-000490,repair_shop,,,
REP-000116,repair_shop,,,
REP-000068,repair_shop,,,
REP-000596,repair_shop,,,
REP-000210,repair_shop,,,
REP-000153,repair_shop,,,
REP-000392,repair_shop,,,
REP-000003,repair_shop,,,
REP-000597,repair_shop,,,
REP-000286,repair_shop,,,
REP-000274,repair_shop,,,
REP-000551,repair_shop,,,
REP-000411,repair_shop,,,
REP-000525,repair_shop,,,
REP-000206,repair_shop,,,
REP-000182,repair_shop,,,
REP-000422,repair_shop,,,
REP-000482,repair_shop,,,
REP-000574,repair_shop,,,
REP-000473,repair_shop,,,
REP-000285,repair_shop,,,
REP-000518,repair_shop,,,
REP-000267,repair_shop,,,
REP-000529,repair_shop,,,
REP-000384,repair_shop,,,
REP-000663,repair_shop,,,
REP-000042,repair_shop,,,
REP-000365,repair_shop,,,
REP-000545,repair_shop,,,
REP-000668,repair_shop,,,
REP-000179,repair_shop,,,
REP-000030,repair_shop,,,
REP-000149,repair_shop,,,
REP-000655,repair_shop,,,
REP-000693,repair_shop,,,
REP-000508,repair_shop,,,
REP-000521,repair_shop,,,
REP-000315,repair_shop,,,
REP-000046,repair_shop,,,
REP-000207,repair_shop,,,
REP-000056,repair_shop,,,
REP-000565,repair_shop,,,
REP-000375,repair_shop,,,
REP-000694,repair_shop,,,
REP-000528,repair_shop,,,
REP-000404,repair_shop,,,
REP-000058,repair_shop,,,
REP-000226,repair_shop,,,
REP-000425,repair_shop,,,
REP-000429,repair_shop,,,
REP-000037,repair_shop,,,
REP-000605,repair_shop,,,
REP-000450,repair_shop,,,
REP-000115,repair_shop,,,
REP-000424,repair_shop,,,
REP-000212,repair_shop,,,
REP-000442,repair_shop,,,
REP-000517,repair_shop,,,
REP-000117,repair_shop,,,
REP-000225,repair_shop,,,
REP-000040,repair_shop,,,
REP-000650,repair_shop,,,
REP-000402,repair_shop,,,
REP-000358,repair_shop,,,
REP-000047,repair_shop,,,
REP-000444,repair_shop,,,
REP-000241,repair_shop,,,
REP-000102,repair_shop,,,
REP-000141,repair_shop,,,
REP-000251,repair_shop,,,
REP-000097,repair_shop,,,
REP-000133,repair_shop,,,
REP-000233,repair_shop,,,
REP-000617,repair_shop,,,
REP-000041,repair_shop,,,
REP-000696,repair_shop,,,
REP-000270,repair_shop,,,
REP-000165,repair_shop,,,
REP-000059,repair_shop,,,
REP-000096,repair_shop,,,
REP-000314,repair_shop,,,
REP-000592,repair_shop,,,
REP-000640,repair_shop,,,
REP-000118,repair_shop,,,
REP-000195,repair_shop,,,
REP-000032,repair_shop,,,
REP-000354,repair_shop,,,
REP-000313,repair_shop,,,
REP-000491,repair_shop,,,
REP-000630,repair_shop,,,
REP-000005,repair_shop,,,
REP-000465,repair_shop,,,
REP-000582,repair_shop,,,
REP-000436,repair_shop,,,
REP-000038,repair_shop,,,
REP-000504,repair_shop,,,
REP-000276,repair_shop,,,
REP-000657,repair_shop,,,
REP-000328,repair_shop,,,
REP-000494,repair_shop,,,
REP-000214,repair_shop,,,
REP-000067,repair_shop,,,
REP-000461,repair_shop,,,
REP-000340,repair_shop,,,
REP-000359,repair_shop,,,
REP-000164,repair_shop,,,
REP-000237,repair_shop,,,
REP-000445,repair_shop,,,
REP-000292,repair_shop,,,
REP-000152,repair_shop,,,
REP-000017,repair_shop,,,
REP-000009,repair_shop,,,
REP-000294,repair_shop,,,
REP-000413,repair_shop,,,
REP-000170,repair_shop,,,
REP-000139,repair_shop,,,
REP-000255,repair_shop,,,
REP-000423,repair_shop,,,
REP-000129,repair_shop,,,
REP-000646,repair_shop,,,
REP-000593,repair_shop,,,
REP-000308,repair_shop,,,
REP-000242,repair_shop,,,
REP-000558,repair_shop,,,
REP-000063,repair_shop,,,
REP-000002,repair_shop,,,
REP-000162,repair_shop,,,
REP-000610,repair_shop,,,
REP-000363,repair_shop,,,
ADR-000596,address,,,
ADR-000125,address,,,
ADR-001713,address,,,
ADR-000060,address,,,
ADR-000135,address,,,
ADR-001501,address,,,
ADR-001397,address,,,
ADR-000600,address,,,
ADR-000759,address,,,
ADR-000292,address,,,
ADR-001378,address,,,
ADR-000326,address,,,
ADR-001789,address,,,
ADR-001524,address,,,
ADR-000606,address,,,
ADR-001728,address,,,
ADR-001589,address,,,
ADR-000158,address,,,
ADR-001318,address,,,
ADR-001021,address,,,
ADR-000037,address,,,
ADR-001477,address,,,
ADR-000318,address,,,
ADR-001211,address,,,
ADR-001650,address,,,
ADR-000022,address,,,
ADR-001469,address,,,
ADR-001046,address,,,
ADR-000127,address,,,
ADR-000521,address,,,
ADR-000629,address,,,
ADR-000011,address,,,
ADR-000772,address,,,
ADR-000116,address,,,
ADR-000361,address,,,
ADR-001400,address,,,
ADR-000331,address,,,
ADR-000725,address,,,
ADR-001744,address,,,
ADR-001560,address,,,
ADR-001788,address,,,
ADR-001457,address,,,
ADR-001106,address,,,
ADR-001439,address,,,
ADR-001486,address,,,
ADR-001143,address,,,
ADR-000126,address,,,
ADR-000140,address,,,
ADR-001230,address,,,
ADR-000358,address,,,
ADR-000734,address,,,
ADR-000425,address,,,
ADR-001053,address,,,
ADR-001430,address,,,
ADR-000369,address,,,
ADR-001446,address,,,
ADR-000813,address,,,
ADR-000371,address,,,
ADR-001385,address,,,
ADR-001004,address,,,
ADR-001186,address,,,
ADR-000364,address,,,
ADR-001742,address,,,
ADR-000517,address,,,
ADR-000969,address,,,
ADR-000895,address,,,
ADR-000923,address,,,
ADR-001433,address,,,
ADR-000281,address,,,
ADR-000179,address,,,
ADR-001635,address,,,
ADR-000078,address,,,
ADR-001452,address,,,
ADR-001223,address,,,
ADR-000026,address,,,
ADR-001200,address,,,
ADR-001227,address,,,
ADR-000144,address,,,
ADR-000203,address,,,
ADR-001527,address,,,
ADR-000862,address,,,
ADR-001549,address,,,
ADR-000806,address,,,
ADR-001019,address,,,
ADR-000716,address,,,
ADR-000749,address,,,
ADR-001609,address,,,
ADR-000274,address,,,
ADR-001354,address,,,
ADR-000172,address,,,
ADR-000765,address,,,
ADR-000083,address,,,
ADR-001454,address,,,
ADR-000051,address,,,
ADR-001104,address,,,
ADR-001367,address,,,
ADR-000859,address,,,
ADR-000196,address,,,
ADR-001563,address,,,
ADR-000138,address,,,
ADR-000796,address,,,
ADR-000795,address,,,
ADR-001269,address,,,
ADR-000019,address,,,
ADR-000848,address,,,
ADR-001737,address,,,
ADR-001685,address,,,
ADR-000811,address,,,
ADR-001654,address,,,
ADR-001306,address,,,
ADR-000062,address,,,
ADR-001315,address,,,
ADR-000990,address,,,
ADR-000568,address,,,
ADR-001644,address,,,
ADR-000018,address,,,
ADR-001476,address,,,
ADR-001181,address,,,
ADR-001398,address,,,
ADR-001718,address,,,
ADR-001207,address,,,
ADR-001121,address,,,
ADR-000672,address,,,
ADR-001199,address,,,
ADR-000955,address,,,
ADR-000008,address,,,
ADR-000841,address,,,
ADR-001474,address,,,
ADR-001468,address,,,
ADR-001284,address,,,
ADR-001343,address,,,
ADR-001698,address,,,
ADR-000207,address,,,
ADR-001189,address,,,
ADR-000448,address,,,
ADR-001420,address,,,
ADR-000007,address,,,
ADR-001188,address,,,
ADR-000599,address,,,
ADR-001512,address,,,
ADR-001536,address,,,
ADR-001313,address,,,
ADR-000822,address,,,
ADR-000064,address,,,
ADR-000503,address,,,
ADR-000350,address,,,
ADR-000186,address,,,
ADR-001332,address,,,
ADR-000336,address,,,
ADR-001107,address,,,
ADR-000355,address,,,
ADR-000197,address,,,
ADR-000339,address,,,
ADR-001055,address,,,
ADR-001363,address,,,
ADR-000148,address,,,
ADR-001103,address,,,
ADR-001409,address,,,
ADR-001162,address,,,
ADR-001071,address,,,
ADR-001640,address,,,
ADR-001123,address,,,
ADR-001180,address,,,
ADR-001226,address,,,
ADR-001116,address,,,
ADR-001453,address,,,
ADR-000890,address,,,
ADR-001751,address,,,
ADR-001428,address,,,
ADR-001087,address,,,
ADR-001183,address,,,
ADR-000091,address,,,
ADR-000455,address,,,
ADR-001599,address,,,
ADR-001239,address,,,
ADR-000319,address,,,
ADR-000182,address,,,
ADR-000181,address,,,
ADR-000084,address,,,
ADR-001667,address,,,
ADR-001800,address,,,
ADR-001647,address,,,
ADR-000163,address,,,
ADR-000732,address,,,
ADR-000143,address,,,
ADR-000300,address,,,
ADR-000164,address,,,
ADR-001291,address,,,
ADR-000901,address,,,
ADR-000666,address,,,
ADR-001350,address,,,
ADR-001440,address,,,
ADR-001020,address,,,
ADR-001618,address,,,
ADR-001268,address,,,
ADR-001638,address,,,
ADR-000733,address,,,
ADR-001097,address,,,
ADR-000113,address,,,
ADR-001194,address,,,
ADR-001267,address,,,
ADR-000165,address,,,
ADR-000302,address,,,
ADR-001254,address,,,
ADR-001003,address,,,
ADR-001206,address,,,
ADR-000683,address,,,
ADR-000032,address,,,
ADR-001241,address,,,
ADR-001187,address,,,
ADR-000714,address,,,
ADR-001695,address,,,
ADR-000712,address,,,
ADR-001148,address,,,
ADR-000063,address,,,
ADR-000145,address,,,
ADR-000367,address,,,
ADR-000213,address,,,
ADR-001627,address,,,
ADR-000852,address,,,
ADR-001672,address,,,
ADR-001485,address,,,
ADR-000068,address,,,
ADR-000623,address,,,
ADR-000050,address,,,
ADR-001099,address,,,
ADR-001757,address,,,
ADR-000808,address,,,
ADR-000231,address,,,
ADR-001074,address,,,
ADR-001139,address,,,
ADR-000184,address,,,
ADR-001407,address,,,
ADR-000173,address,,,
ADR-001330,address,,,
ADR-001732,address,,,
ADR-000528,address,,,
ADR-001384,address,,,
ADR-001662,address,,,
ADR-001410,address,,,
ADR-000250,address,,,
ADR-000940,address,,,
ADR-000204,address,,,
ADR-001203,address,,,
ADR-000949,address,,,
ADR-000598,address,,,
ADR-000554,address,,,
ADR-001232,address,,,
ADR-001591,address,,,
ADR-001263,address,,,
ADR-000270,address,,,
ADR-000873,address,,,
ADR-000536,address,,,
ADR-000434,address,,,
ADR-001621,address,,,
ADR-001746,address,,,
ADR-001096,address,,,
ADR-000500,address,,,
ADR-000222,address,,,
ADR-000471,address,,,
ADR-000427,address,,,
ADR-000045,address,,,
ADR-000183,address,,,
ADR-000802,address,,,
ADR-000920,address,,,
ADR-000840,address,,,
ADR-000472,address,,,
ADR-000768,address,,,
ADR-000689,address,,,
ADR-000893,address,,,
ADR-000376,address,,,
ADR-000205,address,,,
ADR-001499,address,,,
ADR-000621,address,,,
ADR-001216,address,,,
ADR-000059,address,,,
ADR-001237,address,,,
ADR-001105,address,,,
ADR-000134,address,,,
ADR-001002,address,,,
ADR-000832,address,,,
ADR-001355,address,,,
ADR-001637,address,,,
ADR-000697,address,,,
ADR-000985,address,,,
ADR-001149,address,,,
ADR-000453,address,,,
ADR-000315,address,,,
ADR-000340,address,,,
ADR-000646,address,,,
ADR-000357,address,,,
ADR-000110,address,,,
ADR-001458,address,,,
ADR-001500,address,,,
ADR-001018,address,,,
ADR-000571,address,,,
ADR-000420,address,,,
ADR-001150,address,,,
ADR-000680,address,,,
ADR-001723,address,,,
ADR-000121,address,,,
ADR-000545,address,,,
ADR-000015,address,,,
ADR-000729,address,,,
ADR-001321,address,,,
ADR-000449,address,,,
ADR-001771,address,,,
ADR-001142,address,,,
ADR-001620,address,,,
ADR-000129,address,,,
ADR-001460,address,,,
ADR-000551,address,,,
ADR-000366,address,,,
ADR-001765,address,,,
ADR-000755,address,,,
ADR-000641,address,,,
ADR-001444,address,,,
ADR-001113,address,,,
ADR-001100,address,,,
ADR-001580,address,,,
ADR-001564,address,,,
ADR-000055,address,,,
ADR-000185,address,,,
ADR-000004,address,,,
ADR-000558,address,,,
ADR-001011,address,,,
ADR-000277,address,,,
ADR-000909,address,,,
ADR-000900,address,,,
ADR-000508,address,,,
ADR-000652,address,,,
ADR-000423,address,,,
ADR-000311,address,,,
ADR-000025,address,,,
ADR-000531,address,,,
ADR-001026,address,,,
ADR-001402,address,,,
ADR-000206,address,,,
ADR-000633,address,,,
ADR-001639,address,,,
ADR-000431,address,,,
ADR-000266,address,,,
ADR-000077,address,,,
ADR-001526,address,,,
ADR-000647,address,,,
ADR-000436,address,,,
ADR-000579,address,,,
ADR-001014,address,,,
ADR-000228,address,,,
ADR-001259,address,,,
ADR-000627,address,,,
ADR-000199,address,,,
ADR-000176,address,,,
ADR-000526,address,,,
ADR-001610,address,,,
ADR-001177,address,,,
ADR-001030,address,,,
ADR-001683,address,,,
ADR-001092,address,,,
ADR-000334,address,,,
ADR-000422,address,,,
ADR-001653,address,,,
ADR-000889,address,,,
ADR-000778,address,,,
ADR-000476,address,,,
ADR-000587,address,,,
ADR-001006,address,,,
ADR-000347,address,,,
ADR-000208,address,,,
ADR-000122,address,,,
ADR-001051,address,,,
ADR-001288,address,,,
ADR-000480,address,,,
ADR-001191,address,,,
ADR-001253,address,,,
ADR-001561,address,,,
ADR-000044,address,,,
ADR-001497,address,,,
ADR-001738,address,,,
ADR-001169,address,,,
ADR-001084,address,,,
ADR-001184,address,,,
ADR-000310,address,,,
ADR-001176,address,,,
ADR-000150,address,,,
ADR-000195,address,,,
ADR-001309,address,,,
ADR-001091,address,,,
ADR-001174,address,,,
ADR-000027,address,,,
ADR-001013,address,,,
ADR-000518,address,,,
ADR-001286,address,,,
ADR-000750,address,,,
ADR-000569,address,,,
ADR-000671,address,,,
ADR-001154,address,,,
ADR-001413,address,,,
ADR-000722,address,,,
ADR-001558,address,,,
ADR-001584,address,,,
ADR-001042,address,,,
ADR-000616,address,,,
ADR-000461,address,,,
ADR-000742,address,,,
ADR-000049,address,,,
ADR-000936,address,,,
ADR-000268,address,,,
ADR-000915,address,,,
ADR-001550,address,,,
ADR-001545,address,,,
ADR-001360,address,,,
ADR-000702,address,,,
ADR-001364,address,,,
ADR-000655,address,,,
ADR-001511,address,,,
ADR-001588,address,,,
ADR-001704,address,,,
ADR-000412,address,,,
ADR-001016,address,,,
ADR-000239,address,,,
ADR-000177,address,,,
ADR-001252,address,,,
ADR-001075,address,,,
ADR-001613,address,,,
ADR-001734,address,,,
ADR-001368,address,,,
ADR-000577,address,,,
ADR-000332,address,,,
ADR-000243,address,,,
ADR-000705,address,,,
ADR-001571,address,,,
ADR-000858,address,,,
ADR-001212,address,,,
ADR-001629,address,,,
ADR-000797,address,,,
ADR-001359,address,,,
ADR-000615,address,,,
ADR-000763,address,,,
ADR-000013,address,,,
ADR-000931,address,,,
ADR-000864,address,,,
ADR-000475,address,,,
ADR-001779,address,,,
ADR-000031,address,,,
ADR-001783,address,,,
ADR-000389,address,,,
ADR-000844,address,,,
ADR-000877,address,,,
ADR-000838,address,,,
ADR-000745,address,,,
ADR-000416,address,,,
ADR-000561,address,,,
ADR-000269,address,,,
ADR-001422,address,,,
ADR-001529,address,,,
ADR-001489,address,,,
ADR-000575,address,,,
ADR-000707,address,,,
ADR-001282,address,,,
ADR-000288,address,,,
ADR-000287,address,,,
ADR-001481,address,,,
ADR-001128,address,,,
ADR-001741,address,,,
ADR-001353,address,,,
ADR-001515,address,,,
ADR-000782,address,,,
ADR-000974,address,,,
ADR-001729,address,,,
ADR-001072,address,,,
ADR-000821,address,,,
ADR-000210,address,,,
ADR-001670,address,,,
ADR-000029,address,,,
ADR-000212,address,,,
ADR-000108,address,,,
ADR-000133,address,,,
ADR-000954,address,,,
ADR-001494,address,,,
ADR-000861,address,,,
ADR-001277,address,,,
ADR-001479,address,,,
ADR-000492,address,,,
ADR-000787,address,,,
ADR-001405,address,,,
ADR-001516,address,,,
ADR-000303,address,,,
ADR-000998,address,,,
ADR-001542,address,,,
ADR-000426,address,,,
ADR-001274,address,,,
ADR-001395,address,,,
ADR-000527,address,,,
ADR-001388,address,,,
ADR-001680,address,,,
ADR-000005,address,,,
ADR-000799,address,,,
ADR-001242,address,,,
ADR-000823,address,,,
ADR-001167,address,,,
ADR-001290,address,,,
ADR-001567,address,,,
ADR-001595,address,,,
ADR-001520,address,,,
ADR-001012,address,,,
ADR-001555,address,,,
ADR-000790,address,,,
ADR-000438,address,,,
ADR-000932,address,,,
ADR-000157,address,,,
ADR-000849,address,,,
ADR-000715,address,,,
ADR-001755,address,,,
ADR-000886,address,,,
ADR-001581,address,,,
ADR-001017,address,,,
ADR-000257,address,,,
ADR-000780,address,,,
ADR-000284,address,,,
ADR-001791,address,,,
ADR-001766,address,,,
ADR-001134,address,,,
ADR-001178,address,,,
ADR-001373,address,,,
ADR-000155,address,,,
ADR-001131,address,,,
ADR-001483,address,,,
ADR-000963,address,,,
ADR-000209,address,,,
ADR-001514,address,,,
ADR-000741,address,,,
ADR-000441,address,,,
ADR-000642,address,,,
ADR-001579,address,,,
ADR-000620,address,,,
ADR-000499,address,,,
ADR-000831,address,,,
ADR-000200,address,,,
ADR-000917,address,,,
ADR-000273,address,,,
ADR-000252,address,,,
ADR-000758,address,,,
ADR-001492,address,,,
ADR-000079,address,,,
ADR-000593,address,,,
ADR-001572,address,,,
ADR-000166,address,,,
ADR-001652,address,,,
ADR-001281,address,,,
ADR-001509,address,,,
ADR-001278,address,,,
ADR-000535,address,,,
ADR-000591,address,,,
ADR-001552,address,,,
ADR-001083,address,,,
ADR-000675,address,,,
ADR-001525,address,,,
ADR-000783,address,,,
ADR-001612,address,,,
ADR-001386,address,,,
ADR-001624,address,,,
ADR-000654,address,,,
ADR-000386,address,,,
ADR-000661,address,,,
ADR-000656,address,,,
ADR-000929,address,,,
ADR-000574,address,,,
ADR-001724,address,,,
ADR-001528,address,,,
ADR-001577,address,,,
ADR-000139,address,,,
ADR-000792,address,,,
ADR-000961,address,,,
ADR-001438,address,,,
ADR-001325,address,,,
ADR-000107,address,,,
ADR-001348,address,,,
ADR-000670,address,,,
ADR-000610,address,,,
ADR-000445,address,,,
ADR-000506,address,,,
ADR-001023,address,,,
ADR-000869,address,,,
ADR-000947,address,,,
ADR-000227,address,,,
ADR-001505,address,,,
ADR-000021,address,,,
ADR-000385,address,,,
ADR-001674,address,,,
ADR-000160,address,,,
ADR-001592,address,,,
ADR-000240,address,,,
ADR-000030,address,,,
ADR-001137,address,,,
ADR-000793,address,,,
ADR-001182,address,,,
ADR-001596,address,,,
ADR-000009,address,,,
ADR-001308,address,,,
ADR-000584,address,,,
ADR-001722,address,,,
ADR-000226,address,,,
ADR-000399,address,,,
ADR-001153,address,,,
ADR-000039,address,,,
ADR-001553,address,,,
ADR-001371,address,,,
ADR-001747,address,,,
ADR-000803,address,,,
ADR-000905,address,,,
ADR-000264,address,,,
ADR-000801,address,,,
ADR-000096,address,,,
ADR-000740,address,,,
ADR-000111,address,,,
ADR-000507,address,,,
ADR-001521,address,,,
ADR-000105,address,,,
ADR-001080,address,,,
ADR-000667,address,,,
ADR-000028,address,,,
ADR-000306,address,,,
ADR-000562,address,,,
ADR-000463,address,,,
ADR-001623,address,,,
ADR-000892,address,,,
ADR-001296,address,,,
ADR-000635,address,,,
ADR-001064,address,,,
ADR-001587,address,,,
ADR-001383,address,,,
ADR-001098,address,,,
ADR-001399,address,,,
ADR-000089,address,,,
ADR-001202,address,,,
ADR-000788,address,,,
ADR-000080,address,,,
ADR-000387,address,,,
ADR-001319,address,,,
ADR-000510,address,,,
ADR-000396,address,,,
ADR-000343,address,,,
ADR-000951,address,,,
ADR-000151,address,,,
ADR-001111,address,,,
ADR-000979,address,,,
ADR-000867,address,,,
ADR-001387,address,,,
ADR-001585,address,,,
ADR-000214,address,,,
ADR-000329,address,,,
ADR-000346,address,,,
ADR-000762,address,,,
ADR-001727,address,,,
ADR-000450,address,,,
ADR-000660,address,,,
ADR-000578,address,,,
ADR-000565,address,,,
ADR-001081,address,,,
ADR-000973,address,,,
ADR-000215,address,,,
ADR-001630,address,,,
ADR-001471,address,,,
ADR-001780,address,,,
ADR-000147,address,,,
ADR-001255,address,,,
ADR-000194,address,,,
ADR-000871,address,,,
ADR-001461,address,,,
ADR-001079,address,,,
ADR-001726,address,,,
ADR-000038,address,,,
ADR-000417,address,,,
ADR-000494,address,,,
ADR-001292,address,,,
ADR-000041,address,,,
ADR-001333,address,,,
ADR-000154,address,,,
ADR-000843,address,,,
ADR-001611,address,,,
ADR-000014,address,,,
ADR-001314,address,,,
ADR-000501,address,,,
ADR-000588,address,,,
ADR-001127,address,,,
ADR-001566,address,,,
ADR-000230,address,,,
ADR-001335,address,,,
ADR-000324,address,,,
ADR-001070,address,,,
ADR-001005,address,,,
ADR-000617,address,,,
ADR-000178,address,,,
ADR-001539,address,,,
ADR-000644,address,,,
ADR-001209,address,,,
ADR-000342,address,,,
ADR-001324,address,,,
ADR-001129,address,,,
ADR-001447,address,,,
ADR-001594,address,,,
ADR-000263,address,,,
ADR-001668,address,,,
ADR-000317,address,,,
ADR-001513,address,,,
ADR-000278,address,,,
ADR-000092,address,,,
ADR-001740,address,,,
ADR-000904,address,,,
ADR-000919,address,,,
ADR-000640,address,,,
ADR-000400,address,,,
ADR-000380,address,,,
ADR-000409,address,,,
ADR-000136,address,,,
ADR-001125,address,,,
ADR-001442,address,,,
ADR-000218,address,,,
ADR-001522,address,,,
ADR-000395,address,,,
ADR-000933,address,,,
ADR-000703,address,,,
ADR-000202,address,,,
ADR-000529,address,,,
ADR-001710,address,,,
ADR-001179,address,,,
ADR-000896,address,,,
ADR-001691,address,,,
ADR-000042,address,,,
ADR-001583,address,,,
ADR-000968,address,,,
ADR-001510,address,,,
ADR-001763,address,,,
ADR-001077,address,,,
ADR-000918,address,,,
ADR-001569,address,,,
ADR-000460,address,,,
ADR-000731,address,,,
ADR-001299,address,,,
ADR-000539,address,,,
ADR-000608,address,,,
ADR-000016,address,,,
ADR-000337,address,,,
ADR-000498,address,,,
ADR-000322,address,,,
ADR-000430,address,,,
ADR-001535,address,,,
ADR-000120,address,,,
ADR-000043,address,,,
ADR-001219,address,,,
ADR-001146,address,,,
ADR-001785,address,,,
ADR-001507,address,,,
ADR-001361,address,,,
ADR-000236,address,,,
ADR-000365,address,,,
ADR-001302,address,,,
ADR-000804,address,,,
ADR-000442,address,,,
ADR-000809,address,,,
ADR-000691,address,,,
ADR-001161,address,,,
ADR-001218,address,,,
ADR-000523,address,,,
ADR-001279,address,,,
ADR-000532,address,,,
ADR-000612,address,,,
ADR-000673,address,,,
ADR-000237,address,,,
ADR-001165,address,,,
ADR-000566,address,,,
ADR-001392,address,,,
ADR-001657,address,,,
ADR-000842,address,,,
ADR-000820,address,,,
ADR-000102,address,,,
ADR-000692,address,,,
ADR-000826,address,,,
ADR-000738,address,,,
ADR-000576,address,,,
ADR-000626,address,,,
ADR-001344,address,,,
ADR-000146,address,,,
ADR-001641,address,,,
ADR-000130,address,,,
ADR-001305,address,,,
ADR-001414,address,,,
ADR-000198,address,,,
ADR-000669,address,,,
ADR-000882,address,,,
ADR-001024,address,,,
ADR-000394,address,,,
ADR-000751,address,,,
ADR-001575,address,,,
ADR-000632,address,,,
ADR-000490,address,,,
ADR-000391,address,,,
ADR-000081,address,,,
ADR-001530,address,,,
ADR-001381,address,,,
ADR-000040,address,,,
ADR-000115,address,,,
ADR-001480,address,,,
ADR-001298,address,,,
ADR-001108,address,,,
ADR-000934,address,,,
ADR-001374,address,,,
ADR-000354,address,,,
ADR-000713,address,,,
ADR-001656,address,,,
ADR-000201,address,,,
ADR-001095,address,,,
ADR-000876,address,,,
ADR-001671,address,,,
ADR-001796,address,,,
ADR-000304,address,,,
ADR-001578,address,,,
ADR-001419,address,,,
ADR-001262,address,,,
ADR-001604,address,,,
ADR-000316,address,,,
ADR-000937,address,,,
ADR-001037,address,,,
ADR-000682,address,,,
ADR-000651,address,,,
ADR-001275,address,,,
ADR-000743,address,,,
ADR-000295,address,,,
ADR-001491,address,,,
ADR-000309,address,,,
ADR-001280,address,,,
ADR-001258,address,,,
ADR-000398,address,,,
ADR-001358,address,,,
ADR-001643,address,,,
ADR-001777,address,,,
ADR-001076,address,,,
ADR-001036,address,,,
ADR-000168,address,,,
ADR-001776,address,,,
ADR-000473,address,,,
ADR-000585,address,,,
ADR-001603,address,,,
ADR-001093,address,,,
ADR-001336,address,,,
ADR-000401,address,,,
ADR-001441,address,,,
ADR-000657,address,,,
ADR-000525,address,,,
ADR-000720,address,,,
ADR-000995,address,,,
ADR-001798,address,,,
ADR-001778,address,,,
ADR-000777,address,,,
ADR-000903,address,,,
ADR-001204,address,,,
ADR-000891,address,,,
ADR-001719,address,,,
ADR-001057,address,,,
ADR-000225,address,,,
ADR-001110,address,,,
ADR-001130,address,,,
ADR-000489,address,,,
ADR-000484,address,,,
ADR-001508,address,,,
ADR-001365,address,,,
ADR-001147,address,,,
ADR-000054,address,,,
ADR-001705,address,,,
ADR-001047,address,,,
ADR-000333,address,,,
ADR-001793,address,,,
ADR-001048,address,,,
ADR-001283,address,,,
ADR-000341,address,,,
ADR-001702,address,,,
ADR-000152,address,,,
ADR-001323,address,,,
ADR-000047,address,,,
ADR-000737,address,,,
ADR-001773,address,,,
ADR-000927,address,,,
ADR-000786,address,,,
ADR-000699,address,,,
ADR-001679,address,,,
ADR-000983,address,,,
ADR-001470,address,,,
ADR-000437,address,,,
ADR-001573,address,,,
ADR-000668,address,,,
ADR-000265,address,,,
ADR-000487,address,,,
ADR-000835,address,,,
ADR-001431,address,,,
ADR-000192,address,,,
ADR-000690,address,,,
ADR-001462,address,,,
ADR-001449,address,,,
ADR-001464,address,,,
ADR-000649,address,,,
ADR-001320,address,,,
ADR-001289,address,,,
ADR-000189,address,,,
ADR-000404,address,,,
ADR-000097,address,,,
ADR-000462,address,,,
ADR-001007,address,,,
ADR-001035,address,,,
ADR-000410,address,,,
ADR-000072,address,,,
ADR-000935,address,,,
ADR-001756,address,,,
ADR-000604,address,,,
ADR-000581,address,,,
ADR-000825,address,,,
ADR-001257,address,,,
ADR-000819,address,,,
ADR-000373,address,,,
ADR-001646,address,,,
ADR-001676,address,,,
ADR-000491,address,,,
ADR-000327,address,,,
ADR-000251,address,,,
ADR-000301,address,,,
ADR-001745,address,,,
ADR-000467,address,,,
ADR-001562,address,,,
ADR-000495,address,,,
ADR-000899,address,,,
ADR-000665,address,,,
ADR-000255,address,,,
ADR-000170,address,,,
ADR-001707,address,,,
ADR-000846,address,,,
ADR-001743,address,,,
ADR-001784,address,,,
ADR-000860,address,,,
ADR-000468,address,,,
ADR-000945,address,,,
ADR-000829,address,,,
ADR-000522,address,,,
ADR-000769,address,,,
ADR-000987,address,,,
ADR-001546,address,,,
ADR-000764,address,,,
ADR-000643,address,,,
ADR-000685,address,,,
ADR-001614,address,,,
ADR-000717,address,,,
ADR-000238,address,,,
ADR-001631,address,,,
ADR-001686,address,,,
ADR-001437,address,,,
ADR-001210,address,,,
ADR-001221,address,,,
ADR-001666,address,,,
ADR-000564,address,,,
ADR-001295,address,,,
ADR-000984,address,,,
ADR-001717,address,,,
ADR-001736,address,,,
ADR-000613,address,,,
ADR-001066,address,,,
ADR-001616,address,,,
ADR-000117,address,,,
ADR-001276,address,,,
ADR-001034,address,,,
ADR-000567,address,,,
ADR-000413,address,,,
ADR-000836,address,,,
ADR-001417,address,,,
ADR-001443,address,,,
ADR-001265,address,,,
ADR-000313,address,,,
ADR-000384,address,,,
ADR-001029,address,,,
ADR-000090,address,,,
ADR-000101,address,,,
ADR-000639,address,,,
ADR-001456,address,,,
ADR-000516,address,,,
ADR-000261,address,,,
ADR-001605,address,,,
ADR-000977,address,,,
ADR-000541,address,,,
ADR-000338,address,,,
ADR-000833,address,,,
ADR-001649,address,,,
ADR-000466,address,,,
ADR-001547,address,,,
ADR-001027,address,,,
ADR-000533,address,,,
ADR-000137,address,,,
ADR-000223,address,,,
ADR-000812,address,,,
ADR-001303,address,,,
ADR-000603,address,,,
ADR-000485,address,,,
ADR-000870,address,,,
ADR-000397,address,,,
ADR-000776,address,,,
ADR-001224,address,,,
ADR-001673,address,,,
ADR-000538,address,,,
ADR-001220,address,,,
ADR-000754,address,,,
ADR-000362,address,,,
ADR-000548,address,,,
ADR-001769,address,,,
ADR-001331,address,,,
ADR-000344,address,,,
ADR-000175,address,,,
ADR-000478,address,,,
ADR-000614,address,,,
ADR-000299,address,,,
ADR-001794,address,,,
ADR-000424,address,,,
ADR-001069,address,,,
ADR-000971,address,,,
ADR-000857,address,,,
ADR-001699,address,,,
ADR-000695,address,,,
ADR-001334,address,,,
ADR-001504,address,,,
ADR-000377,address,,,
ADR-001247,address,,,
ADR-000944,address,,,
ADR-001266,address,,,
ADR-000752,address,,,
ADR-001190,address,,,
ADR-000241,address,,,
ADR-001518,address,,,
ADR-000818,address,,,
ADR-000980,address,,,
ADR-001163,address,,,
ADR-000481,address,,,
ADR-001768,address,,,
ADR-001351,address,,,
ADR-000249,address,,,
ADR-000095,address,,,
ADR-001133,address,,,
ADR-001682,address,,,
ADR-000282,address,,,
ADR-001772,address,,,
ADR-001731,address,,,
ADR-000938,address,,,
ADR-000543,address,,,
ADR-000798,address,,,
ADR-001651,address,,,
ADR-000161,address,,,
ADR-000109,address,,,
ADR-001752,address,,,
ADR-001540,address,,,
ADR-000696,address,,,
ADR-000307,address,,,
ADR-001570,address,,,
ADR-000103,address,,,
ADR-001164,address,,,
ADR-001136,address,,,
ADR-000106,address,,,
ADR-000922,address,,,
ADR-000928,address,,,
ADR-001700,address,,,
ADR-000458,address,,,
ADR-000748,address,,,
ADR-000925,address,,,
ADR-000845,address,,,
ADR-000057,address,,,
ADR-000514,address,,,
ADR-000948,address,,,
ADR-000094,address,,,
ADR-000296,address,,,
ADR-000834,address,,,
ADR-000407,address,,,
ADR-000553,address,,,
ADR-001249,address,,,
ADR-001050,address,,,
ADR-000988,address,,,
ADR-000314,address,,,
ADR-001049,address,,,
ADR-001541,address,,,
ADR-000960,address,,,
ADR-001114,address,,,
ADR-000744,address,,,
ADR-000167,address,,,
ADR-001645,address,,,
ADR-001362,address,,,
ADR-001415,address,,,
ADR-000446,address,,,
ADR-001155,address,,,
ADR-000624,address,,,
ADR-000965,address,,,
ADR-000381,address,,,
ADR-001565,address,,,
ADR-000451,address,,,
ADR-001775,address,,,
ADR-001156,address,,,
ADR-001432,address,,,
ADR-000082,address,,,
ADR-000645,address,,,
ADR-000432,address,,,
ADR-000235,address,,,
ADR-001376,address,,,
ADR-000964,address,,,
ADR-000537,address,,,
ADR-000415,address,,,
ADR-001421,address,,,
ADR-000465,address,,,
ADR-000677,address,,,
ADR-000774,address,,,
ADR-000421,address,,,
ADR-000582,address,,,
ADR-000088,address,,,
ADR-001665,address,,,
ADR-000356,address,,,
ADR-001357,address,,,
ADR-000074,address,,,
ADR-000659,address,,,
ADR-000602,address,,,
ADR-000493,address,,,
ADR-000907,address,,,
ADR-001606,address,,,
ADR-000902,address,,,
ADR-000601,address,,,
ADR-000767,address,,,
ADR-000297,address,,,
ADR-000188,address,,,
ADR-001465,address,,,
ADR-001246,address,,,
ADR-000956,address,,,
ADR-000894,address,,,
ADR-000034,address,,,
ADR-001748,address,,,
ADR-001792,address,,,
ADR-001234,address,,,
ADR-001271,address,,,
ADR-001597,address,,,
ADR-001389,address,,,
ADR-001117,address,,,
ADR-001586,address,,,
ADR-000323,address,,,
ADR-001056,address,,,
ADR-000379,address,,,
ADR-001112,address,,,
ADR-000061,address,,,
ADR-001425,address,,,
ADR-001634,address,,,
ADR-000914,address,,,
ADR-001496,address,,,
ADR-001256,address,,,
ADR-001022,address,,,
ADR-000496,address,,,
ADR-001600,address,,,
ADR-001482,address,,,
ADR-001450,address,,,
ADR-000418,address,,,
ADR-000573,address,,,
ADR-000123,address,,,
ADR-001138,address,,,
ADR-000996,address,,,
ADR-000128,address,,,
ADR-001245,address,,,
ADR-000224,address,,,
ADR-000986,address,,,
ADR-001307,address,,,
ADR-000572,address,,,
ADR-000267,address,,,
ADR-000630,address,,,
ADR-001619,address,,,
ADR-000910,address,,,
ADR-001770,address,,,
ADR-001574,address,,,
ADR-000001,address,,,
ADR-001240,address,,,
ADR-001172,address,,,
ADR-001243,address,,,
ADR-000921,address,,,
ADR-000435,address,,,
ADR-000719,address,,,
ADR-000020,address,,,
ADR-001394,address,,,
ADR-000058,address,,,
ADR-001173,address,,,
ADR-001532,address,,,
ADR-000229,address,,,
ADR-000012,address,,,
ADR-000483,address,,,
ADR-001195,address,,,
ADR-000142,address,,,
ADR-001159,address,,,
ADR-001787,address,,,
ADR-001231,address,,,
ADR-000247,address,,,
ADR-001436,address,,,
ADR-000970,address,,,
ADR-001000,address,,,
ADR-001032,address,,,
ADR-000171,address,,,
ADR-000728,address,,,
ADR-001144,address,,,
ADR-001345,address,,,
ADR-001025,address,,,
ADR-001094,address,,,
ADR-001235,address,,,
ADR-001109,address,,,
ADR-001664,address,,,
ADR-001534,address,,,
ADR-001369,address,,,
ADR-000056,address,,,
ADR-000100,address,,,
ADR-000706,address,,,
ADR-000093,address,,,
ADR-001375,address,,,
ADR-000459,address,,,
ADR-000248,address,,,
ADR-001739,address,,,
ADR-000457,address,,,
ADR-001250,address,,,
ADR-001043,address,,,
ADR-001721,address,,,
ADR-000883,address,,,
ADR-001490,address,,,
ADR-000709,address,,,
ADR-000727,address,,,
ADR-001404,address,,,
ADR-001141,address,,,
ADR-001750,address,,,
ADR-001120,address,,,
ADR-001215,address,,,
ADR-001217,address,,,
ADR-000766,address,,,
ADR-001648,address,,,
ADR-001301,address,,,
ADR-000880,address,,,
ADR-000943,address,,,
ADR-000982,address,,,
ADR-000452,address,,,
ADR-001557,address,,,
ADR-001264,address,,,
ADR-000169,address,,,
ADR-000912,address,,,
ADR-001696,address,,,
ADR-000757,address,,,
ADR-001759,address,,,
ADR-000440,address,,,
ADR-001044,address,,,
ADR-000976,address,,,
ADR-000464,address,,,
ADR-001160,address,,,
ADR-001688,address,,,
ADR-001607,address,,,
ADR-001251,address,,,
ADR-000428,address,,,
ADR-000352,address,,,
ADR-001712,address,,,
ADR-000330,address,,,
ADR-001633,address,,,
ADR-001625,address,,,
ADR-000837,address,,,
ADR-001170,address,,,
ADR-001538,address,,,
ADR-000406,address,,,
ADR-000959,address,,,
ADR-001339,address,,,
ADR-001073,address,,,
ADR-001762,address,,,
ADR-001031,address,,,
ADR-000256,address,,,
ADR-000686,address,,,
ADR-000141,address,,,
ADR-000868,address,,,
ADR-000552,address,,,
ADR-000513,address,,,
ADR-001559,address,,,
ADR-001593,address,,,
ADR-001062,address,,,
ADR-000701,address,,,
ADR-001297,address,,,
ADR-001697,address,,,
ADR-000924,address,,,
ADR-000618,address,,,
ADR-000349,address,,,
ADR-000388,address,,,
ADR-001622,address,,,
ADR-000519,address,,,
ADR-000878,address,,,
ADR-000993,address,,,
ADR-000098,address,,,
ADR-000408,address,,,
ADR-000076,address,,,
ADR-000625,address,,,
ADR-001311,address,,,
ADR-000997,address,,,
ADR-001677,address,,,
ADR-001466,address,,,
ADR-001463,address,,,
ADR-000563,address,,,
ADR-000700,address,,,
ADR-001238,address,,,
ADR-001196,address,,,
ADR-000875,address,,,
ADR-001393,address,,,
ADR-000547,address,,,
ADR-000071,address,,,
ADR-000073,address,,,
ADR-000383,address,,,
ADR-000930,address,,,
ADR-000260,address,,,
ADR-001337,address,,,
ADR-000006,address,,,
ADR-000433,address,,,
ADR-001556,address,,,
ADR-000721,address,,,
ADR-000392,address,,,
ADR-000952,address,,,
ADR-001628,address,,,
ADR-000374,address,,,
ADR-000393,address,,,
ADR-001608,address,,,
ADR-001602,address,,,
ADR-001197,address,,,
ADR-000753,address,,,
ADR-001316,address,,,
ADR-001493,address,,,
ADR-000052,address,,,
ADR-001735,address,,,
ADR-001396,address,,,
ADR-001285,address,,,
ADR-001406,address,,,
ADR-000663,address,,,
ADR-001225,address,,,
ADR-000694,address,,,
ADR-001082,address,,,
ADR-000456,address,,,
ADR-000679,address,,,
ADR-001663,address,,,
ADR-000086,address,,,
ADR-000544,address,,,
ADR-001391,address,,,
ADR-000653,address,,,
ADR-000285,address,,,
ADR-001403,address,,,
ADR-001192,address,,,
ADR-000429,address,,,
ADR-000866,address,,,
ADR-001551,address,,,
ADR-000211,address,,,
ADR-000989,address,,,
ADR-000824,address,,,
ADR-000674,address,,,
ADR-001519,address,,,
ADR-000308,address,,,
ADR-000549,address,,,
ADR-000312,address,,,
ADR-001531,address,,,
PAY-000001,payment_account,,,
PAY-000002,payment_account,,,
PAY-000003,payment_account,,,
PAY-000004,payment_account,,,
PAY-000005,payment_account,,,
PAY-000006,payment_account,,,
PAY-000007,payment_account,,,
PAY-000008,payment_account,,,
PAY-000009,payment_account,,,
PAY-000010,payment_account,,,
PAY-000011,payment_account,,,
PAY-000012,payment_account,,,
PAY-000013,payment_account,,,
PAY-000014,payment_account,,,
PAY-000015,payment_account,,,
PAY-000849,payment_account,,,
PAY-000017,payment_account,,,
PAY-000018,payment_account,,,
PAY-000019,payment_account,,,
PAY-000020,payment_account,,,
PAY-000021,payment_account,,,
PAY-000022,payment_account,,,
PAY-000023,payment_account,,,
PAY-000024,payment_account,,,
PAY-000025,payment_account,,,
PAY-000026,payment_account,,,
PAY-000027,payment_account,,,
PAY-000028,payment_account,,,
PAY-000029,payment_account,,,
PAY-000030,payment_account,,,
PAY-000031,payment_account,,,
PAY-000032,payment_account,,,
PAY-000033,payment_account,,,
PAY-000034,payment_account,,,
PAY-000035,payment_account,,,
PAY-000036,payment_account,,,
PAY-000037,payment_account,,,
PAY-000038,payment_account,,,
PAY-000039,payment_account,,,
PAY-000040,payment_account,,,
PAY-000041,payment_account,,,
PAY-000042,payment_account,,,
PAY-000043,payment_account,,,
PAY-000044,payment_account,,,
PAY-000045,payment_account,,,
PAY-000046,payment_account,,,
PAY-000047,payment_account,,,
PAY-000048,payment_account,,,
PAY-000049,payment_account,,,
PAY-000050,payment_account,,,
PAY-000051,payment_account,,,
PAY-000052,payment_account,,,
PAY-000053,payment_account,,,
PAY-000054,payment_account,,,
PAY-000055,payment_account,,,
PAY-000056,payment_account,,,
PAY-000057,payment_account,,,
PAY-000058,payment_account,,,
PAY-000059,payment_account,,,
PAY-000060,payment_account,,,
PAY-000061,payment_account,,,
PAY-000062,payment_account,,,
PAY-000063,payment_account,,,
PAY-000064,payment_account,,,
PAY-000065,payment_account,,,
PAY-000066,payment_account,,,
PAY-000067,payment_account,,,
PAY-000068,payment_account,,,
PAY-000069,payment_account,,,
PAY-000070,payment_account,,,
PAY-000071,payment_account,,,
PAY-002220,payment_account,,,
PAY-000073,payment_account,,,
PAY-000074,payment_account,,,
PAY-001532,payment_account,,,
PAY-000076,payment_account,,,
PAY-000077,payment_account,,,
PAY-000078,payment_account,,,
PAY-000079,payment_account,,,
PAY-000080,payment_account,,,
PAY-000081,payment_account,,,
PAY-000082,payment_account,,,
PAY-000083,payment_account,,,
PAY-000084,payment_account,,,
PAY-000085,payment_account,,,
PAY-000086,payment_account,,,
PAY-000087,payment_account,,,
PAY-000088,payment_account,,,
PAY-000089,payment_account,,,
PAY-000090,payment_account,,,
PAY-000091,payment_account,,,
PAY-000092,payment_account,,,
PAY-000093,payment_account,,,
PAY-000094,payment_account,,,
PAY-000095,payment_account,,,
PAY-000096,payment_account,,,
PAY-000097,payment_account,,,
PAY-000098,payment_account,,,
PAY-000099,payment_account,,,
PAY-000100,payment_account,,,
PAY-000101,payment_account,,,
PAY-000102,payment_account,,,
PAY-000103,payment_account,,,
PAY-000104,payment_account,,,
PAY-001271,payment_account,,,
PAY-000106,payment_account,,,
PAY-000107,payment_account,,,
PAY-000108,payment_account,,,
PAY-000109,payment_account,,,
PAY-000110,payment_account,,,
PAY-000111,payment_account,,,
PAY-000112,payment_account,,,
PAY-000113,payment_account,,,
PAY-000114,payment_account,,,
PAY-000115,payment_account,,,
PAY-000116,payment_account,,,
PAY-000117,payment_account,,,
PAY-000118,payment_account,,,
PAY-000119,payment_account,,,
PAY-000120,payment_account,,,
PAY-000121,payment_account,,,
PAY-000122,payment_account,,,
PAY-000123,payment_account,,,
PAY-000124,payment_account,,,
PAY-000125,payment_account,,,
PAY-000126,payment_account,,,
PAY-000127,payment_account,,,
PAY-000128,payment_account,,,
PAY-000129,payment_account,,,
PAY-000130,payment_account,,,
PAY-000131,payment_account,,,
PAY-000132,payment_account,,,
PAY-000133,payment_account,,,
PAY-000134,payment_account,,,
PAY-000135,payment_account,,,
PAY-000136,payment_account,,,
PAY-000137,payment_account,,,
PAY-000138,payment_account,,,
PAY-000139,payment_account,,,
PAY-000140,payment_account,,,
PAY-000141,payment_account,,,
PAY-000142,payment_account,,,
PAY-000143,payment_account,,,
PAY-000144,payment_account,,,
PAY-000145,payment_account,,,
PAY-000146,payment_account,,,
PAY-000147,payment_account,,,
PAY-000148,payment_account,,,
PAY-000149,payment_account,,,
PAY-000150,payment_account,,,
PAY-000151,payment_account,,,
PAY-000152,payment_account,,,
PAY-000153,payment_account,,,
PAY-000154,payment_account,,,
PAY-000155,payment_account,,,
PAY-000156,payment_account,,,
PAY-000157,payment_account,,,
PAY-000158,payment_account,,,
PAY-000159,payment_account,,,
PAY-000160,payment_account,,,
PAY-000161,payment_account,,,
PAY-000162,payment_account,,,
PAY-000163,payment_account,,,
PAY-000164,payment_account,,,
PAY-000165,payment_account,,,
PAY-000166,payment_account,,,
PAY-000167,payment_account,,,
PAY-000168,payment_account,,,
PAY-000169,payment_account,,,
PAY-000170,payment_account,,,
PAY-000171,payment_account,,,
PAY-000172,payment_account,,,
PAY-000173,payment_account,,,
PAY-000174,payment_account,,,
PAY-000175,payment_account,,,
PAY-000176,payment_account,,,
PAY-000177,payment_account,,,
PAY-000178,payment_account,,,
PAY-000179,payment_account,,,
PAY-000180,payment_account,,,
PAY-000181,payment_account,,,
PAY-000182,payment_account,,,
PAY-000183,payment_account,,,
PAY-000184,payment_account,,,
PAY-000185,payment_account,,,
PAY-000186,payment_account,,,
PAY-000187,payment_account,,,
PAY-000188,payment_account,,,
PAY-000189,payment_account,,,
PAY-000190,payment_account,,,
PAY-000191,payment_account,,,
PAY-000192,payment_account,,,
PAY-000193,payment_account,,,
PAY-000194,payment_account,,,
PAY-000195,payment_account,,,
PAY-000196,payment_account,,,
PAY-000197,payment_account,,,
PAY-000198,payment_account,,,
PAY-000199,payment_account,,,
PAY-000200,payment_account,,,
PAY-000201,payment_account,,,
PAY-000202,payment_account,,,
PAY-000203,payment_account,,,
PAY-000204,payment_account,,,
PAY-000205,payment_account,,,
PAY-000206,payment_account,,,
PAY-000207,payment_account,,,
PAY-000208,payment_account,,,
PAY-000209,payment_account,,,
PAY-000210,payment_account,,,
PAY-000211,payment_account,,,
PAY-000212,payment_account,,,
PAY-000213,payment_account,,,
PAY-000214,payment_account,,,
PAY-000215,payment_account,,,
PAY-000216,payment_account,,,
PAY-000217,payment_account,,,
PAY-000218,payment_account,,,
PAY-000219,payment_account,,,
PAY-000220,payment_account,,,
PAY-000221,payment_account,,,
PAY-000222,payment_account,,,
PAY-000223,payment_account,,,
PAY-000224,payment_account,,,
PAY-000225,payment_account,,,
PAY-000226,payment_account,,,
PAY-000227,payment_account,,,
PAY-000228,payment_account,,,
PAY-000229,payment_account,,,
PAY-000230,payment_account,,,
PAY-000231,payment_account,,,
PAY-000232,payment_account,,,
PAY-000233,payment_account,,,
PAY-000234,payment_account,,,
PAY-000235,payment_account,,,
PAY-000236,payment_account,,,
PAY-000237,payment_account,,,
PAY-000238,payment_account,,,
PAY-000239,payment_account,,,
PAY-000240,payment_account,,,
PAY-000241,payment_account,,,
PAY-000242,payment_account,,,
PAY-000243,payment_account,,,
PAY-000244,payment_account,,,
PAY-000245,payment_account,,,
PAY-000246,payment_account,,,
PAY-000247,payment_account,,,
PAY-000248,payment_account,,,
PAY-000249,payment_account,,,
PAY-000250,payment_account,,,
PAY-000251,payment_account,,,
PAY-000252,payment_account,,,
PAY-000253,payment_account,,,
PAY-000254,payment_account,,,
PAY-000255,payment_account,,,
PAY-000256,payment_account,,,
PAY-000257,payment_account,,,
PAY-000258,payment_account,,,
PAY-000259,payment_account,,,
PAY-000260,payment_account,,,
PAY-000261,payment_account,,,
PAY-000262,payment_account,,,
PAY-000263,payment_account,,,
PAY-000264,payment_account,,,
PAY-000265,payment_account,,,
PAY-000266,payment_account,,,
PAY-000267,payment_account,,,
PAY-000268,payment_account,,,
PAY-000269,payment_account,,,
PAY-000270,payment_account,,,
PAY-000271,payment_account,,,
PAY-000272,payment_account,,,
PAY-000273,payment_account,,,
PAY-000274,payment_account,,,
PAY-000275,payment_account,,,
PAY-000276,payment_account,,,
PAY-000277,payment_account,,,
PAY-000278,payment_account,,,
PAY-000279,payment_account,,,
PAY-000280,payment_account,,,
PAY-000281,payment_account,,,
PAY-000282,payment_account,,,
PAY-000283,payment_account,,,
PAY-000284,payment_account,,,
PAY-000285,payment_account,,,
PAY-000286,payment_account,,,
PAY-000287,payment_account,,,
PAY-000288,payment_account,,,
PAY-000289,payment_account,,,
PAY-000290,payment_account,,,
PAY-000291,payment_account,,,
PAY-000292,payment_account,,,
PAY-000293,payment_account,,,
PAY-000294,payment_account,,,
PAY-000295,payment_account,,,
PAY-000296,payment_account,,,
PAY-000297,payment_account,,,
PAY-000298,payment_account,,,
PAY-000299,payment_account,,,
PAY-000300,payment_account,,,
PAY-000301,payment_account,,,
PAY-000302,payment_account,,,
PAY-000303,payment_account,,,
PAY-000304,payment_account,,,
PAY-000305,payment_account,,,
PAY-000306,payment_account,,,
PAY-000307,payment_account,,,
PAY-000308,payment_account,,,
PAY-000309,payment_account,,,
PAY-000310,payment_account,,,
PAY-000311,payment_account,,,
PAY-000312,payment_account,,,
PAY-000313,payment_account,,,
PAY-000314,payment_account,,,
PAY-000315,payment_account,,,
PAY-000316,payment_account,,,
PAY-000317,payment_account,,,
PAY-000318,payment_account,,,
PAY-000319,payment_account,,,
PAY-000320,payment_account,,,
PAY-000321,payment_account,,,
PAY-000880,payment_account,,,
PAY-000323,payment_account,,,
PAY-000324,payment_account,,,
PAY-000325,payment_account,,,
PAY-000326,payment_account,,,
PAY-000327,payment_account,,,
PAY-000328,payment_account,,,
PAY-000329,payment_account,,,
PAY-000330,payment_account,,,
PAY-000331,payment_account,,,
PAY-000332,payment_account,,,
PAY-000333,payment_account,,,
PAY-000334,payment_account,,,
PAY-000335,payment_account,,,
PAY-000336,payment_account,,,
PAY-000337,payment_account,,,
PAY-000338,payment_account,,,
PAY-000339,payment_account,,,
PAY-000340,payment_account,,,
PAY-000341,payment_account,,,
PAY-000342,payment_account,,,
PAY-000343,payment_account,,,
PAY-000344,payment_account,,,
PAY-000345,payment_account,,,
PAY-000346,payment_account,,,
PAY-000347,payment_account,,,
PAY-000348,payment_account,,,
PAY-000349,payment_account,,,
PAY-000350,payment_account,,,
PAY-000351,payment_account,,,
PAY-000352,payment_account,,,
PAY-000353,payment_account,,,
PAY-000354,payment_account,,,
PAY-000355,payment_account,,,
PAY-000356,payment_account,,,
PAY-000357,payment_account,,,
PAY-000358,payment_account,,,
PAY-000359,payment_account,,,
PAY-000360,payment_account,,,
PAY-000361,payment_account,,,
PAY-000362,payment_account,,,
PAY-000363,payment_account,,,
PAY-000364,payment_account,,,
PAY-000365,payment_account,,,
PAY-000366,payment_account,,,
PAY-000367,payment_account,,,
PAY-000368,payment_account,,,
PAY-000369,payment_account,,,
PAY-000370,payment_account,,,
PAY-000371,payment_account,,,
PAY-000372,payment_account,,,
PAY-000373,payment_account,,,
PAY-000374,payment_account,,,
PAY-000375,payment_account,,,
PAY-000376,payment_account,,,
PAY-000377,payment_account,,,
PAY-000378,payment_account,,,
PAY-000379,payment_account,,,
PAY-000380,payment_account,,,
PAY-000381,payment_account,,,
PAY-000382,payment_account,,,
PAY-000383,payment_account,,,
PAY-000384,payment_account,,,
PAY-000385,payment_account,,,
PAY-000386,payment_account,,,
PAY-000387,payment_account,,,
PAY-000388,payment_account,,,
PAY-000389,payment_account,,,
PAY-000390,payment_account,,,
PAY-000391,payment_account,,,
PAY-000392,payment_account,,,
PAY-000394,payment_account,,,
PAY-000395,payment_account,,,
PAY-000396,payment_account,,,
PAY-000397,payment_account,,,
PAY-000398,payment_account,,,
PAY-000399,payment_account,,,
PAY-000400,payment_account,,,
PAY-000401,payment_account,,,
PAY-000402,payment_account,,,
PAY-000403,payment_account,,,
PAY-000404,payment_account,,,
PAY-000405,payment_account,,,
PAY-000406,payment_account,,,
PAY-000407,payment_account,,,
PAY-000408,payment_account,,,
PAY-000409,payment_account,,,
PAY-000410,payment_account,,,
PAY-000411,payment_account,,,
PAY-000412,payment_account,,,
PAY-000413,payment_account,,,
PAY-000414,payment_account,,,
PAY-000415,payment_account,,,
PAY-000416,payment_account,,,
PAY-000417,payment_account,,,
PAY-000418,payment_account,,,
PAY-000419,payment_account,,,
PAY-000420,payment_account,,,
PAY-000421,payment_account,,,
PAY-000422,payment_account,,,
PAY-000423,payment_account,,,
PAY-000424,payment_account,,,
PAY-000425,payment_account,,,
PAY-000426,payment_account,,,
PAY-000427,payment_account,,,
PAY-000428,payment_account,,,
PAY-000429,payment_account,,,
PAY-000430,payment_account,,,
PAY-000431,payment_account,,,
PAY-000432,payment_account,,,
PAY-000433,payment_account,,,
PAY-000434,payment_account,,,
PAY-000435,payment_account,,,
PAY-000436,payment_account,,,
PAY-000437,payment_account,,,
PAY-000438,payment_account,,,
PAY-000439,payment_account,,,
PAY-000440,payment_account,,,
PAY-000441,payment_account,,,
PAY-000442,payment_account,,,
PAY-000443,payment_account,,,
PAY-000444,payment_account,,,
PAY-000445,payment_account,,,
PAY-000446,payment_account,,,
PAY-000447,payment_account,,,
PAY-000448,payment_account,,,
PAY-000449,payment_account,,,
PAY-000450,payment_account,,,
PAY-000451,payment_account,,,
PAY-000452,payment_account,,,
PAY-000453,payment_account,,,
PAY-000454,payment_account,,,
PAY-000455,payment_account,,,
PAY-000456,payment_account,,,
PAY-000457,payment_account,,,
PAY-000458,payment_account,,,
PAY-000459,payment_account,,,
PAY-000460,payment_account,,,
PAY-000461,payment_account,,,
PAY-000462,payment_account,,,
PAY-000463,payment_account,,,
PAY-000464,payment_account,,,
PAY-000465,payment_account,,,
PAY-000466,payment_account,,,
PAY-000467,payment_account,,,
PAY-000468,payment_account,,,
PAY-000469,payment_account,,,
PAY-000470,payment_account,,,
PAY-000471,payment_account,,,
PAY-000472,payment_account,,,
PAY-000473,payment_account,,,
PAY-000474,payment_account,,,
PAY-000475,payment_account,,,
PAY-000476,payment_account,,,
PAY-000477,payment_account,,,
PAY-000478,payment_account,,,
PAY-000479,payment_account,,,
PAY-000480,payment_account,,,
PAY-000481,payment_account,,,
PAY-000482,payment_account,,,
PAY-000483,payment_account,,,
PAY-000484,payment_account,,,
PAY-000485,payment_account,,,
PAY-000486,payment_account,,,
PAY-000487,payment_account,,,
PAY-000488,payment_account,,,
PAY-000489,payment_account,,,
PAY-000490,payment_account,,,
PAY-000491,payment_account,,,
PAY-000492,payment_account,,,
PAY-000493,payment_account,,,
PAY-000494,payment_account,,,
PAY-000495,payment_account,,,
PAY-000496,payment_account,,,
PAY-000497,payment_account,,,
PAY-000498,payment_account,,,
PAY-000499,payment_account,,,
PAY-000500,payment_account,,,
PAY-000501,payment_account,,,
PAY-000502,payment_account,,,
PAY-000503,payment_account,,,
PAY-000504,payment_account,,,
PAY-000505,payment_account,,,
PAY-000506,payment_account,,,
PAY-000507,payment_account,,,
PAY-000508,payment_account,,,
PAY-000509,payment_account,,,
PAY-000510,payment_account,,,
PAY-000511,payment_account,,,
PAY-000512,payment_account,,,
PAY-000513,payment_account,,,
PAY-000514,payment_account,,,
PAY-000515,payment_account,,,
PAY-000516,payment_account,,,
PAY-000517,payment_account,,,
PAY-000518,payment_account,,,
PAY-000519,payment_account,,,
PAY-000520,payment_account,,,
PAY-000521,payment_account,,,
PAY-000522,payment_account,,,
PAY-000523,payment_account,,,
PAY-000524,payment_account,,,
PAY-000525,payment_account,,,
PAY-000526,payment_account,,,
PAY-000527,payment_account,,,
PAY-000528,payment_account,,,
PAY-002407,payment_account,,,
PAY-000530,payment_account,,,
PAY-000531,payment_account,,,
PAY-000532,payment_account,,,
PAY-000533,payment_account,,,
PAY-000534,payment_account,,,
PAY-000535,payment_account,,,
PAY-000536,payment_account,,,
PAY-000537,payment_account,,,
PAY-000538,payment_account,,,
PAY-000539,payment_account,,,
PAY-000540,payment_account,,,
PAY-000541,payment_account,,,
PAY-000542,payment_account,,,
PAY-000543,payment_account,,,
PAY-000544,payment_account,,,
PAY-000545,payment_account,,,
PAY-000546,payment_account,,,
PAY-000547,payment_account,,,
PAY-000548,payment_account,,,
PAY-000549,payment_account,,,
PAY-000550,payment_account,,,
PAY-000551,payment_account,,,
PAY-000552,payment_account,,,
PAY-000553,payment_account,,,
PAY-000554,payment_account,,,
PAY-000555,payment_account,,,
PAY-000556,payment_account,,,
PAY-000557,payment_account,,,
PAY-000558,payment_account,,,
PAY-000559,payment_account,,,
PAY-000560,payment_account,,,
PAY-000561,payment_account,,,
PAY-000562,payment_account,,,
PAY-000563,payment_account,,,
PAY-000564,payment_account,,,
PAY-000565,payment_account,,,
PAY-000566,payment_account,,,
PAY-000568,payment_account,,,
PAY-000569,payment_account,,,
PAY-000570,payment_account,,,
PAY-000571,payment_account,,,
PAY-000572,payment_account,,,
PAY-000573,payment_account,,,
PAY-000574,payment_account,,,
PAY-000575,payment_account,,,
PAY-000576,payment_account,,,
PAY-000577,payment_account,,,
PAY-000578,payment_account,,,
PAY-000579,payment_account,,,
PAY-000580,payment_account,,,
PAY-000581,payment_account,,,
PAY-000582,payment_account,,,
PAY-000583,payment_account,,,
PAY-000584,payment_account,,,
PAY-000585,payment_account,,,
PAY-000586,payment_account,,,
PAY-000587,payment_account,,,
PAY-000588,payment_account,,,
PAY-000589,payment_account,,,
PAY-000590,payment_account,,,
PAY-000591,payment_account,,,
PAY-000592,payment_account,,,
PAY-000593,payment_account,,,
PAY-000594,payment_account,,,
PAY-000595,payment_account,,,
PAY-000596,payment_account,,,
PAY-000597,payment_account,,,
PAY-000598,payment_account,,,
PAY-000599,payment_account,,,
PAY-000600,payment_account,,,
PAY-000601,payment_account,,,
PAY-000603,payment_account,,,
PAY-000604,payment_account,,,
PAY-000605,payment_account,,,
PAY-000606,payment_account,,,
PAY-000607,payment_account,,,
PAY-000608,payment_account,,,
PAY-000609,payment_account,,,
PAY-000610,payment_account,,,
PAY-000611,payment_account,,,
PAY-000612,payment_account,,,
PAY-000613,payment_account,,,
PAY-000614,payment_account,,,
PAY-000615,payment_account,,,
PAY-000616,payment_account,,,
PAY-000617,payment_account,,,
PAY-000618,payment_account,,,
PAY-000619,payment_account,,,
PAY-000620,payment_account,,,
PAY-000621,payment_account,,,
PAY-000622,payment_account,,,
PAY-000623,payment_account,,,
PAY-000624,payment_account,,,
PAY-000625,payment_account,,,
PAY-000626,payment_account,,,
PAY-000627,payment_account,,,
PAY-000628,payment_account,,,
PAY-000629,payment_account,,,
PAY-000630,payment_account,,,
PAY-002903,payment_account,,,
PAY-000632,payment_account,,,
PAY-000633,payment_account,,,
PAY-000634,payment_account,,,
PAY-000635,payment_account,,,
PAY-000636,payment_account,,,
PAY-000637,payment_account,,,
PAY-000638,payment_account,,,
PAY-000639,payment_account,,,
PAY-000640,payment_account,,,
PAY-000641,payment_account,,,
PAY-000642,payment_account,,,
PAY-000643,payment_account,,,
PAY-000644,payment_account,,,
PAY-000645,payment_account,,,
PAY-000646,payment_account,,,
PAY-000647,payment_account,,,
PAY-000648,payment_account,,,
PAY-000649,payment_account,,,
PAY-000650,payment_account,,,
PAY-000651,payment_account,,,
PAY-000652,payment_account,,,
PAY-000653,payment_account,,,
PAY-000654,payment_account,,,
PAY-000655,payment_account,,,
PAY-000656,payment_account,,,
PAY-000657,payment_account,,,
PAY-000658,payment_account,,,
PAY-000659,payment_account,,,
PAY-000660,payment_account,,,
PAY-000661,payment_account,,,
PAY-000662,payment_account,,,
PAY-000663,payment_account,,,
PAY-000664,payment_account,,,
PAY-000665,payment_account,,,
PAY-000666,payment_account,,,
PAY-000667,payment_account,,,
PAY-000668,payment_account,,,
PAY-000669,payment_account,,,
PAY-000670,payment_account,,,
PAY-000671,payment_account,,,
PAY-000672,payment_account,,,
PAY-000673,payment_account,,,
PAY-000674,payment_account,,,
PAY-000675,payment_account,,,
PAY-000676,payment_account,,,
PAY-000677,payment_account,,,
PAY-000678,payment_account,,,
PAY-000679,payment_account,,,
PAY-000680,payment_account,,,
PAY-000681,payment_account,,,
PAY-000682,payment_account,,,
PAY-000683,payment_account,,,
PAY-000684,payment_account,,,
PAY-000685,payment_account,,,
PAY-000686,payment_account,,,
PAY-000687,payment_account,,,
PAY-000688,payment_account,,,
PAY-000689,payment_account,,,
PAY-000690,payment_account,,,
PAY-000691,payment_account,,,
PAY-000692,payment_account,,,
PAY-000693,payment_account,,,
PAY-000694,payment_account,,,
PAY-000695,payment_account,,,
PAY-000696,payment_account,,,
PAY-000697,payment_account,,,
PAY-000698,payment_account,,,
PAY-000699,payment_account,,,
PAY-000700,payment_account,,,
PAY-000701,payment_account,,,
PAY-000702,payment_account,,,
PAY-000703,payment_account,,,
PAY-000704,payment_account,,,
PAY-000705,payment_account,,,
PAY-000706,payment_account,,,
PAY-000707,payment_account,,,
PAY-000708,payment_account,,,
PAY-000709,payment_account,,,
PAY-000710,payment_account,,,
PAY-000711,payment_account,,,
PAY-000712,payment_account,,,
PAY-000713,payment_account,,,
PAY-000714,payment_account,,,
PAY-000715,payment_account,,,
PAY-000716,payment_account,,,
PAY-000717,payment_account,,,
PAY-000718,payment_account,,,
PAY-000719,payment_account,,,
PAY-000720,payment_account,,,
PAY-000721,payment_account,,,
PAY-000722,payment_account,,,
PAY-000723,payment_account,,,
PAY-000724,payment_account,,,
PAY-000725,payment_account,,,
PAY-000726,payment_account,,,
PAY-000727,payment_account,,,
PAY-000728,payment_account,,,
PAY-000729,payment_account,,,
PAY-000730,payment_account,,,
PAY-000731,payment_account,,,
PAY-000732,payment_account,,,
PAY-000733,payment_account,,,
PAY-000734,payment_account,,,
PAY-000735,payment_account,,,
PAY-000736,payment_account,,,
PAY-000737,payment_account,,,
PAY-000738,payment_account,,,
PAY-000739,payment_account,,,
PAY-002905,payment_account,,,
PAY-000741,payment_account,,,
PAY-000742,payment_account,,,
PAY-000743,payment_account,,,
PAY-000744,payment_account,,,
PAY-000745,payment_account,,,
PAY-000746,payment_account,,,
PAY-000747,payment_account,,,
PAY-000748,payment_account,,,
PAY-000749,payment_account,,,
PAY-000750,payment_account,,,
PAY-000751,payment_account,,,
PAY-000752,payment_account,,,
PAY-000753,payment_account,,,
PAY-000754,payment_account,,,
PAY-000755,payment_account,,,
PAY-000756,payment_account,,,
PAY-000757,payment_account,,,
PAY-000758,payment_account,,,
PAY-000759,payment_account,,,
PAY-000760,payment_account,,,
PAY-000761,payment_account,,,
PAY-000762,payment_account,,,
PAY-000763,payment_account,,,
PAY-000764,payment_account,,,
PAY-000765,payment_account,,,
PAY-000766,payment_account,,,
PAY-000767,payment_account,,,
PAY-000768,payment_account,,,
PAY-000769,payment_account,,,
PAY-000770,payment_account,,,
PAY-000771,payment_account,,,
PAY-000772,payment_account,,,
PAY-000773,payment_account,,,
PAY-000774,payment_account,,,
PAY-000775,payment_account,,,
PAY-000776,payment_account,,,
PAY-000777,payment_account,,,
PAY-000778,payment_account,,,
PAY-000779,payment_account,,,
PAY-000780,payment_account,,,
PAY-000782,payment_account,,,
PAY-000783,payment_account,,,
PAY-000784,payment_account,,,
PAY-000785,payment_account,,,
PAY-000786,payment_account,,,
PAY-000787,payment_account,,,
PAY-000788,payment_account,,,
PAY-000789,payment_account,,,
PAY-000790,payment_account,,,
PAY-000791,payment_account,,,
PAY-000793,payment_account,,,
PAY-000794,payment_account,,,
PAY-000795,payment_account,,,
PAY-000796,payment_account,,,
PAY-000797,payment_account,,,
PAY-000798,payment_account,,,
PAY-000799,payment_account,,,
PAY-000800,payment_account,,,
PAY-000801,payment_account,,,
PAY-000802,payment_account,,,
PAY-000803,payment_account,,,
PAY-000804,payment_account,,,
PAY-000805,payment_account,,,
PAY-000806,payment_account,,,
PAY-000807,payment_account,,,
PAY-000808,payment_account,,,
PAY-000809,payment_account,,,
PAY-000810,payment_account,,,
PAY-000811,payment_account,,,
PAY-000812,payment_account,,,
PAY-000813,payment_account,,,
PAY-000814,payment_account,,,
PAY-000815,payment_account,,,
PAY-000816,payment_account,,,
PAY-000817,payment_account,,,
PAY-000818,payment_account,,,
PAY-000819,payment_account,,,
PAY-000820,payment_account,,,
PAY-000821,payment_account,,,
PAY-000822,payment_account,,,
PAY-000824,payment_account,,,
PAY-000825,payment_account,,,
PAY-000826,payment_account,,,
PAY-000827,payment_account,,,
PAY-000828,payment_account,,,
PAY-000829,payment_account,,,
PAY-000830,payment_account,,,
PAY-000831,payment_account,,,
PAY-000832,payment_account,,,
PAY-000833,payment_account,,,
PAY-000834,payment_account,,,
PAY-000835,payment_account,,,
PAY-000836,payment_account,,,
PAY-000837,payment_account,,,
PAY-000838,payment_account,,,
PAY-000839,payment_account,,,
PAY-000840,payment_account,,,
PAY-000841,payment_account,,,
PAY-000842,payment_account,,,
PAY-000843,payment_account,,,
PAY-000844,payment_account,,,
PAY-000845,payment_account,,,
PAY-000846,payment_account,,,
PAY-000847,payment_account,,,
PAY-000848,payment_account,,,
PAY-000850,payment_account,,,
PAY-000851,payment_account,,,
PAY-000852,payment_account,,,
PAY-000853,payment_account,,,
PAY-000854,payment_account,,,
PAY-000855,payment_account,,,
PAY-000856,payment_account,,,
PAY-000857,payment_account,,,
PAY-000858,payment_account,,,
PAY-000859,payment_account,,,
PAY-000860,payment_account,,,
PAY-000861,payment_account,,,
PAY-000862,payment_account,,,
PAY-000863,payment_account,,,
PAY-000864,payment_account,,,
PAY-000865,payment_account,,,
PAY-000866,payment_account,,,
PAY-000867,payment_account,,,
PAY-000868,payment_account,,,
PAY-000869,payment_account,,,
PAY-000870,payment_account,,,
PAY-000871,payment_account,,,
PAY-000872,payment_account,,,
PAY-000873,payment_account,,,
PAY-000874,payment_account,,,
PAY-000875,payment_account,,,
PAY-000876,payment_account,,,
PAY-000877,payment_account,,,
PAY-000878,payment_account,,,
PAY-000879,payment_account,,,
PAY-000881,payment_account,,,
PAY-000882,payment_account,,,
PAY-000883,payment_account,,,
PAY-000884,payment_account,,,
PAY-000885,payment_account,,,
PAY-000886,payment_account,,,
PAY-000887,payment_account,,,
PAY-000888,payment_account,,,
PAY-000889,payment_account,,,
PAY-000890,payment_account,,,
PAY-000891,payment_account,,,
PAY-000892,payment_account,,,
PAY-000893,payment_account,,,
PAY-000894,payment_account,,,
PAY-000895,payment_account,,,
PAY-000896,payment_account,,,
PAY-000897,payment_account,,,
PAY-000898,payment_account,,,
PAY-000899,payment_account,,,
PAY-000900,payment_account,,,
PAY-000901,payment_account,,,
PAY-000902,payment_account,,,
PAY-000903,payment_account,,,
PAY-000904,payment_account,,,
PAY-000905,payment_account,,,
PAY-000906,payment_account,,,
PAY-000907,payment_account,,,
PAY-000908,payment_account,,,
PAY-000909,payment_account,,,
PAY-000910,payment_account,,,
PAY-000911,payment_account,,,
PAY-000912,payment_account,,,
PAY-000913,payment_account,,,
PAY-000914,payment_account,,,
PAY-000916,payment_account,,,
PAY-000917,payment_account,,,
PAY-000918,payment_account,,,
PAY-000919,payment_account,,,
PAY-000920,payment_account,,,
PAY-000921,payment_account,,,
PAY-000922,payment_account,,,
PAY-000923,payment_account,,,
PAY-000924,payment_account,,,
PAY-000925,payment_account,,,
PAY-000926,payment_account,,,
PAY-000927,payment_account,,,
PAY-000928,payment_account,,,
PAY-000929,payment_account,,,
PAY-000930,payment_account,,,
PAY-000931,payment_account,,,
PAY-000932,payment_account,,,
PAY-000933,payment_account,,,
PAY-000934,payment_account,,,
PAY-000935,payment_account,,,
PAY-000936,payment_account,,,
PAY-000937,payment_account,,,
PAY-000938,payment_account,,,
PAY-000939,payment_account,,,
PAY-000940,payment_account,,,
PAY-000941,payment_account,,,
PAY-000942,payment_account,,,
PAY-000943,payment_account,,,
PAY-000944,payment_account,,,
PAY-000945,payment_account,,,
PAY-000946,payment_account,,,
PAY-000947,payment_account,,,
PAY-000948,payment_account,,,
PAY-000949,payment_account,,,
PAY-000950,payment_account,,,
PAY-000951,payment_account,,,
PAY-000952,payment_account,,,
PAY-000953,payment_account,,,
PAY-000954,payment_account,,,
PAY-000956,payment_account,,,
PAY-000957,payment_account,,,
PAY-000958,payment_account,,,
PAY-000959,payment_account,,,
PAY-000960,payment_account,,,
PAY-000961,payment_account,,,
PAY-000962,payment_account,,,
PAY-000963,payment_account,,,
PAY-000964,payment_account,,,
PAY-000965,payment_account,,,
PAY-000966,payment_account,,,
PAY-000967,payment_account,,,
PAY-000968,payment_account,,,
PAY-000969,payment_account,,,
PAY-000970,payment_account,,,
PAY-000971,payment_account,,,
PAY-000972,payment_account,,,
PAY-000973,payment_account,,,
PAY-000975,payment_account,,,
PAY-000976,payment_account,,,
PAY-000977,payment_account,,,
PAY-000978,payment_account,,,
PAY-000979,payment_account,,,
PAY-000980,payment_account,,,
PAY-000981,payment_account,,,
PAY-000982,payment_account,,,
PAY-000983,payment_account,,,
PAY-000984,payment_account,,,
PAY-000985,payment_account,,,
PAY-000986,payment_account,,,
PAY-000987,payment_account,,,
PAY-000988,payment_account,,,
PAY-000989,payment_account,,,
PAY-000990,payment_account,,,
PAY-000991,payment_account,,,
PAY-000992,payment_account,,,
PAY-000993,payment_account,,,
PAY-000994,payment_account,,,
PAY-000995,payment_account,,,
PAY-000996,payment_account,,,
PAY-000997,payment_account,,,
PAY-000998,payment_account,,,
PAY-000999,payment_account,,,
PAY-001000,payment_account,,,
PAY-001001,payment_account,,,
PAY-001002,payment_account,,,
PAY-001004,payment_account,,,
PAY-001005,payment_account,,,
PAY-001006,payment_account,,,
PAY-001007,payment_account,,,
PAY-001008,payment_account,,,
PAY-001009,payment_account,,,
PAY-001010,payment_account,,,
PAY-001011,payment_account,,,
PAY-001012,payment_account,,,
PAY-001013,payment_account,,,
PAY-001014,payment_account,,,
PAY-001015,payment_account,,,
PAY-001016,payment_account,,,
PAY-001017,payment_account,,,
PAY-001018,payment_account,,,
PAY-001019,payment_account,,,
PAY-001020,payment_account,,,
PAY-001021,payment_account,,,
PAY-001022,payment_account,,,
PAY-001023,payment_account,,,
PAY-001024,payment_account,,,
PAY-001025,payment_account,,,
PAY-001026,payment_account,,,
PAY-001027,payment_account,,,
PAY-001028,payment_account,,,
PAY-001029,payment_account,,,
PAY-001030,payment_account,,,
PAY-001031,payment_account,,,
PAY-001032,payment_account,,,
PAY-001033,payment_account,,,
PAY-001034,payment_account,,,
PAY-001035,payment_account,,,
PAY-001036,payment_account,,,
PAY-001037,payment_account,,,
PAY-001038,payment_account,,,
PAY-001039,payment_account,,,
PAY-001040,payment_account,,,
PAY-001041,payment_account,,,
PAY-001042,payment_account,,,
PAY-001043,payment_account,,,
PAY-001044,payment_account,,,
PAY-001045,payment_account,,,
PAY-001046,payment_account,,,
PAY-001047,payment_account,,,
PAY-001048,payment_account,,,
PAY-001049,payment_account,,,
PAY-001050,payment_account,,,
PAY-001051,payment_account,,,
PAY-001052,payment_account,,,
PAY-001053,payment_account,,,
PAY-001054,payment_account,,,
PAY-001055,payment_account,,,
PAY-001056,payment_account,,,
PAY-001057,payment_account,,,
PAY-001058,payment_account,,,
PAY-001059,payment_account,,,
PAY-001060,payment_account,,,
PAY-001061,payment_account,,,
PAY-001062,payment_account,,,
PAY-001063,payment_account,,,
PAY-001064,payment_account,,,
PAY-001065,payment_account,,,
PAY-001066,payment_account,,,
PAY-001067,payment_account,,,
PAY-001068,payment_account,,,
PAY-001069,payment_account,,,
PAY-001070,payment_account,,,
PAY-001071,payment_account,,,
PAY-001072,payment_account,,,
PAY-001073,payment_account,,,
PAY-001074,payment_account,,,
PAY-001075,payment_account,,,
PAY-001077,payment_account,,,
PAY-001078,payment_account,,,
PAY-001079,payment_account,,,
PAY-001080,payment_account,,,
PAY-001081,payment_account,,,
PAY-001082,payment_account,,,
PAY-001083,payment_account,,,
PAY-001084,payment_account,,,
PAY-001085,payment_account,,,
PAY-001086,payment_account,,,
PAY-001087,payment_account,,,
PAY-001088,payment_account,,,
PAY-001090,payment_account,,,
PAY-001091,payment_account,,,
PAY-001092,payment_account,,,
PAY-001093,payment_account,,,
PAY-001094,payment_account,,,
PAY-001095,payment_account,,,
PAY-001096,payment_account,,,
PAY-001097,payment_account,,,
PAY-001098,payment_account,,,
PAY-001099,payment_account,,,
PAY-001100,payment_account,,,
PAY-001101,payment_account,,,
PAY-001102,payment_account,,,
PAY-001103,payment_account,,,
PAY-001104,payment_account,,,
PAY-001105,payment_account,,,
PAY-001106,payment_account,,,
PAY-001107,payment_account,,,
PAY-001108,payment_account,,,
PAY-001109,payment_account,,,
PAY-001110,payment_account,,,
PAY-001111,payment_account,,,
PAY-001112,payment_account,,,
PAY-001113,payment_account,,,
PAY-001114,payment_account,,,
PAY-001115,payment_account,,,
PAY-001116,payment_account,,,
PAY-001117,payment_account,,,
PAY-001118,payment_account,,,
PAY-001119,payment_account,,,
PAY-001120,payment_account,,,
PAY-001121,payment_account,,,
PAY-001122,payment_account,,,
PAY-001123,payment_account,,,
PAY-001124,payment_account,,,
PAY-001125,payment_account,,,
PAY-001126,payment_account,,,
PAY-001127,payment_account,,,
PAY-001128,payment_account,,,
PAY-001129,payment_account,,,
PAY-001130,payment_account,,,
PAY-001131,payment_account,,,
PAY-001132,payment_account,,,
PAY-001133,payment_account,,,
PAY-001134,payment_account,,,
PAY-001135,payment_account,,,
PAY-001136,payment_account,,,
PAY-001137,payment_account,,,
PAY-001138,payment_account,,,
PAY-001139,payment_account,,,
PAY-001140,payment_account,,,
PAY-001141,payment_account,,,
PAY-001142,payment_account,,,
PAY-001143,payment_account,,,
PAY-001144,payment_account,,,
PAY-001145,payment_account,,,
PAY-001146,payment_account,,,
PAY-001147,payment_account,,,
PAY-001148,payment_account,,,
PAY-001149,payment_account,,,
PAY-001150,payment_account,,,
PAY-001151,payment_account,,,
PAY-001152,payment_account,,,
PAY-001153,payment_account,,,
PAY-001154,payment_account,,,
PAY-001155,payment_account,,,
PAY-001156,payment_account,,,
PAY-001157,payment_account,,,
PAY-001158,payment_account,,,
PAY-001159,payment_account,,,
PAY-001160,payment_account,,,
PAY-001161,payment_account,,,
PAY-001162,payment_account,,,
PAY-001163,payment_account,,,
PAY-001164,payment_account,,,
PAY-001165,payment_account,,,
PAY-001166,payment_account,,,
PAY-001167,payment_account,,,
PAY-001168,payment_account,,,
PAY-001169,payment_account,,,
PAY-001170,payment_account,,,
PAY-001171,payment_account,,,
PAY-001172,payment_account,,,
PAY-001173,payment_account,,,
PAY-001174,payment_account,,,
PAY-001175,payment_account,,,
PAY-001176,payment_account,,,
PAY-001177,payment_account,,,
PAY-001178,payment_account,,,
PAY-001179,payment_account,,,
PAY-001180,payment_account,,,
PAY-001181,payment_account,,,
PAY-001182,payment_account,,,
PAY-001183,payment_account,,,
PAY-001184,payment_account,,,
PAY-001185,payment_account,,,
PAY-001186,payment_account,,,
PAY-001188,payment_account,,,
PAY-001189,payment_account,,,
PAY-001190,payment_account,,,
PAY-001191,payment_account,,,
PAY-001192,payment_account,,,
PAY-001193,payment_account,,,
PAY-001194,payment_account,,,
PAY-001195,payment_account,,,
PAY-001196,payment_account,,,
PAY-001198,payment_account,,,
PAY-001199,payment_account,,,
PAY-001200,payment_account,,,
PAY-001201,payment_account,,,
PAY-001202,payment_account,,,
PAY-001203,payment_account,,,
PAY-001204,payment_account,,,
PAY-001205,payment_account,,,
PAY-001206,payment_account,,,
PAY-001207,payment_account,,,
PAY-001208,payment_account,,,
PAY-001209,payment_account,,,
PAY-001210,payment_account,,,
PAY-001211,payment_account,,,
PAY-001212,payment_account,,,
PAY-001213,payment_account,,,
PAY-001214,payment_account,,,
PAY-001215,payment_account,,,
PAY-001216,payment_account,,,
PAY-001217,payment_account,,,
PAY-001218,payment_account,,,
PAY-001219,payment_account,,,
PAY-001220,payment_account,,,
PAY-001221,payment_account,,,
PAY-001222,payment_account,,,
PAY-001223,payment_account,,,
PAY-001224,payment_account,,,
PAY-001225,payment_account,,,
PAY-001226,payment_account,,,
PAY-001227,payment_account,,,
PAY-001228,payment_account,,,
PAY-001229,payment_account,,,
PAY-001230,payment_account,,,
PAY-001231,payment_account,,,
PAY-001232,payment_account,,,
PAY-001233,payment_account,,,
PAY-001234,payment_account,,,
PAY-001235,payment_account,,,
PAY-001236,payment_account,,,
PAY-001237,payment_account,,,
PAY-001238,payment_account,,,
PAY-001239,payment_account,,,
PAY-001240,payment_account,,,
PAY-001241,payment_account,,,
PAY-001242,payment_account,,,
PAY-001244,payment_account,,,
PAY-001245,payment_account,,,
PAY-001246,payment_account,,,
PAY-001247,payment_account,,,
PAY-001248,payment_account,,,
PAY-001249,payment_account,,,
PAY-001250,payment_account,,,
PAY-001251,payment_account,,,
PAY-001252,payment_account,,,
PAY-001253,payment_account,,,
PAY-001254,payment_account,,,
PAY-001255,payment_account,,,
PAY-001256,payment_account,,,
PAY-001257,payment_account,,,
PAY-001258,payment_account,,,
PAY-001259,payment_account,,,
PAY-001260,payment_account,,,
PAY-001261,payment_account,,,
PAY-001262,payment_account,,,
PAY-001263,payment_account,,,
PAY-001264,payment_account,,,
PAY-001265,payment_account,,,
PAY-001266,payment_account,,,
PAY-001267,payment_account,,,
PAY-001268,payment_account,,,
PAY-001269,payment_account,,,
PAY-001270,payment_account,,,
PAY-001272,payment_account,,,
PAY-001273,payment_account,,,
PAY-001274,payment_account,,,
PAY-001275,payment_account,,,
PAY-001276,payment_account,,,
PAY-001277,payment_account,,,
PAY-001278,payment_account,,,
PAY-001279,payment_account,,,
PAY-001280,payment_account,,,
PAY-001281,payment_account,,,
PAY-001282,payment_account,,,
PAY-001283,payment_account,,,
PAY-001284,payment_account,,,
PAY-001285,payment_account,,,
PAY-001286,payment_account,,,
PAY-001287,payment_account,,,
PAY-001288,payment_account,,,
PAY-001289,payment_account,,,
PAY-001290,payment_account,,,
PAY-001291,payment_account,,,
PAY-001292,payment_account,,,
PAY-001293,payment_account,,,
PAY-001294,payment_account,,,
PAY-001295,payment_account,,,
PAY-001296,payment_account,,,
PAY-001297,payment_account,,,
PAY-001298,payment_account,,,
PAY-001299,payment_account,,,
PAY-001300,payment_account,,,
PAY-001301,payment_account,,,
PAY-001302,payment_account,,,
PAY-001303,payment_account,,,
PAY-001304,payment_account,,,
PAY-001305,payment_account,,,
PAY-001306,payment_account,,,
PAY-001307,payment_account,,,
PAY-001308,payment_account,,,
PAY-001309,payment_account,,,
PAY-001310,payment_account,,,
PAY-001311,payment_account,,,
PAY-001312,payment_account,,,
PAY-001313,payment_account,,,
PAY-001314,payment_account,,,
PAY-001315,payment_account,,,
PAY-001316,payment_account,,,
PAY-001317,payment_account,,,
PAY-001318,payment_account,,,
PAY-001319,payment_account,,,
PAY-001320,payment_account,,,
PAY-001321,payment_account,,,
PAY-001322,payment_account,,,
PAY-001323,payment_account,,,
PAY-001324,payment_account,,,
PAY-001325,payment_account,,,
PAY-001326,payment_account,,,
PAY-001327,payment_account,,,
PAY-001328,payment_account,,,
PAY-001329,payment_account,,,
PAY-001330,payment_account,,,
PAY-001331,payment_account,,,
PAY-001332,payment_account,,,
PAY-001333,payment_account,,,
PAY-001334,payment_account,,,
PAY-001335,payment_account,,,
PAY-001336,payment_account,,,
PAY-001337,payment_account,,,
PAY-001338,payment_account,,,
PAY-001339,payment_account,,,
PAY-001340,payment_account,,,
PAY-001341,payment_account,,,
PAY-001342,payment_account,,,
PAY-001343,payment_account,,,
PAY-001344,payment_account,,,
PAY-001345,payment_account,,,
PAY-001346,payment_account,,,
PAY-001347,payment_account,,,
PAY-001348,payment_account,,,
PAY-001349,payment_account,,,
PAY-001350,payment_account,,,
PAY-001351,payment_account,,,
PAY-001352,payment_account,,,
PAY-001353,payment_account,,,
PAY-001354,payment_account,,,
PAY-001355,payment_account,,,
PAY-001357,payment_account,,,
PAY-001358,payment_account,,,
PAY-001359,payment_account,,,
PAY-001360,payment_account,,,
PAY-001361,payment_account,,,
PAY-001362,payment_account,,,
PAY-001363,payment_account,,,
PAY-001364,payment_account,,,
PAY-001365,payment_account,,,
PAY-001366,payment_account,,,
PAY-001367,payment_account,,,
PAY-001368,payment_account,,,
PAY-001369,payment_account,,,
PAY-001370,payment_account,,,
PAY-001371,payment_account,,,
PAY-001372,payment_account,,,
PAY-001373,payment_account,,,
PAY-001374,payment_account,,,
PAY-001375,payment_account,,,
PAY-001376,payment_account,,,
PAY-001377,payment_account,,,
PAY-001378,payment_account,,,
PAY-001379,payment_account,,,
PAY-001380,payment_account,,,
PAY-001381,payment_account,,,
PAY-001382,payment_account,,,
PAY-001383,payment_account,,,
PAY-001384,payment_account,,,
PAY-001385,payment_account,,,
PAY-001386,payment_account,,,
PAY-001387,payment_account,,,
PAY-001388,payment_account,,,
PAY-001389,payment_account,,,
PAY-001390,payment_account,,,
PAY-001391,payment_account,,,
PAY-001392,payment_account,,,
PAY-001393,payment_account,,,
PAY-001394,payment_account,,,
PAY-001395,payment_account,,,
PAY-001396,payment_account,,,
PAY-001397,payment_account,,,
PAY-001398,payment_account,,,
PAY-001399,payment_account,,,
PAY-001400,payment_account,,,
PAY-001401,payment_account,,,
PAY-001402,payment_account,,,
PAY-001403,payment_account,,,
PAY-001404,payment_account,,,
PAY-001405,payment_account,,,
PAY-001406,payment_account,,,
PAY-001407,payment_account,,,
PAY-001408,payment_account,,,
PAY-001409,payment_account,,,
PAY-001410,payment_account,,,
PAY-001411,payment_account,,,
PAY-001412,payment_account,,,
PAY-001413,payment_account,,,
PAY-001414,payment_account,,,
PAY-001415,payment_account,,,
PAY-002147,payment_account,,,
PAY-001417,payment_account,,,
PAY-001418,payment_account,,,
PAY-001419,payment_account,,,
PAY-001420,payment_account,,,
PAY-001421,payment_account,,,
PAY-001422,payment_account,,,
PAY-001423,payment_account,,,
PAY-001424,payment_account,,,
PAY-001425,payment_account,,,
PAY-001426,payment_account,,,
PAY-001427,payment_account,,,
PAY-001428,payment_account,,,
PAY-001429,payment_account,,,
PAY-001430,payment_account,,,
PAY-001431,payment_account,,,
PAY-001432,payment_account,,,
PAY-001433,payment_account,,,
PAY-001434,payment_account,,,
PAY-001435,payment_account,,,
PAY-001436,payment_account,,,
PAY-001437,payment_account,,,
PAY-001438,payment_account,,,
PAY-001439,payment_account,,,
PAY-001440,payment_account,,,
PAY-001441,payment_account,,,
PAY-001442,payment_account,,,
PAY-001443,payment_account,,,
PAY-001444,payment_account,,,
PAY-001445,payment_account,,,
PAY-001446,payment_account,,,
PAY-001447,payment_account,,,
PAY-001449,payment_account,,,
PAY-001450,payment_account,,,
PAY-001452,payment_account,,,
PAY-001453,payment_account,,,
PAY-001454,payment_account,,,
PAY-001455,payment_account,,,
PAY-001456,payment_account,,,
PAY-001457,payment_account,,,
PAY-001458,payment_account,,,
PAY-001459,payment_account,,,
PAY-001460,payment_account,,,
PAY-001461,payment_account,,,
PAY-001462,payment_account,,,
PAY-001463,payment_account,,,
PAY-001464,payment_account,,,
PAY-001465,payment_account,,,
PAY-001466,payment_account,,,
PAY-001467,payment_account,,,
PAY-001468,payment_account,,,
PAY-001469,payment_account,,,
PAY-001470,payment_account,,,
PAY-001471,payment_account,,,
PAY-001472,payment_account,,,
PAY-001473,payment_account,,,
PAY-001474,payment_account,,,
PAY-001476,payment_account,,,
PAY-001477,payment_account,,,
PAY-001478,payment_account,,,
PAY-001479,payment_account,,,
PAY-001480,payment_account,,,
PAY-001481,payment_account,,,
PAY-001482,payment_account,,,
PAY-001483,payment_account,,,
PAY-001484,payment_account,,,
PAY-001485,payment_account,,,
PAY-001486,payment_account,,,
PAY-001487,payment_account,,,
PAY-001488,payment_account,,,
PAY-001489,payment_account,,,
PAY-001490,payment_account,,,
PAY-001491,payment_account,,,
PAY-001492,payment_account,,,
PAY-001493,payment_account,,,
PAY-001494,payment_account,,,
PAY-001495,payment_account,,,
PAY-001497,payment_account,,,
PAY-001498,payment_account,,,
PAY-001499,payment_account,,,
PAY-001501,payment_account,,,
PAY-001502,payment_account,,,
PAY-001503,payment_account,,,
PAY-001504,payment_account,,,
PAY-001505,payment_account,,,
PAY-001506,payment_account,,,
PAY-001507,payment_account,,,
PAY-001508,payment_account,,,
PAY-001509,payment_account,,,
PAY-001510,payment_account,,,
PAY-001511,payment_account,,,
PAY-001512,payment_account,,,
PAY-001513,payment_account,,,
PAY-001514,payment_account,,,
PAY-001515,payment_account,,,
PAY-001516,payment_account,,,
PAY-001517,payment_account,,,
PAY-001518,payment_account,,,
PAY-001519,payment_account,,,
PAY-001520,payment_account,,,
PAY-001521,payment_account,,,
PAY-001522,payment_account,,,
PAY-001523,payment_account,,,
PAY-001525,payment_account,,,
PAY-001526,payment_account,,,
PAY-001527,payment_account,,,
PAY-001528,payment_account,,,
PAY-001529,payment_account,,,
PAY-001530,payment_account,,,
PAY-001531,payment_account,,,
PAY-001533,payment_account,,,
PAY-001534,payment_account,,,
PAY-001535,payment_account,,,
PAY-001536,payment_account,,,
PAY-001537,payment_account,,,
PAY-001538,payment_account,,,
PAY-001539,payment_account,,,
PAY-001540,payment_account,,,
PAY-001541,payment_account,,,
PAY-001542,payment_account,,,
PAY-001543,payment_account,,,
PAY-001544,payment_account,,,
PAY-001545,payment_account,,,
PAY-001546,payment_account,,,
PAY-001547,payment_account,,,
PAY-001548,payment_account,,,
PAY-001549,payment_account,,,
PAY-001550,payment_account,,,
PAY-001551,payment_account,,,
PAY-001552,payment_account,,,
PAY-001553,payment_account,,,
PAY-001554,payment_account,,,
PAY-001555,payment_account,,,
PAY-001556,payment_account,,,
PAY-001557,payment_account,,,
PAY-001558,payment_account,,,
PAY-001559,payment_account,,,
PAY-001560,payment_account,,,
PAY-001561,payment_account,,,
PAY-001562,payment_account,,,
PAY-001563,payment_account,,,
PAY-001564,payment_account,,,
PAY-001565,payment_account,,,
PAY-001566,payment_account,,,
PAY-001567,payment_account,,,
PAY-001568,payment_account,,,
PAY-001569,payment_account,,,
PAY-001570,payment_account,,,
PAY-001571,payment_account,,,
PAY-001572,payment_account,,,
PAY-001573,payment_account,,,
PAY-001574,payment_account,,,
PAY-001575,payment_account,,,
PAY-001576,payment_account,,,
PAY-001577,payment_account,,,
PAY-001578,payment_account,,,
PAY-001579,payment_account,,,
PAY-001580,payment_account,,,
PAY-001581,payment_account,,,
PAY-001582,payment_account,,,
PAY-001583,payment_account,,,
PAY-001584,payment_account,,,
PAY-001585,payment_account,,,
PAY-001586,payment_account,,,
PAY-001587,payment_account,,,
PAY-001588,payment_account,,,
PAY-001589,payment_account,,,
PAY-001590,payment_account,,,
PAY-001591,payment_account,,,
PAY-001592,payment_account,,,
PAY-001593,payment_account,,,
PAY-001594,payment_account,,,
PAY-001595,payment_account,,,
PAY-001596,payment_account,,,
PAY-001597,payment_account,,,
PAY-001598,payment_account,,,
PAY-001599,payment_account,,,
PAY-001600,payment_account,,,
PAY-001601,payment_account,,,
PAY-001602,payment_account,,,
PAY-001603,payment_account,,,
PAY-001604,payment_account,,,
PAY-001605,payment_account,,,
PAY-001606,payment_account,,,
PAY-001607,payment_account,,,
PAY-001608,payment_account,,,
PAY-001609,payment_account,,,
PAY-001610,payment_account,,,
PAY-001611,payment_account,,,
PAY-001612,payment_account,,,
PAY-001613,payment_account,,,
PAY-001614,payment_account,,,
PAY-001615,payment_account,,,
PAY-001616,payment_account,,,
PAY-001617,payment_account,,,
PAY-001618,payment_account,,,
PAY-001619,payment_account,,,
PAY-001620,payment_account,,,
PAY-001621,payment_account,,,
PAY-001622,payment_account,,,
PAY-001623,payment_account,,,
PAY-001624,payment_account,,,
PAY-001625,payment_account,,,
PAY-001626,payment_account,,,
PAY-001627,payment_account,,,
PAY-001628,payment_account,,,
PAY-001629,payment_account,,,
PAY-001630,payment_account,,,
PAY-001631,payment_account,,,
PAY-001632,payment_account,,,
PAY-001633,payment_account,,,
PAY-001634,payment_account,,,
PAY-001635,payment_account,,,
PAY-001636,payment_account,,,
PAY-001637,payment_account,,,
PAY-001638,payment_account,,,
PAY-001639,payment_account,,,
PAY-001640,payment_account,,,
PAY-001641,payment_account,,,
PAY-001642,payment_account,,,
PAY-001643,payment_account,,,
PAY-001644,payment_account,,,
PAY-001645,payment_account,,,
PAY-001646,payment_account,,,
PAY-001647,payment_account,,,
PAY-001648,payment_account,,,
PAY-001649,payment_account,,,
PAY-001650,payment_account,,,
PAY-001651,payment_account,,,
PAY-001652,payment_account,,,
PAY-001653,payment_account,,,
PAY-001654,payment_account,,,
PAY-001655,payment_account,,,
PAY-001656,payment_account,,,
PAY-001657,payment_account,,,
PAY-001658,payment_account,,,
PAY-001659,payment_account,,,
PAY-001660,payment_account,,,
PAY-001661,payment_account,,,
PAY-001662,payment_account,,,
PAY-001663,payment_account,,,
PAY-001664,payment_account,,,
PAY-001665,payment_account,,,
PAY-001666,payment_account,,,
PAY-001667,payment_account,,,
PAY-001668,payment_account,,,
PAY-001669,payment_account,,,
PAY-001670,payment_account,,,
PAY-001671,payment_account,,,
PAY-001672,payment_account,,,
PAY-001673,payment_account,,,
PAY-001674,payment_account,,,
PAY-001675,payment_account,,,
PAY-001676,payment_account,,,
PAY-001677,payment_account,,,
PAY-001678,payment_account,,,
PAY-001679,payment_account,,,
PAY-001680,payment_account,,,
PAY-001681,payment_account,,,
PAY-001682,payment_account,,,
PAY-001683,payment_account,,,
PAY-001684,payment_account,,,
PAY-001685,payment_account,,,
PAY-001686,payment_account,,,
PAY-001687,payment_account,,,
PAY-001688,payment_account,,,
PAY-001689,payment_account,,,
PAY-001690,payment_account,,,
PAY-001691,payment_account,,,
PAY-001692,payment_account,,,
PAY-001693,payment_account,,,
PAY-001694,payment_account,,,
PAY-001695,payment_account,,,
PAY-001696,payment_account,,,
PAY-001697,payment_account,,,
PAY-001700,payment_account,,,
PAY-001701,payment_account,,,
PAY-001702,payment_account,,,
PAY-001703,payment_account,,,
PAY-001704,payment_account,,,
PAY-001705,payment_account,,,
PAY-001706,payment_account,,,
PAY-001707,payment_account,,,
PAY-001708,payment_account,,,
PAY-001709,payment_account,,,
PAY-001710,payment_account,,,
PAY-001711,payment_account,,,
PAY-001712,payment_account,,,
PAY-001713,payment_account,,,
PAY-001714,payment_account,,,
PAY-001715,payment_account,,,
PAY-001716,payment_account,,,
PAY-001717,payment_account,,,
PAY-001718,payment_account,,,
PAY-001719,payment_account,,,
PAY-001720,payment_account,,,
PAY-001721,payment_account,,,
PAY-001722,payment_account,,,
PAY-001723,payment_account,,,
PAY-001724,payment_account,,,
PAY-001725,payment_account,,,
PAY-001726,payment_account,,,
PAY-001727,payment_account,,,
PAY-001728,payment_account,,,
PAY-001729,payment_account,,,
PAY-001730,payment_account,,,
PAY-001731,payment_account,,,
PAY-001732,payment_account,,,
PAY-001733,payment_account,,,
PAY-001734,payment_account,,,
PAY-001735,payment_account,,,
PAY-001736,payment_account,,,
PAY-001737,payment_account,,,
PAY-001738,payment_account,,,
PAY-001739,payment_account,,,
PAY-001740,payment_account,,,
PAY-001741,payment_account,,,
PAY-001742,payment_account,,,
PAY-001743,payment_account,,,
PAY-001744,payment_account,,,
PAY-001745,payment_account,,,
PAY-001746,payment_account,,,
PAY-001747,payment_account,,,
PAY-001748,payment_account,,,
PAY-001749,payment_account,,,
PAY-001750,payment_account,,,
PAY-001751,payment_account,,,
PAY-001752,payment_account,,,
PAY-001753,payment_account,,,
PAY-001754,payment_account,,,
PAY-001755,payment_account,,,
PAY-001756,payment_account,,,
PAY-001757,payment_account,,,
PAY-001758,payment_account,,,
PAY-001759,payment_account,,,
PAY-001760,payment_account,,,
PAY-001761,payment_account,,,
PAY-001762,payment_account,,,
PAY-001763,payment_account,,,
PAY-001764,payment_account,,,
PAY-001765,payment_account,,,
PAY-001766,payment_account,,,
PAY-001767,payment_account,,,
PAY-001768,payment_account,,,
PAY-001769,payment_account,,,
PAY-001770,payment_account,,,
PAY-001771,payment_account,,,
PAY-001772,payment_account,,,
PAY-001773,payment_account,,,
PAY-001774,payment_account,,,
PAY-001775,payment_account,,,
PAY-001776,payment_account,,,
PAY-001777,payment_account,,,
PAY-001778,payment_account,,,
PAY-001779,payment_account,,,
PAY-001780,payment_account,,,
PAY-001781,payment_account,,,
PAY-001782,payment_account,,,
PAY-001783,payment_account,,,
PAY-001784,payment_account,,,
PAY-001785,payment_account,,,
PAY-001786,payment_account,,,
PAY-001787,payment_account,,,
PAY-001788,payment_account,,,
PAY-001789,payment_account,,,
PAY-001790,payment_account,,,
PAY-001791,payment_account,,,
PAY-001792,payment_account,,,
PAY-001793,payment_account,,,
PAY-001794,payment_account,,,
PAY-001795,payment_account,,,
PAY-001796,payment_account,,,
PAY-001797,payment_account,,,
PAY-001798,payment_account,,,
PAY-001799,payment_account,,,
PAY-001800,payment_account,,,
PAY-001801,payment_account,,,
PAY-001802,payment_account,,,
PAY-001803,payment_account,,,
PAY-001804,payment_account,,,
PAY-001805,payment_account,,,
PAY-001806,payment_account,,,
PAY-001807,payment_account,,,
PAY-001808,payment_account,,,
PAY-001809,payment_account,,,
PAY-001810,payment_account,,,
PAY-001811,payment_account,,,
PAY-001812,payment_account,,,
PAY-001813,payment_account,,,
PAY-001814,payment_account,,,
PAY-001815,payment_account,,,
PAY-001816,payment_account,,,
PAY-001818,payment_account,,,
PAY-001819,payment_account,,,
PAY-001820,payment_account,,,
PAY-001821,payment_account,,,
PAY-001822,payment_account,,,
PAY-001823,payment_account,,,
PAY-001824,payment_account,,,
PAY-001825,payment_account,,,
PAY-001826,payment_account,,,
PAY-001827,payment_account,,,
PAY-001828,payment_account,,,
PAY-001829,payment_account,,,
PAY-001830,payment_account,,,
PAY-001831,payment_account,,,
PAY-001832,payment_account,,,
PAY-001833,payment_account,,,
PAY-001834,payment_account,,,
PAY-001835,payment_account,,,
PAY-001836,payment_account,,,
PAY-001837,payment_account,,,
PAY-001838,payment_account,,,
PAY-001839,payment_account,,,
PAY-001840,payment_account,,,
PAY-001841,payment_account,,,
PAY-001842,payment_account,,,
PAY-001843,payment_account,,,
PAY-001844,payment_account,,,
PAY-001845,payment_account,,,
PAY-001846,payment_account,,,
PAY-001847,payment_account,,,
PAY-001848,payment_account,,,
PAY-001849,payment_account,,,
PAY-001850,payment_account,,,
PAY-001851,payment_account,,,
PAY-001852,payment_account,,,
PAY-001853,payment_account,,,
PAY-001854,payment_account,,,
PAY-001855,payment_account,,,
PAY-001856,payment_account,,,
PAY-001857,payment_account,,,
PAY-001858,payment_account,,,
PAY-001859,payment_account,,,
PAY-001861,payment_account,,,
PAY-001862,payment_account,,,
PAY-001863,payment_account,,,
PAY-001864,payment_account,,,
PAY-001865,payment_account,,,
PAY-001866,payment_account,,,
PAY-001867,payment_account,,,
PAY-001868,payment_account,,,
PAY-001869,payment_account,,,
PAY-001870,payment_account,,,
PAY-001871,payment_account,,,
PAY-001872,payment_account,,,
PAY-001873,payment_account,,,
PAY-001874,payment_account,,,
PAY-001875,payment_account,,,
PAY-001876,payment_account,,,
PAY-001877,payment_account,,,
PAY-001878,payment_account,,,
PAY-001879,payment_account,,,
PAY-001880,payment_account,,,
PAY-001881,payment_account,,,
PAY-001882,payment_account,,,
PAY-001883,payment_account,,,
PAY-001884,payment_account,,,
PAY-001885,payment_account,,,
PAY-001886,payment_account,,,
PAY-001887,payment_account,,,
PAY-001888,payment_account,,,
PAY-001890,payment_account,,,
PAY-001891,payment_account,,,
PAY-001892,payment_account,,,
PAY-001893,payment_account,,,
PAY-001894,payment_account,,,
PAY-001895,payment_account,,,
PAY-001896,payment_account,,,
PAY-001897,payment_account,,,
PAY-001898,payment_account,,,
PAY-001899,payment_account,,,
PAY-001900,payment_account,,,
PAY-001901,payment_account,,,
PAY-001902,payment_account,,,
PAY-001903,payment_account,,,
PAY-001904,payment_account,,,
PAY-001905,payment_account,,,
PAY-001906,payment_account,,,
PAY-001907,payment_account,,,
PAY-001908,payment_account,,,
PAY-001909,payment_account,,,
PAY-001910,payment_account,,,
PAY-001911,payment_account,,,
PAY-001912,payment_account,,,
PAY-001913,payment_account,,,
PAY-001914,payment_account,,,
PAY-001915,payment_account,,,
PAY-001916,payment_account,,,
PAY-001917,payment_account,,,
PAY-001918,payment_account,,,
PAY-001919,payment_account,,,
PAY-001920,payment_account,,,
PAY-001921,payment_account,,,
PAY-001922,payment_account,,,
PAY-001923,payment_account,,,
PAY-001924,payment_account,,,
PAY-001925,payment_account,,,
PAY-001926,payment_account,,,
PAY-001927,payment_account,,,
PAY-001928,payment_account,,,
PAY-001929,payment_account,,,
PAY-001930,payment_account,,,
PAY-001931,payment_account,,,
PAY-001932,payment_account,,,
PAY-001933,payment_account,,,
PAY-001934,payment_account,,,
PAY-001935,payment_account,,,
PAY-001936,payment_account,,,
PAY-001937,payment_account,,,
PAY-001938,payment_account,,,
PAY-001939,payment_account,,,
PAY-001940,payment_account,,,
PAY-001941,payment_account,,,
PAY-001942,payment_account,,,
PAY-001943,payment_account,,,
PAY-001944,payment_account,,,
PAY-001945,payment_account,,,
PAY-001946,payment_account,,,
PAY-001947,payment_account,,,
PAY-001948,payment_account,,,
PAY-001949,payment_account,,,
PAY-001950,payment_account,,,
PAY-001951,payment_account,,,
PAY-001952,payment_account,,,
PAY-001953,payment_account,,,
PAY-001954,payment_account,,,
PAY-001955,payment_account,,,
PAY-001956,payment_account,,,
PAY-001957,payment_account,,,
PAY-001958,payment_account,,,
PAY-001959,payment_account,,,
PAY-001960,payment_account,,,
PAY-001961,payment_account,,,
PAY-001962,payment_account,,,
PAY-001963,payment_account,,,
PAY-001964,payment_account,,,
PAY-001965,payment_account,,,
PAY-001966,payment_account,,,
PAY-001967,payment_account,,,
PAY-001968,payment_account,,,
PAY-001969,payment_account,,,
PAY-001970,payment_account,,,
PAY-001971,payment_account,,,
PAY-001972,payment_account,,,
PAY-001973,payment_account,,,
PAY-001974,payment_account,,,
PAY-001975,payment_account,,,
PAY-001976,payment_account,,,
PAY-001977,payment_account,,,
PAY-001978,payment_account,,,
PAY-001979,payment_account,,,
PAY-001980,payment_account,,,
PAY-001981,payment_account,,,
PAY-001982,payment_account,,,
PAY-001983,payment_account,,,
PAY-001984,payment_account,,,
PAY-001985,payment_account,,,
PAY-001986,payment_account,,,
PAY-001987,payment_account,,,
PAY-001988,payment_account,,,
PAY-001989,payment_account,,,
PAY-001990,payment_account,,,
PAY-001991,payment_account,,,
PAY-001992,payment_account,,,
PAY-001993,payment_account,,,
PAY-001994,payment_account,,,
PAY-001995,payment_account,,,
PAY-001996,payment_account,,,
PAY-001997,payment_account,,,
PAY-001998,payment_account,,,
PAY-001999,payment_account,,,
PAY-002000,payment_account,,,
PAY-002001,payment_account,,,
PAY-002002,payment_account,,,
PAY-002003,payment_account,,,
PAY-002004,payment_account,,,
PAY-002005,payment_account,,,
PAY-002006,payment_account,,,
PAY-002007,payment_account,,,
PAY-002008,payment_account,,,
PAY-002009,payment_account,,,
PAY-002010,payment_account,,,
PAY-002011,payment_account,,,
PAY-002012,payment_account,,,
PAY-002013,payment_account,,,
PAY-002014,payment_account,,,
PAY-002015,payment_account,,,
PAY-002016,payment_account,,,
PAY-002017,payment_account,,,
PAY-002018,payment_account,,,
PAY-002019,payment_account,,,
PAY-002020,payment_account,,,
PAY-002021,payment_account,,,
PAY-002022,payment_account,,,
PAY-002023,payment_account,,,
PAY-002024,payment_account,,,
PAY-002025,payment_account,,,
PAY-002026,payment_account,,,
PAY-002027,payment_account,,,
PAY-002028,payment_account,,,
PAY-002029,payment_account,,,
PAY-002030,payment_account,,,
PAY-002031,payment_account,,,
PAY-002032,payment_account,,,
PAY-002033,payment_account,,,
PAY-002034,payment_account,,,
PAY-002035,payment_account,,,
PAY-002036,payment_account,,,
PAY-002037,payment_account,,,
PAY-002038,payment_account,,,
PAY-002039,payment_account,,,
PAY-002040,payment_account,,,
PAY-002041,payment_account,,,
PAY-002042,payment_account,,,
PAY-002043,payment_account,,,
PAY-002044,payment_account,,,
PAY-002045,payment_account,,,
PAY-002046,payment_account,,,
PAY-002047,payment_account,,,
PAY-002048,payment_account,,,
PAY-002049,payment_account,,,
PAY-002050,payment_account,,,
PAY-002051,payment_account,,,
PAY-002052,payment_account,,,
PAY-002053,payment_account,,,
PAY-002054,payment_account,,,
PAY-002055,payment_account,,,
PAY-002056,payment_account,,,
PAY-002057,payment_account,,,
PAY-002058,payment_account,,,
PAY-002059,payment_account,,,
PAY-002060,payment_account,,,
PAY-002061,payment_account,,,
PAY-002062,payment_account,,,
PAY-002063,payment_account,,,
PAY-002064,payment_account,,,
PAY-002065,payment_account,,,
PAY-002066,payment_account,,,
PAY-002067,payment_account,,,
PAY-002068,payment_account,,,
PAY-002069,payment_account,,,
PAY-002070,payment_account,,,
PAY-002071,payment_account,,,
PAY-002072,payment_account,,,
PAY-002073,payment_account,,,
PAY-002074,payment_account,,,
PAY-002075,payment_account,,,
PAY-002076,payment_account,,,
PAY-002077,payment_account,,,
PAY-002078,payment_account,,,
PAY-002079,payment_account,,,
PAY-002080,payment_account,,,
PAY-002081,payment_account,,,
PAY-002082,payment_account,,,
PAY-002083,payment_account,,,
PAY-002084,payment_account,,,
PAY-002085,payment_account,,,
PAY-002086,payment_account,,,
PAY-002087,payment_account,,,
PAY-002088,payment_account,,,
PAY-002089,payment_account,,,
PAY-002090,payment_account,,,
PAY-002091,payment_account,,,
PAY-002092,payment_account,,,
PAY-002093,payment_account,,,
PAY-002094,payment_account,,,
PAY-002095,payment_account,,,
PAY-002096,payment_account,,,
PAY-002097,payment_account,,,
PAY-002098,payment_account,,,
PAY-002099,payment_account,,,
PAY-002100,payment_account,,,
PAY-002101,payment_account,,,
PAY-002102,payment_account,,,
PAY-002103,payment_account,,,
PAY-002104,payment_account,,,
PAY-002105,payment_account,,,
PAY-002106,payment_account,,,
PAY-002107,payment_account,,,
PAY-002108,payment_account,,,
PAY-002109,payment_account,,,
PAY-002110,payment_account,,,
PAY-002111,payment_account,,,
PAY-002112,payment_account,,,
PAY-002113,payment_account,,,
PAY-002114,payment_account,,,
PAY-002115,payment_account,,,
PAY-002116,payment_account,,,
PAY-002117,payment_account,,,
PAY-002118,payment_account,,,
PAY-002119,payment_account,,,
PAY-002120,payment_account,,,
PAY-002121,payment_account,,,
PAY-002122,payment_account,,,
PAY-002123,payment_account,,,
PAY-002125,payment_account,,,
PAY-002126,payment_account,,,
PAY-002127,payment_account,,,
PAY-002128,payment_account,,,
PAY-002129,payment_account,,,
PAY-002130,payment_account,,,
PAY-002131,payment_account,,,
PAY-002132,payment_account,,,
PAY-002133,payment_account,,,
PAY-002134,payment_account,,,
PAY-002135,payment_account,,,
PAY-002136,payment_account,,,
PAY-002137,payment_account,,,
PAY-002138,payment_account,,,
PAY-002139,payment_account,,,
PAY-002140,payment_account,,,
PAY-002141,payment_account,,,
PAY-002142,payment_account,,,
PAY-002143,payment_account,,,
PAY-002144,payment_account,,,
PAY-002145,payment_account,,,
PAY-002146,payment_account,,,
PAY-002148,payment_account,,,
PAY-002149,payment_account,,,
PAY-002150,payment_account,,,
PAY-002151,payment_account,,,
PAY-002152,payment_account,,,
PAY-002153,payment_account,,,
PAY-002154,payment_account,,,
PAY-002155,payment_account,,,
PAY-002156,payment_account,,,
PAY-002157,payment_account,,,
PAY-002158,payment_account,,,
PAY-002159,payment_account,,,
PAY-002160,payment_account,,,
PAY-002161,payment_account,,,
PAY-002162,payment_account,,,
PAY-002163,payment_account,,,
PAY-002164,payment_account,,,
PAY-002165,payment_account,,,
PAY-002166,payment_account,,,
PAY-002168,payment_account,,,
PAY-002169,payment_account,,,
PAY-002170,payment_account,,,
PAY-002171,payment_account,,,
PAY-002172,payment_account,,,
PAY-002173,payment_account,,,
PAY-002174,payment_account,,,
PAY-002175,payment_account,,,
PAY-002176,payment_account,,,
PAY-002177,payment_account,,,
PAY-002178,payment_account,,,
PAY-002179,payment_account,,,
PAY-002180,payment_account,,,
PAY-002181,payment_account,,,
PAY-002182,payment_account,,,
PAY-002183,payment_account,,,
PAY-002184,payment_account,,,
PAY-002185,payment_account,,,
PAY-002186,payment_account,,,
PAY-002187,payment_account,,,
PAY-002188,payment_account,,,
PAY-002189,payment_account,,,
PAY-002190,payment_account,,,
PAY-002191,payment_account,,,
PAY-002192,payment_account,,,
PAY-002193,payment_account,,,
PAY-002194,payment_account,,,
PAY-002195,payment_account,,,
PAY-002196,payment_account,,,
PAY-002197,payment_account,,,
PAY-002198,payment_account,,,
PAY-002199,payment_account,,,
PAY-002200,payment_account,,,
PAY-002201,payment_account,,,
PAY-002202,payment_account,,,
PAY-002203,payment_account,,,
PAY-002204,payment_account,,,
PAY-002206,payment_account,,,
PAY-002207,payment_account,,,
PAY-002208,payment_account,,,
PAY-002209,payment_account,,,
PAY-002210,payment_account,,,
PAY-002211,payment_account,,,
PAY-002212,payment_account,,,
PAY-002213,payment_account,,,
PAY-002214,payment_account,,,
PAY-002215,payment_account,,,
PAY-002216,payment_account,,,
PAY-002217,payment_account,,,
PAY-002218,payment_account,,,
PAY-002219,payment_account,,,
PAY-002221,payment_account,,,
PAY-002222,payment_account,,,
PAY-002223,payment_account,,,
PAY-002224,payment_account,,,
PAY-002225,payment_account,,,
PAY-002226,payment_account,,,
PAY-002227,payment_account,,,
PAY-002228,payment_account,,,
PAY-002229,payment_account,,,
PAY-002230,payment_account,,,
PAY-002231,payment_account,,,
PAY-002232,payment_account,,,
PAY-002233,payment_account,,,
PAY-002234,payment_account,,,
PAY-002235,payment_account,,,
PAY-002236,payment_account,,,
PAY-002237,payment_account,,,
PAY-002239,payment_account,,,
PAY-002240,payment_account,,,
PAY-002241,payment_account,,,
PAY-002242,payment_account,,,
PAY-002243,payment_account,,,
PAY-002244,payment_account,,,
PAY-002245,payment_account,,,
PAY-002246,payment_account,,,
PAY-002247,payment_account,,,
PAY-002248,payment_account,,,
PAY-002249,payment_account,,,
PAY-002250,payment_account,,,
PAY-002251,payment_account,,,
PAY-002252,payment_account,,,
PAY-002253,payment_account,,,
PAY-002254,payment_account,,,
PAY-002255,payment_account,,,
PAY-002256,payment_account,,,
PAY-002257,payment_account,,,
PAY-002258,payment_account,,,
PAY-002259,payment_account,,,
PAY-002260,payment_account,,,
PAY-002261,payment_account,,,
PAY-002262,payment_account,,,
PAY-002263,payment_account,,,
PAY-002264,payment_account,,,
PAY-002265,payment_account,,,
PAY-002266,payment_account,,,
PAY-002267,payment_account,,,
PAY-002268,payment_account,,,
PAY-002269,payment_account,,,
PAY-002270,payment_account,,,
PAY-002271,payment_account,,,
PAY-002272,payment_account,,,
PAY-002273,payment_account,,,
PAY-002274,payment_account,,,
PAY-002275,payment_account,,,
PAY-002276,payment_account,,,
PAY-002277,payment_account,,,
PAY-002278,payment_account,,,
PAY-002279,payment_account,,,
PAY-002280,payment_account,,,
PAY-002281,payment_account,,,
PAY-002282,payment_account,,,
PAY-002283,payment_account,,,
PAY-002284,payment_account,,,
PAY-002285,payment_account,,,
PAY-002286,payment_account,,,
PAY-002287,payment_account,,,
PAY-002288,payment_account,,,
PAY-002289,payment_account,,,
PAY-002290,payment_account,,,
PAY-002291,payment_account,,,
PAY-002292,payment_account,,,
PAY-002293,payment_account,,,
PAY-002294,payment_account,,,
PAY-002295,payment_account,,,
PAY-002296,payment_account,,,
PAY-002297,payment_account,,,
PAY-002298,payment_account,,,
PAY-002299,payment_account,,,
PAY-002300,payment_account,,,
PAY-002301,payment_account,,,
PAY-002302,payment_account,,,
PAY-002303,payment_account,,,
PAY-002304,payment_account,,,
PAY-002305,payment_account,,,
PAY-002306,payment_account,,,
PAY-002307,payment_account,,,
PAY-002308,payment_account,,,
PAY-002309,payment_account,,,
PAY-002310,payment_account,,,
PAY-002311,payment_account,,,
PAY-002312,payment_account,,,
PAY-002313,payment_account,,,
PAY-002314,payment_account,,,
PAY-002315,payment_account,,,
PAY-002316,payment_account,,,
PAY-002317,payment_account,,,
PAY-002318,payment_account,,,
PAY-002319,payment_account,,,
PAY-002320,payment_account,,,
PAY-002321,payment_account,,,
PAY-002322,payment_account,,,
PAY-002323,payment_account,,,
PAY-002324,payment_account,,,
PAY-002325,payment_account,,,
PAY-002326,payment_account,,,
PAY-002327,payment_account,,,
PAY-002328,payment_account,,,
PAY-002329,payment_account,,,
PAY-002330,payment_account,,,
PAY-002331,payment_account,,,
PAY-002332,payment_account,,,
PAY-002333,payment_account,,,
PAY-002334,payment_account,,,
PAY-002335,payment_account,,,
PAY-002336,payment_account,,,
PAY-002337,payment_account,,,
PAY-002338,payment_account,,,
PAY-002339,payment_account,,,
PAY-002340,payment_account,,,
PAY-002341,payment_account,,,
PAY-002342,payment_account,,,
PAY-002343,payment_account,,,
PAY-002344,payment_account,,,
PAY-002345,payment_account,,,
PAY-002346,payment_account,,,
PAY-002347,payment_account,,,
PAY-002348,payment_account,,,
PAY-002349,payment_account,,,
PAY-002350,payment_account,,,
PAY-002351,payment_account,,,
PAY-002352,payment_account,,,
PAY-002353,payment_account,,,
PAY-002354,payment_account,,,
PAY-002355,payment_account,,,
PAY-002356,payment_account,,,
PAY-002357,payment_account,,,
PAY-002358,payment_account,,,
PAY-002359,payment_account,,,
PAY-002360,payment_account,,,
PAY-002361,payment_account,,,
PAY-002362,payment_account,,,
PAY-002363,payment_account,,,
PAY-002364,payment_account,,,
PAY-002365,payment_account,,,
PAY-002366,payment_account,,,
PAY-002367,payment_account,,,
PAY-002368,payment_account,,,
PAY-002369,payment_account,,,
PAY-002370,payment_account,,,
PAY-002371,payment_account,,,
PAY-002372,payment_account,,,
PAY-002373,payment_account,,,
PAY-002374,payment_account,,,
PAY-002375,payment_account,,,
PAY-002376,payment_account,,,
PAY-002377,payment_account,,,
PAY-002378,payment_account,,,
PAY-002379,payment_account,,,
PAY-002380,payment_account,,,
PAY-002381,payment_account,,,
PAY-002382,payment_account,,,
PAY-002383,payment_account,,,
PAY-002384,payment_account,,,
PAY-002385,payment_account,,,
PAY-002386,payment_account,,,
PAY-002387,payment_account,,,
PAY-002388,payment_account,,,
PAY-002389,payment_account,,,
PAY-002390,payment_account,,,
PAY-002391,payment_account,,,
PAY-002392,payment_account,,,
PAY-002393,payment_account,,,
PAY-002394,payment_account,,,
PAY-002395,payment_account,,,
PAY-002396,payment_account,,,
PAY-002397,payment_account,,,
PAY-002398,payment_account,,,
PAY-002400,payment_account,,,
PAY-002401,payment_account,,,
PAY-002402,payment_account,,,
PAY-002403,payment_account,,,
PAY-002404,payment_account,,,
PAY-002405,payment_account,,,
PAY-002406,payment_account,,,
PAY-002408,payment_account,,,
PAY-002409,payment_account,,,
PAY-002410,payment_account,,,
PAY-002411,payment_account,,,
PAY-002412,payment_account,,,
PAY-002413,payment_account,,,
PAY-002414,payment_account,,,
PAY-002415,payment_account,,,
PAY-002416,payment_account,,,
PAY-002417,payment_account,,,
PAY-002418,payment_account,,,
PAY-002419,payment_account,,,
PAY-002420,payment_account,,,
PAY-002421,payment_account,,,
PAY-002422,payment_account,,,
PAY-002423,payment_account,,,
PAY-002424,payment_account,,,
PAY-002425,payment_account,,,
PAY-002426,payment_account,,,
PAY-002427,payment_account,,,
PAY-002428,payment_account,,,
PAY-002429,payment_account,,,
PAY-002430,payment_account,,,
PAY-002431,payment_account,,,
PAY-002432,payment_account,,,
PAY-002433,payment_account,,,
PAY-002434,payment_account,,,
PAY-002435,payment_account,,,
PAY-002436,payment_account,,,
PAY-002437,payment_account,,,
PAY-002438,payment_account,,,
PAY-002439,payment_account,,,
PAY-002440,payment_account,,,
PAY-002441,payment_account,,,
PAY-002442,payment_account,,,
PAY-002443,payment_account,,,
PAY-002444,payment_account,,,
PAY-002445,payment_account,,,
PAY-002446,payment_account,,,
PAY-002447,payment_account,,,
PAY-002448,payment_account,,,
PAY-002449,payment_account,,,
PAY-002450,payment_account,,,
PAY-002451,payment_account,,,
PAY-002452,payment_account,,,
PAY-002453,payment_account,,,
PAY-002454,payment_account,,,
PAY-002455,payment_account,,,
PAY-002456,payment_account,,,
PAY-002457,payment_account,,,
PAY-002458,payment_account,,,
PAY-002459,payment_account,,,
PAY-002460,payment_account,,,
PAY-002461,payment_account,,,
PAY-002462,payment_account,,,
PAY-002463,payment_account,,,
PAY-002464,payment_account,,,
PAY-002465,payment_account,,,
PAY-002466,payment_account,,,
PAY-002467,payment_account,,,
PAY-002468,payment_account,,,
PAY-002469,payment_account,,,
PAY-002470,payment_account,,,
PAY-002471,payment_account,,,
PAY-002472,payment_account,,,
PAY-002473,payment_account,,,
PAY-002474,payment_account,,,
PAY-002475,payment_account,,,
PAY-002476,payment_account,,,
PAY-002477,payment_account,,,
PAY-002478,payment_account,,,
PAY-002479,payment_account,,,
PAY-002480,payment_account,,,
PAY-002481,payment_account,,,
PAY-002482,payment_account,,,
PAY-002483,payment_account,,,
PAY-002484,payment_account,,,
PAY-002485,payment_account,,,
PAY-002486,payment_account,,,
PAY-002487,payment_account,,,
PAY-002488,payment_account,,,
PAY-002489,payment_account,,,
PAY-002490,payment_account,,,
PAY-002491,payment_account,,,
PAY-002492,payment_account,,,
PAY-002493,payment_account,,,
PAY-002494,payment_account,,,
PAY-002495,payment_account,,,
PAY-002496,payment_account,,,
PAY-002497,payment_account,,,
PAY-002498,payment_account,,,
PAY-002499,payment_account,,,
PAY-002500,payment_account,,,
PAY-002501,payment_account,,,
PAY-002502,payment_account,,,
PAY-002503,payment_account,,,
PAY-002504,payment_account,,,
PAY-002505,payment_account,,,
PAY-002506,payment_account,,,
PAY-002507,payment_account,,,
PAY-002508,payment_account,,,
PAY-002509,payment_account,,,
PAY-002510,payment_account,,,
PAY-002511,payment_account,,,
PAY-002512,payment_account,,,
PAY-002513,payment_account,,,
PAY-002514,payment_account,,,
PAY-002515,payment_account,,,
PAY-002516,payment_account,,,
PAY-002517,payment_account,,,
PAY-002518,payment_account,,,
PAY-002519,payment_account,,,
PAY-002520,payment_account,,,
PAY-002521,payment_account,,,
PAY-002522,payment_account,,,
PAY-002523,payment_account,,,
PAY-002524,payment_account,,,
PAY-002525,payment_account,,,
PAY-002526,payment_account,,,
PAY-002527,payment_account,,,
PAY-002528,payment_account,,,
PAY-002529,payment_account,,,
PAY-002530,payment_account,,,
PAY-002531,payment_account,,,
PAY-002532,payment_account,,,
PAY-002533,payment_account,,,
PAY-002534,payment_account,,,
PAY-002535,payment_account,,,
PAY-002536,payment_account,,,
PAY-002537,payment_account,,,
PAY-002538,payment_account,,,
PAY-002539,payment_account,,,
PAY-002540,payment_account,,,
PAY-002541,payment_account,,,
PAY-002542,payment_account,,,
PAY-002543,payment_account,,,
PAY-002544,payment_account,,,
PAY-002545,payment_account,,,
PAY-002546,payment_account,,,
PAY-002547,payment_account,,,
PAY-002548,payment_account,,,
PAY-002549,payment_account,,,
PAY-002550,payment_account,,,
PAY-002551,payment_account,,,
PAY-002552,payment_account,,,
PAY-002553,payment_account,,,
PAY-002554,payment_account,,,
PAY-002555,payment_account,,,
PAY-002556,payment_account,,,
PAY-002557,payment_account,,,
PAY-002558,payment_account,,,
PAY-002559,payment_account,,,
PAY-002560,payment_account,,,
PAY-002561,payment_account,,,
PAY-002562,payment_account,,,
PAY-002563,payment_account,,,
PAY-002564,payment_account,,,
PAY-002565,payment_account,,,
PAY-002566,payment_account,,,
PAY-002567,payment_account,,,
PAY-002568,payment_account,,,
PAY-002569,payment_account,,,
PAY-002570,payment_account,,,
PAY-002571,payment_account,,,
PAY-002572,payment_account,,,
PAY-002573,payment_account,,,
PAY-002574,payment_account,,,
PAY-002575,payment_account,,,
PAY-002576,payment_account,,,
PAY-002577,payment_account,,,
PAY-002578,payment_account,,,
PAY-002579,payment_account,,,
PAY-002580,payment_account,,,
PAY-002581,payment_account,,,
PAY-002582,payment_account,,,
PAY-002583,payment_account,,,
PAY-002584,payment_account,,,
PAY-002585,payment_account,,,
PAY-002586,payment_account,,,
PAY-002587,payment_account,,,
PAY-002588,payment_account,,,
PAY-002589,payment_account,,,
PAY-002590,payment_account,,,
PAY-002591,payment_account,,,
PAY-002592,payment_account,,,
PAY-002593,payment_account,,,
PAY-002594,payment_account,,,
PAY-002595,payment_account,,,
PAY-002596,payment_account,,,
PAY-002597,payment_account,,,
PAY-002598,payment_account,,,
PAY-002599,payment_account,,,
PAY-002600,payment_account,,,
PAY-002601,payment_account,,,
PAY-002602,payment_account,,,
PAY-002603,payment_account,,,
PAY-002604,payment_account,,,
PAY-002605,payment_account,,,
PAY-002606,payment_account,,,
PAY-002607,payment_account,,,
PAY-002608,payment_account,,,
PAY-002609,payment_account,,,
PAY-002610,payment_account,,,
PAY-002611,payment_account,,,
PAY-002612,payment_account,,,
PAY-002613,payment_account,,,
PAY-002614,payment_account,,,
PAY-002615,payment_account,,,
PAY-002616,payment_account,,,
PAY-002617,payment_account,,,
PAY-002618,payment_account,,,
PAY-002619,payment_account,,,
PAY-002620,payment_account,,,
PAY-002621,payment_account,,,
PAY-002622,payment_account,,,
PAY-002623,payment_account,,,
PAY-002624,payment_account,,,
PAY-002625,payment_account,,,
PAY-002626,payment_account,,,
PAY-002627,payment_account,,,
PAY-002628,payment_account,,,
PAY-002630,payment_account,,,
PAY-002631,payment_account,,,
PAY-002632,payment_account,,,
PAY-002633,payment_account,,,
PAY-002634,payment_account,,,
PAY-002635,payment_account,,,
PAY-002636,payment_account,,,
PAY-002637,payment_account,,,
PAY-002638,payment_account,,,
PAY-002639,payment_account,,,
PAY-002640,payment_account,,,
PAY-002641,payment_account,,,
PAY-002642,payment_account,,,
PAY-002643,payment_account,,,
PAY-002644,payment_account,,,
PAY-002645,payment_account,,,
PAY-002646,payment_account,,,
PAY-002647,payment_account,,,
PAY-002648,payment_account,,,
PAY-002649,payment_account,,,
PAY-002650,payment_account,,,
PAY-002651,payment_account,,,
PAY-002652,payment_account,,,
PAY-002653,payment_account,,,
PAY-002654,payment_account,,,
PAY-002655,payment_account,,,
PAY-002656,payment_account,,,
PAY-002657,payment_account,,,
PAY-002658,payment_account,,,
PAY-002659,payment_account,,,
PAY-002660,payment_account,,,
PAY-002661,payment_account,,,
PAY-002662,payment_account,,,
PAY-002663,payment_account,,,
PAY-002664,payment_account,,,
PAY-002665,payment_account,,,
PAY-002666,payment_account,,,
PAY-002667,payment_account,,,
PAY-002668,payment_account,,,
PAY-002669,payment_account,,,
PAY-002670,payment_account,,,
PAY-002671,payment_account,,,
PAY-002673,payment_account,,,
PAY-002674,payment_account,,,
PAY-002675,payment_account,,,
PAY-002676,payment_account,,,
PAY-002677,payment_account,,,
PAY-002678,payment_account,,,
PAY-002679,payment_account,,,
PAY-002680,payment_account,,,
PAY-002681,payment_account,,,
PAY-002682,payment_account,,,
PAY-002683,payment_account,,,
PAY-002684,payment_account,,,
PAY-002685,payment_account,,,
PAY-002686,payment_account,,,
PAY-002687,payment_account,,,
PAY-002688,payment_account,,,
PAY-002689,payment_account,,,
PAY-002690,payment_account,,,
PAY-002691,payment_account,,,
PAY-002692,payment_account,,,
PAY-002693,payment_account,,,
PAY-002694,payment_account,,,
PAY-002695,payment_account,,,
PAY-002696,payment_account,,,
PAY-002697,payment_account,,,
PAY-002698,payment_account,,,
PAY-002699,payment_account,,,
PAY-002700,payment_account,,,
PAY-002701,payment_account,,,
PAY-002702,payment_account,,,
PAY-002703,payment_account,,,
PAY-002704,payment_account,,,
PAY-002705,payment_account,,,
PAY-002706,payment_account,,,
PAY-002707,payment_account,,,
PAY-002708,payment_account,,,
PAY-002709,payment_account,,,
PAY-002710,payment_account,,,
PAY-002711,payment_account,,,
PAY-002712,payment_account,,,
PAY-002713,payment_account,,,
PAY-002714,payment_account,,,
PAY-002715,payment_account,,,
PAY-002716,payment_account,,,
PAY-002717,payment_account,,,
PAY-002718,payment_account,,,
PAY-002719,payment_account,,,
PAY-002720,payment_account,,,
PAY-002721,payment_account,,,
PAY-002722,payment_account,,,
PAY-002723,payment_account,,,
PAY-002724,payment_account,,,
PAY-002725,payment_account,,,
PAY-002726,payment_account,,,
PAY-002727,payment_account,,,
PAY-002728,payment_account,,,
PAY-002729,payment_account,,,
PAY-002730,payment_account,,,
PAY-002731,payment_account,,,
PAY-002732,payment_account,,,
PAY-002733,payment_account,,,
PAY-002734,payment_account,,,
PAY-002735,payment_account,,,
PAY-002736,payment_account,,,
PAY-002737,payment_account,,,
PAY-002738,payment_account,,,
PAY-002739,payment_account,,,
PAY-002740,payment_account,,,
PAY-002741,payment_account,,,
PAY-002742,payment_account,,,
PAY-002743,payment_account,,,
PAY-002744,payment_account,,,
PAY-002745,payment_account,,,
PAY-002746,payment_account,,,
PAY-002747,payment_account,,,
PAY-002748,payment_account,,,
PAY-002749,payment_account,,,
PAY-002750,payment_account,,,
PAY-002751,payment_account,,,
PAY-002752,payment_account,,,
PAY-002753,payment_account,,,
PAY-002754,payment_account,,,
PAY-002755,payment_account,,,
PAY-002756,payment_account,,,
PAY-002757,payment_account,,,
PAY-002758,payment_account,,,
PAY-002760,payment_account,,,
PAY-002761,payment_account,,,
PAY-002762,payment_account,,,
PAY-002763,payment_account,,,
PAY-002764,payment_account,,,
PAY-002765,payment_account,,,
PAY-002766,payment_account,,,
PAY-002767,payment_account,,,
PAY-002768,payment_account,,,
PAY-002769,payment_account,,,
PAY-002770,payment_account,,,
PAY-002771,payment_account,,,
PAY-002772,payment_account,,,
PAY-002773,payment_account,,,
PAY-002774,payment_account,,,
PAY-002775,payment_account,,,
PAY-002776,payment_account,,,
PAY-002777,payment_account,,,
PAY-002778,payment_account,,,
PAY-002779,payment_account,,,
PAY-002780,payment_account,,,
PAY-002781,payment_account,,,
PAY-002782,payment_account,,,
PAY-002783,payment_account,,,
PAY-002784,payment_account,,,
PAY-002785,payment_account,,,
PAY-002786,payment_account,,,
PAY-002787,payment_account,,,
PAY-002788,payment_account,,,
PAY-002789,payment_account,,,
PAY-002790,payment_account,,,
PAY-002791,payment_account,,,
PAY-002792,payment_account,,,
PAY-002793,payment_account,,,
PAY-002794,payment_account,,,
PAY-002795,payment_account,,,
PAY-002796,payment_account,,,
PAY-002797,payment_account,,,
PAY-002798,payment_account,,,
PAY-002799,payment_account,,,
PAY-002800,payment_account,,,
PAY-002801,payment_account,,,
PAY-002802,payment_account,,,
PAY-002803,payment_account,,,
PAY-002804,payment_account,,,
PAY-002805,payment_account,,,
PAY-002806,payment_account,,,
PAY-002807,payment_account,,,
PAY-002808,payment_account,,,
PAY-002809,payment_account,,,
PAY-002810,payment_account,,,
PAY-002811,payment_account,,,
PAY-002812,payment_account,,,
PAY-002813,payment_account,,,
PAY-002814,payment_account,,,
PAY-002815,payment_account,,,
PAY-002816,payment_account,,,
PAY-002817,payment_account,,,
PAY-002818,payment_account,,,
PAY-002819,payment_account,,,
PAY-002820,payment_account,,,
PAY-002821,payment_account,,,
PAY-002822,payment_account,,,
PAY-002823,payment_account,,,
PAY-002824,payment_account,,,
PAY-002825,payment_account,,,
PAY-002826,payment_account,,,
PAY-002827,payment_account,,,
PAY-002828,payment_account,,,
PAY-002829,payment_account,,,
PAY-002830,payment_account,,,
PAY-002831,payment_account,,,
PAY-002832,payment_account,,,
PAY-002833,payment_account,,,
PAY-002834,payment_account,,,
PAY-002835,payment_account,,,
PAY-002836,payment_account,,,
PAY-002837,payment_account,,,
PAY-002838,payment_account,,,
PAY-002839,payment_account,,,
PAY-002840,payment_account,,,
PAY-002841,payment_account,,,
PAY-002842,payment_account,,,
PAY-002843,payment_account,,,
PAY-002844,payment_account,,,
PAY-002845,payment_account,,,
PAY-002846,payment_account,,,
PAY-002847,payment_account,,,
PAY-002848,payment_account,,,
PAY-002849,payment_account,,,
PAY-002850,payment_account,,,
PAY-002851,payment_account,,,
PAY-002852,payment_account,,,
PAY-002853,payment_account,,,
PAY-002854,payment_account,,,
PAY-002855,payment_account,,,
PAY-002856,payment_account,,,
PAY-002857,payment_account,,,
PAY-002858,payment_account,,,
PAY-002859,payment_account,,,
PAY-002860,payment_account,,,
PAY-002861,payment_account,,,
PAY-002862,payment_account,,,
PAY-002863,payment_account,,,
PAY-002864,payment_account,,,
PAY-002865,payment_account,,,
PAY-002866,payment_account,,,
PAY-002867,payment_account,,,
PAY-002868,payment_account,,,
PAY-002869,payment_account,,,
PAY-002870,payment_account,,,
PAY-002871,payment_account,,,
PAY-002872,payment_account,,,
PAY-002873,payment_account,,,
PAY-002874,payment_account,,,
PAY-002875,payment_account,,,
PAY-002876,payment_account,,,
PAY-002877,payment_account,,,
PAY-002878,payment_account,,,
PAY-002879,payment_account,,,
PAY-002880,payment_account,,,
PAY-002881,payment_account,,,
PAY-002882,payment_account,,,
PAY-002883,payment_account,,,
PAY-002884,payment_account,,,
PAY-002885,payment_account,,,
PAY-002886,payment_account,,,
PAY-002887,payment_account,,,
PAY-002888,payment_account,,,
PAY-002889,payment_account,,,
PAY-002890,payment_account,,,
PAY-002891,payment_account,,,
PAY-002892,payment_account,,,
PAY-002893,payment_account,,,
PAY-002894,payment_account,,,
PAY-002895,payment_account,,,
PAY-002896,payment_account,,,
PAY-002897,payment_account,,,
PAY-002898,payment_account,,,
PAY-002899,payment_account,,,
PAY-002900,payment_account,,,
PAY-002901,payment_account,,,
PAY-002902,payment_account,,,
PAY-002904,payment_account,,,
PAY-002906,payment_account,,,
PAY-002907,payment_account,,,
PAY-002908,payment_account,,,
PAY-002909,payment_account,,,
PAY-002910,payment_account,,,
PAY-002911,payment_account,,,
PAY-002912,payment_account,,,
PAY-002913,payment_account,,,
PAY-002914,payment_account,,,
PAY-002915,payment_account,,,
PAY-002916,payment_account,,,
PAY-002917,payment_account,,,
PAY-002918,payment_account,,,
PAY-002919,payment_account,,,
PAY-002920,payment_account,,,
PAY-002921,payment_account,,,
PAY-002922,payment_account,,,
PAY-002923,payment_account,,,
PAY-002924,payment_account,,,
PAY-002925,payment_account,,,
PAY-002926,payment_account,,,
PAY-002927,payment_account,,,
PAY-002928,payment_account,,,
PAY-002929,payment_account,,,
PAY-002930,payment_account,,,
PAY-002931,payment_account,,,
PAY-002932,payment_account,,,
PAY-002933,payment_account,,,
PAY-002934,payment_account,,,
PAY-002935,payment_account,,,
PAY-002936,payment_account,,,
PAY-002937,payment_account,,,
PAY-002938,payment_account,,,
PAY-002939,payment_account,,,
PAY-002940,payment_account,,,
PAY-002941,payment_account,,,
PAY-002942,payment_account,,,
PAY-002943,payment_account,,,
PAY-002944,payment_account,,,
PAY-002945,payment_account,,,
PAY-002946,payment_account,,,
PAY-002947,payment_account,,,
PAY-002948,payment_account,,,
PAY-002949,payment_account,,,
PAY-002950,payment_account,,,
PAY-002951,payment_account,,,
PAY-002952,payment_account,,,
PAY-002953,payment_account,,,
PAY-002954,payment_account,,,
PAY-002955,payment_account,,,
PAY-002956,payment_account,,,
PAY-002957,payment_account,,,
PAY-002958,payment_account,,,
PAY-002959,payment_account,,,
PAY-002960,payment_account,,,
PAY-002961,payment_account,,,
PAY-002962,payment_account,,,
PAY-002963,payment_account,,,
PAY-002964,payment_account,,,
PAY-002965,payment_account,,,
PAY-002966,payment_account,,,
PAY-002967,payment_account,,,
PAY-002968,payment_account,,,
PAY-002969,payment_account,,,
PAY-002970,payment_account,,,
PAY-002971,payment_account,,,
PAY-002972,payment_account,,,
PAY-002973,payment_account,,,
PAY-002974,payment_account,,,
PAY-002975,payment_account,,,
PAY-002976,payment_account,,,
PAY-002977,payment_account,,,
PAY-002978,payment_account,,,
PAY-002979,payment_account,,,
PAY-002980,payment_account,,,
PAY-002981,payment_account,,,
PAY-002982,payment_account,,,
PAY-002983,payment_account,,,
PAY-002984,payment_account,,,
PAY-002985,payment_account,,,
PAY-002986,payment_account,,,
PAY-002987,payment_account,,,
PAY-002988,payment_account,,,
PAY-002989,payment_account,,,
PAY-002990,payment_account,,,
PAY-002991,payment_account,,,
PAY-002992,payment_account,,,
PAY-002993,payment_account,,,
PAY-002994,payment_account,,,
PAY-002995,payment_account,,,
PAY-002996,payment_account,,,
PAY-002997,payment_account,,,
PAY-002998,payment_account,,,
PAY-002999,payment_account,,,
PAY-003000,payment_account,,,
